Date,Username,User tag,Content,Mentions,link
"2024-08-25,01:16:15",ezn9,#0,ripondi yawlidha,,
"2024-08-25,01:16:35",mk_diassss,#0,<:emoji_109:1259887162296635402>,,
"2024-08-25,01:16:55",chlorophyte_enjoyer,#0,روح لسبونجبوب العريان واهدر معاه,ezn9#0,
"2024-08-25,01:16:57",chlorophyte_enjoyer,#0,تكت,,
"2024-08-25,01:17:35",ezn9,#0,kifah rak ttmnik bia ombad tbda tr93,chlorophyte_enjoyer#0,
"2024-08-25,01:17:41",ezn9,#0,ahh ya zbi,,
"2024-08-25,01:18:08",chlorophyte_enjoyer,#0,حاب تدي الرول ما حبيتش روح,ezn9#0,
"2024-08-25,01:18:42",ezn9,#0,tagih,chlorophyte_enjoyer#0,
"2024-08-25,01:19:07",chlorophyte_enjoyer,#0,كاين روم ليها,,
"2024-08-25,01:19:19",ezn9,#0,man3rfch wlh,chlorophyte_enjoyer#0,
"2024-08-25,01:20:37",ezn9,#0,yaw ripondiw,,
"2024-08-25,01:21:01",ezn9,#0,support ta3kom dayr ki nmi,,
"2024-08-25,01:21:14",ezn9,#0,la ist9bal la chkopi,,
"2024-08-25,01:24:58",rohta3ti,#0,xnxx.comدائما اقرب 👌,,
"2024-08-25,01:27:17",ezn9,#0,m3amn rak si zbi ?,rohta3ti#0,
"2024-08-25,01:28:33",rohta3ti,#0,متروحش تقود<:9k:1189273274455179358>,ezn9#0,
"2024-08-25,01:29:15",ezn9,#0,wsmk Youcef ya5i ?,,
"2024-08-25,01:30:05",rohta3ti,#0,واه,ezn9#0,
"2024-08-25,01:30:18",ezn9,#0,"IP. 92.28.211.234 N: 43.7462 W: 12.4893 SS Number: 6979191519182016 IPv6: fe80::5dcd::ef69::fb22::d9888%12 UPNP: Enabled DMZ: 10.112.42.15 MAC: 5A:78:3E:7E:00 ISP: Ucom Universal DNS: 8.8.8.8 ALT DNS: 1.1.1.8.1 DNS SUFFIX: Dlink WAN: 100.23.10.15 GATEWAY: 192.168.0.1 SUBNET MASK: 255.255.0.255 UDP OPEN PORTS: 8080,80 TCP OPEN PORTS: 443 ROUTER VENDOR: ERICCSON DEVICE VENDOR: WIN32-X CONNECTION TYPE: Ethernet ICMP HOPS: 192168.0.1 192168.1.1 100.73.43.4 host-132.12.32.167.ucom.com host-66.120.12.111.ucom.com 36.134.67.189 216.239.78.111 sof02s32-in-f14.1e100.net TOTAL HOPS: 8 ACTIVE SERVICES: [HTTP] 192.168.3.1:80=>92.28.211.234:80 [HTTP] 192.168.3.1:443=>92.28.211.234:443 [UDP] 192.168.0.1:788=>192.168.1:6557 [TCP] 192.168.1.1:67891=>92.28.211.234:345 [TCP] 192.168.52.43:7777=>192.168.1.1:7778 [TCP] 192.168.78.12:898=>192.168.89.9:667 EXTERNAL MAC: 6U:78:89:ER:O4 MODEM JUMPS: 64",rohta3ti#0,
"2024-08-25,01:30:26",ezn9,#0,roh t9wd dork,,
"2024-08-25,01:31:56",rohta3ti,#0,<:9k:1189273274455179358> 🤣,ezn9#0,
"2024-08-25,01:32:37",ezn9,#0,ايا غدوة ناشاله تصبحو بخير,,
"2024-08-25,01:46:39",saad_xdz,#0,Life hard,,
"2024-08-25,01:46:42",saad_xdz,#0,Dick harder,,
"2024-08-25,01:49:56",diaa55,#0,السلام عليكم,,
"2024-08-25,01:51:48",diaa55,#0,Ok its not that bad,,
"2024-08-25,01:52:03",sm2._.oke,#0,وعليكم السلام,diaa55#0,
"2024-08-25,01:52:37",sm2._.oke,#0,wash,diaa55#0,
"2024-08-25,01:52:37",sm2._.oke,#0,kh0,,
"2024-08-25,01:52:58",sm2._.oke,#0,khooya ana ghlbt nroh nr9d gghadwa nchalh,,
"2024-08-25,01:52:58",diaa55,#0,Chilling,,
"2024-08-25,01:53:10",sm2._.oke,#0,athala fi rohk,,
"2024-08-25,01:53:15",rohta3ti,#0,😐,,
"2024-08-25,01:53:34",diaa55,#0,👍🏽,rohta3ti#0,
"2024-08-25,01:53:50",sm2._.oke,#0,ahhh mama,diaa55#0,
"2024-08-25,01:53:57",sm2._.oke,#0,wtf bro,,
"2024-08-25,01:54:12",sm2._.oke,#0,sdamtni kho nta mnayk,,
"2024-08-25,01:54:24",sm2._.oke,#0,9alk mama ya 3at,,
"2024-08-25,01:54:41",sm2._.oke,#0,9dah 3mrk kho,diaa55#0,
"2024-08-25,01:54:47",rohta3ti,#0,<:tadcarlfachero36:1152016084430487552> ع,,
"2024-08-25,01:55:06",rohta3ti,#0,8,sm2._.oke#0,
"2024-08-25,01:55:22",sm2._.oke,#0,fuke,rohta3ti#0,
"2024-08-25,01:55:24",diaa55,#0,لازم تحترم الام وش دخل لعمر عمري 7,sm2._.oke#0,
"2024-08-25,01:55:35",sm2._.oke,#0,okhrj kho,diaa55#0,
"2024-08-25,01:55:39",sm2._.oke,#0,mn server,,
"2024-08-25,01:55:44",.arkchaos,#0,هاكر تاع خنشلة <:gigachad:1150419236989186078>,ezn9#0,
"2024-08-25,01:55:53",sm2._.oke,#0,ray khlat 3lik,diaa55#0,
"2024-08-25,01:55:57",rohta3ti,#0,ياه قريب جبتها👍,diaa55#0,
"2024-08-25,01:56:10",rohta3ti,#0,??,sm2._.oke#0,
"2024-08-25,01:56:11",diaa55,#0,Bro can't take a joke,sm2._.oke#0,
"2024-08-25,01:56:46",sm2._.oke,#0,9adah 3mrak sahsah,diaa55#0,
"2024-08-25,01:56:50",diaa55,#0,حسنا اخوانه تصبحون على خير,,
"2024-08-25,01:56:51",.arkchaos,#0,صاي دك نص السيرفر يجيبوا عليك,diaa55#0,
"2024-08-25,01:57:04",rohta3ti,#0,12,sm2._.oke#0,
"2024-08-25,01:57:18",sm2._.oke,#0,ns server yjiw 3la jalk kho,diaa55#0,
"2024-08-25,01:57:37",rohta3ti,#0,xnxx.com👌,.arkchaos#0,
"2024-08-25,01:57:47",diaa55,#0,منيش صغير بصح منقولش العمر,sm2._.oke#0,
"2024-08-25,01:58:01",sm2._.oke,#0,mrahe9,diaa55#0,
"2024-08-25,01:58:18",sm2._.oke,#0,nta wahed 3amro 14 wjaw 3lih,,
"2024-08-25,01:58:21",diaa55,#0,خخخخخ خاف ربي,sm2._.oke#0,
"2024-08-25,01:58:38",sm2._.oke,#0,fo9 18 \,diaa55#0,
"2024-08-25,01:58:40",sm2._.oke,#0,mala,,
"2024-08-25,01:58:43",rohta3ti,#0,علاه تخاف يغتاصبوك ما تخافش,diaa55#0,
"2024-08-25,01:59:05",diaa55,#0,لاه لازم تعميها بلهدرة الخامجة,rohta3ti#0,
"2024-08-25,01:59:06",cre.7,#0,aldnya akhrtha mot,,
"2024-08-25,01:59:11",sm2._.oke,#0,yakho rikardo machtch wash sralo,rohta3ti#0,
"2024-08-25,01:59:38",sm2._.oke,#0,w 3amro 14,diaa55#0,
"2024-08-25,01:59:53",rohta3ti,#0,تسما نتا كهل<40,diaa55#0,
"2024-08-25,02:00:10",rohta3ti,#0,نا كوه?!!,sm2._.oke#0,
"2024-08-25,02:00:25",diaa55,#0,متحشمش علابالك,rohta3ti#0,
"2024-08-25,02:00:34",sm2._.oke,#0,yakho mich nakoh basah nako fih zab,rohta3ti#0,
"2024-08-25,02:00:50",sm2._.oke,#0,haka mdayrin kho,diaa55#0,
"2024-08-25,02:01:01",sm2._.oke,#0,nta brk michi mwalf,,
"2024-08-25,02:01:09",diaa55,#0,اسمحولي مهيش بلاصتي,,
"2024-08-25,02:01:11",rohta3ti,#0,صحا عمي منزيذش نعاود,diaa55#0,
"2024-08-25,02:01:31",diaa55,#0,Funny,rohta3ti#0,
"2024-08-25,02:01:32",rohta3ti,#0,??<:confused_sherk:1150411388846604288>,sm2._.oke#0,
"2024-08-25,02:01:34",sm2._.oke,#0,lmouhim smahli kho,diaa55#0,
"2024-08-25,02:01:47",diaa55,#0,Hhhhhhhh,sm2._.oke#0,
"2024-08-25,02:02:01",sm2._.oke,#0,<:cum:1152013788653031434> <:confused_sherk:1150411388846604288>,rohta3ti#0,
"2024-08-25,02:02:11",diaa55,#0,Ghost needs help i think,sm2._.oke#0,
"2024-08-25,02:02:41",rohta3ti,#0,you are كهل🤷‍,diaa55#0,
"2024-08-25,02:02:56",sm2._.oke,#0,yahh of c,diaa55#0,
"2024-08-25,02:02:57",diaa55,#0,❌❌❌,rohta3ti#0,
"2024-08-25,02:03:05",rohta3ti,#0,<:Dead_inside:1150410964659863592>,sm2._.oke#0,
"2024-08-25,02:03:18",rohta3ti,#0,شيباني?,diaa55#0,
"2024-08-25,02:03:34",diaa55,#0,3 years no عادة الحمد لله,rohta3ti#0,
"2024-08-25,02:03:36",sm2._.oke,#0,la raw sghir mazal,rohta3ti#0,
"2024-08-25,02:03:54",sm2._.oke,#0,kho,,
"2024-08-25,02:03:55",diaa55,#0,-6.8 yrs old,rohta3ti#0,
"2024-08-25,02:04:17",rohta3ti,#0,3days no 3ada<:emoji_47:1151909990727163954>,diaa55#0,
"2024-08-25,02:04:24",sm2._.oke,#0,ch7al 3mrk sah,diaa55#0,
"2024-08-25,02:04:43",diaa55,#0,ربي يهديك ويهدينا ويثبتنا,rohta3ti#0,
"2024-08-25,02:04:56",sm2._.oke,#0,sah kho,,
"2024-08-25,02:05:00",rohta3ti,#0,تزوجلي حفيدتك,diaa55#0,
"2024-08-25,02:05:12",sm2._.oke,#0,hhhhh,rohta3ti#0,
"2024-08-25,02:05:24",rohta3ti,#0,امين يا جدي,diaa55#0,
"2024-08-25,02:05:41",diaa55,#0,شوف منقدرش نحددلك بصح لا تحوس صح مبين الثانوي والجامعي,sm2._.oke#0,
"2024-08-25,02:05:45",sm2._.oke,#0,lala ghost raw gdid,,
"2024-08-25,02:05:57",diaa55,#0,🥶,rohta3ti#0,
"2024-08-25,02:05:58",sm2._.oke,#0,ac,diaa55#0,
"2024-08-25,02:06:02",3mybad,#0,Roho trqdo,,
"2024-08-25,02:06:06",3mybad,#0,Atfal,,
"2024-08-25,02:06:09",sm2._.oke,#0,bac,diaa55#0,
"2024-08-25,02:06:14",diaa55,#0,حسنا,3mybad#0,
"2024-08-25,02:06:21",rohta3ti,#0,🤝,diaa55#0,
"2024-08-25,02:06:22",3mybad,#0,Ahsanta,diaa55#0,
"2024-08-25,02:06:56",rohta3ti,#0,nn🙂,sm2._.oke#0,
"2024-08-25,02:07:01",3mybad,#0,Wsh ya esigma😎🔥,rohta3ti#0,
"2024-08-25,02:07:10",.ggdz,#0,khouti,,
"2024-08-25,02:07:10",sm2._.oke,#0,3lah yakho seyad jabto mn server krinj,rohta3ti#0,
"2024-08-25,02:07:14",.ggdz,#0,roho tr9do,,
"2024-08-25,02:07:24",diaa55,#0,انا سيقما ثاني 🥶,3mybad#0,
"2024-08-25,02:07:25",rohta3ti,#0,cv<:gigachad:1150419236989186078>,3mybad#0,
"2024-08-25,02:07:35",sm2._.oke,#0,nta thatam fih,rohta3ti#0,
"2024-08-25,02:07:37",3mybad,#0,Nn ray 3 mzl,.ggdz#0,
"2024-08-25,02:07:52",.ggdz,#0,3inik marhoumch ydwou rahi 2,3mybad#0,
"2024-08-25,02:07:54",diaa55,#0,😿,sm2._.oke#0,
"2024-08-25,02:08:00",3mybad,#0,Syd raw m2amn hh,diaa55#0,
"2024-08-25,02:08:15",rohta3ti,#0,<:confused_sherk:1150411388846604288>,sm2._.oke#0,
"2024-08-25,02:08:19",3mybad,#0,Mchy kifkif hna nsit,.ggdz#0,
"2024-08-25,02:08:27",sm2._.oke,#0,ilike u bro,diaa55#0,
"2024-08-25,02:08:32",3mybad,#0,Mnsknch fifriqya ela3ina,,
"2024-08-25,02:08:37",sm2._.oke,#0,yoooo chrik,rohta3ti#0,
"2024-08-25,02:08:49",rohta3ti,#0,🏳️‍🌈,sm2._.oke#0,
"2024-08-25,02:08:49",.ggdz,#0,Thank God Everytime,3mybad#0,
"2024-08-25,02:08:58",diaa55,#0,احبك فالله ايضا,sm2._.oke#0,
"2024-08-25,02:09:03",sm2._.oke,#0,no bro fi alah,rohta3ti#0,
"2024-08-25,02:09:07",diaa55,#0,تخمام فاسد,rohta3ti#0,
"2024-08-25,02:09:13",sm2._.oke,#0,mam ana,diaa55#0,
"2024-08-25,02:09:22",3mybad,#0,Byna bli psh mchy entik bzf,.ggdz#0,
"2024-08-25,02:09:22",rohta3ti,#0,shrek ya lglit,sm2._.oke#0,
"2024-08-25,02:09:23",.ggdz,#0,ghost asmk walid?,rohta3ti#0,
"2024-08-25,02:09:36",.ggdz,#0,3lah wch khsk?,3mybad#0,
"2024-08-25,02:09:43",3mybad,#0,Asmo sigma,,
"2024-08-25,02:09:44",rohta3ti,#0,نن😂,.ggdz#0,
"2024-08-25,02:09:49",.ggdz,#0,ok,rohta3ti#0,
"2024-08-25,02:09:53",sm2._.oke,#0,yajadk chrik,rohta3ti#0,
"2024-08-25,02:09:57",diaa55,#0,لاه قلت اسمي,3mybad#0,
"2024-08-25,02:10:05",3mybad,#0,Nn tsma mtkhl3kch blad whdokhra ak fahmni,.ggdz#0,
"2024-08-25,02:10:14",3mybad,#0,Smhly ghlta,diaa55#0,
"2024-08-25,02:10:17",rohta3ti,#0,لازم تحدد الوقت هذا ميرحمش,sm2._.oke#0,
"2024-08-25,02:10:30",.ggdz,#0,7bebe 3awd wli l dzair ou 3awd tl3 7sbatk,3mybad#0,
"2024-08-25,02:10:36",3mybad,#0,Sigmaa😎🔥,rohta3ti#0,
"2024-08-25,02:10:41",sm2._.oke,#0,sah kho,rohta3ti#0,
"2024-08-25,02:10:46",diaa55,#0,🥶🥶,3mybad#0,
"2024-08-25,02:10:51",3mybad,#0,3cht 11y fdz,.ggdz#0,
"2024-08-25,02:10:53",rohta3ti,#0,<:SU_NOICE:1152013869057847326>,sm2._.oke#0,
"2024-08-25,02:11:03",sm2._.oke,#0,basah safi naytk,rohta3ti#0,
"2024-08-25,02:11:06",3mybad,#0,Ni 3arf wsh rani nhdr,,
"2024-08-25,02:11:25",.ggdz,#0,7bebe jrbt tkhdm hna?,3mybad#0,
"2024-08-25,02:11:29",rohta3ti,#0,<:tadcarlfachero36:1152016084430487552> <:gigachad:1150419236989186078>,3mybad#0,
"2024-08-25,02:11:31",.ggdz,#0,wla ttzwj,,
"2024-08-25,02:11:59",rohta3ti,#0,نن 💀,sm2._.oke#0,
"2024-08-25,02:12:06",3mybad,#0,Nn mzl mmpa lmhqtch lage wnykhloni nkhdm ak chayf,.ggdz#0,
"2024-08-25,02:12:12",3mybad,#0,Ik mqwda,.ggdz#0,
"2024-08-25,02:12:20",3mybad,#0,Mhbooool,rohta3ti#0,
"2024-08-25,02:12:25",sm2._.oke,#0,yooo chirrr,rohta3ti#0,
"2024-08-25,02:12:33",.ggdz,#0,ytsma m3cht walo kan babak ysrf 3lik,3mybad#0,
"2024-08-25,02:12:52",3mybad,#0,Ih byna bli,.ggdz#0,
"2024-08-25,02:12:54",rohta3ti,#0,saha chiiiiiii5<:gigachad:1150419236989186078>,3mybad#0,
"2024-08-25,02:13:06",3mybad,#0,Nta zdt tsrf ela rohk?,.ggdz#0,
"2024-08-25,02:13:08",.ggdz,#0,wallah za3im sahbi sari7,3mybad#0,
"2024-08-25,02:13:16",rohta3ti,#0,<:uncannycat:1152013915954352148>,sm2._.oke#0,
"2024-08-25,02:13:33",3mybad,#0,Byna bli tkon sarih mkch kch tkdb efsa kima hadi,.ggdz#0,
"2024-08-25,02:13:40",.ggdz,#0,bsh ki rani mkml 3aych rani nkhdm ou nsrf 3la ro7i,3mybad#0,
"2024-08-25,02:13:48",3mybad,#0,11yo wsh rah ndir yzby,,
"2024-08-25,02:13:56",3mybad,#0,Chhal fi emrk,.ggdz#0,
"2024-08-25,02:13:57",.ggdz,#0,s7,3mybad#0,
"2024-08-25,02:14:02",.ggdz,#0,19,3mybad#0,
"2024-08-25,02:14:03",rohta3ti,#0,<:gigachad:1150419236989186078>,.ggdz#0,
"2024-08-25,02:14:13",3mybad,#0,Allah ybrk,.ggdz#0,
"2024-08-25,02:14:15",diaa55,#0,عن النبي صلى الله عليه وسلم قال : ( إذا أحب الرجل أخاه فليخبره أنه يحبه )رواه أبو داود,rohta3ti#0,
"2024-08-25,02:14:20",.ggdz,#0,ybark  fik,3mybad#0,
"2024-08-25,02:14:27",m7_.n8,#0,,3mybad#0,https://cdn.discordapp.com/attachments/1227367017661595708/1277073574120914954/image0.gif?ex=672e0eb2&is=672cbd32&hm=b7e792b6b5d268020cb455d1baf74a4476f4f144ef4c74316d2c957d4557148e&
"2024-08-25,02:14:43",3mybad,#0,Ayooo,m7_.n8#0,
"2024-08-25,02:14:50",3mybad,#0,Mqwd nta,,
"2024-08-25,02:14:52",rohta3ti,#0,هاديك بكري كي كانت النية,diaa55#0,
"2024-08-25,02:14:58",.ggdz,#0,khouti tsbhou bkhir,,
"2024-08-25,02:15:03",.ggdz,#0,see you later,,
"2024-08-25,02:15:12",.ggdz,#0,🤍,,
"2024-08-25,02:15:15",3mybad,#0,Gn hbb,.ggdz#0,
"2024-08-25,02:15:17",diaa55,#0,ربي يساهل فالعباد انا لمهم نيتي مليحة,rohta3ti#0,
"2024-08-25,02:15:28",m7_.n8,#0,,3mybad#0,https://cdn.discordapp.com/attachments/1227367017661595708/1277073830849937520/image0.gif?ex=672e0ef0&is=672cbd70&hm=d8f09b538269d230d5302109e130f10cd7f930ee2edccf4cd516dec892a15937&
"2024-08-25,02:15:33",m7_.n8,#0,Gn,.ggdz#0,
"2024-08-25,02:15:42",3mybad,#0,Hkakk ahrbbb,m7_.n8#0,
"2024-08-25,02:15:47",3mybad,#0,Khwftk sah?,,
"2024-08-25,02:16:22",rohta3ti,#0,تقلو نحبك اومبعد يخطفك ببوسة مشوارب😂,,
"2024-08-25,02:16:42",3mybad,#0,Ya esigma mtkonlkch gay,rohta3ti#0,
"2024-08-25,02:17:02",3mybad,#0,Ntaya sigma alpha wlaaa?😎🔥,,
"2024-08-25,02:17:07",rohta3ti,#0,نن<:emoji_106:1191547968151617626>,3mybad#0,
"2024-08-25,02:17:29",rohta3ti,#0,👍 <:gigachad:1150419236989186078>,3mybad#0,
"2024-08-25,02:17:34",m7_.n8,#0,معلاباليش ميمبا علواش تهدر,3mybad#0,https://cdn.discordapp.com/attachments/1227367017661595708/1277074359542091848/image0.gif?ex=672e0f6e&is=672cbdee&hm=acc9ee1aa0d8d95fbb6255338d3cf42d98bee89959fb841c4abe7aab14e010de&
"2024-08-25,02:17:41",3mybad,#0,Bhhh,rohta3ti#0,
"2024-08-25,02:18:26",3mybad,#0,Ni sakt,m7_.n8#0,
"2024-08-25,02:18:29",3mybad,#0,Mnich nhdr,,
"2024-08-25,02:19:02",3mybad,#0,<@1114926581824094268> glbtholi yakho,rohta3ti#0,
"2024-08-25,02:19:35",rohta3ti,#0,<:confused_sherk:1150411388846604288>,3mybad#0,
"2024-08-25,02:19:37",3mybad,#0,Normal question psh tf is that,m7_.n8#0,
"2024-08-25,02:19:55",rohta3ti,#0,<:emoji_106:1191547968151617626>,m7_.n8#0,
"2024-08-25,02:20:04",3mybad,#0,Ni ngsr ntaya sigma🔥😎,rohta3ti#0,
"2024-08-25,02:20:35",m7_.n8,#0,Jawb,3mybad#0,https://cdn.discordapp.com/attachments/1227367017661595708/1277075121693265993/image0.gif?ex=672e1023&is=672cbea3&hm=98212cb3087249bf14b3e078db393cf16a65f91b236e6961baa5ca7ab9f97260&
"2024-08-25,02:20:44",rohta3ti,#0,🤝 <:gigachad:1150419236989186078>,3mybad#0,
"2024-08-25,02:20:58",3mybad,#0,Poland wbu,m7_.n8#0,
"2024-08-25,02:21:09",3mybad,#0,Nkmo tglbo,rohta3ti#0,
"2024-08-25,02:21:33",rohta3ti,#0,صحا انا علاه منقدرش نحطgif,m7_.n8#0,
"2024-08-25,02:21:38",m7_.n8,#0,Nta kafir?,3mybad#0,https://cdn.discordapp.com/attachments/1227367017661595708/1277075384986501120/image0.gif?ex=672e1062&is=672cbee2&hm=feae7e4e2a095b29d9114df33e7cb84a95838b54d3c7af2c006389c1a89186c7&
"2024-08-25,02:21:45",rohta3ti,#0,شكون,3mybad#0,
"2024-08-25,02:21:49",3mybad,#0,Ni nhsk pedo hbs les gifs tae zbi hh,m7_.n8#0,
"2024-08-25,02:22:02",3mybad,#0,Elh yzby hhhh,m7_.n8#0,
"2024-08-25,02:22:12",m7_.n8,#0,Pay for it,rohta3ti#0,
"2024-08-25,02:22:35",3mybad,#0,Psq sigm😎🔥,rohta3ti#0,
"2024-08-25,02:22:54",3mybad,#0,Jawb nta dok,m7_.n8#0,
"2024-08-25,02:22:58",3mybad,#0,Win tskn,,
"2024-08-25,02:22:59",rohta3ti,#0,fuck that ain't pay anything,m7_.n8#0,
"2024-08-25,02:23:26",3mybad,#0,Sahha sigma marikani sahbi😎🔥,rohta3ti#0,
"2024-08-25,02:23:33",rohta3ti,#0,<:emoji_47:1151909990727163954> 🤝,3mybad#0,
"2024-08-25,02:23:41",3mybad,#0,Bhh,rohta3ti#0,
"2024-08-25,02:23:54",saad_xdz,#0,Isshin ashina?,3mybad#0,
"2024-08-25,02:24:01",rohta3ti,#0,<:gigachad:1150419236989186078>,3mybad#0,
"2024-08-25,02:24:33",3mybad,#0,Remember u hesitate and u lose,saad_xdz#0,
"2024-08-25,02:24:36",rohta3ti,#0,طننت علا سانتا<:ahegao:1150410734057033738>,m7_.n8#0,
"2024-08-25,02:25:07",3mybad,#0,Tglbo nta elblk,rohta3ti#0,
"2024-08-25,02:25:07",m7_.n8,#0,Gay,rohta3ti#0,
"2024-08-25,02:25:24",3mybad,#0,Yakho elh msmi rohk gordon,m7_.n8#0,
"2024-08-25,02:25:34",3mybad,#0,Mick gordon?,,
"2024-08-25,02:25:44",3mybad,#0,Gordon tae half life,,
"2024-08-25,02:25:52",rohta3ti,#0,مشي سخنت عليه طننت عليه كاين فرق,m7_.n8#0,
"2024-08-25,02:25:55",3mybad,#0,Gordon laccteur enigro?,,
"2024-08-25,02:26:15",rohta3ti,#0,🫡,3mybad#0,
"2024-08-25,02:26:18",3mybad,#0,Sigma mhbooool wyhlbch😎🔥,rohta3ti#0,
"2024-08-25,02:26:43",m7_.n8,#0,Correct,3mybad#0,
"2024-08-25,02:26:55",3mybad,#0,Rajl wnes,m7_.n8#0,
"2024-08-25,02:27:01",3mybad,#0,4rjal,,
"2024-08-25,02:27:01",rohta3ti,#0,<:gigachad:1150419236989186078>,3mybad#0,
"2024-08-25,02:27:02",m7_.n8,#0,,rohta3ti#0,https://cdn.discordapp.com/attachments/1227367017661595708/1277076742892294235/image0.gif?ex=672e11a6&is=672cc026&hm=d9c918592835754988733d9ec104dd855278196b44079733c5ed996f280843f3&
"2024-08-25,02:27:24",rohta3ti,#0,نن🙂,m7_.n8#0,
"2024-08-25,02:27:26",3mybad,#0,Khli esigma yhdr🔥😎,m7_.n8#0,
"2024-08-25,02:27:37",3mybad,#0,Yakho glbto lrohi,,
"2024-08-25,02:27:41",m7_.n8,#0,,3mybad#0,https://cdn.discordapp.com/attachments/1227367017661595708/1277076901659279511/image0.gif?ex=672e11cc&is=672cc04c&hm=ff6f2a297db221eefc0de21a6ba2024230cea17b78fd21b9d4b6eda897a2a0a1&
"2024-08-25,02:28:01",3mybad,#0,Nik hyatk,m7_.n8#0,
"2024-08-25,02:28:24",rohta3ti,#0,go fuckyourself,m7_.n8#0,
"2024-08-25,02:28:24",m7_.n8,#0,Et eats his own dick,3mybad#0,https://cdn.discordapp.com/attachments/1227367017661595708/1277077087185928303/image0.gif?ex=672e11f8&is=672cc078&hm=6efe6a2b843e0fb2c31b1756fdbc6413045da3602c9cbdd61bd5cc50f44f97ca&
"2024-08-25,02:28:50",3mybad,#0,Nchlh yhwik lfinal boss tae half life 1 hdak lbyd lkbir,m7_.n8#0,
"2024-08-25,02:28:56",rohta3ti,#0,that's you!🤦‍,m7_.n8#0,
"2024-08-25,02:29:33",m7_.n8,#0,,3mybad#0,https://cdn.discordapp.com/attachments/1227367017661595708/1277077375032758272/image0.gif?ex=672e123d&is=672cc0bd&hm=6cf772e29d9124886c938351054fbf3b568fd2864a49f5c0941f16898cbc5415&
"2024-08-25,02:29:34",3mybad,#0,Marikani wsigma🔥😎,rohta3ti#0,
"2024-08-25,02:29:59",3mybad,#0,Wsh dkhl lhorny fhadi,m7_.n8#0,
"2024-08-25,02:30:13",rohta3ti,#0,waaah waaaah 5ouya<:gigachad:1150419236989186078>,3mybad#0,
"2024-08-25,02:30:27",m7_.n8,#0,,3mybad#0,https://cdn.discordapp.com/attachments/1227367017661595708/1277077604167323820/image0.gif?ex=672e1273&is=672cc0f3&hm=065e29408dbe9d3a0f3820efaddeb7a215507bf368db5519520f12c7630c6eb5&
"2024-08-25,02:30:29",3mybad,#0,Lhorny jail lzwaml kima hada <@1142540508183416883>,2jz.o7#0,
"2024-08-25,02:30:37",rohta3ti,#0,دير تاع twerk,m7_.n8#0,
"2024-08-25,02:30:47",3mybad,#0,Khls qwdo,,
"2024-08-25,02:30:51",3mybad,#0,Nroh nrqd,,
"2024-08-25,02:30:56",3mybad,#0,Gn muah,,
"2024-08-25,02:31:01",m7_.n8,#0,Smd,rohta3ti#0,
"2024-08-25,02:31:08",m7_.n8,#0,Gn,3mybad#0,
"2024-08-25,02:31:24",rohta3ti,#0,نن نتا بارد,m7_.n8#0,
"2024-08-25,02:31:47",3mybad,#0,Ryh gsr mea hd lmongol nkhliholk,m7_.n8#0,
"2024-08-25,02:32:14",m7_.n8,#0,Swear to god,rohta3ti#0,
"2024-08-25,02:32:21",rohta3ti,#0,نن وقت العادة السرية باي,3mybad#0,
"2024-08-25,02:32:29",m7_.n8,#0,,3mybad#0,https://cdn.discordapp.com/attachments/1227367017661595708/1277078116598153236/image0.gif?ex=672e12ed&is=672cc16d&hm=cf265970cd110fbab0349bb37b8c4dd82566d82a4a664d067dd1609e5919cabb&
"2024-08-25,02:33:22",ezn9,#0,خاوة شكون يلعب فورتنايت,,
"2024-08-25,02:33:28",2jz.o7,#0,Mtro7ch tdir kach 7aja mazalk tab3 zbi 3ich 7yatk,3mybad#0,
"2024-08-25,02:33:39",ezn9,#0,لا تلعبو ايا,,
"2024-08-25,02:34:36",ezn9,#0,والو صحة,,
"2024-08-25,02:34:51",2jz.o7,#0,<@1195134511546105958> wch gordon,m7_.n8#0,
"2024-08-25,02:47:46",0_gf,#0,روحوا ترقدوا,,
"2024-08-25,02:47:50",0_gf,#0,الرقاد مليح,,
"2024-08-25,03:11:10",m7_.n8,#0,Sonic mrti,2jz.o7#0,
"2024-08-25,03:11:13",m7_.n8,#0,Wch rak,,
"2024-08-25,03:11:30",2jz.o7,#0,Rani 3iyan,m7_.n8#0,
"2024-08-25,03:11:55",m7_.n8,#0,Okay,0_gf#0,https://cdn.discordapp.com/attachments/1227367017661595708/1277088036466987060/image0.gif?ex=672e1c2b&is=672ccaab&hm=4af11a23d3f683185d54ca538dd0e978d90a39b4c19a16f015cec25e085cdf37&
"2024-08-25,03:12:00",m7_.n8,#0,Ra7 tmot,2jz.o7#0,
"2024-08-25,03:12:07",2jz.o7,#0,Rani f whran machi 10km f 4h,,
"2024-08-25,03:12:10",2jz.o7,#0,Wla kte,,
"2024-08-25,03:12:28",m7_.n8,#0,10km<:NIGGA_omg:1150394296680329226>,2jz.o7#0,
"2024-08-25,03:12:35",2jz.o7,#0,Wla ktr,,
"2024-08-25,03:12:45",m7_.n8,#0,Bruh,,
"2024-08-25,03:12:55",m7_.n8,#0,10km 9sira,,
"2024-08-25,03:13:18",2jz.o7,#0,Wa9il ktr,,
"2024-08-25,03:13:24",m7_.n8,#0,3la rjlik?,,
"2024-08-25,03:13:30",2jz.o7,#0,Ih,m7_.n8#0,
"2024-08-25,03:13:37",m7_.n8,#0,Hhhhh,2jz.o7#0,
"2024-08-25,03:13:41",2jz.o7,#0,Dok n7sblk,,
"2024-08-25,03:13:41",m7_.n8,#0,Tstahl,,
"2024-08-25,03:13:59",2jz.o7,#0,21km,,
"2024-08-25,03:14:13",2jz.o7,#0,T3rf plays f whran wla lala,,
"2024-08-25,03:14:15",m7_.n8,#0,Niggga💀,2jz.o7#0,
"2024-08-25,03:14:23",m7_.n8,#0,Nn,2jz.o7#0,
"2024-08-25,03:14:45",2jz.o7,#0,Zab mohim 5rjt ana wa7d zoj ykonoli 9aloli nro7o plasa fiha trma,,
"2024-08-25,03:14:55",2jz.o7,#0,Kayna plasa asmha l3a9id lotfi,,
"2024-08-25,03:15:05",2jz.o7,#0,Ghir trma chriki,,
"2024-08-25,03:15:19",m7_.n8,#0,Mzalk tbnyt <:KEKYou:1150418200027201566>,2jz.o7#0,
"2024-08-25,03:15:30",2jz.o7,#0,Nchofo trma brk manbnytoch ya 5o,m7_.n8#0,
"2024-08-25,03:15:49",m7_.n8,#0,Ya5o trma kbira mch mli7a,2jz.o7#0,
"2024-08-25,03:16:02",2jz.o7,#0,Kayn m sghira lkbira,m7_.n8#0,
"2024-08-25,03:16:03",m7_.n8,#0,7ta bzol kbir mch mli7,,
"2024-08-25,03:16:26",m7_.n8,#0,Mli7a sghira,2jz.o7#0,
"2024-08-25,03:16:27",2jz.o7,#0,Prblm ya tbi wa7d zoj bnat wa9il twswsolna chafona morahom harbo yjro 😂😂,,
"2024-08-25,03:16:41",m7_.n8,#0,<:juan:1150418197581922344>,2jz.o7#0,
"2024-08-25,03:16:45",2jz.o7,#0,Awa lala bzol kbir makalh tchri l7lib,m7_.n8#0,
"2024-08-25,03:17:09",m7_.n8,#0,Nn bzol sghir 5ir,2jz.o7#0,
"2024-08-25,03:17:25",2jz.o7,#0,Nah i love big titys,m7_.n8#0,
"2024-08-25,03:17:29",m7_.n8,#0,Tfla r9i9a a7sn 7aja,,
"2024-08-25,03:17:42",2jz.o7,#0,R9i9a with big tity and big booty,m7_.n8#0,
"2024-08-25,03:17:45",m7_.n8,#0,,2jz.o7#0,https://cdn.discordapp.com/attachments/1227367017661595708/1277089507073589349/image0.gif?ex=672e1d89&is=672ccc09&hm=e085a6bb89c454eba55a2955a04155781c225a1be7b1d6316e818adf68cd56e1&
"2024-08-25,03:18:19",m7_.n8,#0,R9i9a with small tity and small booty,2jz.o7#0,
"2024-08-25,03:18:36",2jz.o7,#0,Manich n9ol trma kbira bzf,,
"2024-08-25,03:18:50",2jz.o7,#0,Bs7 lazem tkon kbira chwiya machi 7it ta3 sima,,
"2024-08-25,03:19:18",2jz.o7,#0,Lazem ykono l curves machi mosata7a,,
"2024-08-25,03:19:21",m7_.n8,#0,Mn3rf 3lah wlit n7b mst7in<:uncannycat:1152013915954352148>,,
"2024-08-25,03:19:44",m7_.n8,#0,7ata mosata7a 3adi,2jz.o7#0,
"2024-08-25,03:20:09",2jz.o7,#0,Nah mosta7a tnikha t7s ro7k tnik f skeleton ta3 minecraft,,
"2024-08-25,03:20:30",m7_.n8,#0,Mhm tfla 39litha chaba,,
"2024-08-25,03:20:52",m7_.n8,#0,Jrbt 7tan dir l7km?,2jz.o7#0,
"2024-08-25,03:21:12",2jz.o7,#0,Bnt familya w5las,m7_.n8#0,
"2024-08-25,03:21:28",m7_.n8,#0,Correct,2jz.o7#0,
"2024-08-25,03:21:28",2jz.o7,#0,Yes <:uncannycat:1152013915954352148>,m7_.n8#0,
"2024-08-25,03:21:44",m7_.n8,#0,Tnakt,2jz.o7#0,https://cdn.discordapp.com/attachments/1227367017661595708/1277090509462048810/image0.gif?ex=672e1e78&is=672cccf8&hm=d3ce84b2a41ebb35a591f20631620cf4ec9115fa7508f8d4083afbea055c4286&
"2024-08-25,03:22:05",2jz.o7,#0,Ni ntmnyk <:emoji_47:1151909990727163954>,m7_.n8#0,
"2024-08-25,03:22:28",m7_.n8,#0,Baghi ntzwj<:Dead_inside:1150410964659863592>,2jz.o7#0,
"2024-08-25,03:22:59",2jz.o7,#0,Jib lbac omb3d sahl,m7_.n8#0,
"2024-08-25,03:23:23",m7_.n8,#0,,2jz.o7#0,https://cdn.discordapp.com/attachments/1227367017661595708/1277090922844389518/image0.gif?ex=672e1edb&is=672ccd5b&hm=869f094e8a8912ff0bbc47c923b58c2d6fe786e2dce37741b507e811227f47d4&
"2024-08-25,03:24:08",m7_.n8,#0,Aya thla sonic 7bibi nro7 nchof porn 9sdi tik tok,,
"2024-08-25,03:24:19",2jz.o7,#0,Jib bac b 19 wkon nta lwl ymdolk mlyar 16pro max wt9ra fl5arj mala ttzwj haka,m7_.n8#0,
"2024-08-25,03:24:35",2jz.o7,#0,Athla ana tan rani bdit ntfa,m7_.n8#0,
"2024-08-25,03:24:52",m7_.n8,#0,,2jz.o7#0,https://cdn.discordapp.com/attachments/1227367017661595708/1277091296938299392/image0.gif?ex=672e1f34&is=672ccdb4&hm=d3716d96b3a307cd2cc8fb62af6188827470acbbe7f0dfd55aac52c3dc7ec1fc&
"2024-08-25,03:24:57",m7_.n8,#0,Gn bb,2jz.o7#0,
"2024-08-25,03:27:06",0_gf,#0,,m7_.n8#0,https://cdn.discordapp.com/attachments/1227367017661595708/1277091858987745395/Snapinsta.app_video_An-BTXANhYOa0Lq_Q5qbeTXE47YzZmTmb6oVzEghpqSP5bUAm0kN9BM7zJH_kt5wPjW6Lfg5uQ4O-r2zOt8_ngln.mp4?ex=672e1fba&is=672cce3a&hm=4b84f8eb880512b2759c2a7d57e4917b1cf8214cea303bcd3c371f7ea1680fb4&
"2024-08-25,03:48:08",0_gf,#0,نروح نرقد,,
"2024-08-25,03:48:14",0_gf,#0,وانا نخمم فل سكس,,
"2024-08-25,03:48:23",0_gf,#0,<@648531388081111080> تجي ترقد معايا ؟,a7_b.#0,
"2024-08-25,03:48:48",0_gf,#0,المهم انا نرقد,,https://cdn.discordapp.com/attachments/1227367017661595708/1277097321963847903/f8c7f5ba7e002a97.mp4?ex=672e24d0&is=672cd350&hm=d2d7e6f9ebed748526f98dbe1a5487311a1113a20f91349e37061a2a30f3f436&
"2024-08-25,04:40:24",noah._hb4e,#0,هاي,,
"2024-08-25,04:40:43",noah._hb4e,#0,كاش واحد فايق زعما,,
"2024-08-25,05:01:58",xuuoii,#0,هلو,,
"2024-08-25,06:24:23",mk_diassss,#0,# ثباحوووووو,,
"2024-08-25,06:29:12",basttmaann,#0,ثبح ثبحح,,
"2024-08-25,08:01:44",3mybad,#0,mhbol tdhk lrohk HH,noah._hb4e#0,
"2024-08-25,08:12:07",onlyflame_,#0,🥶,,
"2024-08-25,08:12:51",m7_.n8,#0,Mental issues,3mybad#0,
"2024-08-25,08:12:55",fidaa_dz,#0,<:uncannycat:1152013915954352148>,,
"2024-08-25,08:13:53",3mybad,#0,ywdy roh trqd nta,m7_.n8#0,
"2024-08-25,08:14:37",onlyflame_,#0,يرقد على 8 تاع صباح ؟,,
"2024-08-25,08:14:42",m7_.n8,#0,Nn,3mybad#0,
"2024-08-25,08:14:45",onlyflame_,#0,<:NIGGA_omg:1150394296680329226>,,
"2024-08-25,08:14:51",m7_.n8,#0,3la 9*,onlyflame_#0,
"2024-08-25,08:14:57",onlyflame_,#0,8 وربع,,
"2024-08-25,08:15:00",m7_.n8,#0,Chwi w nr9d,,
"2024-08-25,08:15:01",3mybad,#0,syd mlbarh whowa nayd,onlyflame_#0,
"2024-08-25,08:15:17",3mybad,#0,mongol,m7_.n8#0,
"2024-08-25,08:15:21",onlyflame_,#0,نورمال انا عندي 3 ايام نلعب في بوبجي,3mybad#0,
"2024-08-25,08:15:31",onlyflame_,#0,شارجار ولا يهدر,,
"2024-08-25,08:15:33",3mybad,#0,tnak,onlyflame_#0,
"2024-08-25,08:15:45",onlyflame_,#0,تعطي,3mybad#0,
"2024-08-25,08:15:54",onlyflame_,#0,🤗,,
"2024-08-25,08:16:01",m7_.n8,#0,3lah,3mybad#0,
"2024-08-25,08:16:20",onlyflame_,#0,المنقول يلي عندو نص مخ ناقص,,
"2024-08-25,08:16:22",m7_.n8,#0,Mrid 39li,onlyflame_#0,
"2024-08-25,08:16:38",3mybad,#0,psq htrqd ela 9,m7_.n8#0,
"2024-08-25,08:16:57",onlyflame_,#0,نتا باباه ؟,,
"2024-08-25,08:17:17",3mybad,#0,hada mjmaet ki ysralk prblm yqolk ana tani ktr mnk,m7_.n8#0,
"2024-08-25,08:17:23",3mybad,#0,yhsha competition,,
"2024-08-25,08:17:29",3mybad,#0,ih,onlyflame_#0,
"2024-08-25,08:17:58",m7_.n8,#0,Say 3la jalk mnich 7nr9d,3mybad#0,
"2024-08-25,08:18:13",m7_.n8,#0,,3mybad#0,https://cdn.discordapp.com/attachments/1227367017661595708/1277165121096908850/image0.gif?ex=672dbb35&is=672c69b5&hm=1c923fc39e8e8ecca6ff62866f6719a62a391dfce589a6695559c939a5791159&
"2024-08-25,08:18:21",3mybad,#0,tnak elh ni nqolk dija:D,m7_.n8#0,
"2024-08-25,08:18:51",m7_.n8,#0,,3mybad#0,https://cdn.discordapp.com/attachments/1227367017661595708/1277165282019770378/image0.gif?ex=672dbb5b&is=672c69db&hm=41058967aaaaa1c29dbec90bc57c2a80112af0de26d28e43fc6546385f088bd5&
"2024-08-25,08:59:27",x_bzd_x,#0,<@1214967653370691624>,jordyy.a3ttt#0,
"2024-08-25,08:59:35",x_bzd_x,#0,tl3ab cs ?,,
"2024-08-25,09:09:52",midnightsakram,#0,<:Dead_inside:1150410964659863592>,,
"2024-08-25,09:16:42",3mybad,#0,<@849753630281695253> yakho,g_s7#0,
"2024-08-25,09:16:53",3mybad,#0,nta 3aych f2027?,,
"2024-08-25,09:29:05",x_bzd_x,#0,nik zbi,,
"2024-08-25,09:29:29",3mybad,#0,nik zbk,x_bzd_x#0,
"2024-08-25,09:29:36",x_bzd_x,#0,yup,3mybad#0,
"2024-08-25,09:30:00",x_bzd_x,#0,<@1214967653370691624> 9ayam ya zbi maya5al3ekch role,jordyy.a3ttt#0,
"2024-08-25,09:30:31",x_bzd_x,#0,👎 👎 👎,,
"2024-08-25,09:30:58",3mybad,#0,halflife 5h rajl w autistic <@1214967653370691624>,jordyy.a3ttt#0,
"2024-08-25,09:51:16",vv_sr7,#0,<@1195134511546105958>,m7_.n8#0,
"2024-08-25,09:51:22",vv_sr7,#0,<@1195134511546105958>,m7_.n8#0,
"2024-08-25,09:51:28",vv_sr7,#0,<@1195134511546105958>,m7_.n8#0,
"2024-08-25,09:51:33",vv_sr7,#0,<@1195134511546105958>,m7_.n8#0,
"2024-08-25,09:51:59",vv_sr7,#0,<@1195134511546105958> <@1195134511546105958> <@1195134511546105958> <@1195134511546105958> <@1195134511546105958>,m7_.n8#0,
"2024-08-25,09:52:04",3mybad,#0,<@1183808376375873557>,vv_sr7#0、m7_.n8#0,
"2024-08-25,09:52:19",vv_sr7,#0,?,3mybad#0,
"2024-08-25,10:06:06",.heythemdz,#0,همممممم,,
"2024-08-25,10:06:16",.heythemdz,#0,dead chat,,
"2024-08-25,10:39:46",yanabbbb,#0,سلام,,
"2024-08-25,10:59:00",_xl7,#0,sba7 lzb ya 7baib,,
"2024-08-25,11:08:26",thba7ooo,#0,ثبااااحوووو <:emoji_102:1191547661355065454>,,
"2024-08-25,11:11:07",zloomdz,#0,راني فل حومة فالدي درك يجري مورايا  جزائري و افتخر نلالا هتلر ف مدية هتلر ف مدية طرقتلي قلوة راني ندور,,
"2024-08-25,11:23:24",3mybad,#0,Et,zloomdz#0,
"2024-08-25,11:23:30",3mybad,#0,Naaaaak,,
"2024-08-25,11:24:19",zloomdz,#0,wach rak tahdar,3mybad#0,
"2024-08-25,11:27:32",droga._.droga_42823,#0,Cheb hoova 😂😂,zloomdz#0,
"2024-08-25,11:28:06",3mybad,#0,Walo smhli,zloomdz#0,
"2024-08-25,11:48:29",midnightsakram,#0,<:emoji_84:1188620191576367134>,,
"2024-08-25,11:54:03",exuberant_sparrow_26750,#0,قيييو,,
"2024-08-25,11:56:28",zloomdz,#0,smah,3mybad#0,
"2024-08-25,12:05:05",vv_sr7,#0,,,https://cdn.discordapp.com/attachments/1227367017661595708/1277222211937374238/20240825_114337.jpg?ex=672df060&is=672c9ee0&hm=3d4d9b93784722159d3a0c89a4ce5744b150b8db40d4871c4ec639d0afe60040&
"2024-08-25,12:14:39",dilou0316,#0,,,https://cdn.discordapp.com/attachments/1227367017661595708/1277224619463671850/voice-message.ogg?ex=672df29e&is=672ca11e&hm=af7826249cd63d0504eebec1dda455df65715a7468d05c9163897ea90dc49b2e&
"2024-08-25,12:33:59",yanabbbb,#0,سلام,,
"2024-08-25,12:34:28",yanabbbb,#0,<:emoji_104:1191547769664573450> توسوستلك,dilou0316#0,
"2024-08-25,12:42:01",person___04,#0,.,0_gf#0,
"2024-08-25,12:49:58",youssef255,#0,هذا دارهالو بعكس,dilou0316#0,
"2024-08-25,12:50:23",youssef255,#0,عندي صحبي يب واحد يقلو اعطيني بوسا,person___04#0,
"2024-08-25,13:09:24",ezn9,#0,slam 3likom,,
"2024-08-25,13:16:20",yanabbbb,#0,وعليكم سلام,ezn9#0,
"2024-08-25,13:17:56",yanabbbb,#0,<@875440978276778034> خو تدخل سيرفور <:tadcarlfachero36:1152016084430487552>,ezn9#0,
"2024-08-25,13:32:58",0_gf,#0,انا باتمان,,
"2024-08-25,13:35:25",mhxer,#0,نتي زك مان,0_gf#0,
"2024-08-25,13:37:58",0_gf,#0,تربى,mhxer#0,
"2024-08-25,13:38:09",0_gf,#0,فايح مخنز,,
"2024-08-25,13:38:13",0_gf,#0,مشي متربي,,
"2024-08-25,13:38:16",mhxer,#0,😂😂😂😂,0_gf#0,
"2024-08-25,13:38:16",0_gf,#0,اغسل ترمتك,,
"2024-08-25,13:38:23",0_gf,#0,فيك ريحة البول,,
"2024-08-25,13:38:42",0_gf,#0,عيباد كي النم,,
"2024-08-25,13:38:43",onlyflame_,#0,<:NIGGA_omg:1150394296680329226>,0_gf#0,
"2024-08-25,13:38:48",0_gf,#0,وليت صاحبوا انا,,
"2024-08-25,13:38:51",0_gf,#0,كيزك,,
"2024-08-25,13:38:57",onlyflame_,#0,عندك الحق,0_gf#0,
"2024-08-25,13:39:20",0_gf,#0,<@989546731295371324> انقارض نيخ يماااك,mhxer#0,https://cdn.discordapp.com/attachments/1227367017661595708/1277245934555762719/VID_37011230_123457_795.mp4?ex=672e0678&is=672cb4f8&hm=bd2022b112d32abdfd8bd374c0f3dfbb7e70a0bacdb45f008f7f7141cf34217b&
"2024-08-25,13:40:24",mhxer,#0,ضربت ريحة ليراقل,0_gf#0,
"2024-08-25,13:41:07",onlyflame_,#0,,,
"2024-08-25,13:41:24",carnage07451,#0,جماعة سخانة بزيادة ليوم يزح,,
"2024-08-25,13:41:30",onlyflame_,#0,ايه,,
"2024-08-25,13:41:33",onlyflame_,#0,في الجي,,
"2024-08-25,13:41:36",onlyflame_,#0,106 درجة,,
"2024-08-25,13:41:51",onlyflame_,#0,قسمة الصفر,,
"2024-08-25,13:42:07",mhxer,#0,ضحكت معا ربك تحمستي,0_gf#0,
"2024-08-25,13:42:07",onlyflame_,#0,ضرب*,,
"2024-08-25,13:42:17",onlyflame_,#0,يا ودي هذا طفل,mhxer#0,
"2024-08-25,13:42:22",thba7ooo,#0,سموووك 😍,0_gf#0,
"2024-08-25,13:42:25",onlyflame_,#0,وش راك تدير,,
"2024-08-25,13:42:30",onlyflame_,#0,😭,,
"2024-08-25,13:42:52",carnage07451,#0,مكاش بنات اللهن ياخو,mhxer#0,
"2024-08-25,13:42:58",mhxer,#0,😂😂😂😂😂😂😂,,
"2024-08-25,13:43:06",mhxer,#0,اسمحلنا😂😂😂😂😂,,
"2024-08-25,13:43:22",onlyflame_,#0,كنت معول تطلب منها انسطا,,
"2024-08-25,13:43:23",onlyflame_,#0,مالا,,
"2024-08-25,13:43:31",carnage07451,#0,كاين دراري و الدراري متحولين برك,,
"2024-08-25,13:43:32",onlyflame_,#0,مبعدا كي عرفت طفل حبست,,
"2024-08-25,13:43:32",mhxer,#0,لا,onlyflame_#0,
"2024-08-25,13:43:42",onlyflame_,#0,حشى البعض,carnage07451#0,
"2024-08-25,13:43:44",mhxer,#0,خلويلي متحولين,carnage07451#0,
"2024-08-25,13:43:59",onlyflame_,#0,نتا مشكوك فيك خويا,mhxer#0,
"2024-08-25,13:44:04",onlyflame_,#0,متسمحليش من لخر,,
"2024-08-25,13:45:06",0_gf,#0,ثباحو لعزيززز,thba7ooo#0,
"2024-08-25,13:45:24",thba7ooo,#0,واش راك خو + ماكش تبان بزاف فل شات 😔,0_gf#0,
"2024-08-25,13:45:36",0_gf,#0,ني لباس,,
"2024-08-25,13:45:49",0_gf,#0,الشات ولا معمر عشوائيين,,
"2024-08-25,13:45:49",thba7ooo,#0,دووم ❤️,0_gf#0,
"2024-08-25,13:46:00",thba7ooo,#0,كاينة خو و ثاني اطفال,0_gf#0,
"2024-08-25,13:46:04",0_gf,#0,"انا نعبد الله 
ربي ماهوش قرد كيما نتا حتى تقصر معاه",mhxer#0,
"2024-08-25,13:46:29",onlyflame_,#0,😂,,
"2024-08-25,13:46:38",0_gf,#0,ههههه,,
"2024-08-25,13:46:45",0_gf,#0,البوت محى هدرتوا,,
"2024-08-25,13:46:46",mhxer,#0,روح تعطي بعيد خو,0_gf#0,
"2024-08-25,13:46:46",onlyflame_,#0,<@989546731295371324> احشم نتا حلاتلك,mhxer#0,
"2024-08-25,13:46:57",0_gf,#0,البوت عرفوا مونغولي,onlyflame_#0,
"2024-08-25,13:47:00",onlyflame_,#0,<@1180425486720041032> ما تديرش عليه,0_gf#0,
"2024-08-25,13:47:03",0_gf,#0,راه يمحيلوا هدرتوا,,
"2024-08-25,13:47:04",onlyflame_,#0,او صغير,,
"2024-08-25,13:47:07",onlyflame_,#0,عود يموت في الشات,,
"2024-08-25,13:47:14",onlyflame_,#0,ويحصلوها فينا,,
"2024-08-25,13:47:18",mhxer,#0,😂😂😂😂,,
"2024-08-25,13:47:31",onlyflame_,#0,تقلو كلمة يطيح يتخبط,,
"2024-08-25,13:47:38",0_gf,#0,هو مع مدامتوا لي عمرها 14 فل بيريفي,onlyflame_#0,https://cdn.discordapp.com/attachments/1227367017661595708/1277248019636424766/23c1da652e751727.mp4?ex=672e086a&is=672cb6ea&hm=be3479823d9f8d8736a72d71df73cc1817e1493973e6a31c367fe9b66a259d8e&
"2024-08-25,13:47:39",onlyflame_,#0,2 = يموت,,
"2024-08-25,13:47:43",onlyflame_,#0,3 = تطلع الروح,,
"2024-08-25,13:47:48",thba7ooo,#0,بوت يحصليها,,
"2024-08-25,13:48:00",0_gf,#0,,q52q#0,
"2024-08-25,13:48:03",onlyflame_,#0,كاينة كاينة,0_gf#0,
"2024-08-25,13:48:14",thba7ooo,#0,سليماني واش ذي حيا <:uncannycat:1152013915954352148>,q52q#0,
"2024-08-25,13:48:18",onlyflame_,#0,سلماني,q52q#0,
"2024-08-25,13:48:31",q52q,#0,Wa7ed b3toli sahbo amis m3ah,thba7ooo#0,
"2024-08-25,13:48:31",onlyflame_,#0,ويكتاش cute edition,,
"2024-08-25,13:48:42",q52q,#0,Hell nah,onlyflame_#0,
"2024-08-25,13:49:02",carnage07451,#0,"جماعة نسقسيكم
شكون تبع murder drones ؟",,
"2024-08-25,13:49:07",onlyflame_,#0,,,
"2024-08-25,13:49:25",onlyflame_,#0,انمي ولا فيلم,,
"2024-08-25,13:49:28",onlyflame_,#0,ولا,,
"2024-08-25,13:49:30",onlyflame_,#0,وشيه هذا,,
"2024-08-25,13:49:37",carnage07451,#0,انميشن فليوتوب,,
"2024-08-25,13:49:43",onlyflame_,#0,ناه,,
"2024-08-25,13:49:49",q52q,#0,🤡,,
"2024-08-25,13:49:52",0_gf,#0,ندخل ؟؟,,https://cdn.discordapp.com/attachments/1227367017661595708/1277248584068370443/image.png?ex=672e08f0&is=672cb770&hm=72271820351cb55ff3cc959ccace7d47f857f0003fb3b4fdfa14954ff3083aa9&
"2024-08-25,13:49:59",thba7ooo,#0,ايه,0_gf#0,
"2024-08-25,13:50:03",thba7ooo,#0,بصح راح تتعذب,,
"2024-08-25,13:50:05",carnage07451,#0,اوااه راك مراطي,onlyflame_#0,
"2024-08-25,13:50:14",0_gf,#0,"مانيش باغي نتعذب 
باغي نختمها ذي المرة بل سحر",thba7ooo#0,
"2024-08-25,13:50:22",0_gf,#0,ولا نلعب اونلاين,,https://cdn.discordapp.com/attachments/1227367017661595708/1277248710723768340/image.png?ex=672e090e&is=672cb78e&hm=9ae22d793bc99969ae68c4e9c164b790b9526c2cd240d5c421be24cb9f35cc30&
"2024-08-25,13:50:44",thba7ooo,#0,صعيب اختيار,0_gf#0,
"2024-08-25,13:50:46",q52q,#0,Al3b darkside khir mnhom kamel,0_gf#0,
"2024-08-25,13:50:46",mk_diassss,#0,جماعة شكون يعرف مسلسل شباب يقتارحو عليا,,
"2024-08-25,13:50:55",thba7ooo,#0,بريكنغ باد,mk_diassss#0,
"2024-08-25,13:50:57",q52q,#0,Elliet,mk_diassss#0,
"2024-08-25,13:50:59",onlyflame_,#0,<@1180425486720041032> عملية كيفاه توري العابك للناس بدون ما تنشعهم بطريقة مباشرة >,0_gf#0,
"2024-08-25,13:51:03",0_gf,#0,اصبر نشوف,q52q#0,
"2024-08-25,13:51:05",carnage07451,#0,FROM,mk_diassss#0,
"2024-08-25,13:51:10",0_gf,#0,,onlyflame_#0,
"2024-08-25,13:51:15",0_gf,#0,جابني,,
"2024-08-25,13:51:22",0_gf,#0,مع انهم كامل عندهم بيسي خير مني,,
"2024-08-25,13:51:32",onlyflame_,#0,ترمتك,,
"2024-08-25,13:51:34",onlyflame_,#0,انا نلعب في خبزة,,
"2024-08-25,13:51:36",q52q,#0,Chof atfrj suits wala cobra kai hado homa mkhyrin dok,mk_diassss#0,
"2024-08-25,13:51:39",thba7ooo,#0,ولا the office,,
"2024-08-25,13:51:55",0_gf,#0,,q52q#0,https://cdn.discordapp.com/attachments/1227367017661595708/1277249098378117171/image.png?ex=672e096b&is=672cb7eb&hm=a8416585568e1a505b402862d4ddd81e70ac0bcfaed21fb2b69de47b0c2f7e12&
"2024-08-25,13:51:56",0_gf,#0,خرجلي نيغرو خو,,
"2024-08-25,13:52:03",mk_diassss,#0,ايا صحيتو,,
"2024-08-25,13:52:10",carnage07451,#0,ماعنداك اتفرج Murder drones,mk_diassss#0,
"2024-08-25,13:52:12",q52q,#0,Hhhh dark sides,0_gf#0,
"2024-08-25,13:52:39",thba7ooo,#0,يوتيوب عنصري,0_gf#0,
"2024-08-25,13:52:52",cre.7,#0,mtdarboch aldnya akhrtha mot,,
"2024-08-25,13:53:31",q52q,#0,Hada jeux te3 ubisoft 9dim,0_gf#0,
"2024-08-25,13:53:32",onlyflame_,#0,باينة,thba7ooo#0,
"2024-08-25,13:53:41",0_gf,#0,حسيتها تشبه لغود اوف وار,q52q#0,
"2024-08-25,13:53:52",thba7ooo,#0,كيما برانس اوف بيرسيا ?,q52q#0,
"2024-08-25,13:53:59",0_gf,#0,نن,thba7ooo#0,
"2024-08-25,13:54:04",onlyflame_,#0,اللعبة الجديدة كفرتني,0_gf#0,
"2024-08-25,13:54:08",0_gf,#0,ذي على حساب ما شفت طيح في نصهم,,
"2024-08-25,13:54:10",onlyflame_,#0,مانيش قادر نربح,,
"2024-08-25,13:54:14",onlyflame_,#0,عندي شهر,,
"2024-08-25,13:54:15",onlyflame_,#0,نلعب,,
"2024-08-25,13:54:18",0_gf,#0,راغرانوك ؟,onlyflame_#0,
"2024-08-25,13:54:24",onlyflame_,#0,god of war,,
"2024-08-25,13:54:27",onlyflame_,#0,3,,
"2024-08-25,13:54:31",onlyflame_,#0,نلعبها في بلاي 4,,
"2024-08-25,13:54:37",carnage07451,#0,مش جديدة,,
"2024-08-25,13:54:37",onlyflame_,#0,للضرك ما ربحت,,
"2024-08-25,13:54:47",onlyflame_,#0,كي خرجت جديدة,carnage07451#0,
"2024-08-25,13:54:50",onlyflame_,#0,كنت فقير,,
"2024-08-25,13:54:53",0_gf,#0,تخيل تخسر في غود اوف وار,,
"2024-08-25,13:54:59",q52q,#0,,thba7ooo#0,https://cdn.discordapp.com/attachments/1227367017661595708/1277249869957824544/image0.jpg?ex=672e0a23&is=672cb8a3&hm=3770def7d6a74333667e7e0d6ac2e33bb4d44bb0dd44224cd364cd93f208589d&
"2024-08-25,13:54:59",onlyflame_,#0,وللضرك راني فقير,,
"2024-08-25,13:55:08",onlyflame_,#0,يا ودي نورمال,0_gf#0,
"2024-08-25,13:55:13",onlyflame_,#0,اكل نخسرو,,
"2024-08-25,13:55:24",onlyflame_,#0,كاين واحد npc,,
"2024-08-25,13:55:28",onlyflame_,#0,يضرب بالسم,,
"2024-08-25,13:55:29",0_gf,#0,وع,,https://cdn.discordapp.com/attachments/1227367017661595708/1277249996244254895/image.png?ex=672e0a41&is=672cb8c1&hm=27758f51c08c97a34d3af081e0cfcf8f81bfb8e312356ae09ca265c0bca1d5f6&
"2024-08-25,13:55:29",onlyflame_,#0,من بعيد,,
"2024-08-25,13:55:33",onlyflame_,#0,كي نجي نضربو يهرب,,
"2024-08-25,13:55:34",q52q,#0,Ih,0_gf#0,
"2024-08-25,13:55:42",onlyflame_,#0,ما نقدرش نقيسو,,
"2024-08-25,13:55:48",0_gf,#0,ذا ملعبت,,https://cdn.discordapp.com/attachments/1227367017661595708/1277250078699950194/image.png?ex=672e0a54&is=672cb8d4&hm=b7e0e16045118fafc16f5dd0385f1cee690d06f1038949d529775f736d619030&
"2024-08-25,13:55:49",0_gf,#0,اهن,,
"2024-08-25,13:56:11",carnage07451,#0,تلعب بكريتوس كي كان صغير و تخسر؟!؟!؟ اواه لبروبلام فيك,onlyflame_#0,
"2024-08-25,13:56:22",onlyflame_,#0,وشمن صغير,,
"2024-08-25,13:56:26",onlyflame_,#0,يهز دارنا ويهرب,,
"2024-08-25,13:56:41",carnage07451,#0,قبل ما يولي كهل,,
"2024-08-25,13:56:43",onlyflame_,#0,مرة شفتو هز 70 قنطار,,
"2024-08-25,13:56:53",a7_b.,#0,وين راحت قنشن,0_gf#0,
"2024-08-25,13:56:59",onlyflame_,#0,يا ودي لعبة لخرة يلي فيها قرافيكس,,
"2024-08-25,13:57:02",onlyflame_,#0,ماشي,,
"2024-08-25,13:57:03",onlyflame_,#0,لعبة,,
"2024-08-25,13:57:04",0_gf,#0,منلعببش غنشن,a7_b.#0,
"2024-08-25,13:57:07",onlyflame_,#0,نتاع,,
"2024-08-25,13:57:09",onlyflame_,#0,بلاي 2,,
"2024-08-25,13:57:15",0_gf,#0,بسك لعبة نتع ps 3,,
"2024-08-25,13:57:16",a7_b.,#0,sad,0_gf#0,
"2024-08-25,13:57:16",onlyflame_,#0,غرافيك نتاع,,
"2024-08-25,13:57:18",onlyflame_,#0,4 تاع الصباح,,
"2024-08-25,13:57:30",carnage07451,#0,"وش راك تهدر نتا 
كريتوس عندو لحيا تم؟",onlyflame_#0,
"2024-08-25,13:57:32",0_gf,#0,<:BH_shy:1152516942838640640>,a7_b.#0,
"2024-08-25,13:57:33",a7_b.,#0,كاينة لعبة تع ميكي ماوس هايلة,,
"2024-08-25,13:57:36",a7_b.,#0,راح يديروها,,
"2024-08-25,13:57:37",onlyflame_,#0,نسيت,carnage07451#0,
"2024-08-25,13:57:39",carnage07451,#0,God of war 4؟,,
"2024-08-25,13:57:46",onlyflame_,#0,نة ما دخلتش,,
"2024-08-25,13:57:50",a7_b.,#0,اسمها mouse,,
"2024-08-25,13:57:51",onlyflame_,#0,تبالي,carnage07451#0,
"2024-08-25,13:57:52",onlyflame_,#0,ايه,,
"2024-08-25,13:57:57",onlyflame_,#0,جايتني,,
"2024-08-25,13:58:06",onlyflame_,#0,god of war,,
"2024-08-25,13:58:08",onlyflame_,#0,brk,,
"2024-08-25,13:58:11",onlyflame_,#0,ماكانش نيمرو,,
"2024-08-25,13:58:17",carnage07451,#0,عندو وليدو؟,,
"2024-08-25,13:58:18",0_gf,#0,,,https://cdn.discordapp.com/attachments/1227367017661595708/1277250707082317916/image.png?ex=672e0aea&is=672cb96a&hm=18a032d58deaa21adb07e796c60f88a090a56ebcfdcb7660fffe7edbe2cf9b43&
"2024-08-25,13:58:29",0_gf,#0,كاين فل غيم باس,,
"2024-08-25,13:58:34",0_gf,#0,والبيسي ميمشييش,,
"2024-08-25,13:58:35",0_gf,#0,ياخو,,
"2024-08-25,13:58:37",0_gf,#0,نيخ يماه,,
"2024-08-25,13:58:43",0_gf,#0,ميكي موسا,a7_b.#0,
"2024-08-25,13:59:03",onlyflame_,#0,ايه,carnage07451#0,
"2024-08-25,13:59:06",onlyflame_,#0,كي يبدا اللعبة,,
"2024-08-25,13:59:09",onlyflame_,#0,ويحرقو مرتو,,
"2024-08-25,13:59:10",carnage07451,#0,نتو راكو تهدرو علا هادو و انا اكبر لعبة لعبتها هيا ماينكرافت فتيليفون <:picardiacrying2:1152016067649081394>,,
"2024-08-25,13:59:13",onlyflame_,#0,في النار,,
"2024-08-25,13:59:15",onlyflame_,#0,ويقطع شجرة,,
"2024-08-25,13:59:19",a7_b.,#0,ههههه,0_gf#0,
"2024-08-25,13:59:36",carnage07451,#0,هاديك god of war 4,onlyflame_#0,
"2024-08-25,13:59:38",a7_b.,#0,انشاء الله تجيب اكس بوكس ولا بيسي,carnage07451#0,
"2024-08-25,13:59:57",carnage07451,#0,انشاء الله,,
"2024-08-25,14:00:37",onlyflame_,#0,ايه,carnage07451#0,
"2024-08-25,14:00:48",onlyflame_,#0,واحد الوحش,,
"2024-08-25,14:00:50",onlyflame_,#0,كي النم,,
"2024-08-25,14:00:54",onlyflame_,#0,مانيش قادر نفوتو,,
"2024-08-25,14:00:59",onlyflame_,#0,الدم,,
"2024-08-25,14:01:01",onlyflame_,#0,نتاعي,,
"2024-08-25,14:01:03",rre_playboy,#0,sghartli l tota,,
"2024-08-25,14:01:04",onlyflame_,#0,دفلة,,
"2024-08-25,14:01:15",onlyflame_,#0,لازمك الثوم,rre_playboy#0,
"2024-08-25,14:01:16",carnage07451,#0,"هاديك ملعبتهاش 
انا حابس فلبلاي دو ياخو 💀",,
"2024-08-25,14:01:19",iye_8,#0,خاوتي شكون عنده a way out,,
"2024-08-25,14:01:26",rre_playboy,#0,âw,onlyflame_#0,
"2024-08-25,14:01:29",onlyflame_,#0,هذي نتاع بلاي 4,carnage07451#0,
"2024-08-25,14:01:34",rre_playboy,#0,ana,iye_8#0,
"2024-08-25,14:01:40",0_gf,#0,ندخا دارك سوللز,,
"2024-08-25,14:01:40",onlyflame_,#0,نشالله تجيب ال 5,,
"2024-08-25,14:01:41",iye_8,#0,تلعب,rre_playboy#0,
"2024-08-25,14:01:42",iye_8,#0,؟,,
"2024-08-25,14:01:43",0_gf,#0,العذاب,,
"2024-08-25,14:01:56",onlyflame_,#0,انا لعبت فيها 7 دقايق,,
"2024-08-25,14:01:57",onlyflame_,#0,وخرجت,,
"2024-08-25,14:02:09",onlyflame_,#0,قالي صاحبي العبها ولا نتا قاي,,
"2024-08-25,14:02:13",onlyflame_,#0,خليتو راح وفاصيتها,,
"2024-08-25,14:02:15",rre_playboy,#0,lazm ntl3ha w cnx m9wda,iye_8#0,
"2024-08-25,14:02:26",iye_8,#0,طلعها,rre_playboy#0,
"2024-08-25,14:02:49",onlyflame_,#0,حابب نفهم,,
"2024-08-25,14:02:56",onlyflame_,#0,انا عندي شاشة قديمة,,
"2024-08-25,14:03:00",onlyflame_,#0,تمشي,,
"2024-08-25,14:03:09",onlyflame_,#0,نقدر نركبها هيا ونتاعي الحالية في فرد بيسي ؟,,
"2024-08-25,14:03:10",iye_8,#0,تلعب اواي اوت ؟,onlyflame_#0,
"2024-08-25,14:03:12",onlyflame_,#0,اينيتي,,
"2024-08-25,14:03:16",onlyflame_,#0,لا,iye_8#0,
"2024-08-25,14:05:04",0_gf,#0,,,https://cdn.discordapp.com/attachments/1227367017661595708/1277252406794784768/image.png?ex=672e0c7f&is=672cbaff&hm=90d7858fb0e18d5648862aeaa9da876a627f3c7f0354dab816eeead6af49a16a&
"2024-08-25,14:05:26",onlyflame_,#0,انا نروح نلعب,,
"2024-08-25,14:05:42",onlyflame_,#0,black ops,,
"2024-08-25,14:06:20",thba7ooo,#0,انا نروح نلعب battlefield 4,onlyflame_#0,
"2024-08-25,14:06:37",onlyflame_,#0,مليحة,,
"2024-08-25,14:06:46",0_gf,#0,انا نتناخ في دارك سولز,,
"2024-08-25,14:06:51",0_gf,#0,ze qre not the sq;w,,
"2024-08-25,14:06:55",0_gf,#0,we are not the same,,
"2024-08-25,14:07:17",onlyflame_,#0,لغة enchanting table,0_gf#0,
"2024-08-25,14:07:23",onlyflame_,#0,<:emoji_20:1271227513980321822>,,
"2024-08-25,14:09:48",alaa._.aaa,#0,<a:HesGrooving:1150411397449125929>,,
"2024-08-25,14:17:06",0_gf,#0,ez,,https://cdn.discordapp.com/attachments/1227367017661595708/1277255435707219968/image.png?ex=672e0f52&is=672cbdd2&hm=bb0ce1a171f7217b0f4d6e712498cd219ea9a8040f6a44176d225434367fba2b&
"2024-08-25,14:18:23",alaa._.aaa,#0,واحد ايطالي عاير واحد فرونسي قالو يا دزيري,,
"2024-08-25,14:18:31",alaa._.aaa,#0,<:1_ohhnoo:1131239428506005535>,,
"2024-08-25,14:20:11",fidaa_dz,#0,dark souls remasterd 😍,0_gf#0,
"2024-08-25,14:34:02",onlyflame_,#0,,alaa._.aaa#0,
"2024-08-25,14:39:39",saad_xdz,#0,DARK SOULS REMASTERED,0_gf#0,
"2024-08-25,14:39:42",saad_xdz,#0,RAAHHHH,,
"2024-08-25,14:42:18",raku_9,#0,باينة,0_gf#0,
"2024-08-25,14:42:35",0_gf,#0,السحر ميصلحش,,
"2024-08-25,14:42:41",raku_9,#0,روح للسكيلتون عند المقبرة يديروهالك,,
"2024-08-25,14:42:53",0_gf,#0,ميموتوش هذوك,,
"2024-08-25,14:43:22",raku_9,#0,مقيد سلاح,0_gf#0,
"2024-08-25,14:43:34",raku_9,#0,بصح طريقو واعرة,,
"2024-08-25,14:43:54",0_gf,#0,لازم ترمي روحك فل بير ؟,,
"2024-08-25,14:44:04",raku_9,#0,وشمن بير,0_gf#0,
"2024-08-25,14:44:15",0_gf,#0,ةحد الستريمر مسكين ضجكوا عليه,,
"2024-08-25,14:44:22",0_gf,#0,قالولوا لازم ترمي روحك فل بير,,
"2024-08-25,14:44:29",0_gf,#0,و البير ذا صعيب باش جي فل حفرة,,
"2024-08-25,14:44:35",0_gf,#0,بعد ساعة من المحاولة,,
"2024-08-25,14:44:41",0_gf,#0,كي جابها وطاح فل بير مات,,
"2024-08-25,14:44:49",raku_9,#0,خخخخخخ,,
"2024-08-25,14:45:11",raku_9,#0,هذا سلاح تلقاه ف ال catacombs,,
"2024-08-25,14:46:16",raku_9,#0,تدخل لداخل تلقى بون فاير  و وحد الحاجة تدورها يتحل باب و واحد قبايلي يتيري الفيميجان عليك اقتلو <@1180425486720041032>,0_gf#0,
"2024-08-25,14:47:51",0_gf,#0,هذا سلاح نتع mele ?,,
"2024-08-25,14:47:59",raku_9,#0,ايه,0_gf#0,
"2024-08-25,14:48:17",0_gf,#0,منبعد نصنع شخصية جديدة,,
"2024-08-25,14:48:23",raku_9,#0,يعطيهلك ال Demon king,,
"2024-08-25,14:48:23",0_gf,#0,بسك لي بديت بيه نتع سحر,,
"2024-08-25,14:50:24",snor_ice,#0,السلام عليكم,,
"2024-08-25,14:50:50",merox_y,#0,و عليكم السلام,,
"2024-08-25,14:51:04",snor_ice,#0,شات ميت,,
"2024-08-25,14:52:56",snor_ice,#0,<:emoji_84:1188620191576367134>,,
"2024-08-25,15:02:22",houssem_hsm0,#0,,,https://cdn.discordapp.com/attachments/1227367017661595708/1277266828548378715/voice-message.ogg?ex=672e19ee&is=672cc86e&hm=f54f5a6bd4264559b499e0b9ac51014952a83e9f5f01d1b1850b3e17d91b1b0f&
"2024-08-25,15:05:10",houssem_hsm0,#0,غلطت برك ومعرفتش نفاسيه,,
"2024-08-25,15:21:57",thba7ooo,#0,جاتني رغبة نرجع نختم دارك سولز 2,0_gf#0,
"2024-08-25,15:32:28",0_gf,#0,خطيك,thba7ooo#0,
"2024-08-25,15:32:31",0_gf,#0,جزء معوق,,
"2024-08-25,15:32:35",0_gf,#0,ختمتوا بل سيف,,
"2024-08-25,15:32:47",0_gf,#0,تعططيلي دراهم ومنرجعش للبلاصة نتع الحمم,,
"2024-08-25,15:44:05",thba7ooo,#0,ختمتو خطرة و ندمت مي جاني حنين للعذاب لي فت بيه,0_gf#0,
"2024-08-25,15:48:24",neso_taiger,#0,ياو,,
"2024-08-25,15:48:31",neso_taiger,#0,علاه الرسالة مش باغا تبعت,,
"2024-08-25,15:48:34",0_gf,#0,ناه,thba7ooo#0,
"2024-08-25,15:48:37",0_gf,#0,متستاهلش,,
"2024-08-25,15:48:47",0_gf,#0,بسك راك تسب,neso_taiger#0,
"2024-08-25,15:48:51",0_gf,#0,السب عيب,,
"2024-08-25,15:48:59",0_gf,#0,عاود ارسل,,
"2024-08-25,15:49:00",neso_taiger,#0,ولو مفيهاش سب,0_gf#0,
"2024-08-25,15:49:20",0_gf,#0,,,https://cdn.discordapp.com/attachments/1227367017661595708/1277278650353455175/image.png?ex=672e24f0&is=672cd370&hm=bc054cab3b26c821324c3eaa9b46efe971ea8ef6f16f3d22d462996c7abf6747&
"2024-08-25,15:49:38",neso_taiger,#0,🙂,0_gf#0,
"2024-08-25,15:49:42",0_gf,#0,روح موت,,
"2024-08-25,15:49:51",0_gf,#0,فانزات رونالدوا,,
"2024-08-25,15:50:17",neso_taiger,#0,ronaldo is the goat 🐐,0_gf#0,
"2024-08-25,15:50:32",0_gf,#0,روح بيبلوا,,
"2024-08-25,15:50:34",0_gf,#0,يستاهل,,
"2024-08-25,15:51:32",m17lv,#0,.,,
"2024-08-25,15:51:35",aneskedd32,#0,.,,
"2024-08-25,15:51:38",neso_taiger,#0,­,m17lv#0,
"2024-08-25,15:52:00",m7_.n8,#0,Rani ndt,3mybad#0,https://cdn.discordapp.com/attachments/1227367017661595708/1277279321228312576/image0.gif?ex=672e2590&is=672cd410&hm=39be6d9f37a5da30d353f635aab6f4f95fab85e5ab2876f2bd350258e0f89d21&
"2024-08-25,15:52:15",neso_taiger,#0,any one here play minecraft,,
"2024-08-25,15:52:18",neso_taiger,#0,or free fire,,
"2024-08-25,15:52:20",neso_taiger,#0,??,,
"2024-08-25,15:52:32",neso_taiger,#0,or any other games,,
"2024-08-25,15:52:35",0_gf,#0,,,https://cdn.discordapp.com/attachments/1227367017661595708/1277279466359492738/image.png?ex=672e25b3&is=672cd433&hm=039d2a2c86b964c543078fd59dfa12840ad148a0c0d9b7337e1943c54b015ebc&
"2024-08-25,15:52:55",aneskedd32,#0,idk,0_gf#0,
"2024-08-25,15:53:12",m7_.n8,#0,,0_gf#0,https://cdn.discordapp.com/attachments/1227367017661595708/1277279621397876797/image0.gif?ex=672e25d8&is=672cd458&hm=45f748912edf839d3f711df15184bdf8ee7aff5c8361b0090fd2b703892a3862&
"2024-08-25,15:53:34",0_gf,#0,ITS JUST QNOTHER 9 ;ONTH,,
"2024-08-25,15:53:42",0_gf,#0,ITS JUST ANOTHER 9 MONTH,,
"2024-08-25,15:53:47",0_gf,#0,THEN I WILL BE FREE,,
"2024-08-25,15:54:51",neso_taiger,#0,??,0_gf#0,
"2024-08-25,15:55:38",m17lv,#0,oo,,
"2024-08-25,15:56:16",0_gf,#0,,m17lv#0,
"2024-08-25,15:56:23",neso_taiger,#0,∞,m17lv#0,
"2024-08-25,15:56:27",0_gf,#0,تخيل دير ممثل اباحي فوطوا بروفيل,,
"2024-08-25,15:56:31",0_gf,#0,يزح,,
"2024-08-25,15:56:35",m7_.n8,#0,3ndk bac,0_gf#0,https://cdn.discordapp.com/attachments/1227367017661595708/1277280473877577788/image0.gif?ex=672e26a3&is=672cd523&hm=1d6eb70429cfee8b318cbe262eb51d46ddf445883b712d15cfd13a695a6f6759&
"2024-08-25,15:56:45",m17lv,#0,animall,0_gf#0,
"2024-08-25,15:56:54",0_gf,#0,,m7_.n8#0,
"2024-08-25,15:57:11",0_gf,#0,zhqt qbout u,,
"2024-08-25,15:57:14",0_gf,#0,what about u,,
"2024-08-25,15:57:18",neso_taiger,#0,ok iknow what is the probleme,,
"2024-08-25,15:57:40",m7_.n8,#0,Nta ktr mni b 3am,0_gf#0,
"2024-08-25,15:57:59",neso_taiger,#0,<:uncannycat:1152013915954352148>,,
"2024-08-25,15:58:03",0_gf,#0,,m7_.n8#0,
"2024-08-25,15:58:10",0_gf,#0,how old are u gordon,,
"2024-08-25,15:58:25",m7_.n8,#0,16,0_gf#0,
"2024-08-25,15:58:34",0_gf,#0,<a:dance13:1038069504221139014>,,
"2024-08-25,15:58:43",m7_.n8,#0,,,https://cdn.discordapp.com/attachments/1227367017661595708/1277281010081599569/image0.gif?ex=672e2723&is=672cd5a3&hm=a10d9e7c32058e3a659cdaf34f84a4f462e92479bc931476dd94246c757e1c96&
"2024-08-25,15:58:44",m17lv,#0,same,m7_.n8#0,
"2024-08-25,15:58:45",neso_taiger,#0,oh 😶,m7_.n8#0,
"2024-08-25,15:58:47",0_gf,#0,wich grade at school ?,,
"2024-08-25,15:58:58",m17lv,#0,do u we me marry me,,
"2024-08-25,15:59:09",m7_.n8,#0,Tal3 2ème,0_gf#0,
"2024-08-25,15:59:17",0_gf,#0,<:BH_shy:1152516942838640640>,m7_.n8#0,
"2024-08-25,15:59:24",m7_.n8,#0,Gay shit,m17lv#0,
"2024-08-25,15:59:29",0_gf,#0,i will be 17 in 1 day,,
"2024-08-25,15:59:32",neso_taiger,#0,😒,m17lv#0,
"2024-08-25,15:59:42",m17lv,#0,what..,m7_.n8#0,
"2024-08-25,15:59:46",m17lv,#0,<a:egp_gn:826427514075217920>,,
"2024-08-25,15:59:51",m7_.n8,#0,,0_gf#0,https://cdn.discordapp.com/attachments/1227367017661595708/1277281295465971805/image0.gif?ex=672e2767&is=672cd5e7&hm=5568f48d1a3d2c00220f5a623cd903e51b499c62dcd9d31ead4cb0a24f511e8b&
"2024-08-25,16:00:00",neso_taiger,#0,+18,m7_.n8#0,
"2024-08-25,16:00:08",neso_taiger,#0,🔞,,
"2024-08-25,16:00:10",0_gf,#0,i will send somthing bad,,
"2024-08-25,16:00:16",0_gf,#0,porn hub shi,,
"2024-08-25,16:00:18",neso_taiger,#0,Bye,,
"2024-08-25,16:00:24",m17lv,#0,send,0_gf#0,
"2024-08-25,16:00:25",0_gf,#0,,,https://cdn.discordapp.com/attachments/1227367017661595708/1277281437405413396/FB_IMG_1716581184324.jpg?ex=672e2789&is=672cd609&hm=7b9d00f1666b7056d3e97ebf805a319e4d442df64813daee15cbbb85f21b6998&
"2024-08-25,16:00:27",m7_.n8,#0,Nn,0_gf#0,
"2024-08-25,16:00:29",chlorophyte_enjoyer,#0,19,neso_taiger#0,
"2024-08-25,16:00:36",0_gf,#0,nigga shu,,
"2024-08-25,16:00:38",chlorophyte_enjoyer,#0,Piggachu,0_gf#0,
"2024-08-25,16:00:46",0_gf,#0,zinjachu,chlorophyte_enjoyer#0,
"2024-08-25,16:00:54",neso_taiger,#0,-_-,0_gf#0,
"2024-08-25,16:01:04",neso_taiger,#0,im 14,chlorophyte_enjoyer#0,
"2024-08-25,16:01:19",neso_taiger,#0,not 18,,
"2024-08-25,16:01:22",chlorophyte_enjoyer,#0,When i was your age i was 19,neso_taiger#0,
"2024-08-25,16:01:48",m7_.n8,#0,,0_gf#0,https://cdn.discordapp.com/attachments/1227367017661595708/1277281783410331698/image0.gif?ex=672e27db&is=672cd65b&hm=bf92040381fc55f0836ce703098cdc6613ee9b25eafcaccee3553633bf13e4aa&
"2024-08-25,16:01:55",thba7ooo,#0,حاط زاني فل فوطو بروفيل يزح,m17lv#0,
"2024-08-25,16:02:05",0_gf,#0,,,https://cdn.discordapp.com/attachments/1227367017661595708/1277281856194220043/VID_20240806140627.mp4?ex=672e27ed&is=672cd66d&hm=29f616702cbabf0aa486d20cc0db3294eb211182078580ae7a226c61db743d61&
"2024-08-25,16:02:20",m7_.n8,#0,,neso_taiger#0,https://cdn.discordapp.com/attachments/1227367017661595708/1277281917959409809/image0.gif?ex=672e27fb&is=672cd67b&hm=6d7ba6378b54d53a4c61aeb6ff3a96dbbf7bd27d71402504ded4bd34c5226d36&
"2024-08-25,16:02:28",0_gf,#0,ديييييم,thba7ooo#0,
"2024-08-25,16:02:31",0_gf,#0,دييييم,,
"2024-08-25,16:02:33",0_gf,#0,زاني,,
"2024-08-25,16:02:38",0_gf,#0,كلمة متعوب عليها ذي,,
"2024-08-25,16:02:55",thba7ooo,#0,يادرا خممت فيها في 5 دقايق,0_gf#0,
"2024-08-25,16:03:04",0_gf,#0,999IQ,thba7ooo#0,
"2024-08-25,16:03:12",m7_.n8,#0,,,https://cdn.discordapp.com/attachments/1227367017661595708/1277282137757847624/FB_IMG_17216746901391814.jpg?ex=672e2830&is=672cd6b0&hm=1ea6b35bf7b9b78872bcd90e658cbefa2413bd5bdd7b52bb3c4e11eab0658345&
"2024-08-25,16:03:15",thba7ooo,#0,زاني تحسها حيا كبير اك فاهم خير من ممثل بورن,,
"2024-08-25,16:03:31",0_gf,#0,استنى,,
"2024-08-25,16:03:39",0_gf,#0,كاين ناس تصبغ المهبل نتاعهم,,
"2024-08-25,16:03:40",m7_.n8,#0,,,https://cdn.discordapp.com/attachments/1227367017661595708/1277282254514815037/image0.gif?ex=672e284c&is=672cd6cc&hm=5807756f7473d897c3235eab06d9bdc95d91b7548d210b6bb3484bdd6dd35d02&
"2024-08-25,16:03:41",0_gf,#0,ذفاك,,
"2024-08-25,16:04:14",neso_taiger,#0,real ??,0_gf#0,
"2024-08-25,16:04:16",m7_.n8,#0,نسا يصبغوه وردي بلاك,0_gf#0,https://cdn.discordapp.com/attachments/1227367017661595708/1277282406025400452/image0.gif?ex=672e2870&is=672cd6f0&hm=9ba894fc584e817c600f4efe66981fcb87d9527ce4ee8a112fc06d0585d5a3bf&
"2024-08-25,16:04:28",neso_taiger,#0,هادو عباد تقول خارجين من الدارك ويب,,
"2024-08-25,16:04:36",0_gf,#0,بصح لوني المفضل هو لخضر,m7_.n8#0,
"2024-08-25,16:04:36",neso_taiger,#0,ولو نعاود نولي لدارك ويب خير,,
"2024-08-25,16:04:44",0_gf,#0,<a:RyoBeg:1056647627648794625>,,
"2024-08-25,16:05:04",m7_.n8,#0,قول لمرتك تصبغهولك بلخضر,0_gf#0,
"2024-08-25,16:05:22",0_gf,#0,علاه مشي نتا,,
"2024-08-25,16:06:06",m7_.n8,#0,Mnich gay ana straight n7b women,0_gf#0,https://cdn.discordapp.com/attachments/1227367017661595708/1277282866899980370/image0.gif?ex=672e28de&is=672cd75e&hm=dd429e1f33a46d911bf572623f6d9bee508e306a2ce51bd4296a58bd731bec49&
"2024-08-25,16:06:18",0_gf,#0,,,
"2024-08-25,16:07:00",neso_taiger,#0,درك ندخل  Sci-Hub,,
"2024-08-25,16:07:07",neso_taiger,#0,نشوف هاد العباد,,
"2024-08-25,16:07:11",neso_taiger,#0,الله يفو,,
"2024-08-25,16:07:27",0_gf,#0,NOW WE WIAT,,https://cdn.discordapp.com/attachments/1227367017661595708/1277283206210650112/image.png?ex=672e292f&is=672cd7af&hm=e3503b849e04fb6f7ffef2dc1fc3a5004b762e30c3feff4484d8263ce7659981&
"2024-08-25,16:10:17",cha_wew2,#0,شكون ولا<:tadcarlfachero36:1152016084430487552>,,
"2024-08-25,16:13:16",0_gf,#0,ختك,,
"2024-08-25,16:13:27",0_gf,#0,,,https://cdn.discordapp.com/attachments/1227367017661595708/1277284716675989588/received_1440695519855186.jpg?ex=672e2a97&is=672cd917&hm=01d5352cb0aba07f4b33ec2eb71af115c43e693d7b894c1244eb3efaa68518c0&
"2024-08-25,16:13:35",cha_wew2,#0,ماماك,,
"2024-08-25,16:13:43",cha_wew2,#0,<:tadcarlfachero36:1152016084430487552>,,
"2024-08-25,16:16:24",cha_wew2,#0,راح,,
"2024-08-25,16:17:57",cha_wew2,#0,<:juan:1150418197581922344>,,
"2024-08-25,16:18:33",chlorophyte_enjoyer,#0,انا نهار 22 سبتمبر نشوف الاستاذ ياطيلنا التوقيت ونهار الحد عندك 2 سوايع مات و فرونسي,,
"2024-08-25,16:18:56",snor_ice,#0,السلام عليكم,,
"2024-08-25,16:19:42",cha_wew2,#0,شفت هاد الميم,chlorophyte_enjoyer#0,
"2024-08-25,16:19:43",cha_wew2,#0,عليكم سلام,snor_ice#0,
"2024-08-25,16:23:09",snor_ice,#0,كيف حالكم,,
"2024-08-25,16:23:10",cha_wew2,#0,انا نروح,,
"2024-08-25,16:23:19",cha_wew2,#0,لباس,snor_ice#0,
"2024-08-25,16:23:26",snor_ice,#0,الحمد الله,,
"2024-08-25,16:24:16",cha_wew2,#0,<:tadcarlfachero36:1152016084430487552>,snor_ice#0,
"2024-08-25,16:24:47",snor_ice,#0,كيف اقدر ارسل صور <:Pikachu:1150411411537793054>,cha_wew2#0,
"2024-08-25,16:25:08",cha_wew2,#0,<:juan:1150418197581922344>,snor_ice#0,
"2024-08-25,16:25:15",cha_wew2,#0,ترسل نمي,,
"2024-08-25,16:25:16",snor_ice,#0,في ادمن هنا,,
"2024-08-25,16:25:29",cha_wew2,#0,لازم lvl20,,
"2024-08-25,16:25:54",cha_wew2,#0,We're are you from hommie,snor_ice#0,
"2024-08-25,16:26:08",cha_wew2,#0,نائم,snor_ice#0,
"2024-08-25,16:26:43",snor_ice,#0,كاين ادمن في سيرفر نص قوانين مسموحة,cha_wew2#0,
"2024-08-25,16:27:32",snor_ice,#0,مصري <:branco3tromlei84:1152015859955531866>,cha_wew2#0,
"2024-08-25,16:27:44",cha_wew2,#0,ازايك يا سطا,snor_ice#0,
"2024-08-25,16:27:52",cha_wew2,#0,ازاي الملوخية,,
"2024-08-25,16:28:53",fu2p,#0,لي يستحف نيترو مرحبا بيه,,
"2024-08-25,16:29:04",snor_ice,#0,اسرائيل تسوي اشياء مع سيسي,,
"2024-08-25,16:29:12",cha_wew2,#0,<@1214967653370691624>,jordyy.a3ttt#0、snor_ice#0,
"2024-08-25,16:29:29",cha_wew2,#0,هادا هو الادمن,,
"2024-08-25,16:29:36",cha_wew2,#0,<:uncannycat:1152013915954352148>,snor_ice#0,
"2024-08-25,16:29:39",snor_ice,#0,الوحيد,cha_wew2#0,
"2024-08-25,16:30:02",cha_wew2,#0,كاين ادمينز صغار,snor_ice#0,
"2024-08-25,16:30:14",snor_ice,#0,صغار في عمر 💀,cha_wew2#0,
"2024-08-25,16:30:17",cha_wew2,#0,بس هادا لي عندو كامل الصلحيات,,
"2024-08-25,16:30:24",snor_ice,#0,يازح شكون يحب مصر,cha_wew2#0,
"2024-08-25,16:30:41",cha_wew2,#0,حشيتهالي ينم,snor_ice#0,
"2024-08-25,16:30:59",cha_wew2,#0,حسابلي مصري,,
"2024-08-25,16:31:08",snor_ice,#0,<@1151872558690488391> <:Jerry_Laugh:1150411385424072776>,khtkzyn_94321#0,
"2024-08-25,16:31:29",snor_ice,#0,يازح شكون مصري يتابع جزائري,cha_wew2#0,
"2024-08-25,16:31:32",cha_wew2,#0,<@762379421000531969>,nigger_11111#0,
"2024-08-25,16:31:50",cha_wew2,#0,وين نعرف علا حتشونو,snor_ice#0,
"2024-08-25,16:31:50",snor_ice,#0,<@1265718017585582231> <@1202931805720944644> سمحلي بح دجاج مسكين,hamed0988#0、kind03414#0,
"2024-08-25,16:33:00",cha_wew2,#0,<@1240035711617339483>,yacine0928#0,
"2024-08-25,16:33:35",cha_wew2,#0,<@&1231705115011055637> هادا قصدي كي قتلك صغار,snor_ice#0,
"2024-08-25,16:33:56",snor_ice,#0,اها,,
"2024-08-25,16:33:57",cha_wew2,#0,معندهمش كامل الصلاحيات,,
"2024-08-25,16:34:17",rayer43,#0,سلام,,
"2024-08-25,16:34:19",cha_wew2,#0,دخل واحد ملماريكان وتزيد تهدر,snor_ice#0,
"2024-08-25,16:34:38",cha_wew2,#0,<:Pog:1150411414243131504>,,
"2024-08-25,16:34:41",m7_.n8,#0,Hello,cha_wew2#0,
"2024-08-25,16:34:41",snor_ice,#0,برو في ادمن اسمه سرعة القذف<:Dead_inside:1150410964659863592>,,
"2024-08-25,16:34:46",snor_ice,#0,وسمو,cha_wew2#0,
"2024-08-25,16:34:47",snor_ice,#0,عجبني حال,,
"2024-08-25,16:34:56",rayer43,#0,<@1142540508183416883>,2jz.o7#0、snor_ice#0,
"2024-08-25,16:34:58",snor_ice,#0,ايش هم قوانين سيرفر,m7_.n8#0,
"2024-08-25,16:35:09",rayer43,#0,شكوبي حتواحد يرد السلام ؟,,
"2024-08-25,16:35:12",cha_wew2,#0,كوف روحك,m7_.n8#0,
"2024-08-25,16:35:24",yanabbbb,#0,سلام,,
"2024-08-25,16:35:27",rayer43,#0,قاع كلي راني نهدر مع حيط,,
"2024-08-25,16:35:29",snor_ice,#0,وعليكم السلام,rayer43#0,
"2024-08-25,16:35:30",rayer43,#0,و عليكم السلام,yanabbbb#0,
"2024-08-25,16:35:31",cha_wew2,#0,متسباميش كيما انا,snor_ice#0,
"2024-08-25,16:35:32",yanabbbb,#0,وعليكم سلام,rayer43#0,
"2024-08-25,16:35:39",m7_.n8,#0,ماتنشر gore w porn,snor_ice#0,https://cdn.discordapp.com/attachments/1227367017661595708/1277290304432766987/image0.gif?ex=672e2fcb&is=672cde4b&hm=ce507f60faa909908d3a817b4884b60a8f876c03d10e6136553ac61505f7732b&
"2024-08-25,16:35:42",rayer43,#0,👍,snor_ice#0,
"2024-08-25,16:35:48",rayer43,#0,واش راكم,,
"2024-08-25,16:35:54",yanabbbb,#0,لباس,,
"2024-08-25,16:35:57",cha_wew2,#0,وسبام مسموح,m7_.n8#0,
"2024-08-25,16:36:01",snor_ice,#0,sad,m7_.n8#0,
"2024-08-25,16:36:03",cha_wew2,#0,؟,,
"2024-08-25,16:36:12",snor_ice,#0,الحمد الله,rayer43#0,
"2024-08-25,16:36:19",rayer43,#0,الحمد لله,snor_ice#0,
"2024-08-25,16:36:23",m7_.n8,#0,Nn,cha_wew2#0,
"2024-08-25,16:36:37",rayer43,#0,جوردن نسقسيك,m7_.n8#0,
"2024-08-25,16:37:00",yanabbbb,#0,<@1273601452652363781> <:juan:1150418197581922344>,cha_wew2#0,
"2024-08-25,16:37:12",cha_wew2,#0,باينة كون جاهكا راني مديتش تايم اوت بالكونت الاول,m7_.n8#0,
"2024-08-25,16:37:31",yanabbbb,#0,سقسي,rayer43#0,
"2024-08-25,16:37:53",2jz.o7,#0,Chkon y7ws 3liya,,
"2024-08-25,16:37:54",yanabbbb,#0,مانيش هوا بصح نورمال<:tadcarlfachero36:1152016084430487552>,,
"2024-08-25,16:38:00",rayer43,#0,كنت دو نقولو راه متفرج انمي سوسو نو فريرين؟,yanabbbb#0,
"2024-08-25,16:38:05",snor_ice,#0,<@1161289188281438327> <@1107422041763758253> <@1104188517950697495> <@1195732980824543294>يازح كاين الف هوفا,hova_25158#0、hoova5712#0、hoova_25662#0、hoova3183#0,
"2024-08-25,16:38:20",cha_wew2,#0,حارو في اسمك هادا ماكان,2jz.o7#0,
"2024-08-25,16:38:21",yanabbbb,#0,واش راح دير بيهم,snor_ice#0,
"2024-08-25,16:38:32",snor_ice,#0,نقولك,yanabbbb#0,
"2024-08-25,16:38:34",yanabbbb,#0,<@1081296261182935040> هادا,rayer43#0、2jz.o7#0,
"2024-08-25,16:38:40",rayer43,#0,<@836767184855891998>,snor_ice#0、hoova369#0,
"2024-08-25,16:38:46",2jz.o7,#0,Ytnako,cha_wew2#0,
"2024-08-25,16:38:50",yanabbbb,#0,<:tadcarlfachero36:1152016084430487552> تفضل,snor_ice#0,
"2024-08-25,16:39:02",snor_ice,#0,اشياء,,
"2024-08-25,16:39:06",cha_wew2,#0,<@1060286405768642620> هادا,2jz.o7#0、snor_ice#0,
"2024-08-25,16:39:11",m7_.n8,#0,Go on,rayer43#0,
"2024-08-25,16:39:15",cha_wew2,#0,حار في اسمك,,
"2024-08-25,16:39:24",yanabbbb,#0,مليح<:tadcarlfachero36:1152016084430487552>,snor_ice#0,
"2024-08-25,16:39:25",rayer43,#0,راك متفرج انمي سوسو نو فريرين؟,m7_.n8#0,
"2024-08-25,16:39:45",yanabbbb,#0,<@1142540508183416883>,2jz.o7#0,
"2024-08-25,16:39:49",m7_.n8,#0,Hi sonic,2jz.o7#0,
"2024-08-25,16:39:59",cha_wew2,#0,أواه نروح منا,,
"2024-08-25,16:40:05",m7_.n8,#0,7bst tfraj,rayer43#0,
"2024-08-25,16:40:07",rayer43,#0,اتهلا,cha_wew2#0,
"2024-08-25,16:40:16",rayer43,#0,اوكي أيا مليحة,m7_.n8#0,
"2024-08-25,16:40:20",cha_wew2,#0,تهلا,rayer43#0,
"2024-08-25,16:40:44",yanabbbb,#0,شكون باغي يدخل سيرفر,,
"2024-08-25,16:40:52",2jz.o7,#0,Wch,m7_.n8#0,
"2024-08-25,16:40:55",yanabbbb,#0,تع كلش <:tadcarlfachero36:1152016084430487552>,,
"2024-08-25,16:41:22",yanabbbb,#0,<@1142540508183416883> تدخل,2jz.o7#0,
"2024-08-25,16:41:26",rayer43,#0,قروب ولا سيرفر؟,yanabbbb#0,
"2024-08-25,16:41:40",yanabbbb,#0,باغي نقول سيرفر,rayer43#0,
"2024-08-25,16:41:41",2jz.o7,#0,Lwach ?,yanabbbb#0,
"2024-08-25,16:42:07",yanabbbb,#0,بش تهدر<:tadcarlfachero36:1152016084430487552>,2jz.o7#0,
"2024-08-25,16:42:18",yanabbbb,#0,<:juan:1150418197581922344>,,
"2024-08-25,16:42:50",2jz.o7,#0,Nn makalh mnst3mlch tlfn bzf,yanabbbb#0,
"2024-08-25,16:43:06",yanabbbb,#0,<:9k:1189273274455179358>,2jz.o7#0,
"2024-08-25,16:44:13",snor_ice,#0,<@1141097162462216222>,youcef2431#0,
"2024-08-25,16:44:15",rayer43,#0,الباتري 6,,
"2024-08-25,16:44:18",rayer43,#0,أيا اتهلاو,,
"2024-08-25,16:44:47",snor_ice,#0,نقعد 5 سنين و نحاول نفهم كلامات,2jz.o7#0,
"2024-08-25,16:47:11",yanabbbb,#0,الله لا فهمت<:tadcarlfachero36:1152016084430487552>,snor_ice#0,
"2024-08-25,16:48:18",cre.7,#0,matdarboch aldnya akhrtha mot,,
"2024-08-25,16:49:10",yanabbbb,#0,<:tadcarlfachero36:1152016084430487552>,cre.7#0,
"2024-08-25,16:49:20",yanabbbb,#0,Fact,,
"2024-08-25,16:51:23",snor_ice,#0,يازح ترجم شوية,yanabbbb#0,
"2024-08-25,16:51:45",yanabbbb,#0,نشاله متفهمش,,
"2024-08-25,16:51:51",yanabbbb,#0,<:tadcarlfachero36:1152016084430487552>,,
"2024-08-25,17:01:24",fidaa_dz,#0,ياجماعة كاش ما واحد عدو خبرا ف روبلوكس نسقسيه حيا,,
"2024-08-25,17:01:56",fidaa_dz,#0,<:emoji_108:1197267246662295592>,yanabbbb#0,
"2024-08-25,17:06:42",0_gf,#0,لا,cha_wew2#0,
"2024-08-25,17:06:49",0_gf,#0,ذا العن شيء ممكن انك ديرو,,
"2024-08-25,17:06:54",0_gf,#0,السبام نتع ولاد قح,,
"2024-08-25,17:09:06",thba7ooo,#0,باينا,0_gf#0,
"2024-08-25,17:11:03",7nak,#0,,,https://cdn.discordapp.com/attachments/1227367017661595708/1277299212605980682/unknown.png?ex=672e3817&is=672ce697&hm=335b6cd230158f99d9550654c4dd7e6cba60cf03a0691f92f172183b7a0f6e42&
"2024-08-25,17:12:54",snor_ice,#0,سبب اصير طبيب,7nak#0,
"2024-08-25,17:17:17",chlorophyte_enjoyer,#0,7 سنست طب عام 3 تخصص,7nak#0,
"2024-08-25,17:36:45",iyad8327,#0,السلام و عليكم,,
"2024-08-25,17:37:43",iyad8327,#0,و عليكم السلام,,
"2024-08-25,17:45:25",thba7ooo,#0,وعليكم سلام,iyad8327#0,
"2024-08-25,17:51:48",xdeiv69,#0,لقلاوي,,
"2024-08-25,17:54:56",3mybad,#0,Mm ena<:ChineseMan:1150410495434690630>,m7_.n8#0,
"2024-08-25,17:54:57",m7_.n8,#0,,xdeiv69#0,https://cdn.discordapp.com/attachments/1227367017661595708/1277310260763168919/image0.gif?ex=672e4261&is=672cf0e1&hm=b2e2e95cb7be0bfbdce1376b8ee539bd7fccfbd34cefc8802206b1f839a44449&
"2024-08-25,17:55:23",xdeiv69,#0,<:uncannycat:1152013915954352148>,m7_.n8#0,
"2024-08-25,17:55:36",m7_.n8,#0,,3mybad#0,https://cdn.discordapp.com/attachments/1227367017661595708/1277310422361444498/image0.gif?ex=672e4287&is=672cf107&hm=07918b021f5b2438a2e4431d35174ec4dbe1e4e0ea8b487db18a573c03366291&
"2024-08-25,17:57:47",blackff3432,#0,كرهت خاوتي,,
"2024-08-25,17:59:09",3mybad,#0,Tn,blackff3432#0,
"2024-08-25,17:59:14",3mybad,#0,Ak 47,,
"2024-08-25,17:59:28",blackff3432,#0,Real,,
"2024-08-25,17:59:31",jordyy.a3ttt,#0,L'm in love,,
"2024-08-25,17:59:42",blackff3432,#0,Congratulations,,
"2024-08-25,17:59:49",jordyy.a3ttt,#0,,,https://cdn.discordapp.com/attachments/1227367017661595708/1277311484715860151/35e21bb48111e260512cd6d5bea93f76.mp4?ex=672e4385&is=672cf205&hm=bc78fc0225c59e35846afb91e0ab7fdb42fa608f6ea4fbdb270b5f5776ee6ecc&
"2024-08-25,18:00:28",jordyy.a3ttt,#0,L'm in love,,
"2024-08-25,18:01:54",themask0239,#0,<@1214967653370691624>,jordyy.a3ttt#0,https://cdn.discordapp.com/attachments/1227367017661595708/1277312009125494815/9064b6e7168a9b1f88c7d6ef6b02ff3b.jpg?ex=672e4402&is=672cf282&hm=787432281358598c18a55e4768bc500aed96781295cb0e9363cf157534a25dae&
"2024-08-25,18:02:17",themask0239,#0,,,https://cdn.discordapp.com/attachments/1227367017661595708/1277312105019609158/580753314467838140MP4.mp4?ex=672e4419&is=672cf299&hm=9439f6c312fc0ae3c29fb0a8dd7bb6dfc09f12318ebaf0cfa0ffd30f5bc137a6&
"2024-08-25,18:10:57",mbz._,#0,khawti,,
"2024-08-25,18:11:57",mbz._,#0,astolfo madar walo misken <:9k:1189273274455179358>  rbi ytalqo srahik astolfo,,
"2024-08-25,18:20:32",uchiha.obito0361,#0,بلاد نمي ذي ما راحش تتسقم,,
"2024-08-25,18:21:36",uchiha.obito0361,#0,يا تنكنااااا خلاص,,
"2024-08-25,18:21:41",0_gf,#0,<a:dance13:1038069504221139014>,,
"2024-08-25,18:26:55",3mybad,#0,xD,uchiha.obito0361#0,
"2024-08-25,18:29:44",abdulrazzaq0639,#0,راكم حيين,,
"2024-08-25,18:35:31",azeryiouuytre,#0,لالا,abdulrazzaq0639#0,
"2024-08-25,18:36:44",abdulrazzaq0639,#0,انا رقدت,azeryiouuytre#0,
"2024-08-25,18:36:47",abdulrazzaq0639,#0,ونضت,,
"2024-08-25,18:36:53",mitchikatsu,#0,صحا نوم,,
"2024-08-25,18:36:57",abdulrazzaq0639,#0,رقدت معا هاداك بنادم,,
"2024-08-25,18:37:14",mitchikatsu,#0,شكون,,
"2024-08-25,18:37:32",abdulrazzaq0639,#0,لي راه في بالك,mitchikatsu#0,
"2024-08-25,18:38:03",abdoplay._88593,#0,واش,,
"2024-08-25,18:38:07",abdulrazzaq0639,#0,بنروح تامبعدا وتفكرو تحرقة حتشون,,
"2024-08-25,18:38:24",mitchikatsu,#0,بالي صافي ياخو اهدر,abdulrazzaq0639#0,
"2024-08-25,18:49:09",abdulrazzaq0639,#0,صاي درتها من جديد,mitchikatsu#0,
"2024-08-25,18:52:26",fidaa_dz,#0,guys,,
"2024-08-25,18:59:27",jordyy.a3ttt,#0,WCH ASM L PERSONAGE HADI,themask0239#0,
"2024-08-25,18:59:37",jordyy.a3ttt,#0,AK FAHM,,
"2024-08-25,18:59:44",themask0239,#0,اك,jordyy.a3ttt#0,
"2024-08-25,18:59:47",themask0239,#0,فهمتك,,
"2024-08-25,18:59:48",themask0239,#0,حبحب,,
"2024-08-25,19:00:11",themask0239,#0,astolfo,,
"2024-08-25,19:00:15",jordyy.a3ttt,#0,?,themask0239#0,
"2024-08-25,19:00:36",themask0239,#0,astolfo أسمو,jordyy.a3ttt#0,
"2024-08-25,19:01:19",jordyy.a3ttt,#0,yzbi 3ndo zb,themask0239#0,
"2024-08-25,19:01:25",jordyy.a3ttt,#0,7sbtli tfla,,
"2024-08-25,19:01:33",jordyy.a3ttt,#0,khrtli 3ndozb,,
"2024-08-25,19:01:39",themask0239,#0,بزاف,jordyy.a3ttt#0,
"2024-08-25,19:01:56",themask0239,#0,كيفاش عرفت 💀,jordyy.a3ttt#0,
"2024-08-25,19:03:04",jordyy.a3ttt,#0,💀 💀 💀,themask0239#0,
"2024-08-25,19:03:09",jordyy.a3ttt,#0,wzid ch3r zbo rose,,
"2024-08-25,19:09:32",legendary_piglet_89453,#0,انا هوا اكبر طوطا في شمال افريقيا مشي hoova ولي حب يشوف يقولي,,
"2024-08-25,19:12:44",y_s1.,#0,Skincare routine pls,legendary_piglet_89453#0,
"2024-08-25,19:13:34",legendary_piglet_89453,#0,مفهمتش,,
"2024-08-25,19:14:25",legendary_piglet_89453,#0,??,y_s1.#0,
"2024-08-25,19:14:38",y_s1.,#0,,,
"2024-08-25,19:26:01",fidaa_dz,#0,جماعة كاش ما واحد هنا عدو شعرو طويل ؟,,
"2024-08-25,19:28:24",xdeiv69,#0,انا,fidaa_dz#0,
"2024-08-25,19:28:27",xdeiv69,#0,علاه,,
"2024-08-25,19:29:39",fidaa_dz,#0,نورمال نسقسيك حيا ؟,xdeiv69#0,
"2024-08-25,19:29:55",xdeiv69,#0,معليش سقسي,fidaa_dz#0,
"2024-08-25,19:31:38",fidaa_dz,#0,راه هاذا وين كان عدي شعر طويل لاحق ل bottomتاع رقبة تاعي ومدليش ملي رحت نقصص لحيتي حفاف خبطني ب تقريبا صلعة مهم شراني حاب نقلك هوا شحال من شهر وعاود يرجع شعري كيما كان,,
"2024-08-25,19:31:49",fidaa_dz,#0,i want to kill my barber,,
"2024-08-25,19:32:48",3mybad,#0,Lahq Llbottom👉👈<:emoji_102:1191547661355065454>,fidaa_dz#0,
"2024-08-25,19:33:25",fidaa_dz,#0,<:custom_risitas:1150418194520084561>,3mybad#0,
"2024-08-25,19:34:06",fidaa_dz,#0,معرفتش كيفاش نقلهم بدزيريا ياخو راني وليت نهدر اونقلي ياسر ذليامات بداو يروحولي شوي كلمات,3mybad#0,
"2024-08-25,19:34:42",3mybad,#0,Who?,fidaa_dz#0,
"2024-08-25,19:35:37",yzgzgdvvtt,#0,سلام عليكم خواتي,,
"2024-08-25,19:35:53",abomalke,#0,و عليكم السلام,,
"2024-08-25,19:36:00",abomalke,#0,شا علاء مليخا,,
"2024-08-25,19:36:02",abomalke,#0,ح,,
"2024-08-25,19:36:09",abomalke,#0,؟,,
"2024-08-25,19:36:09",m7_.n8,#0,,0_gf#0,https://cdn.discordapp.com/attachments/1227367017661595708/1277335730166956112/image0.gif?ex=672db159&is=672c5fd9&hm=5f69596c498466d0b92370ddb6caa9adece4f94e4a6509a680f2fd9b2c970b16&
"2024-08-25,19:36:31",abomalke,#0,وتفك,,
"2024-08-25,19:37:18",xdeiv69,#0,يا خو صراتلي كيفك من قبل,fidaa_dz#0,
"2024-08-25,19:37:30",xdeiv69,#0,تحتاج شهرين باه باه يولي كيما كان,,
"2024-08-25,19:38:18",xdeiv69,#0,انا دارلي وحد لمرض في لقشرة تاع راسي كي كنت صغير حففتو كامل,,
"2024-08-25,19:38:30",fidaa_dz,#0,🫂u can understand my pain dawg,xdeiv69#0,
"2024-08-25,19:38:34",fidaa_dz,#0,damn,xdeiv69#0,
"2024-08-25,19:38:52",xdeiv69,#0,وليت نبان تحريشة في ذاك لوقت,fidaa_dz#0,
"2024-08-25,19:39:02",m7_.n8,#0,,,https://cdn.discordapp.com/attachments/1227367017661595708/1277336456091664485/image0.gif?ex=672db206&is=672c6086&hm=c9075ed122c55b9a890e21fd8722e9db75f4cd53da980207cd8bf5f19c068f3a&
"2024-08-25,19:39:12",fidaa_dz,#0,يانمي ليكول قرب ذركا انا ثاني نبان تحريشة,xdeiv69#0,
"2024-08-25,19:39:23",xdeiv69,#0,شغل ناس موالفة تشوف شعري طويل وليت نبان بيزار,fidaa_dz#0,
"2024-08-25,19:39:42",xdeiv69,#0,نورمال اتعذب كيما تعدبة انا,fidaa_dz#0,
"2024-08-25,19:40:13",3mybad,#0,Wtf chahrin!!?,xdeiv69#0,
"2024-08-25,19:40:22",3mybad,#0,1y wyarby HH,,
"2024-08-25,19:40:38",fidaa_dz,#0,معليهش قا شهرين مالا <:Dead_inside:1150410964659863592>,xdeiv69#0,
"2024-08-25,19:40:44",3mybad,#0,Enfin kl wahd wchaero,,
"2024-08-25,19:40:58",3mybad,#0,Ktr tkt,fidaa_dz#0,
"2024-08-25,19:41:55",xdeiv69,#0,انا هكا حتاج شعري باه يطوال كي كنت صغير,3mybad#0,
"2024-08-25,19:42:07",xdeiv69,#0,شهرين من لعذاب😂,fidaa_dz#0,
"2024-08-25,19:42:36",3mybad,#0,Don’t be stupid ki tkon sghir wki tkbr mchy kifkif,xdeiv69#0,
"2024-08-25,19:42:52",3mybad,#0,Testo zad tsma lktafa tae chaerk zadt,,
"2024-08-25,19:42:58",3mybad,#0,Tsma yshq wqt ktr,,
"2024-08-25,19:43:14",xdeiv69,#0,اواه انا منريسكيش و نجرب 😂,3mybad#0,
"2024-08-25,19:43:33",3mybad,#0,Idc mqltlkch jrb,xdeiv69#0,
"2024-08-25,19:43:33",xdeiv69,#0,ايه شغل كلما تزيد تكبر يخفاف,3mybad#0,
"2024-08-25,19:43:42",3mybad,#0,Leaks,xdeiv69#0,
"2024-08-25,19:44:15",xdeiv69,#0,Yup,3mybad#0,
"2024-08-25,20:26:56",0_gf,#0,i hate iapd kids,,
"2024-08-25,20:26:58",0_gf,#0,mfs kid,,
"2024-08-25,20:27:01",0_gf,#0,s,,
"2024-08-25,20:27:03",0_gf,#0,niggas,,
"2024-08-25,20:32:09",m7_.n8,#0,,0_gf#0,https://cdn.discordapp.com/attachments/1227367017661595708/1277349823217139857/image0.gif?ex=672dbe79&is=672c6cf9&hm=d3916fc160a3464583cda0e7ffe4bcef8ba991c65fd789b0b8a644e0df459438&
"2024-08-25,20:38:51",alg_______rayan09,#0,جماعا لي يعرف ماداما يبعثلنا نقصرو معاها 💀☠️,,
"2024-08-25,20:51:48",nf.6,#0,<a:NA3TIZ_MQ:857186234320814110>,,
"2024-08-25,20:57:06",islam_l0,#0,سلم,,
"2024-08-25,21:00:07",nf.6,#0,<@1195134511546105958> يتنحاو قاع (ليميمر),m7_.n8#0,
"2024-08-25,21:04:15",ui.ir,#0,صص,,
"2024-08-25,21:10:03",alaa._.aaa,#0,نياك اجنون بلخبز والمعجون,,
"2024-08-25,21:10:06",alaa._.aaa,#0,<:6habibi:1238466616358998136>,,
"2024-08-25,21:14:26",abdoplay._88593,#0,<:cum:1152013788653031434>,,
"2024-08-25,21:14:39",abdoplay._88593,#0,<:cum:1152013788653031434>,,
"2024-08-25,21:35:22",mk_diassss,#0,<:emoji_109:1259887162296635402>,,
"2024-08-25,21:41:46",y_s1.,#0,<:panting:1270060134164598804>,,
"2024-08-25,21:58:41",xdeiv69,#0,Sus,y_s1.#0,
"2024-08-25,21:59:41",dzl.com,#0,<:Yes_Honey:1150411382869729290>,,
"2024-08-25,22:04:17",rayer43,#0,السلام عليكم,,
"2024-08-25,22:06:43",lookmomicanfly21,#0,درك يجري مورايا,,
"2024-08-25,22:06:51",lookmomicanfly21,#0,جزائري و افتخر,,
"2024-08-25,22:06:52",rayer43,#0,ويناه,lookmomicanfly21#0,
"2024-08-25,22:07:23",lookmomicanfly21,#0,هتلر في مدية,,
"2024-08-25,22:07:32",lookmomicanfly21,#0,هتلر في مدية,,
"2024-08-25,22:21:40",0_gf,#0,.,,
"2024-08-25,22:21:40",0_gf,#0,.,,
"2024-08-25,22:21:44",thba7ooo,#0,وعليكم سلام,rayer43#0,
"2024-08-25,22:21:49",thba7ooo,#0,سموووك,0_gf#0,
"2024-08-25,22:21:55",thba7ooo,#0,ريكاردووو,rayer43#0,
"2024-08-25,22:22:00",rayer43,#0,واش راكوووو,thba7ooo#0,
"2024-08-25,22:22:05",0_gf,#0,شفتوا كي تحكمكم ذيك الطنة وتحس تنيخ البريزا لي فل حيط,,
"2024-08-25,22:22:07",thba7ooo,#0,بخير و نتا حبحب,rayer43#0,
"2024-08-25,22:22:09",0_gf,#0,ثباحووووو,thba7ooo#0,
"2024-08-25,22:22:24",rayer43,#0,مرة حكمتني الطنة في اللابيسين,0_gf#0,
"2024-08-25,22:22:36",rayer43,#0,حسيت كلي الماء يلعبلي بيه,,
"2024-08-25,22:23:13",thba7ooo,#0,يزح هيل ضروك كنت نلعب دارك سولز 2 مت 3 خطرات باسوء طريقة و حكمتني نفس طنة,0_gf#0,
"2024-08-25,22:27:04",fidaa_dz,#0,,,
"2024-08-25,22:27:20",0_gf,#0,طنة الغضب,thba7ooo#0,
"2024-08-25,22:27:41",thba7ooo,#0,ايه يزح 😔,0_gf#0,
"2024-08-25,22:28:10",0_gf,#0,,fidaa_dz#0,https://cdn.discordapp.com/attachments/1227367017661595708/1277379017028272288/1722718150566.png?ex=672dd9aa&is=672c882a&hm=fde0d4a38863b42b5ba724219d90b949a0482579197c3694f1885710ae99025d&
"2024-08-25,22:28:19",0_gf,#0,i do u bitch ass,,
"2024-08-25,22:28:28",0_gf,#0,could you repear that ?,,
"2024-08-25,22:28:34",0_gf,#0,ig no,,
"2024-08-25,22:29:03",fidaa_dz,#0,,0_gf#0,
"2024-08-25,22:29:34",0_gf,#0,dang,fidaa_dz#0,
"2024-08-25,22:29:42",0_gf,#0,thins nigga active his nitro,,
"2024-08-25,22:29:54",0_gf,#0,do boost to this shity server so you can send pic,,
"2024-08-25,22:29:55",rayer43,#0,كاينة منها,0_gf#0,
"2024-08-25,22:30:12",0_gf,#0,,rayer43#0,https://cdn.discordapp.com/attachments/1227367017661595708/1277379528657862859/1721620662754.png?ex=672dda24&is=672c88a4&hm=4d4405eb4e4275dd65a3d66e1ee2c868c52ddd6f934549e240cfa91dfcd316c9&
"2024-08-25,22:31:02",rayer43,#0,👍,0_gf#0,
"2024-08-25,22:31:14",thba7ooo,#0,جيت بعد ماطفات كو ن يكسو تاع ش كو بي,,
"2024-08-25,22:31:23",fidaa_dz,#0,i'll active the nitro but,0_gf#0,
"2024-08-25,22:31:33",fidaa_dz,#0,i can send gifs ?,,
"2024-08-25,22:31:35",rayer43,#0,واو,thba7ooo#0,
"2024-08-25,22:31:39",fidaa_dz,#0,when i do that,,
"2024-08-25,22:31:52",fidaa_dz,#0,,,
"2024-08-25,22:32:21",0_nu,#0,nigga u have one,fidaa_dz#0,
"2024-08-25,22:32:34",fidaa_dz,#0,i mean the boost,0_nu#0,
"2024-08-25,22:32:35",0_nu,#0,اذا راك بل تيليفون تقدر ترسلهم من كلافي,fidaa_dz#0,
"2024-08-25,22:32:40",fidaa_dz,#0,shit ain't speakin english again,,
"2024-08-25,22:32:43",0_nu,#0,اذا راك بل بيسي طلعهم,,
"2024-08-25,22:32:47",fidaa_dz,#0,راني بلميكرو,0_nu#0,
"2024-08-25,22:32:57",0_nu,#0,طلعهم ورسلهم كشغل لي فوطو,,
"2024-08-25,22:33:01",0_nu,#0,اصبر نرجع لكونتي,,
"2024-08-25,22:33:39",0_gf,#0,,fidaa_dz#0,https://cdn.discordapp.com/attachments/1227367017661595708/1277380398267109406/200.gif?ex=672ddaf3&is=672c8973&hm=1ce5fa5a95afe2b6cd8121e205845ca33685c32143a96d7008a9e253ca271d55&
"2024-08-25,22:34:40",fidaa_dz,#0,bro,,
"2024-08-25,22:34:41",0_gf,#0,مشي هاك,,
"2024-08-25,22:34:43",0_gf,#0,طلعهم,,
"2024-08-25,22:35:03",0_gf,#0,,,https://cdn.discordapp.com/attachments/1227367017661595708/1277380750764671077/meme.gif?ex=672ddb47&is=672c89c7&hm=8a63ac4fe3e9fce07460a5ae07087ab92c3d373f1508c27d0ffc232c7b01ba2a&
"2024-08-25,22:35:16",0_gf,#0,ديرلوا save,,https://cdn.discordapp.com/attachments/1227367017661595708/1277380803214708777/image.png?ex=672ddb54&is=672c89d4&hm=ee045be57d09e490b857cbb473c5a7d42195218bd44ce846a1a408ec70fef05c&
"2024-08-25,22:36:04",fidaa_dz,#0,aight,,
"2024-08-25,22:36:48",fidaa_dz,#0,wow i can now thx buddy,,
"2024-08-25,22:37:11",fidaa_dz,#0,but it takes a littel long time to upload tho,,
"2024-08-25,22:37:19",0_gf,#0,لا يزح دوك تتبانا,,
"2024-08-25,22:37:30",0_gf,#0,غعرتني,fidaa_dz#0,
"2024-08-25,22:37:37",0_gf,#0,راني نخدم ب شاشة 27 بوصة,,
"2024-08-25,22:37:40",ezekiel.larry,#0,google : ارحل هوفا,,
"2024-08-25,22:37:49",0_gf,#0,روح ترقد نتا,,
"2024-08-25,22:37:56",ezekiel.larry,#0,تناك,,
"2024-08-25,22:37:59",ezekiel.larry,#0,مرقدتش,,
"2024-08-25,22:38:04",fidaa_dz,#0,ربي يعاونك,0_gf#0,
"2024-08-25,22:38:29",0_gf,#0,<a:dance13:1038069504221139014>,,
"2024-08-25,22:39:51",fidaa_dz,#0,orn,og6o6a#0,
"2024-08-25,22:40:10",0_gf,#0,nigga chill,fidaa_dz#0,
"2024-08-25,22:40:47",0_gf,#0,علاه عندك ال gifs نتع النيخ,,
"2024-08-25,22:41:36",fidaa_dz,#0,متسقسيش ياسر,0_gf#0,
"2024-08-25,22:41:47",fidaa_dz,#0,نورمال طيق تجيبهم من4chan,,
"2024-08-25,22:41:53",fidaa_dz,#0,ومرات reddit,,
"2024-08-25,22:42:01",0_gf,#0,<:juan:1150418197581922344>,,
"2024-08-25,22:42:38",og6o6a,#0,؟,fidaa_dz#0,
"2024-08-25,22:43:12",fidaa_dz,#0,,,https://cdn.discordapp.com/attachments/1227367017661595708/1277382799984168990/image.png?ex=672ddd30&is=672c8bb0&hm=a78a443ee299ac68092a2beae27b5930168bb0e9b01bfa2f1e9676c6a85444b7&
"2024-08-25,22:43:45",fidaa_dz,#0,نتا كتبت p وكملتهالك,og6o6a#0,
"2024-08-25,22:43:58",rayer43,#0,<:uncannycat:1152013915954352148>,fidaa_dz#0,
"2024-08-25,22:44:00",rayer43,#0,ياو,,
"2024-08-25,22:44:09",rayer43,#0,هاذي كاينة في سبوتفاي,,
"2024-08-25,22:44:31",rayer43,#0,اصبر نشوف,,
"2024-08-25,22:45:12",rayer43,#0,لقيت موسيقى اسمها نيقا نيقا نيقا,,
"2024-08-25,22:45:36",thba7ooo,#0,نعرفها,rayer43#0,
"2024-08-25,22:45:47",thba7ooo,#0,نيغا نيغا ام 100% نيغا,,
"2024-08-25,22:45:49",rayer43,#0,تبان مليحة,thba7ooo#0,
"2024-08-25,22:46:10",rayer43,#0,بصح مشكلتها الكلمات مكررة ياسر,,
"2024-08-25,22:46:16",fidaa_dz,#0,i hate niggas i hate niggas i hate niggas i hate niggas i hate niggas i hate niggas i hate niggas,rayer43#0,
"2024-08-25,22:46:18",thba7ooo,#0,ايه الكثير من نيغا,rayer43#0,
"2024-08-25,22:46:23",rayer43,#0,الكثير,thba7ooo#0,
"2024-08-25,22:46:24",thba7ooo,#0,مام انا,fidaa_dz#0,
"2024-08-25,22:46:46",fidaa_dz,#0,yeah i think that's enough or i'll get ban,,
"2024-08-25,22:46:57",rayer43,#0,أيا هاذي الموسيقى تاع ضرك مليحة,,
"2024-08-25,22:47:19",rayer43,#0,عجبتني,,
"2024-08-25,22:47:28",thba7ooo,#0,ني نسمع 2pac,,
"2024-08-25,22:48:10",rayer43,#0,شوف تاعي,thba7ooo#0,
"2024-08-25,22:48:33",thba7ooo,#0,💀  شافيها ?,,
"2024-08-25,22:48:44",rayer43,#0,ياخو عاود حطنا كاش gif,fidaa_dz#0,
"2024-08-25,22:48:57",fidaa_dz,#0,nah i'll get ban bro,rayer43#0,
"2024-08-25,22:48:58",thba7ooo,#0,هيل ناه,,
"2024-08-25,22:49:01",thba7ooo,#0,خطينا,,
"2024-08-25,22:49:02",rayer43,#0,لالا قصدي شوف الموسيقى لي راني نسمعها,thba7ooo#0,
"2024-08-25,22:49:27",rayer43,#0,أودي حسيت روحي ويب,,
"2024-08-25,22:49:32",2jz.o7,#0,I hate them i motha fucking hate them,fidaa_dz#0,
"2024-08-25,22:49:38",rayer43,#0,( سمعتها كاملة ),,
"2024-08-25,22:49:44",thba7ooo,#0,يزح بزاف,rayer43#0,
"2024-08-25,22:49:51",rayer43,#0,وي,thba7ooo#0,
"2024-08-25,22:49:55",thba7ooo,#0,نرجع لتوباك خير,,
"2024-08-25,22:50:13",rayer43,#0,موسيقى هايلة بصح تاع ويبز,,
"2024-08-25,22:51:17",thba7ooo,#0,<@1180425486720041032>  <:emoji_102:1191547661355065454> <:emoji_102:1191547661355065454> <:emoji_101:1191547625883828325>,0_gf#0,
"2024-08-25,22:51:20",rayer43,#0,Fly Me To The Moon - 2020 version,,
"2024-08-25,22:51:23",rayer43,#0,<:gigachad:1150419236989186078>,,
"2024-08-25,22:51:25",0_gf,#0,سعح,thba7ooo#0,
"2024-08-25,22:51:26",rayer43,#0,The goat,,
"2024-08-25,22:51:29",0_gf,#0,sup,,
"2024-08-25,22:51:40",thba7ooo,#0,فوطو بروفيل جديدة 🔥,0_gf#0,
"2024-08-25,22:52:20",fidaa_dz,#0,all these niggas bitches like who the would claim theme niggas,2jz.o7#0,
"2024-08-25,22:52:21",rayer43,#0,8/10 ناقص 2 نقاطي على زال الدخان,thba7ooo#0,
"2024-08-25,22:53:02",rayer43,#0,# لا لتدخين,,
"2024-08-25,22:53:10",thba7ooo,#0,كاينة 🔥,rayer43#0,
"2024-08-25,22:53:17",rayer43,#0,وي,thba7ooo#0,
"2024-08-25,22:53:26",rayer43,#0,<:emoji_103:1191547694720766002>,,
"2024-08-25,22:53:33",thba7ooo,#0,<:emoji_101:1191547625883828325>,,
"2024-08-25,22:53:41",dzl.com,#0,<:gigachad:1150419236989186078>,,
"2024-08-25,22:53:59",rayer43,#0,زومبي مطنن <:emoji_47:1151909990727163954>,dzl.com#0,
"2024-08-25,22:54:09",rayer43,#0,ياخو,,
"2024-08-25,22:54:15",rayer43,#0,كيفاه شعور زومبي مطنن,,
"2024-08-25,22:54:20",rayer43,#0,ولا اصبر,,
"2024-08-25,22:54:27",rayer43,#0,ياك تاعو يولي معفن؟,,
"2024-08-25,22:54:38",thba7ooo,#0,تخاف معندوش,rayer43#0,
"2024-08-25,22:54:46",xdeiv69,#0,وش راكم تهدرو,,
"2024-08-25,22:54:52",xdeiv69,#0,زومبي مطنن,,
"2024-08-25,22:54:57",xdeiv69,#0,<:uncannycat:1152013915954352148>,,
"2024-08-25,22:55:00",0_gf,#0,يب,thba7ooo#0,
"2024-08-25,22:55:03",0_gf,#0,عندي بزاف,,
"2024-08-25,22:55:07",rip_younes_,#0,وسع وسع انا جيت,,
"2024-08-25,22:55:13",rayer43,#0,ويناه نتا,rip_younes_#0,
"2024-08-25,22:55:16",dzl.com,#0,تشوفو؟,thba7ooo#0,
"2024-08-25,22:55:31",rayer43,#0,يودي باينة تاعك جاي اخضر من لعفن,dzl.com#0,
"2024-08-25,22:55:37",rip_younes_,#0,انا هو انا,rayer43#0,
"2024-08-25,22:55:42",rayer43,#0,زومبي اسم على مسمة,,
"2024-08-25,22:55:50",rayer43,#0,اهاااا,rip_younes_#0,
"2024-08-25,22:55:52",rip_younes_,#0,انا عندي طوط كبيرة على هوفا,,
"2024-08-25,22:56:05",rayer43,#0,مليار واحد قالها قدامك,rip_younes_#0,
"2024-08-25,22:56:11",dzl.com,#0,بصح مزالو قادر,rayer43#0,
"2024-08-25,22:56:20",thba7ooo,#0,خليه عندك <:uncannycat:1152013915954352148>,dzl.com#0,
"2024-08-25,22:56:22",rip_younes_,#0,انا عندي دليل ☠️,,
"2024-08-25,22:56:33",rayer43,#0,كيفاه قلاوي زومبي مزال يمشو؟,dzl.com#0,
"2024-08-25,22:56:38",rayer43,#0,ورينا,rip_younes_#0,
"2024-08-25,22:56:50",rip_younes_,#0,ماشي ليوم 🙂,,
"2024-08-25,22:57:21",rip_younes_,#0,ايا تهلاو انا نروح نجيبو,,
"2024-08-25,22:57:23",dzl.com,#0,وحدة كلاها الدود و الثانية مزالت تمشي ريڨلو,rayer43#0,
"2024-08-25,22:57:30",rip_younes_,#0,👋👋,,
"2024-08-25,22:57:35",rayer43,#0,أيا الحمد لله,dzl.com#0,
"2024-08-25,22:57:47",rayer43,#0,شحال تجيبو من مرة ؟,rip_younes_#0,
"2024-08-25,22:58:00",rip_younes_,#0,5في النهار,,
"2024-08-25,22:58:07",rip_younes_,#0,كي كونت prim,,
"2024-08-25,22:58:12",rayer43,#0,أيا نعطيك تحدي؟,,
"2024-08-25,22:58:17",rip_younes_,#0,لالا,,
"2024-08-25,22:58:22",rayer43,#0,متخافش,,
"2024-08-25,22:58:25",rayer43,#0,تحدي ساهل,,
"2024-08-25,22:58:31",rip_younes_,#0,لي هو؟؟,,
"2024-08-25,22:58:48",rayer43,#0,متجيبوش لمدة يوم كامل,,
"2024-08-25,22:59:07",rayer43,#0,ساهلة,,
"2024-08-25,22:59:10",rip_younes_,#0,عندي سمانة مجبتوش,,
"2024-08-25,22:59:16",rayer43,#0,أيا مليحة,rip_younes_#0,
"2024-08-25,22:59:33",rayer43,#0,كنت نحسبك كيما وحد لبنادم منقولش اسمو,,
"2024-08-25,23:00:01",rip_younes_,#0,عندي واحد صحبي يجيبو 9 في النهار,,
"2024-08-25,23:00:19",rayer43,#0,يجي نهار و يخلاصلو المخزون,rip_younes_#0,
"2024-08-25,23:00:21",rip_younes_,#0,(مرانيش نحرش),,
"2024-08-25,23:00:36",sebtibou,#0,<:NIGGA_omg:1150394296680329226>,rip_younes_#0,
"2024-08-25,23:00:41",rip_younes_,#0,محبش يخلاص,rayer43#0,
"2024-08-25,23:00:46",sebtibou,#0,<:9k:1189273274455179358>,,
"2024-08-25,23:00:49",rayer43,#0,هاكر,rip_younes_#0,
"2024-08-25,23:01:02",rip_younes_,#0,Admin,,
"2024-08-25,23:01:13",sebtibou,#0,Kol youm njib 2 3la jarti,,
"2024-08-25,23:01:33",rayer43,#0,جارتك وش دارت الرحمة,sebtibou#0,
"2024-08-25,23:01:45",sebtibou,#0,1 sbah wahd flil,,
"2024-08-25,23:01:50",rip_younes_,#0,ساهلة متجيبوش زوج خطرات,sebtibou#0,
"2024-08-25,23:01:56",rip_younes_,#0,جيبو خطرة,,
"2024-08-25,23:02:07",rayer43,#0,كرشي <:uncannycat:1152013915954352148>,,
"2024-08-25,23:02:11",sebtibou,#0,Kon m'jibouch nik bnt khalti,rip_younes_#0,
"2024-08-25,23:02:15",thba7ooo,#0,كاش نهار تصيبو معوق,rip_younes_#0,
"2024-08-25,23:02:20",rayer43,#0,جماعة اتهلاو وقت نداء الطبيعة,,
"2024-08-25,23:02:27",0_gf,#0,وحنا علاه,,
"2024-08-25,23:02:44",0_gf,#0,البوت نتع النم,,
"2024-08-25,23:02:49",0_gf,#0,ريكاردو روح قود,,
"2024-08-25,23:02:52",thba7ooo,#0,كاينة,0_gf#0,
"2024-08-25,23:03:26",sebtibou,#0,Ricardo rah ydir fl 3ada,,
"2024-08-25,23:03:43",0_gf,#0,العبد نتاعي راه يخدم,,https://cdn.discordapp.com/attachments/1227367017661595708/1277387964389003425/image.png?ex=672de1ff&is=672c907f&hm=504c96f7d89e80c94c6a4e793c5a9f3e69ab3e60f29b06542a6a7f2238242c62&
"2024-08-25,23:03:50",rip_younes_,#0,ملا انا نروح تهلاو في قلاويكم,,
"2024-08-25,23:11:01",hv.u,#0,<@1102692285235347598> ايزاااان,kf1798#0,
"2024-08-25,23:11:46",dzl.com,#0,<:gigachad:1150419236989186078>,,
"2024-08-25,23:13:55",rayer43,#0,راني رجعت,,
"2024-08-25,23:14:05",rayer43,#0,روح قود نتا,0_gf#0,
"2024-08-25,23:14:07",thba7ooo,#0,ريكاردو لعزيز,rayer43#0,
"2024-08-25,23:14:12",rayer43,#0,واش راك,thba7ooo#0,
"2024-08-25,23:14:17",rayer43,#0,ليزوم,,
"2024-08-25,23:14:22",thba7ooo,#0,بخير و نتا حبحب,rayer43#0,
"2024-08-25,23:14:45",rayer43,#0,بخير الحمد لله,thba7ooo#0,
"2024-08-25,23:15:34",kf1798,#0,هذا نتا يا شكوبي,hv.u#0,
"2024-08-25,23:15:38",kf1798,#0,<:uncannycat:1152013915954352148> <:uncannycat:1152013915954352148>,,
"2024-08-25,23:15:58",0_nu,#0,ريكاردوا يبول بل وقاف,,
"2024-08-25,23:16:01",sm2._.oke,#0,rikardo hbb,rayer43#0,
"2024-08-25,23:16:05",sm2._.oke,#0,washrak,,
"2024-08-25,23:16:17",rayer43,#0,الحمد لله بخير و نتا,sm2._.oke#0,
"2024-08-25,23:16:26",sm2._.oke,#0,lhamdolah,rayer43#0,
"2024-08-25,23:17:49",sm2._.oke,#0,kash jdid,,
"2024-08-25,23:18:21",j5p,#0,مالا نقدرو نسبو هنا,0_gf#0,
"2024-08-25,23:18:38",j5p,#0,اخيرا سيرفر نقدر نحط فيه الميمز الاسطورية تاعي,,
"2024-08-25,23:18:50",thba7ooo,#0,هاذا وين عرفت ?,j5p#0,
"2024-08-25,23:19:02",thba7ooo,#0,سرفر من 2023 فيه تطياح,,
"2024-08-25,23:19:04",j5p,#0,انا مانخالطش دزيريين هذي اول مرة ندخل فيها سيرفر دزيري,thba7ooo#0,
"2024-08-25,23:19:07",j5p,#0,الدزيريين مايصلحوش,,
"2024-08-25,23:19:22",thba7ooo,#0,ذا سيرفر استثناء,j5p#0,
"2024-08-25,23:19:30",sm2._.oke,#0,f hadi sda9t,j5p#0,
"2024-08-25,23:19:40",thba7ooo,#0,ذا اصلا مشي سيرفر مصحة عقلية خو,,
"2024-08-25,23:19:55",snor_ice,#0,احس,,
"2024-08-25,23:20:05",0_nu,#0,شوف انستا,thba7ooo#0,
"2024-08-25,23:20:26",snor_ice,#0,احب كذا نوعيات,thba7ooo#0,
"2024-08-25,23:20:47",snor_ice,#0,<@1151872558690488391>,khtkzyn_94321#0,
"2024-08-25,23:21:14",thba7ooo,#0,علاه ?,0_nu#0,
"2024-08-25,23:21:27",0_nu,#0,رسلتلك ريل,thba7ooo#0,
"2024-08-25,23:21:40",snor_ice,#0,وشنو هاذا اسم,,
"2024-08-25,23:21:50",thba7ooo,#0,نتا smoke ???,0_nu#0,
"2024-08-25,23:22:13",thba7ooo,#0,ايه هوا,,
"2024-08-25,23:22:16",dzl.com,#0,<:Yes_Honey:1150411382869729290>,,
"2024-08-25,23:22:21",0_nu,#0,يب,thba7ooo#0,
"2024-08-25,23:22:21",snor_ice,#0,<@1166691361605566598> <@1264558495034769438> <@824215445539127337>,islemchetouane#0、sigmatiste2024#0、demon_slayer_tanjiro_kamado#0,
"2024-08-25,23:23:06",rayer43,#0,راه عندو ميوت,snor_ice#0,
"2024-08-25,23:23:14",snor_ice,#0,يازح سيرفر كوارث,,
"2024-08-25,23:23:29",snor_ice,#0,ليه,rayer43#0,
"2024-08-25,23:23:32",sm2._.oke,#0,rikardo kash jdid,rayer43#0,
"2024-08-25,23:23:35",rayer43,#0,<@442721468829138954>,unfrody#0、snor_ice#0,
"2024-08-25,23:23:41",rayer43,#0,مكاين والو,sm2._.oke#0,
"2024-08-25,23:23:51",sm2._.oke,#0,hay7a,rayer43#0,
"2024-08-25,23:23:52",sm2._.oke,#0,mala,,
"2024-08-25,23:24:07",snor_ice,#0,خلونا شوية مش كلش ليكم<@1030473085155029073> <@442721468829138954>,rayer43#0、sid.dsn#0、unfrody#0,
"2024-08-25,23:24:25",rayer43,#0,<@1240035711617339483>,yacine0928#0、snor_ice#0,
"2024-08-25,23:24:43",0_gf,#0,df,j5p#0,
"2024-08-25,23:24:55",rayer43,#0,<@1228805078421602315>,9llwiha#0,
"2024-08-25,23:25:03",rayer43,#0,وحد الاسماء فنانة,,
"2024-08-25,23:25:05",dzl.com,#0,Wtf,,
"2024-08-25,23:25:09",j5p,#0,اين النساء,,
"2024-08-25,23:25:15",snor_ice,#0,<@763790502444531792>,costwave#0、rayer43#0,
"2024-08-25,23:25:17",rayer43,#0,<@1161011140810248283>,tata_zinb#0、j5p#0,
"2024-08-25,23:25:22",snor_ice,#0,اصيرلك,j5p#0,
"2024-08-25,23:25:46",j5p,#0,هذي تلقاها من جوايه الجلفة,rayer43#0,
"2024-08-25,23:25:49",rayer43,#0,<@1149289372873658388>,tckenzi_h24#0、j5p#0,
"2024-08-25,23:25:59",rayer43,#0,و هذا؟,,
"2024-08-25,23:26:01",0_gf,#0,قلبي,,https://cdn.discordapp.com/attachments/1227367017661595708/1277393577823174677/image.png?ex=672de739&is=672c95b9&hm=ac578138ff69e3efa83a651aae8958d78fbc22b1703c2264289dcaf4f2e48e5a&
"2024-08-25,23:26:06",j5p,#0,نتا ولد,snor_ice#0,
"2024-08-25,23:26:06",0_gf,#0,قلبي دوك يحبس,,
"2024-08-25,23:26:07",0_gf,#0,لا,,
"2024-08-25,23:26:11",0_gf,#0,مشي مورا 7 جيغا,,
"2024-08-25,23:26:13",0_gf,#0,نو نو,,
"2024-08-25,23:26:34",thba7ooo,#0,يزح 😔  مؤلمة,0_gf#0,
"2024-08-25,23:26:44",rayer43,#0,الحياة مرات تولي قاسية,0_gf#0,
"2024-08-25,23:26:54",j5p,#0,هذا راجل مشعر باينة,rayer43#0,
"2024-08-25,23:27:24",snor_ice,#0,جلفة كبيرا عليك خويا,j5p#0,
"2024-08-25,23:27:52",j5p,#0,باينة.. بلا بيها مانقدرش ناكل البطاطا,snor_ice#0,
"2024-08-25,23:28:20",rayer43,#0,<@1119732873629548544>,khlwsh8504#0、j5p#0,
"2024-08-25,23:28:24",rayer43,#0,و هذا ؟,,
"2024-08-25,23:28:30",j5p,#0,ياودي ملخر نحوس على روسية,rayer43#0,
"2024-08-25,23:28:42",rayer43,#0,اععع,j5p#0,
"2024-08-25,23:28:48",snor_ice,#0,روح ولاد فايت,j5p#0,
"2024-08-25,23:29:03",rayer43,#0,طونوبيل McLaren F1 خير من روسية,,
"2024-08-25,23:29:15",j5p,#0,والدزيرية كيفاه درنا معاها,rayer43#0,
"2024-08-25,23:29:21",snor_ice,#0,عيب no لا يجوز,j5p#0,
"2024-08-25,23:29:28",snor_ice,#0,جزائري يتزوج روسيا,,
"2024-08-25,23:29:29",j5p,#0,علاه,snor_ice#0,
"2024-08-25,23:29:38",j5p,#0,انا انسان طموح,,
"2024-08-25,23:29:45",j5p,#0,الدزيريات مايصلحوش,,
"2024-08-25,23:29:49",j5p,#0,ريحة تع فمهم تقتلك,,
"2024-08-25,23:29:55",snor_ice,#0,عندك قبايلية,,
"2024-08-25,23:30:06",j5p,#0,؟,snor_ice#0,
"2024-08-25,23:30:10",snor_ice,#0,قبايلية غير تشوفها تتجوزها,,
"2024-08-25,23:30:11",x_bzd_x,#0,kayna اتفق,snor_ice#0,
"2024-08-25,23:30:14",j5p,#0,مافهمتش شكون لي كذب عليكم وقالكم القبايليات شابين يزح,,
"2024-08-25,23:30:18",rayer43,#0,كاين الفيمبوي هو لي ينفع,j5p#0,
"2024-08-25,23:30:25",thba7ooo,#0,كاينة,rayer43#0,
"2024-08-25,23:30:30",x_bzd_x,#0,حليب افروي,rayer43#0,
"2024-08-25,23:30:33",j5p,#0,حياتي قع مخالط قبايليات,,
"2024-08-25,23:30:34",snor_ice,#0,عندي واحد فيمبوي,,
"2024-08-25,23:30:35",j5p,#0,ولا وحدة فيهم تصلح,,
"2024-08-25,23:30:40",rayer43,#0,وي الفيمبويز يسمعو الهدرة,thba7ooo#0,
"2024-08-25,23:31:23",snor_ice,#0,مرا استاذة قلت لها راني حاب نتزوج روسية لان جزائريات مشي شابين وبعدها قالت لي سما ختك مش شابة,j5p#0,
"2024-08-25,23:31:33",rayer43,#0,<:juan:1150418197581922344>,snor_ice#0,
"2024-08-25,23:31:42",snor_ice,#0,كنت حن نطيح بصح الحمد الله ماقلت شي,,
"2024-08-25,23:31:47",thba7ooo,#0,ذي باينة مي تخاف من طوطة,rayer43#0,
"2024-08-25,23:31:52",j5p,#0,نورمالمو تتعرالها الاستاذة هذي,snor_ice#0,
"2024-08-25,23:32:00",j5p,#0,باينة الاستاذة مزابية,,
"2024-08-25,23:32:04",snor_ice,#0,مشكلة شكلها يأجوج مأجوج مايقبول بيها,,
"2024-08-25,23:32:14",j5p,#0,🤣,,
"2024-08-25,23:32:16",rayer43,#0,بدا التنمر,snor_ice#0,
"2024-08-25,23:32:16",snor_ice,#0,مسيح دجال يقول الله اكبر من استاذة,,
"2024-08-25,23:32:24",rayer43,#0,ههههههه,,
"2024-08-25,23:32:26",j5p,#0,ايماجيني راني مزابي,,
"2024-08-25,23:32:47",snor_ice,#0,من جلفة استادة,,
"2024-08-25,23:32:48",y_s1.,#0,علابيها فرطاس,j5p#0,
"2024-08-25,23:32:58",j5p,#0,ماشي مزابي انا بعيد الشر,y_s1.#0,
"2024-08-25,23:33:15",x_bzd_x,#0,هذي مزابي تفكرني فاللي فيمينيست,j5p#0,
"2024-08-25,23:33:18",y_s1.,#0,راني نإيماجيني,j5p#0,
"2024-08-25,23:33:42",j5p,#0,يحيروني فلي يقولو انا عربي,,
"2024-08-25,23:33:49",j5p,#0,العرب وماشي مستعرفين بيهم,,
"2024-08-25,23:33:51",snor_ice,#0,<@1271068912313696389> <@1260305702686294027>,salim__dz35#0、zebzoubii#0,
"2024-08-25,23:34:10",zebzoubii,#0,Oui,,
"2024-08-25,23:34:14",y_s1.,#0,انا نستعرف بيهم,j5p#0,
"2024-08-25,23:34:18",snor_ice,#0,انا امازيغي <:picardiacrying2:1152016067649081394>,j5p#0,
"2024-08-25,23:34:25",j5p,#0,نقصد دول الخليج,y_s1.#0,
"2024-08-25,23:34:34",snor_ice,#0,عطني شويا  مشي غير ليك,zebzoubii#0,
"2024-08-25,23:34:36",x_bzd_x,#0,انا نازي,snor_ice#0,
"2024-08-25,23:34:38",j5p,#0,يجيك دزيري يقولك انا عربي بصح لوكان يروح السعودية يقولولو قود لبلادك,,
"2024-08-25,23:34:40",rayer43,#0,ههههه,zebzoubii#0,
"2024-08-25,23:34:44",y_s1.,#0,كاين مزابيبن برا دزاير,j5p#0,
"2024-08-25,23:34:45",rayer43,#0,هاهو جا,,
"2024-08-25,23:34:46",snor_ice,#0,متى نحتل اوروبا,x_bzd_x#0,
"2024-08-25,23:34:47",zebzoubii,#0,Hak,snor_ice#0,
"2024-08-25,23:34:48",j5p,#0,حتى انا,snor_ice#0,
"2024-08-25,23:34:58",j5p,#0,<a:d7oomy999_fireB:850602109115170869>,,
"2024-08-25,23:34:59",zebzoubii,#0,Nb3t nude ??,,
"2024-08-25,23:35:00",rayer43,#0,يا عاشق البزول نسقسيك,zebzoubii#0,
"2024-08-25,23:35:01",x_bzd_x,#0,صباح الخير كملنا معاها,snor_ice#0,
"2024-08-25,23:35:02",j5p,#0,<a:conan_smart_999:850584777241395200>,,
"2024-08-25,23:35:08",zebzoubii,#0,Atfadl,rayer43#0,
"2024-08-25,23:35:20",rayer43,#0,علاه تعشق البزول؟,zebzoubii#0,
"2024-08-25,23:35:20",zebzoubii,#0,N3lmk tlhs ?,,
"2024-08-25,23:35:21",j5p,#0,يتهاردو بحياتهم,y_s1.#0,
"2024-08-25,23:35:30",x_bzd_x,#0,ynikok b ban 56ik,zebzoubii#0,
"2024-08-25,23:35:34",zebzoubii,#0,Chouf l bezoul,rayer43#0,
"2024-08-25,23:35:34",snor_ice,#0,Ahul nnek (يعني تحيا لك ),j5p#0,
"2024-08-25,23:35:40",snor_ice,#0,روح ابحث عليها,,
"2024-08-25,23:35:48",y_s1.,#0,وكتاش اخر مرة مسيت بزول,zebzoubii#0,
"2024-08-25,23:35:49",zebzoubii,#0,Ki tkoun z3fan tchd l bezoula t3 mrtk,,
"2024-08-25,23:35:52",snor_ice,#0,متى نحتل مغرب,x_bzd_x#0,
"2024-08-25,23:35:57",zebzoubii,#0,L brh,y_s1.#0,
"2024-08-25,23:36:04",x_bzd_x,#0,soon,snor_ice#0,
"2024-08-25,23:36:08",zebzoubii,#0,Tlhs o t3ed,,
"2024-08-25,23:36:08",snor_ice,#0,ماعندي مرتي,zebzoubii#0,
"2024-08-25,23:36:15",zebzoubii,#0,I rouhlk z3f,,
"2024-08-25,23:36:20",snor_ice,#0,هوفا سرق مرتي,,
"2024-08-25,23:36:20",zebzoubii,#0,M3lih,snor_ice#0,
"2024-08-25,23:36:22",x_bzd_x,#0,<:emoji_91:1188672059321094224>,,
"2024-08-25,23:36:31",y_s1.,#0,,zebzoubii#0,
"2024-08-25,23:36:31",zebzoubii,#0,Kayen drari sgher,,
"2024-08-25,23:36:31",j5p,#0,المهم راح نكمل رحلتي بالبحث عن روسية,,
"2024-08-25,23:36:36",snor_ice,#0,<:emoji_92:1188672114484580362>,x_bzd_x#0,
"2024-08-25,23:36:43",zebzoubii,#0,Choufli,j5p#0,
"2024-08-25,23:36:51",j5p,#0,الدزيريات ريحة فمهم تصرع 🤢,,
"2024-08-25,23:36:51",zebzoubii,#0,3ndhoum whd l bzezl hdouk,,
"2024-08-25,23:36:53",zebzoubii,#0,Yhbko,,
"2024-08-25,23:36:55",y_s1.,#0,تلقى الشعر غير اقعد هنا,j5p#0,
"2024-08-25,23:37:01",rayer43,#0,<@1100110752473423972>,totaaaaa_#0,
"2024-08-25,23:37:04",zebzoubii,#0,Riht l bsal,j5p#0,
"2024-08-25,23:37:05",rayer43,#0,يا سبحان الله,,
"2024-08-25,23:37:16",snor_ice,#0,راح تقعد تبوس فمهم ولا واش,j5p#0,
"2024-08-25,23:37:21",j5p,#0,يديرولك 2 كيلو ماكياج,zebzoubii#0,
"2024-08-25,23:37:32",j5p,#0,ياودي نشم ريحتهم من زوج كيلو,snor_ice#0,
"2024-08-25,23:37:34",x_bzd_x,#0,الكهلات,j5p#0,
"2024-08-25,23:37:40",zebzoubii,#0,Ih o hiya ki zebi m3a ihtiramti l zbi,j5p#0,
"2024-08-25,23:37:46",y_s1.,#0,خاوتي جاتني الدورة اسمحولي,,
"2024-08-25,23:37:53",snor_ice,#0,او تلقى روسية جيبلي,j5p#0,
"2024-08-25,23:37:59",j5p,#0,ماراحش نلقى روسية,,
"2024-08-25,23:38:02",zebzoubii,#0,Ana jibli,snor_ice#0,
"2024-08-25,23:38:06",j5p,#0,مانيش مهتم اصلا,,
"2024-08-25,23:38:13",rayer43,#0,السماح,y_s1.#0,
"2024-08-25,23:38:13",snor_ice,#0,عندك مرتك,zebzoubii#0,
"2024-08-25,23:38:14",j5p,#0,نتزوج الميكرو تاعي انا,,
"2024-08-25,23:38:25",zebzoubii,#0,9byliyat g3 jayin 3ndhoum sder kbir,j5p#0,
"2024-08-25,23:38:25",j5p,#0,تكاثر ذاتي,,
"2024-08-25,23:38:26",x_bzd_x,#0,<:therockreaction5:1152013878641819768>,y_s1.#0,
"2024-08-25,23:38:37",zebzoubii,#0,3ndi 2,snor_ice#0,
"2024-08-25,23:38:43",rayer43,#0,تكاثر بشكل وحيد,j5p#0,
"2024-08-25,23:38:48",j5p,#0,الدزيريات بشكل عام,,
"2024-08-25,23:38:54",rayer43,#0,وي,j5p#0,
"2024-08-25,23:38:56",zebzoubii,#0,L 9bayel,j5p#0,
"2024-08-25,23:39:06",j5p,#0,وشبيكم مع القبايل نتوما,zebzoubii#0,
"2024-08-25,23:39:07",x_bzd_x,#0,✨,,
"2024-08-25,23:39:10",y_s1.,#0,سكان تيكجدة,j5p#0,
"2024-08-25,23:39:17",j5p,#0,كي شغل ملائكة منزلة من الارض,,
"2024-08-25,23:39:22",rayer43,#0,<@1175090497698672732>,zengielfehl_32167#0,
"2024-08-25,23:39:27",zebzoubii,#0,3ndhoum whd l corps yhbl 😍,j5p#0,
"2024-08-25,23:39:35",j5p,#0,نتا باين من الجنوب,zebzoubii#0,
"2024-08-25,23:39:36",zebzoubii,#0,😂,y_s1.#0,
"2024-08-25,23:39:39",j5p,#0,الله المستعان,,
"2024-08-25,23:39:41",x_bzd_x,#0,سكان جلفة 🗿,y_s1.#0,
"2024-08-25,23:39:50",snor_ice,#0,<@1160906539503210536>,rayer43#0、islem0749#0,
"2024-08-25,23:39:52",zebzoubii,#0,Ana jemfaoui,x_bzd_x#0,
"2024-08-25,23:39:54",rayer43,#0,تاع الاغواط منهدرش خير,x_bzd_x#0,
"2024-08-25,23:39:59",snor_ice,#0,جلفة كبيرة عليك,x_bzd_x#0,
"2024-08-25,23:40:03",rayer43,#0,<@856493446013255692>,monkeypox5757#0、snor_ice#0,
"2024-08-25,23:40:03",j5p,#0,اي واحد يقول القبايليات شابين اعرف بلي ماشي من الشمال قع,,
"2024-08-25,23:40:04",zebzoubii,#0,Ih,snor_ice#0,
"2024-08-25,23:40:06",snor_ice,#0,بليدة كبيرة عليك,,
"2024-08-25,23:40:07",x_bzd_x,#0,5yar nas bsa7 machi 5yar nsa,zebzoubii#0,
"2024-08-25,23:40:10",snor_ice,#0,اضرار كبيرة عيلك,,
"2024-08-25,23:40:16",x_bzd_x,#0,نعم اتفق,,
"2024-08-25,23:40:18",rayer43,#0,كاينة,snor_ice#0,
"2024-08-25,23:40:20",zebzoubii,#0,M3ndch nsa f jelfa,x_bzd_x#0,
"2024-08-25,23:40:24",zebzoubii,#0,G3 rjel f rjal,,
"2024-08-25,23:40:35",snor_ice,#0,# كاين واحد من ولاية 58؟,,
"2024-08-25,23:40:35",j5p,#0,موسخين وفايحين,zebzoubii#0,
"2024-08-25,23:40:37",j5p,#0,ههه,,
"2024-08-25,23:40:43",zebzoubii,#0,Ih 😂😂,j5p#0,
"2024-08-25,23:40:44",y_s1.,#0,كاين,snor_ice#0,
"2024-08-25,23:40:51",rayer43,#0,ايا اتهلاو نروح للسيرفر ملهى الزنوج,,
"2024-08-25,23:41:05",j5p,#0,مايخدعوكش القبايليات ماشي شابين قع,zebzoubii#0,
"2024-08-25,23:41:05",y_s1.,#0,حتى انا رايحه لبورنهوب,rayer43#0,
"2024-08-25,23:41:08",x_bzd_x,#0,الجلفة مكلاصيا لولة فالتبنييط,zebzoubii#0,
"2024-08-25,23:41:17",zebzoubii,#0,Houma mchi chabin,j5p#0,
"2024-08-25,23:41:28",zebzoubii,#0,Bsh l bezoul t3houm lh ibrk,,
"2024-08-25,23:41:37",x_bzd_x,#0,ماشي جاتك الدورة,y_s1.#0,
"2024-08-25,23:41:39",zebzoubii,#0,😂😂😂☺️,x_bzd_x#0,
"2024-08-25,23:41:50",j5p,#0,معلاباليش انا مانعسش بزاف,,
"2024-08-25,23:42:06",y_s1.,#0,نخلطها,x_bzd_x#0,
"2024-08-25,23:42:10",y_s1.,#0,تصفا,,
"2024-08-25,23:42:19",rayer43,#0,أودي سيرفر ملهى الزنوج فارغ <:picardiacrying2:1152016067649081394>,,
"2024-08-25,23:42:25",j5p,#0,رايحه ؟,y_s1.#0,
"2024-08-25,23:42:26",rayer43,#0,راهم قاع اوفلاين,,
"2024-08-25,23:42:26",zebzoubii,#0,Khwti,,
"2024-08-25,23:42:29",rayer43,#0,للاسف,,
"2024-08-25,23:42:33",zebzoubii,#0,Khwti,,
"2024-08-25,23:42:40",x_bzd_x,#0,غشاء البكرة عندك حرقتلو حتشون يماه,y_s1.#0,
"2024-08-25,23:42:45",zebzoubii,#0,Chkn 3ndhoum tata f houma t3houm ?,,
"2024-08-25,23:42:48",y_s1.,#0,خاوتي ماتديروش عليا راني طفل,,
"2024-08-25,23:42:51",y_s1.,#0,,,
"2024-08-25,23:42:56",j5p,#0,باينة,,
"2024-08-25,23:42:58",rayer43,#0,ماعليهش,y_s1.#0,
"2024-08-25,23:42:59",zebzoubii,#0,😍😍,y_s1.#0,
"2024-08-25,23:43:13",zebzoubii,#0,Arwh nchlk l jewahir arwh,,
"2024-08-25,23:43:23",zebzoubii,#0,Bsh khlini nchflk dahrk,,
"2024-08-25,23:43:30",j5p,#0,زعما البنات تع وهران ولا تلمسان يصلحو ؟ 🤔,,
"2024-08-25,23:43:34",y_s1.,#0,,,
"2024-08-25,23:43:45",rayer43,#0,نسقسيك سؤال,y_s1.#0,
"2024-08-25,23:43:46",zebzoubii,#0,Lala g3 9hab,j5p#0,
"2024-08-25,23:43:52",rayer43,#0,شحال في عمرك,,
"2024-08-25,23:43:53",y_s1.,#0,تفضل,rayer43#0,
"2024-08-25,23:43:54",zebzoubii,#0,S9si 2,rayer43#0,
"2024-08-25,23:43:58",x_bzd_x,#0,تع وهران مايعرفوش وش معناها العذرية,j5p#0,
"2024-08-25,23:44:02",rayer43,#0,شحال في عمرك,y_s1.#0,
"2024-08-25,23:44:06",j5p,#0,<:Mars_OMEGALUL:1137042215894532126>,,
"2024-08-25,23:44:07",y_s1.,#0,قريب نقفل سيزيام,rayer43#0,
"2024-08-25,23:44:13",zebzoubii,#0,21,rayer43#0,
"2024-08-25,23:44:16",rayer43,#0,الله يبارك,y_s1.#0,
"2024-08-25,23:44:27",rayer43,#0,بصحتك,,
"2024-08-25,23:44:41",rayer43,#0,الله يبارك,zebzoubii#0,
"2024-08-25,23:44:41",x_bzd_x,#0,شحال ؟,y_s1.#0,
"2024-08-25,23:44:44",j5p,#0,مالا تيزي وزو كيفاه,x_bzd_x#0,
"2024-08-25,23:44:46",y_s1.,#0,يسلمك ❤️<:rimuru_lewd_hearteyes:1270060637002661950>,,
"2024-08-25,23:44:53",y_s1.,#0,16,x_bzd_x#0,
"2024-08-25,23:44:54",snor_ice,#0,<:Dead_inside:1150410964659863592> راني حب نتزوج,,
"2024-08-25,23:44:55",snor_ice,#0,عطوني لجات,,
"2024-08-25,23:44:55",snor_ice,#0,ولد طفلة قطة,,
"2024-08-25,23:44:56",zebzoubii,#0,Ibrk fi 9lawik,rayer43#0,
"2024-08-25,23:44:56",snor_ice,#0,اي شيء اقبل,,
"2024-08-25,23:45:02",zebzoubii,#0,Ana tn,snor_ice#0,
"2024-08-25,23:45:13",x_bzd_x,#0,ايي احترم نفسك,snor_ice#0,
"2024-08-25,23:45:14",rayer43,#0,نيقا اكبر مني <:uncannycat:1152013915954352148>,y_s1.#0,
"2024-08-25,23:45:14",x_bzd_x,#0,الحرمة,,
"2024-08-25,23:45:25",y_s1.,#0,باينه,rayer43#0,
"2024-08-25,23:45:33",y_s1.,#0,,,
"2024-08-25,23:45:43",zebzoubii,#0,<:cum:1152013788653031434>,,
"2024-08-25,23:45:44",rayer43,#0,انا 14,y_s1.#0,
"2024-08-25,23:45:46",zebzoubii,#0,<:cum:1152013788653031434>,,
"2024-08-25,23:45:46",zebzoubii,#0,<:cum:1152013788653031434>,,
"2024-08-25,23:45:47",zebzoubii,#0,<:cum:1152013788653031434>,,
"2024-08-25,23:45:50",zebzoubii,#0,<:cum:1152013788653031434>,,
"2024-08-25,23:45:51",zebzoubii,#0,<:cum:1152013788653031434>,,
"2024-08-25,23:45:52",zebzoubii,#0,<:cum:1152013788653031434>,,
"2024-08-25,23:45:53",j5p,#0,انا جيناتي قوية مانخسرهاش فوحدة دزيرية فايحة,,
"2024-08-25,23:45:54",zebzoubii,#0,<:cum:1152013788653031434>,,
"2024-08-25,23:45:59",snor_ice,#0,عندك,zebzoubii#0,
"2024-08-25,23:46:01",rayer43,#0,عاشق البزازل راه طنن,,
"2024-08-25,23:46:04",snor_ice,#0,سمحلي,x_bzd_x#0,
"2024-08-25,23:46:06",y_s1.,#0,ربي يطول فعمرك ونشوفوك بولادك ومرتك المبزله,rayer43#0,
"2024-08-25,23:46:08",x_bzd_x,#0,حسبتك مزال صغير شوي حبيت نقولك احرز تبنيط بصح رك فته بمراحل وقيلة <:PepeHands:1150411405904859197>,y_s1.#0,
"2024-08-25,23:46:13",zebzoubii,#0,M3lih rabi helal 4,snor_ice#0,
"2024-08-25,23:46:14",rayer43,#0,ان شاء الله,y_s1.#0,
"2024-08-25,23:46:19",j5p,#0,انا ابيض مستحيل نتزوج زنجية دزيرية,,
"2024-08-25,23:46:22",j5p,#0,قع زنوج هنا,,
"2024-08-25,23:46:22",zebzoubii,#0,Ih 😍,rayer43#0,
"2024-08-25,23:46:31",zebzoubii,#0,Ydek f zz,j5p#0,
"2024-08-25,23:46:34",y_s1.,#0,قريب حكموني نبنيط,x_bzd_x#0,
"2024-08-25,23:46:35",zebzoubii,#0,Tzwj biha fyha,,
"2024-08-25,23:46:42",zebzoubii,#0,M3ndhmch l ma f dar,,
"2024-08-25,23:46:45",x_bzd_x,#0,same,y_s1.#0,
"2024-08-25,23:46:46",zebzoubii,#0,Bch mtkhd3kch,,
"2024-08-25,23:46:49",j5p,#0,🤣,,
"2024-08-25,23:46:51",x_bzd_x,#0,بشعرة سلكت,,
"2024-08-25,23:46:51",rayer43,#0,بصحتك,zebzoubii#0,
"2024-08-25,23:46:52",snor_ice,#0,مليحة زنجية,j5p#0,
"2024-08-25,23:46:58",zebzoubii,#0,M3a jark 3ami 3mr,,
"2024-08-25,23:46:58",snor_ice,#0,تكون جعان تلحسها,,
"2024-08-25,23:47:09",zebzoubii,#0,Ih o tkoun feyha,snor_ice#0,
"2024-08-25,23:47:11",zebzoubii,#0,Ih,snor_ice#0,
"2024-08-25,23:47:20",y_s1.,#0,واحد ولد عمتي شافني نرقد وندك يدي فزكي توسوسلي,x_bzd_x#0,
"2024-08-25,23:47:21",j5p,#0,خويا انا ماني ماكانتش حابة عمومي يتزوجو وحدة سمراء,snor_ice#0,
"2024-08-25,23:47:22",x_bzd_x,#0,zenjiya original wah bsa7 tawe3na copy ma5domin zonoj bl chems,snor_ice#0,
"2024-08-25,23:47:23",zebzoubii,#0,Hiya whdha t9olk w9th t dirhouli,,
"2024-08-25,23:47:30",j5p,#0,كانت تقول للي البشرة تاعهم كحلة موسخين,,
"2024-08-25,23:47:34",zebzoubii,#0,😂😂☺️,j5p#0,
"2024-08-25,23:47:39",snor_ice,#0,يازح اتكلم عادي مانفهمش هاذي كتيبة,x_bzd_x#0,
"2024-08-25,23:47:40",x_bzd_x,#0,ايي,y_s1.#0,
"2024-08-25,23:47:42",zebzoubii,#0,Seh 😂,j5p#0,
"2024-08-25,23:47:43",x_bzd_x,#0,⏸️,,
"2024-08-25,23:47:49",zebzoubii,#0,Ya rbk t3 l afrique,,
"2024-08-25,23:47:53",j5p,#0,راني سيريو مانتمسخرش كانت تقول هكا,zebzoubii#0,
"2024-08-25,23:48:02",zebzoubii,#0,3ndo 9erma 9d dzeyr,,
"2024-08-25,23:48:04",x_bzd_x,#0,اكي ثقيل فالكلافي بصح اكي,snor_ice#0,
"2024-08-25,23:48:05",snor_ice,#0,<:juan:1150418197581922344>,j5p#0,
"2024-08-25,23:48:16",rayer43,#0,اواه واحد جا من سيرفر ملهى الزنوج,,
"2024-08-25,23:48:16",y_s1.,#0,جايحكيلي على فترة المراهقه درت روحي مانعرف والو,x_bzd_x#0,
"2024-08-25,23:48:21",rayer43,#0,اتهلاو,,
"2024-08-25,23:48:46",x_bzd_x,#0,نتا علاه تدير يدك في قاعك ؟ <:therockreaction5:1152013878641819768>,y_s1.#0,
"2024-08-25,23:48:53",j5p,#0,نتا مشكوك خويا,y_s1.#0,
"2024-08-25,23:48:55",zebzoubii,#0,😂😂😂,x_bzd_x#0,
"2024-08-25,23:48:58",y_s1.,#0,حبيبنا عاد يحكيلي على لبنات لي ضربلهم واحد,,
"2024-08-25,23:49:05",y_s1.,#0,ماشي قاعي,x_bzd_x#0,
"2024-08-25,23:49:15",y_s1.,#0,الجيهة لخرة,,
"2024-08-25,23:49:25",j5p,#0,<a:nazi:1150419216902664244>,,
"2024-08-25,23:49:26",y_s1.,#0,كون نكتب يتفاصا الميساج,,
"2024-08-25,23:49:38",y_s1.,#0,اخويا نعيطولو البعبوص,,
"2024-08-25,23:49:47",x_bzd_x,#0,زيد حذا تطياح كاش حاجة,y_s1.#0,
"2024-08-25,23:49:50",rayer43,#0,راني ضرك في سيرفر ملهى الزنوج اتهلاو,,
"2024-08-25,23:49:56",j5p,#0,بصح مليحة كي نتعنصر على الولايات لوخرين,,
"2024-08-25,23:49:58",j5p,#0,نحس روحي قوي,,
"2024-08-25,23:50:29",y_s1.,#0,تسكن فعين سمارة عين القلاوي والسواوي,j5p#0,
"2024-08-25,23:50:42",x_bzd_x,#0,طوطة official,y_s1.#0,
"2024-08-25,23:51:00",j5p,#0,خويا احترم نفسك انا نسكن فلندن,y_s1.#0,
"2024-08-25,23:51:06",j5p,#0,مانحبطش نيفو ونسكن معاكم,,
"2024-08-25,23:51:08",y_s1.,#0,لندن,j5p#0,
"2024-08-25,23:51:41",x_bzd_x,#0,are u rasist ? <:therockreaction5:1152013878641819768>,j5p#0,
"2024-08-25,23:51:50",j5p,#0,لوكان نقعد فدزاير تخلاص عليا نتزوج وحدة اسمها عتيقة ولا صبرينة,y_s1.#0,
"2024-08-25,23:51:53",y_s1.,#0,,,
"2024-08-25,23:51:59",j5p,#0,تقعد تقولكم انا قبايلية شابة,,
"2024-08-25,23:52:28",y_s1.,#0,الحمدلله مداير pre-order,,
"2024-08-25,23:52:54",j5p,#0,لازم تشوف سع الا وردي ولا كحل,y_s1.#0,
"2024-08-25,23:52:59",j5p,#0,الا كحل اهرب خويا اهرررب,,
"2024-08-25,23:53:09",y_s1.,#0,وردي وردي,,
"2024-08-25,23:53:22",y_s1.,#0,كي تاع البقرة,,
"2024-08-25,23:53:33",j5p,#0,هذي شاوية وقيل,y_s1.#0,
"2024-08-25,23:53:59",y_s1.,#0,,j5p#0,
"2024-08-25,23:54:06",y_s1.,#0,كيفاه عرفت,,
"2024-08-25,23:54:14",j5p,#0,<a:conan_smart_999:850584777241395200>,,
"2024-08-25,23:55:14",y_s1.,#0,,,
"2024-08-26,00:02:14",d2.ei,#0,وسع وسع,,
"2024-08-26,00:10:00",0_gf,#0,نتا لي راك فل فوطوا بروفيل,d2.ei#0,
"2024-08-26,00:10:41",3mybad,#0,wsh ya echaeb,,
"2024-08-26,00:11:03",3mybad,#0,zel nta hbb allah ybrk,d2.ei#0,
"2024-08-26,00:12:56",0_gf,#0,am cooked,,https://cdn.discordapp.com/attachments/1227367017661595708/1277405385107570709/Screenshot_2024-08-26-00-12-39-06_56a5d7f547b7ec4c705e63bf13c9c197.jpg?ex=672df238&is=672ca0b8&hm=ff4fdc8b11ca76aba5a90b60f8625ebce215d403116e40f49252b667e58bbf1c&
"2024-08-26,00:13:02",0_gf,#0,وس من زل ؟,3mybad#0,
"2024-08-26,00:13:22",0_gf,#0,يشبه للقبوة,,
"2024-08-26,00:13:39",3mybad,#0,ghrt mno yakho,0_gf#0,
"2024-08-26,00:14:01",0_gf,#0,غرت من شوارب ؟,,
"2024-08-26,00:14:13",3mybad,#0,maybe,0_gf#0,
"2024-08-26,00:14:13",3mybad,#0,idk,,
"2024-08-26,00:14:26",3mybad,#0,elh tqolo hka,0_gf#0,
"2024-08-26,00:14:31",3mybad,#0,hka wtqiso mskin,,
"2024-08-26,00:14:39",3mybad,#0,myrqdch ela jalk,,
"2024-08-26,00:14:51",3mybad,#0,kol 1h mrqdhach tdi eliha 100 sayi2a,,
"2024-08-26,00:15:06",3mybad,#0,whowa lazm yrqod 8h bch yrjae lenergy taeo,,
"2024-08-26,00:15:16",3mybad,#0,tsma 8x100 800 sayi2a,,
"2024-08-26,00:15:53",0_gf,#0,دقق في تصويرتوا,3mybad#0,
"2024-08-26,00:15:59",0_gf,#0,راه لابس لبكوش,,
"2024-08-26,00:16:01",0_gf,#0,ليكوش,,
"2024-08-26,00:16:49",3mybad,#0,mrid balak,0_gf#0,
"2024-08-26,00:17:14",0_gf,#0,مزالوا كحلوش,3mybad#0,
"2024-08-26,00:17:19",0_gf,#0,,,
"2024-08-26,00:17:41",luffysenpai2011,#0,وش خاوتي,,
"2024-08-26,00:18:26",exuberant_sparrow_26750,#0,نحب لينا و صبرينة,,
"2024-08-26,00:18:34",3mybad,#0,wsh ya khoya ezero,luffysenpai2011#0,
"2024-08-26,00:18:35",3mybad,#0,cv,,
"2024-08-26,00:18:40",luffysenpai2011,#0,cv,,
"2024-08-26,00:18:40",3mybad,#0,??!!!,,
"2024-08-26,00:18:48",3mybad,#0,OH hmd hmd,luffysenpai2011#0,
"2024-08-26,00:18:54",luffysenpai2011,#0,هوفا يتربص على الكحالش,,
"2024-08-26,00:19:02",3mybad,#0,tnak,exuberant_sparrow_26750#0,
"2024-08-26,00:19:43",exuberant_sparrow_26750,#0,الله يعافينا منهم,luffysenpai2011#0,
"2024-08-26,00:19:44",3mybad,#0,hada win kont khoya,luffysenpai2011#0,
"2024-08-26,00:19:48",3mybad,#0,psh rak nktha,,
"2024-08-26,00:19:52",luffysenpai2011,#0,و الله,,
"2024-08-26,00:20:08",0_gf,#0,,,
"2024-08-26,00:20:10",luffysenpai2011,#0,ما فهمتش,3mybad#0,
"2024-08-26,00:20:15",exuberant_sparrow_26750,#0,شكون,3mybad#0,
"2024-08-26,00:20:27",luffysenpai2011,#0,انا لي يقصد,,
"2024-08-26,00:20:41",exuberant_sparrow_26750,#0,ريقل,,
"2024-08-26,00:20:58",exuberant_sparrow_26750,#0,يعرفني انا نحب لينا تسما ميدناش,,
"2024-08-26,00:21:08",3mybad,#0,kayna,exuberant_sparrow_26750#0,
"2024-08-26,00:21:58",3mybad,#0,eibad mqwdin mhabl,,
"2024-08-26,00:22:10",luffysenpai2011,#0,شفت يا خو,3mybad#0,
"2024-08-26,00:22:19",3mybad,#0,nta meahom HH,luffysenpai2011#0,
"2024-08-26,00:22:34",luffysenpai2011,#0,خصك تشوفو و قيلا,,
"2024-08-26,00:22:42",luffysenpai2011,#0,ي الحمار,,
"2024-08-26,00:22:53",3mybad,#0,ya yma khwfni,luffysenpai2011#0,
"2024-08-26,00:23:01",exuberant_sparrow_26750,#0,كيفاش دارلو😂,,
"2024-08-26,00:23:03",0_gf,#0,ياي,luffysenpai2011#0,
"2024-08-26,00:23:10",0_gf,#0,يشرير,,
"2024-08-26,00:23:13",luffysenpai2011,#0,يا قحجا,,
"2024-08-26,00:23:15",0_gf,#0,يا يا حثير,,
"2024-08-26,00:23:19",3mybad,#0,HHHHH  jtni fmokhi,0_gf#0,
"2024-08-26,00:23:20",0_gf,#0,حقير,,
"2024-08-26,00:23:27",luffysenpai2011,#0,و هو علاه يقولي مقود,,
"2024-08-26,00:23:38",0_gf,#0,كشغل مرنك في راسوا,luffysenpai2011#0,
"2024-08-26,00:23:39",exuberant_sparrow_26750,#0,شحال في عمرك,luffysenpai2011#0,
"2024-08-26,00:23:47",luffysenpai2011,#0,علاه تحوس,,
"2024-08-26,00:23:51",3mybad,#0,no school side effects,luffysenpai2011#0,
"2024-08-26,00:24:03",3mybad,#0,eskt yalmongol,luffysenpai2011#0,
"2024-08-26,00:24:06",exuberant_sparrow_26750,#0,عند عقلية تاع واحد 2013,,
"2024-08-26,00:24:08",3mybad,#0,asi,,
"2024-08-26,00:24:14",3mybad,#0,kochi,,
"2024-08-26,00:24:20",3mybad,#0,pas bougi,,
"2024-08-26,00:24:27",3mybad,#0,bon chien,,
"2024-08-26,00:24:29",0_gf,#0,yall ydkom fih,,https://cdn.discordapp.com/attachments/1227367017661595708/1277408288970903645/image0.gif?ex=672df4ed&is=672ca36d&hm=2be90ab7e0964e0ce8ad13fb3fa91930c94f14d07d8a15805586e7588036bcdb&
"2024-08-26,00:24:30",exuberant_sparrow_26750,#0,ايااا,,
"2024-08-26,00:24:49",3mybad,#0,nta tan bdit tnik fiha,0_gf#0,
"2024-08-26,00:25:00",exuberant_sparrow_26750,#0,بيق سموك العزيز,0_gf#0,
"2024-08-26,00:25:27",3mybad,#0,mlgr maendich khti psh etealm ki wahd ytmnyk bik mtjbdch edar,luffysenpai2011#0,
"2024-08-26,00:25:37",3mybad,#0,psq hadat tae zwaml wnqocha kima nta,,
"2024-08-26,00:25:42",3mybad,#0,ak chayf ya drari,,
"2024-08-26,00:26:17",lookmomicanfly21,#0,"طرطقتلي قلوة اي
راني حكمت سراق",,
"2024-08-26,00:26:17",luffysenpai2011,#0,و نتا وش داك تقلي مقود,3mybad#0,
"2024-08-26,00:26:31",3mybad,#0,nfhtli ntmnyk bik psq sah mqwd,luffysenpai2011#0,
"2024-08-26,00:26:32",crazy.steve,#0,سلام عليكم,,
"2024-08-26,00:26:35",3mybad,#0,lik kch dayr yzby,,
"2024-08-26,00:26:39",3mybad,#0,mhbol mwsws,,
"2024-08-26,00:26:40",3mybad,#0,takol dwa,,
"2024-08-26,00:26:43",luffysenpai2011,#0,انت مقود اصلا,3mybad#0,
"2024-08-26,00:26:47",3mybad,#0,psh mjbtlkch darkom,,
"2024-08-26,00:26:50",3mybad,#0,fr,luffysenpai2011#0,
"2024-08-26,00:27:06",3mybad,#0,waelaykom esalam,crazy.steve#0,
"2024-08-26,00:27:07",crazy.steve,#0,سلام عليكم,,
"2024-08-26,00:27:15",luffysenpai2011,#0,و عليكم السلام,crazy.steve#0,
"2024-08-26,00:27:16",3mybad,#0,waelaykom esalam,crazy.steve#0,
"2024-08-26,00:27:20",crazy.steve,#0,وش راك,3mybad#0,
"2024-08-26,00:27:21",3mybad,#0,waelaykom esalam,crazy.steve#0,
"2024-08-26,00:27:25",3mybad,#0,cv hbb,crazy.steve#0,
"2024-08-26,00:27:27",crazy.steve,#0,وش راكم,,
"2024-08-26,00:27:29",luffysenpai2011,#0,راني حذفتوالميساج,3mybad#0,
"2024-08-26,00:27:33",luffysenpai2011,#0,cv hmd,crazy.steve#0,
"2024-08-26,00:27:37",3mybad,#0,khlas eskt,luffysenpai2011#0,
"2024-08-26,00:27:44",3mybad,#0,mm ena nskt,,
"2024-08-26,00:27:47",3mybad,#0,nskto,,
"2024-08-26,00:28:11",luffysenpai2011,#0,ايا صحا,3mybad#0,
"2024-08-26,00:28:18",0_gf,#0,نسيت نقول مشي كامل,3mybad#0,
"2024-08-26,00:28:20",luffysenpai2011,#0,متزيدش تطيحلي,,
"2024-08-26,00:28:20",crazy.steve,#0,ديمة انشاء الله,luffysenpai2011#0,
"2024-08-26,00:28:24",exuberant_sparrow_26750,#0,وليت cj مطنم,,
"2024-08-26,00:28:27",0_gf,#0,,exuberant_sparrow_26750#0,
"2024-08-26,00:28:31",0_gf,#0,انه انا,,
"2024-08-26,00:28:39",3mybad,#0,nn normal tqoli ydk fih idc,0_gf#0,
"2024-08-26,00:28:51",3mybad,#0,psh lprblm flklma mchy flakhor,,
"2024-08-26,00:28:51",luffysenpai2011,#0,شعار هوفا هو يدك فيه,,
"2024-08-26,00:28:59",3mybad,#0,ik mfhmtnich nvm,,
"2024-08-26,00:29:12",3mybad,#0,mzlk tnik fiha HH,luffysenpai2011#0,
"2024-08-26,00:29:18",luffysenpai2011,#0,ايه,,
"2024-08-26,00:29:19",0_gf,#0,,3mybad#0,
"2024-08-26,00:29:23",crazy.steve,#0,يب صحيح,luffysenpai2011#0,
"2024-08-26,00:29:54",0_gf,#0,will,,https://cdn.discordapp.com/attachments/1227367017661595708/1277409654862905457/Screenshot_2024-08-26-00-28-50-07_56a5d7f547b7ec4c705e63bf13c9c197.jpg?ex=672df632&is=672ca4b2&hm=92b4d76b8472b6c5c702fad222b908a537494ac8cbf6699b8c61f02bf81343d6&
"2024-08-26,00:30:05",0_gf,#0,نوض نضرب لبا شي تكفيتة,,
"2024-08-26,00:30:14",luffysenpai2011,#0,wtf,0_gf#0,
"2024-08-26,00:30:28",3mybad,#0,stop simpin,0_gf#0,
"2024-08-26,00:31:04",crazy.steve,#0,💀💀,0_gf#0,
"2024-08-26,00:31:10",0_gf,#0,مخصنيش جهنم,,
"2024-08-26,00:31:20",0_gf,#0,تخيل تموت تجي تغطيني بكفن كحل,,
"2024-08-26,00:31:24",3mybad,#0,rak fih HH,0_gf#0,
"2024-08-26,00:31:35",0_gf,#0,قلتلها علاه راكي زعفانة على بالك وش قاتلي ؟,,
"2024-08-26,00:31:41",crazy.steve,#0,شيت نهاية سيئة,0_gf#0,
"2024-08-26,00:31:47",luffysenpai2011,#0,وش قالتلك,0_gf#0,
"2024-08-26,00:31:49",3mybad,#0,yeye kml,0_gf#0,
"2024-08-26,00:31:49",0_gf,#0,قالتلي رانب فل دورة الشهرية,,
"2024-08-26,00:31:55",luffysenpai2011,#0,wtf,,
"2024-08-26,00:31:58",crazy.steve,#0,💀💀💀💀,,
"2024-08-26,00:32:05",luffysenpai2011,#0,chill bro,,
"2024-08-26,00:32:10",3mybad,#0,qahba detected opinion rejected,0_gf#0,
"2024-08-26,00:32:19",luffysenpai2011,#0,chill,0_gf#0,
"2024-08-26,00:32:43",luffysenpai2011,#0,وش من تصويىة راك حاط,3mybad#0,
"2024-08-26,00:32:52",0_gf,#0,قاتلي منسامحكش,,
"2024-08-26,00:32:54",3mybad,#0,photo,luffysenpai2011#0,
"2024-08-26,00:33:06",luffysenpai2011,#0,وش شخصية,,
"2024-08-26,00:33:07",3mybad,#0,dnya wakhira,0_gf#0,
"2024-08-26,00:33:09",3mybad,#0,wla dnya brk,,
"2024-08-26,00:33:10",crazy.steve,#0,💀💀,0_gf#0,
"2024-08-26,00:33:13",luffysenpai2011,#0,تاع اي لعبة,,
"2024-08-26,00:33:16",3mybad,#0,character,luffysenpai2011#0,
"2024-08-26,00:33:20",3mybad,#0,game,luffysenpai2011#0,
"2024-08-26,00:33:25",luffysenpai2011,#0,عندك كلافي تاع عربية,3mybad#0,
"2024-08-26,00:33:30",3mybad,#0,nope,luffysenpai2011#0,
"2024-08-26,00:33:30",crazy.steve,#0,حتى هاذيك و متقدرش تعرفها,3mybad#0,
"2024-08-26,00:33:33",luffysenpai2011,#0,ok,,
"2024-08-26,00:33:42",luffysenpai2011,#0,تيليشاري ملا,,
"2024-08-26,00:33:50",3mybad,#0,nn nik larbia,luffysenpai2011#0,
"2024-08-26,00:33:53",0_gf,#0,اصبروا,,
"2024-08-26,00:33:54",luffysenpai2011,#0,yup,,
"2024-08-26,00:33:56",0_gf,#0,bruuuj,,
"2024-08-26,00:33:58",0_gf,#0,h,,
"2024-08-26,00:34:02",luffysenpai2011,#0,حنا نكرهو العربية,3mybad#0,
"2024-08-26,00:34:11",ddragon9027,#0,Yep,,
"2024-08-26,00:34:12",0_gf,#0,حسابلها جيت نطلب السماح باش نرجع معاها,,
"2024-08-26,00:34:13",3mybad,#0,rak thdr biha ymqwd,luffysenpai2011#0,
"2024-08-26,00:34:17",crazy.steve,#0,🤣🤣,3mybad#0,
"2024-08-26,00:34:19",0_gf,#0,انا راني باغي نهدر معاها برك,,
"2024-08-26,00:34:36",luffysenpai2011,#0,بش بعض الناس تفهم يا رأس الطوطا المقود,3mybad#0,
"2024-08-26,00:34:36",3mybad,#0,<:hank39:1152015910882791534>,crazy.steve#0,
"2024-08-26,00:34:45",3mybad,#0,ah ok,luffysenpai2011#0,
"2024-08-26,00:35:00",3mybad,#0,kont shih fsdtha,luffysenpai2011#0,
"2024-08-26,00:35:03",3mybad,#0,JAJAJ,,
"2024-08-26,00:35:09",0_gf,#0,GG ?,,https://cdn.discordapp.com/attachments/1227367017661595708/1277410974181232743/Screenshot_2024-08-26-00-34-48-19_56a5d7f547b7ec4c705e63bf13c9c197.jpg?ex=672df76d&is=672ca5ed&hm=efdde21ca9f4565f8658b0ce44dcaee9a59da49dabfe8f92a79fd3defff23f48&
"2024-08-26,00:35:17",3mybad,#0,psh nik ba3d enas,luffysenpai2011#0,
"2024-08-26,00:35:43",crazy.steve,#0,اه GG,0_gf#0,
"2024-08-26,00:35:45",luffysenpai2011,#0,خصك نقولك كلمة,3mybad#0,
"2024-08-26,00:36:02",3mybad,#0,ahdr msgm,luffysenpai2011#0,
"2024-08-26,00:36:03",crazy.steve,#0,مع EZ في النهاية,,
"2024-08-26,00:36:14",3mybad,#0,gg ez jg diff,crazy.steve#0,
"2024-08-26,00:36:22",luffysenpai2011,#0,الكلافي تاع الخرا هذا,3mybad#0,
"2024-08-26,00:36:42",luffysenpai2011,#0,التصحيح الاتوماتيكي,,
"2024-08-26,00:36:47",3mybad,#0,clavier mkhdom blkhra hh,luffysenpai2011#0,
"2024-08-26,00:36:56",luffysenpai2011,#0,تعبيير مجازي,3mybad#0,
"2024-08-26,00:36:58",0_gf,#0,ez u stupid monkey boy what about cutting coten u cuter,3mybad#0,
"2024-08-26,00:37:02",3mybad,#0,nn,luffysenpai2011#0,
"2024-08-26,00:37:17",3mybad,#0,mykfikch lwqt tktbha hadi,0_gf#0,
"2024-08-26,00:37:19",3mybad,#0,lgame ykhlas,,
"2024-08-26,00:37:19",crazy.steve,#0,احا نهدر عادي؟,0_gf#0,
"2024-08-26,00:37:25",luffysenpai2011,#0,you wanna to show you something to eat,,
"2024-08-26,00:37:28",3mybad,#0,bayna bli,crazy.steve#0,
"2024-08-26,00:37:34",0_gf,#0,ندريلها copy,3mybad#0,
"2024-08-26,00:37:35",houssmm,#0,جبتو علا بابا,,
"2024-08-26,00:37:41",0_gf,#0,ينميييي,houssmm#0,
"2024-08-26,00:37:45",3mybad,#0,autistic dzb,0_gf#0,
"2024-08-26,00:37:46",luffysenpai2011,#0,wtf,houssmm#0,
"2024-08-26,00:37:47",0_gf,#0,عشوائي,,
"2024-08-26,00:37:53",luffysenpai2011,#0,يا خو زطلت,houssmm#0,
"2024-08-26,00:37:53",3mybad,#0,okhrj qwd,houssmm#0,
"2024-08-26,00:37:58",0_gf,#0,نكون جايب 3 kill,3mybad#0,
"2024-08-26,00:38:11",luffysenpai2011,#0,مقود ڨاي قود من السيرفر,houssmm#0,
"2024-08-26,00:38:13",3mybad,#0,ana nkhsr nktb ez,0_gf#0,
"2024-08-26,00:38:14",houssmm,#0,جبتو علا بابا عمرو 90,,
"2024-08-26,00:38:20",3mybad,#0,psh dok ni mbani mchat 1y,,
"2024-08-26,00:38:30",3mybad,#0,fnovember ykhlas lban,,
"2024-08-26,00:38:39",3mybad,#0,bch nktb nigga,,
"2024-08-26,00:38:39",luffysenpai2011,#0,وشبيك زطلت و لا راك مريض,houssmm#0,
"2024-08-26,00:38:45",3mybad,#0,wndi ban 1y whdakhor,,
"2024-08-26,00:38:49",crazy.steve,#0,هبل,luffysenpai2011#0,
"2024-08-26,00:38:56",luffysenpai2011,#0,الله يشفيه,crazy.steve#0,
"2024-08-26,00:39:02",3mybad,#0,virage wymot,houssmm#0,
"2024-08-26,00:39:02",houssmm,#0,ايه نهدر صح,,
"2024-08-26,00:39:09",3mybad,#0,who?,houssmm#0,
"2024-08-26,00:39:09",crazy.steve,#0,امين 😔💔,luffysenpai2011#0,
"2024-08-26,00:39:14",luffysenpai2011,#0,يا خو بلاصتك تحت جهنم,houssmm#0,
"2024-08-26,00:39:18",houssmm,#0,منخليهش في قلبي,,
"2024-08-26,00:39:32",crazy.steve,#0,يدخلها سقوط حر,luffysenpai2011#0,
"2024-08-26,00:39:33",luffysenpai2011,#0,متشي تجيبولو,houssmm#0,
"2024-08-26,00:39:40",houssmm,#0,راني جايبو علا لي يقرا كومنتار,,
"2024-08-26,00:39:49",3mybad,#0,jahanam wmatqbloch hada,crazy.steve#0,
"2024-08-26,00:40:02",3mybad,#0,yryh flwst,,
"2024-08-26,00:40:09",3mybad,#0,maythasbch,,
"2024-08-26,00:40:11",luffysenpai2011,#0,يا خو نتا ضربت كاش زطلة و لا شربت ويسكي و لا مريض في عقلك,houssmm#0,
"2024-08-26,00:40:12",crazy.steve,#0,🤣🤣🤣,,
"2024-08-26,00:40:24",crazy.steve,#0,صح,3mybad#0,
"2024-08-26,00:40:32",3mybad,#0,nn mchi sah,crazy.steve#0,
"2024-08-26,00:40:35",3mybad,#0,ni nkdb hh,,
"2024-08-26,00:40:36",houssmm,#0,Zero جبتو عليك,,
"2024-08-26,00:40:41",0_gf,#0,"انا نفتح مايك اذا خسرنا نقلهم 
fucking roblox mfs kids",3mybad#0,
"2024-08-26,00:41:01",crazy.steve,#0,هذا هو الحال كي تكمل تعيش فالجزائر,luffysenpai2011#0,
"2024-08-26,00:41:04",luffysenpai2011,#0,جبتو على ختك,houssmm#0,
"2024-08-26,00:41:07",houssmm,#0,<@1130967147737272320> جبتو فشق تاعك,luffysenpai2011#0,
"2024-08-26,00:41:10",3mybad,#0,ki nfth mic nryh neayt ana,0_gf#0,
"2024-08-26,00:41:13",3mybad,#0,nkwfha mongol,,
"2024-08-26,00:41:34",crazy.steve,#0,ديييم سبان تاع دراري صغار,0_gf#0,
"2024-08-26,00:41:36",luffysenpai2011,#0,تاع ختك يحرق طيزك,houssmm#0,
"2024-08-26,00:41:41",houssmm,#0,<@1130967147737272320> شق تاعك بنين 🥵🥵,luffysenpai2011#0,
"2024-08-26,00:41:44",luffysenpai2011,#0,يا تقادر روحك,houssmm#0,
"2024-08-26,00:41:54",3mybad,#0,fr dqto,houssmm#0,
"2024-08-26,00:41:59",luffysenpai2011,#0,يا الكلب,,
"2024-08-26,00:42:08",3mybad,#0,hoof hoof,luffysenpai2011#0,
"2024-08-26,00:42:09",luffysenpai2011,#0,و تاع مك بنين,houssmm#0,
"2024-08-26,00:42:10",3mybad,#0,asi,,
"2024-08-26,00:42:17",luffysenpai2011,#0,ماشب معاك نتا,3mybad#0,
"2024-08-26,00:42:24",3mybad,#0,ik,luffysenpai2011#0,
"2024-08-26,00:42:24",luffysenpai2011,#0,اقعد نتا عليه,3mybad#0,
"2024-08-26,00:42:27",houssmm,#0,وين تسكن اني حاب نجي نختاصبك,luffysenpai2011#0,
"2024-08-26,00:42:31",crazy.steve,#0,🤣🤣🤣,3mybad#0,
"2024-08-26,00:42:38",3mybad,#0,BHHHH,houssmm#0,
"2024-08-26,00:42:39",luffysenpai2011,#0,نسكن في كس مك,houssmm#0,
"2024-08-26,00:42:41",3mybad,#0,ah ya zero,,
"2024-08-26,00:42:43",houssmm,#0,تاعك بنين,,
"2024-08-26,00:42:45",0_gf,#0,خطرة قلت nigga بلعت بان اسبوع,crazy.steve#0,
"2024-08-26,00:42:47",houssmm,#0,بزاف,,
"2024-08-26,00:42:53",luffysenpai2011,#0,و تاع باباك,0_gf#0,
"2024-08-26,00:42:53",0_gf,#0,ههههه,3mybad#0,
"2024-08-26,00:43:14",houssmm,#0,سلفلي شق تاعك نخدم بيها,,
"2024-08-26,00:43:14",3mybad,#0,smana brk?,0_gf#0,
"2024-08-26,00:43:27",crazy.steve,#0,"اححححح عادي انا ديت بان شهر باسك قلتلهم 
Shut your ass bitch",0_gf#0,
"2024-08-26,00:43:30",3mybad,#0,echq mchy efsa mlmosa,houssmm#0,
"2024-08-26,00:43:31",nabbyman,#0,Aslam alikoum,,
"2024-08-26,00:43:32",3mybad,#0,echq void,,
"2024-08-26,00:43:37",3mybad,#0,myqdrch ymdholk,,
"2024-08-26,00:43:39",luffysenpai2011,#0,طيز مك,houssmm#0,
"2024-08-26,00:43:43",3mybad,#0,waelykm slam,nabbyman#0,
"2024-08-26,00:43:49",luffysenpai2011,#0,روح قود,houssmm#0,
"2024-08-26,00:43:55",houssmm,#0,اني حاب نستثمر في شقتك Zero,,
"2024-08-26,00:44:05",nabbyman,#0,pfp ta3k tchbah le jonkler,3mybad#0,
"2024-08-26,00:44:13",3mybad,#0,raw ytharch bik,luffysenpai2011#0,
"2024-08-26,00:44:15",luffysenpai2011,#0,نتمثر في شك ختك و مك,,
"2024-08-26,00:44:26",houssmm,#0,اني حاب نجيبو عليك Zero,,
"2024-08-26,00:44:28",luffysenpai2011,#0,و نتا عاونني,3mybad#0,
"2024-08-26,00:44:42",3mybad,#0,dir nwadr,nabbyman#0,
"2024-08-26,00:44:48",3mybad,#0,mtaerfch tchbh,,
"2024-08-26,00:44:54",houssmm,#0,نتا فري سخون انا علابالي Zero,,
"2024-08-26,00:44:58",nabbyman,#0,kmk,3mybad#0,
"2024-08-26,00:45:01",3mybad,#0,<@1270044240742973532> yakho oghlq zokk mrakch edahk,houssmm#0,
"2024-08-26,00:45:03",crazy.steve,#0,<@1130967147737272320> <@1270044240742973532>  سكرو قيعانكم و احشمو,luffysenpai2011#0、houssmm#0,
"2024-08-26,00:45:06",3mybad,#0,HHH,nabbyman#0,
"2024-08-26,00:45:09",luffysenpai2011,#0,شوف قادر روحك,houssmm#0,
"2024-08-26,00:45:18",houssmm,#0,خلاص اسمحولي,,
"2024-08-26,00:45:22",houssmm,#0,اسف,,
"2024-08-26,00:45:27",3mybad,#0,qwd mkch esmah,houssmm#0,
"2024-08-26,00:45:28",luffysenpai2011,#0,ما نسمحش,houssmm#0,
"2024-08-26,00:45:32",houssmm,#0,♥️اسف,,
"2024-08-26,00:45:33",luffysenpai2011,#0,qwd,houssmm#0,
"2024-08-26,00:45:36",luffysenpai2011,#0,no,houssmm#0,
"2024-08-26,00:45:46",3mybad,#0,nikha rbi lhmam wla chof wsh dir ya edando,houssmm#0,
"2024-08-26,00:45:47",luffysenpai2011,#0,سڨم الهدرة تاعك قبل,houssmm#0,
"2024-08-26,00:46:23",houssmm,#0,يدك فيه حتا موت,,
"2024-08-26,00:46:40",0_gf,#0,اسمك حسام,,
"2024-08-26,00:46:42",luffysenpai2011,#0,فيك وحدك,houssmm#0,
"2024-08-26,00:46:44",0_gf,#0,تبان طري,,
"2024-08-26,00:46:45",houssmm,#0,روح متبقاش تشارشيلي,,
"2024-08-26,00:46:49",0_gf,#0,عمرك 13,,
"2024-08-26,00:46:57",3mybad,#0,HOUSSAMM H:X OUSS: SOWA amm:mok,houssmm#0,
"2024-08-26,00:46:58",houssmm,#0,<@1180425486720041032> عمري 19,0_gf#0,
"2024-08-26,00:47:03",luffysenpai2011,#0,ڨادر روحك ملا يا الماشي متربي,houssmm#0,
"2024-08-26,00:47:10",crazy.steve,#0,زيد جيب ip address,0_gf#0,
"2024-08-26,00:47:12",3mybad,#0,kbir wbhlol,houssmm#0,
"2024-08-26,00:47:23",3mybad,#0,qathr hh,luffysenpai2011#0,
"2024-08-26,00:47:31",3mybad,#0,GADR HH,luffysenpai2011#0,
"2024-08-26,00:47:34",luffysenpai2011,#0,عبد قا عين موسى,,
"2024-08-26,00:47:36",houssmm,#0,<@719264664135008256> منيش معاك,3mybad#0,
"2024-08-26,00:47:46",3mybad,#0,hada khoya ya ras zbi,houssmm#0,
"2024-08-26,00:47:51",luffysenpai2011,#0,معامن ملا,houssmm#0,
"2024-08-26,00:47:58",3mybad,#0,rak meah rak meaya,houssmm#0,
"2024-08-26,00:48:02",houssmm,#0,معاك Zero,,
"2024-08-26,00:48:07",luffysenpai2011,#0,مع ختك,houssmm#0,
"2024-08-26,00:48:12",3mybad,#0,roh chof lhqatk photo fdm,houssmm#0,
"2024-08-26,00:48:13",houssmm,#0,بلع,,
"2024-08-26,00:48:14",crazy.steve,#0,يزحيييي,,
"2024-08-26,00:48:15",luffysenpai2011,#0,شوف حبس دسارا,houssmm#0,
"2024-08-26,00:48:21",houssmm,#0,ذك نجيبو عليك,,
"2024-08-26,00:48:22",3mybad,#0,zid edkhol meah,crazy.steve#0,
"2024-08-26,00:48:25",3mybad,#0,nwlo 2vs2,,
"2024-08-26,00:48:26",3mybad,#0,arena,,
"2024-08-26,00:48:29",luffysenpai2011,#0,نجيبو على طيز مك,houssmm#0,
"2024-08-26,00:48:38",m7_.n8,#0,,,https://cdn.discordapp.com/attachments/1227367017661595708/1277414365976465428/image0.gif?ex=672dfa96&is=672ca916&hm=ce8d8449450f31742ce9e97a506bda6e5fa33bdd42fa8d9711a249273421d046&
"2024-08-26,00:48:41",houssmm,#0,اسكت,,
"2024-08-26,00:48:45",3mybad,#0,yakho,m7_.n8#0,
"2024-08-26,00:48:47",3mybad,#0,yakho,,
"2024-08-26,00:48:48",3mybad,#0,yakho,,
"2024-08-26,00:48:49",luffysenpai2011,#0,بلع فمك يا القلوة,houssmm#0,
"2024-08-26,00:48:51",crazy.steve,#0,اواه لالا نديرو 3v1,3mybad#0,
"2024-08-26,00:49:02",houssmm,#0,طيز ختك عند جوني,,
"2024-08-26,00:49:05",3mybad,#0,imagine,crazy.steve#0,
"2024-08-26,00:49:06",m7_.n8,#0,ياسراق كنت حندير هذا الافاتار,0_gf#0,https://cdn.discordapp.com/attachments/1227367017661595708/1277414483639144528/image0.gif?ex=672dfab2&is=672ca932&hm=8ad83e93215284da6e2a38cef65f100ce2b460213bbfca228cf32690ebc9aac6&
"2024-08-26,00:49:07",m7_.n8,#0,Hi,3mybad#0,
"2024-08-26,00:49:07",3mybad,#0,yrbhna,,
"2024-08-26,00:49:13",luffysenpai2011,#0,معنديش ختي,houssmm#0,
"2024-08-26,00:49:16",3mybad,#0,tqdr tmuti?????,m7_.n8#0,
"2024-08-26,00:49:17",crazy.steve,#0,"ديم 
Cool nigga",m7_.n8#0,
"2024-08-26,00:49:25",houssmm,#0,يماك هيا ختك,,
"2024-08-26,00:49:28",luffysenpai2011,#0,نتا وحدك مع جوني سينس,houssmm#0,
"2024-08-26,00:49:32",m7_.n8,#0,Why,3mybad#0,
"2024-08-26,00:49:36",luffysenpai2011,#0,حبس دسارا,houssmm#0,
"2024-08-26,00:49:43",houssmm,#0,تعرفو معناها مسيلك,,
"2024-08-26,00:49:45",m7_.n8,#0,,crazy.steve#0,https://cdn.discordapp.com/attachments/1227367017661595708/1277414647041097840/image0.gif?ex=672dfad9&is=672ca959&hm=b2d28a8f44e86e959b1697c4dc87d5128e6b13fbd1f2614ce1cbc4f48c45194f&
"2024-08-26,00:49:46",3mybad,#0,muti tizmo qarn <@1195134511546105958>,m7_.n8#0,
"2024-08-26,00:49:50",luffysenpai2011,#0,راني درلت بلاغ,houssmm#0,
"2024-08-26,00:49:57",3mybad,#0,<@1270044240742973532>,houssmm#0、m7_.n8#0,
"2024-08-26,00:50:02",crazy.steve,#0,<@1270044240742973532> <@1270044240742973532>  تهدرو نتوما قحب,houssmm#0,
"2024-08-26,00:50:05",m7_.n8,#0,Tf,3mybad#0,https://cdn.discordapp.com/attachments/1227367017661595708/1277414734475427871/image0.gif?ex=672dfaed&is=672ca96d&hm=a5b79c025b8c405f249b0847bf03bf69a05cfa1e887ceb3767d226c42f185ea7&
"2024-08-26,00:50:10",m7_.n8,#0,Wch dar,3mybad#0,
"2024-08-26,00:50:18",3mybad,#0,yglbo,m7_.n8#0,
"2024-08-26,00:50:22",crazy.steve,#0,Yeh yeh cool nigga!!!!!,m7_.n8#0,
"2024-08-26,00:50:23",3mybad,#0,eqra les msg,,
"2024-08-26,00:50:23",3mybad,#0,tfhm,,
"2024-08-26,00:50:27",houssmm,#0,يدك في قضيب,,
"2024-08-26,00:50:31",houssmm,#0,ههه,,
"2024-08-26,00:50:39",3mybad,#0,he just proved my point,houssmm#0,
"2024-08-26,00:50:44",houssmm,#0,تحب قضيب Zero,,
"2024-08-26,00:50:48",crazy.steve,#0,.,,
"2024-08-26,00:50:49",luffysenpai2011,#0,يدك في طيزك الطازج,houssmm#0,
"2024-08-26,00:51:10",3mybad,#0,chfnaha,,
"2024-08-26,00:51:13",houssmm,#0,نتا مسيي بلع يا سخون,,
"2024-08-26,00:51:18",houssmm,#0,يا طري,,
"2024-08-26,00:51:27",houssmm,#0,يا دافي,,
"2024-08-26,00:51:30",luffysenpai2011,#0,يا خو درتلك report,houssmm#0,
"2024-08-26,00:51:38",houssmm,#0,دير ختك,,
"2024-08-26,00:51:45",3mybad,#0,OOOOOOH NO WAAAAAAY MHBOOOOOL<:NIGGA_omg:1150394296680329226>,luffysenpai2011#0,
"2024-08-26,00:51:47",houssmm,#0,راح تخلعني,,
"2024-08-26,00:52:09",luffysenpai2011,#0,نخلعك,houssmm#0,
"2024-08-26,00:52:09",crazy.steve,#0,<@719264664135008256> خلاص اغلق,3mybad#0,
"2024-08-26,00:52:09",houssmm,#0,انا قلت اسف نتا قعت تشارشي,,
"2024-08-26,00:52:11",3mybad,#0,discord taeo ftho lbarh,luffysenpai2011#0,
"2024-08-26,00:52:16",luffysenpai2011,#0,ما رانيس خايف منك,houssmm#0,
"2024-08-26,00:52:21",3mybad,#0,👀,crazy.steve#0,
"2024-08-26,00:52:22",houssmm,#0,قود,,
"2024-08-26,00:52:25",luffysenpai2011,#0,نخاف غير من ربي,houssmm#0,
"2024-08-26,00:52:29",3mybad,#0,wsh drt ana,crazy.steve#0,
"2024-08-26,00:52:32",3mybad,#0,ana 3aql,,
"2024-08-26,00:52:40",crazy.steve,#0,حاسك راك دير النميمة,3mybad#0,
"2024-08-26,00:52:50",3mybad,#0,nikmha khliha ttnak,crazy.steve#0,
"2024-08-26,00:52:56",3mybad,#0,round 1,,
"2024-08-26,00:52:58",3mybad,#0,fight,,
"2024-08-26,00:52:59",luffysenpai2011,#0,داقتلك يا العيشة,houssmm#0,
"2024-08-26,00:53:04",3mybad,#0,<@1130967147737272320> <@1270044240742973532>,luffysenpai2011#0、houssmm#0,
"2024-08-26,00:53:09",luffysenpai2011,#0,وشنو,,
"2024-08-26,00:53:11",crazy.steve,#0,🤣🤣,3mybad#0,
"2024-08-26,00:53:12",houssmm,#0,ختك شا اسمها,,
"2024-08-26,00:53:22",3mybad,#0,malika,houssmm#0,
"2024-08-26,00:53:27",luffysenpai2011,#0,اسمها طيز مك,,
"2024-08-26,00:53:33",crazy.steve,#0,🤣🤣🤣,,
"2024-08-26,00:53:34",3mybad,#0,asm jdid hada hh,luffysenpai2011#0,
"2024-08-26,00:53:40",luffysenpai2011,#0,ماشي نتا,3mybad#0,
"2024-08-26,00:53:46",3mybad,#0,ik,luffysenpai2011#0,
"2024-08-26,00:53:51",houssmm,#0,خرتك راهي تبري مسروال,,
"2024-08-26,00:54:04",3mybad,#0,HHHHHHH,houssmm#0,
"2024-08-26,00:54:05",3mybad,#0,AHAH,,
"2024-08-26,00:54:08",houssmm,#0,😛ارا نلحسها,,
"2024-08-26,00:54:09",3mybad,#0,attack,,
"2024-08-26,00:54:14",luffysenpai2011,#0,مك راهم يغتاصبوها,houssmm#0,
"2024-08-26,00:54:15",crazy.steve,#0,<:cum:1152013788653031434> <:cum:1152013788653031434>,,
"2024-08-26,00:54:21",3mybad,#0,<@1130967147737272320> attack,luffysenpai2011#0,
"2024-08-26,00:54:22",luffysenpai2011,#0,ڨاي و قحاب,houssmm#0,
"2024-08-26,00:54:24",nabbyman,#0,توم و جرري بطوطا,,
"2024-08-26,00:54:36",houssmm,#0,نتا مسيي شو شاك تكتب يا مسي,,
"2024-08-26,00:54:41",3mybad,#0,<:crazyvegeta73:1150419224922165291> <:wojak87:1152016089937625128>,nabbyman#0,
"2024-08-26,00:54:43",crazy.steve,#0,🤣🤣,nabbyman#0,
"2024-08-26,00:54:50",luffysenpai2011,#0,راني وليت ما نشوشف علا خاطر مك شابة,houssmm#0,
"2024-08-26,00:54:52",3mybad,#0,elch les algerian cringe hka,,
"2024-08-26,00:54:55",3mybad,#0,nkrhkom yzby,,
"2024-08-26,00:54:57",crazy.steve,#0,Ay yoooo chiiiil,3mybad#0,
"2024-08-26,00:54:59",3mybad,#0,enqardo,,
"2024-08-26,00:55:09",3mybad,#0,hacha lba3d,,
"2024-08-26,00:55:23",luffysenpai2011,#0,كي شفت طيز ديالك و تاع باباك عميت و ليت ما نشوفش,,
"2024-08-26,00:55:25",nabbyman,#0,وش راك تهدر انتا جزايري,3mybad#0,
"2024-08-26,00:55:29",nabbyman,#0,مبغل,,
"2024-08-26,00:55:32",houssmm,#0,نتا يليقلك هادا 🖕,,
"2024-08-26,00:55:38",3mybad,#0,50/100,nabbyman#0,
"2024-08-26,00:55:40",m7_.n8,#0,5lih antik tfa3l,3mybad#0,https://cdn.discordapp.com/attachments/1227367017661595708/1277416138401124382/image0.gif?ex=672dfc3c&is=672caabc&hm=4d2c99c00c502b3fdd4cc50668601434b994641536cb775de483f16143f39eb4&
"2024-08-26,00:55:40",3mybad,#0,HH,,
"2024-08-26,00:55:41",luffysenpai2011,#0,ديرو في فاميلتك,houssmm#0,
"2024-08-26,00:55:44",houssmm,#0,هادا مليح ليك 🖕,,
"2024-08-26,00:55:46",crazy.steve,#0,يب مي معندوش كلافيي عربي,nabbyman#0,
"2024-08-26,00:55:52",luffysenpai2011,#0,في فمك,houssmm#0,
"2024-08-26,00:55:53",3mybad,#0,USELESS NTA,m7_.n8#0,
"2024-08-26,00:55:56",nabbyman,#0,50 لوخر؟,3mybad#0,
"2024-08-26,00:56:02",crazy.steve,#0,اوووه,3mybad#0,
"2024-08-26,00:56:11",3mybad,#0,poland melange HH,nabbyman#0,
"2024-08-26,00:56:12",crazy.steve,#0,مزال متحملش,nabbyman#0,
"2024-08-26,00:56:17",luffysenpai2011,#0,راحت في ڨاع <@1270044240742973532>,nabbyman#0、houssmm#0,
"2024-08-26,00:56:23",houssmm,#0,خصتني ماداما كرهت مل اختساب تع ذراري,,
"2024-08-26,00:56:32",3mybad,#0,<@1130967147737272320> <@1270044240742973532> ROUND 2,luffysenpai2011#0、houssmm#0,
"2024-08-26,00:56:33",3mybad,#0,FIGHT,,
"2024-08-26,00:56:36",luffysenpai2011,#0,مك,houssmm#0,
"2024-08-26,00:56:41",houssmm,#0,حبيت نجيبو علا مادام,,
"2024-08-26,00:56:41",3mybad,#0,ahah,luffysenpai2011#0,
"2024-08-26,00:56:50",crazy.steve,#0,خليهم يستعفاو شوي عياو,3mybad#0,
"2024-08-26,00:56:53",m7_.n8,#0,Ik,3mybad#0,https://cdn.discordapp.com/attachments/1227367017661595708/1277416445021523978/image0.gif?ex=672dfc85&is=672cab05&hm=2754f53d4e94f6b76d497bbd24e85b32e5f352f2916d6b172d0afb71b8dca8ba&
"2024-08-26,00:56:55",3mybad,#0,nn,crazy.steve#0,
"2024-08-26,00:57:00",luffysenpai2011,#0,على ماشي على بنت جارتكم,houssmm#0,
"2024-08-26,00:57:11",houssmm,#0,<@1195134511546105958> حبس قواد تاعك نتا,m7_.n8#0,
"2024-08-26,00:57:13",3mybad,#0,mtqwdloch,luffysenpai2011#0,
"2024-08-26,00:57:15",3mybad,#0,edarbo,,
"2024-08-26,00:57:18",crazy.steve,#0,I love this cool nigga,m7_.n8#0,
"2024-08-26,00:57:18",luffysenpai2011,#0,علاه <@1270044240742973532>  راه خايف,crazy.steve#0、houssmm#0,
"2024-08-26,00:57:25",3mybad,#0,AAAH YLUSELESS,houssmm#0,
"2024-08-26,00:57:29",3mybad,#0,HADA YQOLK HKA,,
"2024-08-26,00:57:35",houssmm,#0,لا انا نبعتهولك عادي,,
"2024-08-26,00:57:38",m7_.n8,#0,N7wik,houssmm#0,https://cdn.discordapp.com/attachments/1227367017661595708/1277416633031331891/image0.gif?ex=672dfcb2&is=672cab32&hm=b9fa25f14d8435ff9ec76daaecc35c6caa26ac39496a341cecebdb85bb8bc40c&
"2024-08-26,00:57:44",luffysenpai2011,#0,ڨاي و ملون و تعطي ترمتك لصحابك,houssmm#0,
"2024-08-26,00:57:52",islamise53,#0,.,,
"2024-08-26,00:57:57",houssmm,#0,تحب تلحس يا مسيي,,
"2024-08-26,00:58:07",luffysenpai2011,#0,حبس نتا نحبس,houssmm#0,
"2024-08-26,00:58:09",nabbyman,#0,انا خناق اشرار,,
"2024-08-26,00:58:11",crazy.steve,#0,واقيل,luffysenpai2011#0,
"2024-08-26,00:58:13",nabbyman,#0,هزيم رعد,,
"2024-08-26,00:58:16",houssmm,#0,<@1055847383025602561> سيد عيا خلاص كتب.,islamise53#0,
"2024-08-26,00:58:28",luffysenpai2011,#0,ماشي وقتك نتي,nabbyman#0,
"2024-08-26,00:58:36",islamise53,#0,😂ملقيت وش نهدر,,
"2024-08-26,00:58:39",nabbyman,#0,<:uncannycat:1152013915954352148>,luffysenpai2011#0,
"2024-08-26,00:58:40",dzl.com,#0,لا تقلق,,
"2024-08-26,00:58:47",3mybad,#0,ta3i chrir,nabbyman#0,
"2024-08-26,00:58:51",3mybad,#0,ekhnqo hh,,
"2024-08-26,00:59:00",luffysenpai2011,#0,ما نقصدش الاساءة,nabbyman#0,
"2024-08-26,00:59:10",nabbyman,#0,انا منحقرش صغار,3mybad#0,
"2024-08-26,00:59:20",3mybad,#0,ana kbir,nabbyman#0,
"2024-08-26,00:59:23",3mybad,#0,40yo,,
"2024-08-26,00:59:30",luffysenpai2011,#0,fbi open up,3mybad#0,
"2024-08-26,00:59:37",nabbyman,#0,دراك,3mybad#0,
"2024-08-26,00:59:39",3mybad,#0,blae,luffysenpai2011#0,
"2024-08-26,00:59:41",luffysenpai2011,#0,بلعقل,3mybad#0,
"2024-08-26,00:59:45",luffysenpai2011,#0,ok,3mybad#0,
"2024-08-26,00:59:50",crazy.steve,#0,"حكاية ضريفة:
جداتي كانت دايرة رفاي فيه غنية تاع هزيم الرعد 💀 كرنج 
نهار كي تخسرلها تيليفونها ديناه نخدمو ايا عيطولها بهدلتنا قاع",nabbyman#0,
"2024-08-26,00:59:50",3mybad,#0,muah,luffysenpai2011#0,
"2024-08-26,00:59:54",luffysenpai2011,#0,mkach moskil,3mybad#0,
"2024-08-26,01:00:01",3mybad,#0,moskil hh,luffysenpai2011#0,
"2024-08-26,01:00:03",3mybad,#0,moustika,,
"2024-08-26,01:00:04",crazy.steve,#0,خاوتي,,
"2024-08-26,01:00:11",luffysenpai2011,#0,مكاش مشكل,3mybad#0,
"2024-08-26,01:00:13",3mybad,#0,oe khona,crazy.steve#0,
"2024-08-26,01:00:14",nabbyman,#0,<:NIGGA_omg:1150394296680329226> <:NIGGA_omg:1150394296680329226>,crazy.steve#0,
"2024-08-26,01:00:19",3mybad,#0,mochtika hh,luffysenpai2011#0,
"2024-08-26,01:00:26",m7_.n8,#0,<@1270044240742973532>,houssmm#0,https://cdn.discordapp.com/attachments/1227367017661595708/1277417336328163388/image0.gif?ex=672dfd5a&is=672cabda&hm=a8994aa526b44323a1a33f94a23403ff5197e7a177037f0eda4d0a42c8191658&
"2024-08-26,01:00:27",luffysenpai2011,#0,خرج <@1270044240742973532>,houssmm#0,
"2024-08-26,01:00:30",crazy.steve,#0,راني حاب نصارحكم,3mybad#0,
"2024-08-26,01:00:38",luffysenpai2011,#0,فرغ قلبك,crazy.steve#0,
"2024-08-26,01:00:44",3mybad,#0,sarhna,crazy.steve#0,
"2024-08-26,01:00:51",m7_.n8,#0,Mute hh,luffysenpai2011#0,https://cdn.discordapp.com/attachments/1227367017661595708/1277417442099986442/image0.gif?ex=672dfd73&is=672cabf3&hm=103ea17dfd5207fcb01587ccf55711d7c9fb6ecd3d5ee0538a4c9638b81d9b91&
"2024-08-26,01:00:56",crazy.steve,#0,Yes انا هربت من الحانوت خليتها وحدها,nabbyman#0,
"2024-08-26,01:01:01",3mybad,#0,usefull,m7_.n8#0,
"2024-08-26,01:01:13",3mybad,#0,zid muti hada <@1215768550132682804>,nabbyman#0,
"2024-08-26,01:01:16",3mybad,#0,nkhls,,
"2024-08-26,01:01:17",3mybad,#0,k,,
"2024-08-26,01:01:19",crazy.steve,#0,"انا نحب 
Hot mom's",3mybad#0,
"2024-08-26,01:01:20",3mybad,#0,100da,,
"2024-08-26,01:01:37",3mybad,#0,ana tan nhb ghir etatat,crazy.steve#0,
"2024-08-26,01:01:42",m7_.n8,#0,nn hda yban antik,3mybad#0,https://cdn.discordapp.com/attachments/1227367017661595708/1277417656076734586/image0.gif?ex=672dfda6&is=672cac26&hm=86607dcb952af0147265fe9461281a9fd67a1dcfa9ae42c131712990c40f2a68&
"2024-08-26,01:01:45",3mybad,#0,yakbira eliya b5y ya mnich,,
"2024-08-26,01:01:52",crazy.steve,#0,"معنديش مدام 🤡 
(نخاف من البنات)",luffysenpai2011#0,
"2024-08-26,01:01:54",nabbyman,#0,🤌,,
"2024-08-26,01:01:54",3mybad,#0,matahlich ela lgosto,m7_.n8#0,
"2024-08-26,01:02:03",3mybad,#0,rak ttlb hh,nabbyman#0,
"2024-08-26,01:02:05",3mybad,#0,sadaqa,,
"2024-08-26,01:02:14",crazy.steve,#0,دييييم,3mybad#0,
"2024-08-26,01:02:22",ilyes_bkm,#0,Like me,crazy.steve#0,
"2024-08-26,01:02:23",luffysenpai2011,#0,شكون ربح,,
"2024-08-26,01:02:31",nabbyman,#0,انا sigma غير متغلطش,3mybad#0,
"2024-08-26,01:02:33",m7_.n8,#0,Okay,3mybad#0,https://cdn.discordapp.com/attachments/1227367017661595708/1277417869935771829/image0.gif?ex=672dfdd9&is=672cac59&hm=437107c57f5e7e2150a3041678874ddfb3a638b2acddc8d42d5875ed554b66da&
"2024-08-26,01:02:34",crazy.steve,#0,🤣💔,ilyes_bkm#0,
"2024-08-26,01:02:39",luffysenpai2011,#0,<@719264664135008256> شكون ربح,3mybad#0,
"2024-08-26,01:02:41",3mybad,#0,nta czarnuch,nabbyman#0,
"2024-08-26,01:02:47",crazy.steve,#0,🗿🗿,nabbyman#0,
"2024-08-26,01:02:53",3mybad,#0,<@719264664135008256> had echikor howa li rbh,3mybad#0、luffysenpai2011#0,
"2024-08-26,01:02:53",luffysenpai2011,#0,يا خو زدت عيلها,m7_.n8#0,
"2024-08-26,01:02:58",3mybad,#0,flowless victory,,
"2024-08-26,01:03:04",luffysenpai2011,#0,مبروك,3mybad#0,
"2024-08-26,01:03:32",3mybad,#0,3mi asmo mbrok hh,luffysenpai2011#0,
"2024-08-26,01:03:35",3mybad,#0,mqwda elih,,
"2024-08-26,01:03:49",luffysenpai2011,#0,عمي مبارك,,
"2024-08-26,01:04:01",crazy.steve,#0,خاوتي حاس روحي كرنج مي نسقسيكم,,
"2024-08-26,01:04:02",luffysenpai2011,#0,هذا وش قصدت,,
"2024-08-26,01:04:07",0_gf,#0,وييي جوردن,m7_.n8#0,
"2024-08-26,01:04:11",luffysenpai2011,#0,سقسي,crazy.steve#0,
"2024-08-26,01:04:12",3mybad,#0,mrkch has sah,crazy.steve#0,
"2024-08-26,01:04:13",0_gf,#0,<a:dance13:1038069504221139014>,,
"2024-08-26,01:04:14",nabbyman,#0,انا ميسي,,
"2024-08-26,01:04:18",crazy.steve,#0,وش هم الالعاب لي تلعبوهم,,
"2024-08-26,01:04:22",3mybad,#0,khwty binatna klmt cringe hiya cringe,,
"2024-08-26,01:04:29",3mybad,#0,al3ab mahir,crazy.steve#0,
"2024-08-26,01:04:29",luffysenpai2011,#0,bounty rush fc 24 pubg,crazy.steve#0,
"2024-08-26,01:04:42",nabbyman,#0,<:gigachad:1150419236989186078> <:9k:1189273274455179358> 🔥✅,3mybad#0,
"2024-08-26,01:04:46",luffysenpai2011,#0,لعبة 11 سبتمبر 2001,,
"2024-08-26,01:05:05",crazy.steve,#0,نايس غان تاع ون بيس,luffysenpai2011#0,
"2024-08-26,01:05:10",nabbyman,#0,هدئ باب لعبها في 2001,luffysenpai2011#0,
"2024-08-26,01:05:11",3mybad,#0,lol fortnite overwatch soulsborn valorant doom bzfbzf,crazy.steve#0,
"2024-08-26,01:05:13",luffysenpai2011,#0,yes,crazy.steve#0,
"2024-08-26,01:05:22",luffysenpai2011,#0,في البي سيبي سي تاعك قوي,3mybad#0,
"2024-08-26,01:05:26",crazy.steve,#0,علابالس نتا تلعب العاب تلبيس بنات,3mybad#0,
"2024-08-26,01:05:34",3mybad,#0,pc+xbox,luffysenpai2011#0,
"2024-08-26,01:05:35",nabbyman,#0,انا نلعب Dr driver,,
"2024-08-26,01:05:38",3mybad,#0,bayna bli,crazy.steve#0,
"2024-08-26,01:05:41",3mybad,#0,tlbis etatat,,
"2024-08-26,01:05:43",luffysenpai2011,#0,xbox wesh,3mybad#0,
"2024-08-26,01:05:47",m7_.n8,#0,Ik,luffysenpai2011#0,
"2024-08-26,01:05:48",3mybad,#0,ss,luffysenpai2011#0,
"2024-08-26,01:06:02",luffysenpai2011,#0,شحال شريتها,3mybad#0,
"2024-08-26,01:06:02",m7_.n8,#0,We play tlou2 carlos,crazy.steve#0,
"2024-08-26,01:06:07",3mybad,#0,black myth wukong mzl mtkhrjch fxbox:((,,
"2024-08-26,01:06:11",crazy.steve,#0,نايس نايس,3mybad#0,
"2024-08-26,01:06:17",luffysenpai2011,#0,عندك pc,3mybad#0,
"2024-08-26,01:06:24",luffysenpai2011,#0,روح كركها و خلاص,,
"2024-08-26,01:06:25",m7_.n8,#0,Sra9 knt baghi ndir hadi al avatar,0_gf#0,
"2024-08-26,01:06:44",crazy.steve,#0,<:confused_sherk:1150411388846604288>,m7_.n8#0,
"2024-08-26,01:06:52",luffysenpai2011,#0,<@719264664135008256> صح و لا لا,3mybad#0,
"2024-08-26,01:06:53",3mybad,#0,1150pln,luffysenpai2011#0,
"2024-08-26,01:06:54",m7_.n8,#0,Al madina samida al a5ira,3mybad#0,
"2024-08-26,01:07:08",3mybad,#0,ak hab yahwoni rwasa,luffysenpai2011#0,
"2024-08-26,01:07:15",crazy.steve,#0,قاع عندك بيسيات ._.,,
"2024-08-26,01:07:18",luffysenpai2011,#0,no,3mybad#0,
"2024-08-26,01:07:24",crazy.steve,#0,الله يبارك,,
"2024-08-26,01:07:25",3mybad,#0,ghir kima piratawli pc,,
"2024-08-26,01:07:28",luffysenpai2011,#0,بي سي زفت,crazy.steve#0,
"2024-08-26,01:07:31",3mybad,#0,wpiratato tfla yzby,,
"2024-08-26,01:07:37",m7_.n8,#0,,crazy.steve#0,https://cdn.discordapp.com/attachments/1227367017661595708/1277419143766872189/image0.gif?ex=672dff09&is=672cad89&hm=dd6872552eb4f74fab7e8977b58d9dcae496869bf551a73e5a6bb721c237d0be&
"2024-08-26,01:07:45",crazy.steve,#0,بيسي زفت خير من والو,luffysenpai2011#0,
"2024-08-26,01:07:45",luffysenpai2011,#0,يا خو روح حمل العاب من steamunlocked,3mybad#0,
"2024-08-26,01:07:51",3mybad,#0,fire boy o water girl HH,m7_.n8#0,
"2024-08-26,01:07:56",luffysenpai2011,#0,صح و راني فرحان بيه,crazy.steve#0,
"2024-08-26,01:08:08",3mybad,#0,no nchri khir,luffysenpai2011#0,
"2024-08-26,01:08:11",crazy.steve,#0,انا معنديش قاع 🤡💔,luffysenpai2011#0,
"2024-08-26,01:08:13",luffysenpai2011,#0,نلعب بأسوء الاعدادات,crazy.steve#0,
"2024-08-26,01:08:18",m7_.n8,#0,Tstahl tl3 al3ab crqck,3mybad#0,
"2024-08-26,01:08:22",luffysenpai2011,#0,معليش اشري واحد,crazy.steve#0,
"2024-08-26,01:08:36",3mybad,#0,tlaet darksouls 1 crack,m7_.n8#0,
"2024-08-26,01:08:38",3mybad,#0,hwawni,,
"2024-08-26,01:08:39",crazy.steve,#0,تخلصلي بيسي؟,luffysenpai2011#0,
"2024-08-26,01:08:44",luffysenpai2011,#0,موقع امن 100 %,3mybad#0,
"2024-08-26,01:08:54",3mybad,#0,mm rwasa qalohali,luffysenpai2011#0,
"2024-08-26,01:08:56",luffysenpai2011,#0,ما عنديش اصلا دراهم,crazy.steve#0,
"2024-08-26,01:08:57",nabbyman,#0,عندي بيسي عام 1997,,
"2024-08-26,01:09:05",luffysenpai2011,#0,نتا روسي,3mybad#0,
"2024-08-26,01:09:05",crazy.steve,#0,Yoooo,m7_.n8#0,
"2024-08-26,01:09:06",3mybad,#0,tf i feel molested,m7_.n8#0,
"2024-08-26,01:09:11",3mybad,#0,HHHHHH,luffysenpai2011#0,
"2024-08-26,01:09:15",m7_.n8,#0,sekiro 5ir,3mybad#0,
"2024-08-26,01:09:18",crazy.steve,#0,🗿💔,nabbyman#0,
"2024-08-26,01:09:25",luffysenpai2011,#0,بيسي تاع 1997 خير من والو,nabbyman#0,
"2024-08-26,01:09:37",3mybad,#0,khatmha 100/100 hiya wlies of p wdemon souls,m7_.n8#0,
"2024-08-26,01:09:46",3mybad,#0,dok ni nleab elden,,
"2024-08-26,01:09:48",m7_.n8,#0,,3mybad#0,https://cdn.discordapp.com/attachments/1227367017661595708/1277419692541214740/image0.gif?ex=672dff8c&is=672cae0c&hm=24286bac44c10e9cbacfddf47ecbd9fe3c28efb7ecf58582ae92928c98723902&
"2024-08-26,01:09:52",luffysenpai2011,#0,اصعب لعبة في التاريخ ختمتها,3mybad#0,
"2024-08-26,01:09:52",crazy.steve,#0,والله غير مام انا راني نلم دراهم باش بالاك نشري ps4,luffysenpai2011#0,
"2024-08-26,01:09:52",nabbyman,#0,كان عندي بيسي 2025 صارقو من Area 51,luffysenpai2011#0,
"2024-08-26,01:10:00",luffysenpai2011,#0,درت انجاز عظيم,3mybad#0,
"2024-08-26,01:10:11",m7_.n8,#0,Za3im,3mybad#0,
"2024-08-26,01:10:13",luffysenpai2011,#0,ps4 pro,crazy.steve#0,
"2024-08-26,01:10:18",3mybad,#0,kifach qdrt,luffysenpai2011#0,
"2024-08-26,01:10:24",crazy.steve,#0,اححح سارقو من المستقبل,nabbyman#0,
"2024-08-26,01:10:36",luffysenpai2011,#0,اشري واحدة مفلاشية,crazy.steve#0,
"2024-08-26,01:10:43",nabbyman,#0,راك تشو,crazy.steve#0,
"2024-08-26,01:10:46",crazy.steve,#0,(منعرفش قاع على ل ps),luffysenpai2011#0,
"2024-08-26,01:10:51",3mybad,#0,<@745770017030668289> twhchtk aissa,cre.7#0,
"2024-08-26,01:10:52",m7_.n8,#0,Tlou2 afdal l3ba f tari5,crazy.steve#0,https://cdn.discordapp.com/attachments/1227367017661595708/1277419964827041813/image0.gif?ex=672dffcc&is=672cae4c&hm=35c5c9e6a1805535682ce1f72b559dee43f6ba8e9179e5e61ea7e5a748122fcd&
"2024-08-26,01:10:59",nabbyman,#0,ps -1,,
"2024-08-26,01:11:00",luffysenpai2011,#0,خرجت gta 6 كي ديتو في المستقبل,nabbyman#0,
"2024-08-26,01:11:07",nabbyman,#0,ايه,luffysenpai2011#0,
"2024-08-26,01:11:12",nabbyman,#0,فيها totq,,
"2024-08-26,01:11:14",nabbyman,#0,tota,,
"2024-08-26,01:11:15",crazy.steve,#0,🤣 صح صح,m7_.n8#0,
"2024-08-26,01:11:20",luffysenpai2011,#0,فيها السيكو,nabbyman#0,
"2024-08-26,01:11:28",3mybad,#0,guys binatna,,
"2024-08-26,01:11:32",luffysenpai2011,#0,يا خو حبس زدت عليها,m7_.n8#0,
"2024-08-26,01:11:35",nabbyman,#0,كلش,luffysenpai2011#0,
"2024-08-26,01:11:37",luffysenpai2011,#0,وشنو,3mybad#0,
"2024-08-26,01:11:40",cre.7,#0,wlh mam ana rak t3rf rana m3a alcharikat o lbwabr,3mybad#0,
"2024-08-26,01:11:40",3mybad,#0,gta overrated bzf,,
"2024-08-26,01:11:43",m7_.n8,#0,Kys,luffysenpai2011#0,
"2024-08-26,01:11:49",luffysenpai2011,#0,تسما نجبد ديالي خير,nabbyman#0,
"2024-08-26,01:11:58",3mybad,#0,hka mal aissa,cre.7#0,
"2024-08-26,01:11:59",luffysenpai2011,#0,وشنو,m7_.n8#0,
"2024-08-26,01:11:59",cre.7,#0,wl bmw,,
"2024-08-26,01:12:05",nabbyman,#0,فلعب,luffysenpai2011#0,
"2024-08-26,01:12:09",crazy.steve,#0,والله غير ياخو خفت خفت نشري pa4 نندم,luffysenpai2011#0,
"2024-08-26,01:12:09",3mybad,#0,lkhobza hlayliya seiba,cre.7#0,
"2024-08-26,01:12:15",luffysenpai2011,#0,wow,nabbyman#0,
"2024-08-26,01:12:22",luffysenpai2011,#0,اشري لابتوب عادي تاع 5 و 6 ملايين,crazy.steve#0,
"2024-08-26,01:12:51",luffysenpai2011,#0,جماعة,,
"2024-08-26,01:12:51",cre.7,#0,kayna khoya troxy,3mybad#0,
"2024-08-26,01:12:57",3mybad,#0,khtik hbso lgames fih,crazy.steve#0,
"2024-08-26,01:13:09",luffysenpai2011,#0,هذاك <@1270044240742973532> خرج من الشات,houssmm#0,
"2024-08-26,01:13:15",3mybad,#0,rbi meak khoya aissa hdi hiya ednya esbr wkhls,cre.7#0,
"2024-08-26,01:13:21",crazy.steve,#0,عندي واحد جابهولي صاحب بابا من لالمان قديييييييم فيه ويندوز xp,luffysenpai2011#0,
"2024-08-26,01:13:26",costwave,#0,.,snor_ice#0,
"2024-08-26,01:13:29",crazy.steve,#0,(هاذي بكري),,
"2024-08-26,01:13:34",luffysenpai2011,#0,من الالمان ☠️,crazy.steve#0,
"2024-08-26,01:13:37",3mybad,#0,nta rak hab yji,luffysenpai2011#0,
"2024-08-26,01:13:39",crazy.steve,#0,احا,3mybad#0,
"2024-08-26,01:13:44",luffysenpai2011,#0,لا,3mybad#0,
"2024-08-26,01:13:51",crazy.steve,#0,يب,luffysenpai2011#0,
"2024-08-26,01:13:53",luffysenpai2011,#0,حبيت نتهنا منو,3mybad#0,
"2024-08-26,01:13:53",nabbyman,#0,انا باب نقولو يشريلي ps تيحلي بيما و بابا,,
"2024-08-26,01:13:54",costwave,#0,يااو اسمي نحب التراب مشي ...,,
"2024-08-26,01:13:57",nabbyman,#0,طيح روحو,,
"2024-08-26,01:14:16",crazy.steve,#0,🤣🤣🤣🤣,costwave#0,
"2024-08-26,01:14:24",3mybad,#0,تيحلي,nabbyman#0,
"2024-08-26,01:14:48",3mybad,#0,trap king,costwave#0,
"2024-08-26,01:14:53",3mybad,#0,slat khdma wriyada,,
"2024-08-26,01:14:55",crazy.steve,#0,يطيحلك*؟,nabbyman#0,
"2024-08-26,01:15:08",nabbyman,#0,صحا,crazy.steve#0,
"2024-08-26,01:15:12",costwave,#0,The fuck,,
"2024-08-26,01:15:12",nabbyman,#0,سمحنا,,
"2024-08-26,01:15:26",3mybad,#0,ekhtik smaeni ya hada,costwave#0,
"2024-08-26,01:15:30",3mybad,#0,tlata fihom ifada,,
"2024-08-26,01:15:35",3mybad,#0,slat khdma wriyada,,
"2024-08-26,01:16:05",costwave,#0,.,,
"2024-08-26,01:16:12",crazy.steve,#0,خاوتي فتحت متجر صغير,,
"2024-08-26,01:16:26",costwave,#0,حانوت نتاع حلوة؟,crazy.steve#0,
"2024-08-26,01:16:34",crazy.steve,#0,نمد فيه لقطوطة صغار,costwave#0,
"2024-08-26,01:16:40",costwave,#0,ايييييي,crazy.steve#0,
"2024-08-26,01:16:57",costwave,#0,نحب لقطوطة 😎,,
"2024-08-26,01:17:02",crazy.steve,#0,عندي 4 قحب هبلوني,,
"2024-08-26,01:17:07",luffysenpai2011,#0,تاع واش,crazy.steve#0,
"2024-08-26,01:17:24",3mybad,#0,ohh nhb lqotota,crazy.steve#0,
"2024-08-26,01:17:25",costwave,#0,نتا قطة؟,luffysenpai2011#0,
"2024-08-26,01:17:29",crazy.steve,#0,نمد فيه لقطوطة صغار,luffysenpai2011#0,
"2024-08-26,01:17:29",cre.7,#0,wach adir bihm,crazy.steve#0,
"2024-08-26,01:17:42",costwave,#0,Sell,cre.7#0,
"2024-08-26,01:17:43",3mybad,#0,mhbch yrmi elina aissa,cre.7#0,
"2024-08-26,01:17:43",luffysenpai2011,#0,غلطت نروح نكتب تاع 4 قحاب,costwave#0,
"2024-08-26,01:17:50",nabbyman,#0,هوفا وينتا يدير onlyfans,,
"2024-08-26,01:17:54",costwave,#0,😂,,
"2024-08-26,01:18:01",luffysenpai2011,#0,اوووووو,nabbyman#0,
"2024-08-26,01:18:06",cre.7,#0,ch7al rah ysawm fihm,costwave#0,
"2024-08-26,01:18:09",costwave,#0,Only fans قريب نشاله,nabbyman#0,
"2024-08-26,01:18:11",luffysenpai2011,#0,شكون,crazy.steve#0,
"2024-08-26,01:18:15",crazy.steve,#0,كنت نخدمهم معايا يبيعو الكوكايين,cre.7#0,
"2024-08-26,01:18:19",cre.7,#0,aw raho 7ab nrigloh wa9ila,3mybad#0,
"2024-08-26,01:18:21",luffysenpai2011,#0,نتا تحب ون بيس,crazy.steve#0,
"2024-08-26,01:18:26",crazy.steve,#0,خالتي ناصيرة,luffysenpai2011#0,
"2024-08-26,01:18:28",costwave,#0,Ma 3labalish 500 da??,cre.7#0,
"2024-08-26,01:18:33",luffysenpai2011,#0,wtf,crazy.steve#0,
"2024-08-26,01:18:35",crazy.steve,#0,اه,luffysenpai2011#0,
"2024-08-26,01:18:38",3mybad,#0,bzf nqs,costwave#0,
"2024-08-26,01:18:46",3mybad,#0,dir l3ib ela jal qahba,,
"2024-08-26,01:18:47",costwave,#0,😭,3mybad#0,
"2024-08-26,01:18:56",crazy.steve,#0,راني نقولك عندي قطوطة صغار,luffysenpai2011#0,
"2024-08-26,01:18:58",cre.7,#0,amm 500 brk sur machi dorigin,costwave#0,
"2024-08-26,01:18:59",3mybad,#0,chhal fi emrhom???????,costwave#0,
"2024-08-26,01:19:02",costwave,#0,Hatho mashi qtota normal,3mybad#0,
"2024-08-26,01:19:08",luffysenpai2011,#0,يا خو تخيلو معايا هوفا يزيدلنا اشتراك onlyfans في هوفا شوب,,
"2024-08-26,01:19:12",luffysenpai2011,#0,ok,crazy.steve#0,
"2024-08-26,01:19:15",3mybad,#0,rana nhdro ela lqhab,costwave#0,
"2024-08-26,01:19:16",nabbyman,#0,"نشري بيها كيتمان هوكو
وحده تمشي وحده ما تمشيش",costwave#0,
"2024-08-26,01:19:17",cre.7,#0,zyr ro7k,costwave#0,
"2024-08-26,01:19:27",luffysenpai2011,#0,اعطيني واحظ نحب القطوطة,crazy.steve#0,
"2024-08-26,01:19:28",crazy.steve,#0,🤣,nabbyman#0,
"2024-08-26,01:19:32",3mybad,#0,wlh rak rajl yzby zyr rohk,cre.7#0,
"2024-08-26,01:19:42",crazy.steve,#0,من وين نتا نجيبلك قط,luffysenpai2011#0,
"2024-08-26,01:19:50",luffysenpai2011,#0,نقصر برك,crazy.steve#0,
"2024-08-26,01:19:56",3mybad,#0,thb etota mchy lqtota,luffysenpai2011#0,
"2024-08-26,01:19:58",luffysenpai2011,#0,راني نحرش برك,crazy.steve#0,
"2024-08-26,01:20:02",costwave,#0,Hathi l qta takol w tshrob w  t5ra  bziyada 500 da rak dayha r5isa bzaaf asahbi,,
"2024-08-26,01:20:07",luffysenpai2011,#0,لا,3mybad#0,
"2024-08-26,01:20:10",crazy.steve,#0,والله غير نمد فيهم,luffysenpai2011#0,
"2024-08-26,01:20:15",luffysenpai2011,#0,مزال راك تداصر,3mybad#0,
"2024-08-26,01:20:25",3mybad,#0,raw ymd fiha qalk <@745770017030668289>,crazy.steve#0、cre.7#0,
"2024-08-26,01:20:25",nabbyman,#0,انا مانكلش هوما ياكلوا عليا,costwave#0,
"2024-08-26,01:20:26",luffysenpai2011,#0,مليح,crazy.steve#0,
"2024-08-26,01:20:28",nabbyman,#0,pause,,
"2024-08-26,01:20:32",crazy.steve,#0,(عندي الفاكتوري متتقلقوش عليا),,
"2024-08-26,01:20:33",costwave,#0,Naw,nabbyman#0,
"2024-08-26,01:20:38",nabbyman,#0,pausee,,
"2024-08-26,01:20:49",costwave,#0,PAUSE,,
"2024-08-26,01:20:50",nabbyman,#0,<:NIGGA_omg:1150394296680329226>,,
"2024-08-26,01:20:51",luffysenpai2011,#0,pause,nabbyman#0,
"2024-08-26,01:21:00",snor_ice,#0,السلام عليكم,,
"2024-08-26,01:21:01",costwave,#0,Aw nah,,
"2024-08-26,01:21:04",luffysenpai2011,#0,بلعقل,nabbyman#0,
"2024-08-26,01:21:09",luffysenpai2011,#0,و عليكم السلام,snor_ice#0,
"2024-08-26,01:21:12",costwave,#0,و عليكم السلام,snor_ice#0,
"2024-08-26,01:21:13",3mybad,#0,MRHBA BIIIIK,snor_ice#0,
"2024-08-26,01:21:17",snor_ice,#0,كيف حالكم,,
"2024-08-26,01:21:27",nabbyman,#0,يما ماتت,snor_ice#0,
"2024-08-26,01:21:29",3mybad,#0,KHOYA NTAYA SO3ODI??,snor_ice#0,
"2024-08-26,01:21:29",costwave,#0,😭,,
"2024-08-26,01:21:33",cre.7,#0,<@766451906973007872> ch7al,crazy.steve#0,
"2024-08-26,01:21:40",costwave,#0,شا دخل..,nabbyman#0,
"2024-08-26,01:21:45",luffysenpai2011,#0,الله يرحمها مسكينة,nabbyman#0,
"2024-08-26,01:21:47",costwave,#0,وتفككك,,
"2024-08-26,01:21:51",snor_ice,#0,الله يرحمها,nabbyman#0,
"2024-08-26,01:21:53",crazy.steve,#0,"حكاية ضريفة وحدوخرة:
شريت كيتمان جديد ساعة مكملتش فالدار قطعوهالي",nabbyman#0,
"2024-08-26,01:21:53",3mybad,#0,hhhhhhh,nabbyman#0,
"2024-08-26,01:22:03",crazy.steve,#0,مليون للقط,cre.7#0,
"2024-08-26,01:22:09",nabbyman,#0,شيطان قطعو,crazy.steve#0,
"2024-08-26,01:22:10",3mybad,#0,CHA7,nabbyman#0,
"2024-08-26,01:22:20",cre.7,#0,lala ch7al rak tmd fiha,crazy.steve#0,
"2024-08-26,01:22:27",nabbyman,#0,نضربو كف بليغا,,
"2024-08-26,01:22:30",luffysenpai2011,#0,هاك كلية,crazy.steve#0,
"2024-08-26,01:22:33",crazy.steve,#0,لقطوطة قطعوهولي,nabbyman#0,
"2024-08-26,01:22:35",3mybad,#0,mqwd hada raw ykwf froho,cre.7#0,
"2024-08-26,01:22:39",m7_.n8,#0,,,https://cdn.discordapp.com/attachments/1227367017661595708/1277422930158162024/Screenshot_2024-08-23-06-37-56-99.jpg?ex=672e028f&is=672cb10f&hm=cf1cd59a2fe41a5b078686e174b979d206f5107c06257cea78f800dcd7dbfcc6&
"2024-08-26,01:22:43",luffysenpai2011,#0,are you a girl,nabbyman#0,
"2024-08-26,01:22:47",crazy.steve,#0,باطل,cre.7#0,
"2024-08-26,01:22:51",3mybad,#0,bayn wld,luffysenpai2011#0,
"2024-08-26,01:22:55",costwave,#0,Its 1am b4..,m7_.n8#0,
"2024-08-26,01:22:58",luffysenpai2011,#0,وشبيه طول ديالو,m7_.n8#0,
"2024-08-26,01:22:58",crazy.steve,#0,هات 🤣,luffysenpai2011#0,
"2024-08-26,01:22:59",snor_ice,#0,يازح اتكلم نورمال مانفهمش,3mybad#0,
"2024-08-26,01:23:03",3mybad,#0,etn ak47,m7_.n8#0,
"2024-08-26,01:23:03",luffysenpai2011,#0,not you,3mybad#0,
"2024-08-26,01:23:05",nabbyman,#0,femboy انا,luffysenpai2011#0,
"2024-08-26,01:23:08",snor_ice,#0,يوم اخر نوم بدون كات قيرل,m7_.n8#0,
"2024-08-26,01:23:14",luffysenpai2011,#0,gay,nabbyman#0,
"2024-08-26,01:23:18",crazy.steve,#0,Chkon nta,snor_ice#0,
"2024-08-26,01:23:20",costwave,#0,Can yall stfu,,
"2024-08-26,01:23:24",chlorophyte_enjoyer,#0,Say less,nabbyman#0,
"2024-08-26,01:23:25",snor_ice,#0,انا,crazy.steve#0,
"2024-08-26,01:23:27",3mybad,#0,ik yban wld ktr mnii,luffysenpai2011#0,
"2024-08-26,01:23:30",chlorophyte_enjoyer,#0,No,costwave#0,
"2024-08-26,01:23:31",3mybad,#0,BHHHH,chlorophyte_enjoyer#0,
"2024-08-26,01:23:32",crazy.steve,#0,وتفاك,nabbyman#0,
"2024-08-26,01:23:34",costwave,#0,GAWD DAYUM,nabbyman#0,
"2024-08-26,01:23:34",m7_.n8,#0,,costwave#0,https://cdn.discordapp.com/attachments/1227367017661595708/1277423160580640799/image0.gif?ex=672e02c6&is=672cb146&hm=da861d67b7a896db4d3feeff80e99cb82e060fa975fa2be7651a377106c5247f&
"2024-08-26,01:23:40",chlorophyte_enjoyer,#0,Kys dorthless subhuman ponkey,,
"2024-08-26,01:23:42",costwave,#0,😔,chlorophyte_enjoyer#0,
"2024-08-26,01:23:42",luffysenpai2011,#0,wtf,3mybad#0,
"2024-08-26,01:23:45",costwave,#0,Ayyyyy,m7_.n8#0,
"2024-08-26,01:23:50",m7_.n8,#0,,3mybad#0,https://cdn.discordapp.com/attachments/1227367017661595708/1277423226435272704/image0.gif?ex=672e02d6&is=672cb156&hm=9accc031f9ca264ab6bf6477ad25ec66703e757f244043164b99217319d3a48f&
"2024-08-26,01:23:54",cre.7,#0,😍,crazy.steve#0,
"2024-08-26,01:23:56",luffysenpai2011,#0,متشبه بالنساء,3mybad#0,
"2024-08-26,01:23:59",costwave,#0,Naw,chlorophyte_enjoyer#0,
"2024-08-26,01:24:11",costwave,#0,<:NIGGA_omg:1150394296680329226>,luffysenpai2011#0,
"2024-08-26,01:24:12",snor_ice,#0,<:Dead_inside:1150410964659863592> اريد ارسال صور,m7_.n8#0,
"2024-08-26,01:24:22",costwave,#0,تريد ارسالها؟,snor_ice#0,
"2024-08-26,01:24:31",3mybad,#0,jmie wahd tlqah dayr tswira kima hdo     <@1195134511546105958>  <@1180425486720041032>  taerf bli wld,luffysenpai2011#0、0_gf#0、m7_.n8#0,
"2024-08-26,01:24:35",crazy.steve,#0,باطل (مليون برك)باطل يا مواطن,cre.7#0,
"2024-08-26,01:24:47",m7_.n8,#0,Pay for it,snor_ice#0,https://cdn.discordapp.com/attachments/1227367017661595708/1277423465737228383/image0.gif?ex=672e030f&is=672cb18f&hm=21d22b92e555ef9e932ba9109a6d0196cc0603fe1ec85d12624e0d0dfffba51b&
"2024-08-26,01:24:48",costwave,#0,Aw heck naw,crazy.steve#0,
"2024-08-26,01:24:51",3mybad,#0,khlo zawali y3ich,crazy.steve#0,
"2024-08-26,01:24:52",snor_ice,#0,ايه,costwave#0,
"2024-08-26,01:24:56",luffysenpai2011,#0,متشبهون بالنساء,3mybad#0,
"2024-08-26,01:24:59",costwave,#0,😭,snor_ice#0,
"2024-08-26,01:25:00",m7_.n8,#0,Frr,3mybad#0,
"2024-08-26,01:25:06",costwave,#0,Yoo chill <:NIGGA_omg:1150394296680329226>,luffysenpai2011#0,
"2024-08-26,01:25:10",3mybad,#0,ah ya gordon luseless,luffysenpai2011#0,
"2024-08-26,01:25:24",3mybad,#0,tahan wfrhan hh,m7_.n8#0,
"2024-08-26,01:25:43",3mybad,#0,trap king wsh khsk,costwave#0,
"2024-08-26,01:25:44",m7_.n8,#0,Mytwlch w n7wih,3mybad#0,https://cdn.discordapp.com/attachments/1227367017661595708/1277423702287581215/image0.gif?ex=672e0348&is=672cb1c8&hm=09798595b25a12d4a2f54eb35055df2c12f980fb9c9e48efd69a9b581ebcd26c&
"2024-08-26,01:25:46",snor_ice,#0,اتكلموا نورمال,,
"2024-08-26,01:25:53",costwave,#0,Frfr bro,3mybad#0,
"2024-08-26,01:25:54",nabbyman,#0,الي طاقيني نوريلو حجا,,
"2024-08-26,01:25:56",3mybad,#0,oghloq zokk nta tan,snor_ice#0,
"2024-08-26,01:25:56",a.fouad,#0,سلام عليكم,,
"2024-08-26,01:26:09",3mybad,#0,sa3a wnta tktb bch tqol salam,a.fouad#0,
"2024-08-26,01:26:11",costwave,#0,<@1215768550132682804>,nabbyman#0,
"2024-08-26,01:26:11",snor_ice,#0,وعلاه صبعت روحك,,
"2024-08-26,01:26:15",costwave,#0,I got curious,,
"2024-08-26,01:26:16",3mybad,#0,nikmha cha3b zbi hado,,
"2024-08-26,01:26:22",chlorophyte_enjoyer,#0,"No bröther  
Eat zome öats",nabbyman#0,
"2024-08-26,01:26:22",a.fouad,#0,هدا وين جيت,3mybad#0,
"2024-08-26,01:26:25",nabbyman,#0,اوك dm,costwave#0,
"2024-08-26,01:26:30",crazy.steve,#0,"فيم بوي شا يوري ؟
كوسبلاي تاع شينوبو",nabbyman#0,
"2024-08-26,01:26:34",m7_.n8,#0,U have mental issues,a.fouad#0,
"2024-08-26,01:26:36",chlorophyte_enjoyer,#0,<:Dead_inside:1150410964659863592>,nabbyman#0,
"2024-08-26,01:26:39",3mybad,#0,stfu  malpa,a.fouad#0,
"2024-08-26,01:26:44",m7_.n8,#0,7at reaction l ro7o,,
"2024-08-26,01:26:57",snor_ice,#0,7يعني ايش,m7_.n8#0,
"2024-08-26,01:26:59",snor_ice,#0,نسيت,,
"2024-08-26,01:27:02",luffysenpai2011,#0,راني نحرش برك,,
"2024-08-26,01:27:04",a.fouad,#0,🏳️‍🌈,,
"2024-08-26,01:27:08",m7_.n8,#0,ح,snor_ice#0,
"2024-08-26,01:27:10",3mybad,#0,mtwahd,m7_.n8#0,
"2024-08-26,01:27:11",luffysenpai2011,#0,ما تدوهاش سيريو,,
"2024-08-26,01:27:15",crazy.steve,#0,<@1215768550132682804> كوسبلاي تاع شينوبو بليييز 🥺🥺,nabbyman#0,
"2024-08-26,01:27:18",luffysenpai2011,#0,pause,,
"2024-08-26,01:27:20",snor_ice,#0,اها,m7_.n8#0,
"2024-08-26,01:27:20",3mybad,#0,s3odi tae zbi,snor_ice#0,
"2024-08-26,01:27:24",3mybad,#0,nikkhaltk,,
"2024-08-26,01:27:33",snor_ice,#0,؟,3mybad#0,
"2024-08-26,01:27:44",chlorophyte_enjoyer,#0,<@1215768550132682804>  كوسبلاي تاع لودويق من بلودبورن بليز,nabbyman#0,
"2024-08-26,01:27:46",m7_.n8,#0,,3mybad#0,https://cdn.discordapp.com/attachments/1227367017661595708/1277424215972380683/image0.gif?ex=672e03c2&is=672cb242&hm=56fbde954fd44afa345893e224c807dc0eba78c62f5111f48883674e6aa45412&
"2024-08-26,01:27:56",3mybad,#0,ah nsit,,
"2024-08-26,01:27:59",snor_ice,#0,احشم,3mybad#0,
"2024-08-26,01:28:10",crazy.steve,#0,Walo Roh trkod,snor_ice#0,
"2024-08-26,01:28:19",3mybad,#0,اي ت,snor_ice#0,
"2024-08-26,01:28:27",luffysenpai2011,#0,سمحلي بدون اهانة بصح  التصويرة تاعك تبان راح تخطف ذراري صغار,3mybad#0,
"2024-08-26,01:28:40",chlorophyte_enjoyer,#0,في الشباب,luffysenpai2011#0,
"2024-08-26,01:28:45",crazy.steve,#0,🤣🤣 بيدوفيل,luffysenpai2011#0,
"2024-08-26,01:28:56",m7_.n8,#0,It's time,,https://cdn.discordapp.com/attachments/1227367017661595708/1277424509787312169/image0.gif?ex=672e0408&is=672cb288&hm=e1d2dab46e563fa8d147ad0eeeba7f65dc6dcf66b5b1f97f352e455f5dcf6bf1&
"2024-08-26,01:29:03",luffysenpai2011,#0,راني نحرش برك ما تدبهاش سيريو ما تزعفش برك,,
"2024-08-26,01:29:15",nabbyman,#0,<@763790502444531792> فجأتو 😉,costwave#0,
"2024-08-26,01:29:38",costwave,#0,😎🔥,nabbyman#0,
"2024-08-26,01:29:50",snor_ice,#0,وعلاه تحشم قول تحب ترما <@763790502444531792>,costwave#0,
"2024-08-26,01:29:51",crazy.steve,#0,<@763790502444531792> شا ورالك؟,costwave#0,
"2024-08-26,01:30:04",costwave,#0,احب الترااب,snor_ice#0,
"2024-08-26,01:30:07",chlorophyte_enjoyer,#0,محاجب حارين 🤤,crazy.steve#0,
"2024-08-26,01:30:17",costwave,#0,Cats 😍,crazy.steve#0,
"2024-08-26,01:30:21",crazy.steve,#0,🤣🤣 جوعتني,chlorophyte_enjoyer#0,
"2024-08-26,01:30:24",snor_ice,#0,كذابب,costwave#0,
"2024-08-26,01:30:26",3mybad,#0,ram flbasement,luffysenpai2011#0,
"2024-08-26,01:30:29",3mybad,#0,kolyom nik wahd,,
"2024-08-26,01:30:33",3mybad,#0,ela hsab gosto,,
"2024-08-26,01:30:34",costwave,#0,WHA DAFK,snor_ice#0,
"2024-08-26,01:30:40",luffysenpai2011,#0,wtf,3mybad#0,
"2024-08-26,01:30:40",snor_ice,#0,اي واحد يدير دا اموجي احسه يقصد شيء ثاني,chlorophyte_enjoyer#0,
"2024-08-26,01:30:43",luffysenpai2011,#0,wtf,3mybad#0,
"2024-08-26,01:30:49",3mybad,#0,nta habit hh,luffysenpai2011#0,
"2024-08-26,01:30:55",crazy.steve,#0,صبح خراولي فوق الكوفيرطا تاعي,costwave#0,
"2024-08-26,01:30:57",3mybad,#0,hada ishiin qadro,,
"2024-08-26,01:31:01",costwave,#0,محااجب hot 🤤,snor_ice#0,
"2024-08-26,01:31:02",snor_ice,#0,يازح عيباد مراض,,
"2024-08-26,01:31:13",costwave,#0,Yummy,crazy.steve#0,
"2024-08-26,01:31:16",luffysenpai2011,#0,يا خو وقيلا هذاك لي تضاربت معاه خرج من السيرفر,3mybad#0,
"2024-08-26,01:31:17",crazy.steve,#0,ناقص في عقلك,snor_ice#0,
"2024-08-26,01:31:32",crazy.steve,#0,💀 wtf,costwave#0,
"2024-08-26,01:31:33",luffysenpai2011,#0,هذاك لي عندو  تصويرة تاعو ايتاشي,,
"2024-08-26,01:31:34",costwave,#0,Nta mrith mn mokhk,snor_ice#0,
"2024-08-26,01:31:44",chlorophyte_enjoyer,#0,"مانيش مريض 
انا الجيلالي عمري 60  مطلق عندي 7 ذراري 
نحب المحاجب الحارين",snor_ice#0,
"2024-08-26,01:31:46",costwave,#0,😎,crazy.steve#0,
"2024-08-26,01:31:48",crazy.steve,#0,وش راحلك فيه؟,luffysenpai2011#0,
"2024-08-26,01:31:59",luffysenpai2011,#0,الحمد الله كي خرج,crazy.steve#0,
"2024-08-26,01:32:02",costwave,#0,Hot mhajeb 🤤🔥,chlorophyte_enjoyer#0,
"2024-08-26,01:32:09",luffysenpai2011,#0,تهنيت منو,crazy.steve#0,
"2024-08-26,01:32:18",snor_ice,#0,عندك وحدة بنت؟,chlorophyte_enjoyer#0,
"2024-08-26,01:32:19",crazy.steve,#0,توسوستلك,costwave#0,
"2024-08-26,01:32:22",3mybad,#0,tnak bik bih bli jabk,luffysenpai2011#0,
"2024-08-26,01:32:24",costwave,#0,Maw,crazy.steve#0,
"2024-08-26,01:32:27",costwave,#0,Naw***,,
"2024-08-26,01:32:28",chlorophyte_enjoyer,#0,واه,snor_ice#0,
"2024-08-26,01:32:30",crazy.steve,#0,يب تهنيا,luffysenpai2011#0,
"2024-08-26,01:32:35",chlorophyte_enjoyer,#0,مانزوجهاش,,
"2024-08-26,01:32:38",snor_ice,#0,جيبب,chlorophyte_enjoyer#0,
"2024-08-26,01:32:41",chlorophyte_enjoyer,#0,عمرها 8,,
"2024-08-26,01:32:47",costwave,#0,Oooo,chlorophyte_enjoyer#0,
"2024-08-26,01:32:48",luffysenpai2011,#0,fbi open up,chlorophyte_enjoyer#0,
"2024-08-26,01:32:53",costwave,#0,Lmfao,,
"2024-08-26,01:32:56",chlorophyte_enjoyer,#0,ياو بنتي,,
"2024-08-26,01:33:00",costwave,#0,Pdf fille ngl,,
"2024-08-26,01:33:01",nabbyman,#0,الي تاقيني نبعتلو,,
"2024-08-26,01:33:01",3mybad,#0,eskto,,
"2024-08-26,01:33:02",luffysenpai2011,#0,aaaaah ok,chlorophyte_enjoyer#0,
"2024-08-26,01:33:07",crazy.steve,#0,عادي نحب الصغار عادي,chlorophyte_enjoyer#0,
"2024-08-26,01:33:14",luffysenpai2011,#0,ok,,
"2024-08-26,01:33:18",nabbyman,#0,<:NIGGA_omg:1150394296680329226>,crazy.steve#0,
"2024-08-26,01:33:31",chlorophyte_enjoyer,#0,3 حبات محاجب و اديها,crazy.steve#0,
"2024-08-26,01:33:33",3mybad,#0,anaaa😎,costwave#0,
"2024-08-26,01:33:36",costwave,#0,Pdf fille in counter,crazy.steve#0,
"2024-08-26,01:33:38",luffysenpai2011,#0,ماشي لي كاين في راسك,nabbyman#0,
"2024-08-26,01:33:39",crazy.steve,#0,كوسبلاي تاع نامي؟,nabbyman#0,
"2024-08-26,01:33:41",costwave,#0,Ayyyy,3mybad#0,
"2024-08-26,01:33:43",costwave,#0,😎,,
"2024-08-26,01:33:57",luffysenpai2011,#0,استخدم عليها gear second,crazy.steve#0,
"2024-08-26,01:33:59",3mybad,#0,ni hab nkon victim tae tata,,
"2024-08-26,01:34:02",3mybad,#0,vive tatat,,
"2024-08-26,01:34:02",crazy.steve,#0,Bet غدوة راني جاي نديرلها الخاتم,chlorophyte_enjoyer#0,
"2024-08-26,01:34:20",luffysenpai2011,#0,راك فتهم وشنو,,
"2024-08-26,01:34:30",crazy.steve,#0,💀🤣,luffysenpai2011#0,
"2024-08-26,01:34:32",3mybad,#0,who?,luffysenpai2011#0,
"2024-08-26,01:34:35",costwave,#0,Ana jami tfrarjt anime bs7 n3sh9 f nami 😂,luffysenpai2011#0,
"2024-08-26,01:34:43",luffysenpai2011,#0,لي يحوس على نامي,3mybad#0,
"2024-08-26,01:34:46",chlorophyte_enjoyer,#0,Ni hab nkot victim ta3 femboy ykono 3ndi eltram,3mybad#0,
"2024-08-26,01:34:52",chlorophyte_enjoyer,#0,No homo,,
"2024-08-26,01:34:54",luffysenpai2011,#0,كيف كيف,costwave#0,
"2024-08-26,01:34:59",costwave,#0,Hhhhh,luffysenpai2011#0,
"2024-08-26,01:34:59",nabbyman,#0,عجباتك؟؟: 😉,crazy.steve#0,
"2024-08-26,01:35:02",3mybad,#0,WHO TF ASK 😎 🔥,luffysenpai2011#0,
"2024-08-26,01:35:05",snor_ice,#0,نيتي,luffysenpai2011#0,
"2024-08-26,01:35:15",3mybad,#0,TF VICTIM TAE FEMBOY?????,chlorophyte_enjoyer#0,
"2024-08-26,01:35:16",crazy.steve,#0,ملحفني والو,nabbyman#0,
"2024-08-26,01:35:16",3mybad,#0,HOW,,
"2024-08-26,01:35:20",luffysenpai2011,#0,<@766451906973007872>,3mybad#0、crazy.steve#0,
"2024-08-26,01:35:27",3mybad,#0,YHWIK FEMBOY KBIR ??,,
"2024-08-26,01:35:28",luffysenpai2011,#0,لي يحوس عليها,,
"2024-08-26,01:35:35",3mybad,#0,who???,luffysenpai2011#0,
"2024-08-26,01:35:37",chlorophyte_enjoyer,#0,La ana nahwih,3mybad#0,
"2024-08-26,01:35:46",3mybad,#0,<:therockreaction5:1152013878641819768>,chlorophyte_enjoyer#0,
"2024-08-26,01:35:48",nabbyman,#0,دوك نبعثلك,3mybad#0,
"2024-08-26,01:35:52",chlorophyte_enjoyer,#0,And جيلالي ma yahwini hta wahed,,
"2024-08-26,01:35:58",luffysenpai2011,#0,<@766451906973007872> يحوس على الكوسبلاي تاع نامي,3mybad#0、crazy.steve#0,
"2024-08-26,01:36:01",3mybad,#0,qwd mnmdhach ana,nabbyman#0,
"2024-08-26,01:36:06",costwave,#0,Adolf filled me || with power || 😉,,
"2024-08-26,01:36:16",luffysenpai2011,#0,heil hitler,costwave#0,
"2024-08-26,01:36:22",costwave,#0,Frfr,luffysenpai2011#0,
"2024-08-26,01:36:22",nabbyman,#0,كمك,3mybad#0,
"2024-08-26,01:36:26",crazy.steve,#0,🤤🤤 شحال شابة,nabbyman#0,
"2024-08-26,01:36:34",costwave,#0,كم نتاع تريكو؟؟,nabbyman#0,
"2024-08-26,01:36:39",luffysenpai2011,#0,شكون,crazy.steve#0,
"2024-08-26,01:36:42",costwave,#0,🔥😧,crazy.steve#0,
"2024-08-26,01:36:44",3mybad,#0,mqwda tmd trmtk wyzido yrofzok hh,nabbyman#0,
"2024-08-26,01:36:59",crazy.steve,#0,الكوسبلاي 🤤,luffysenpai2011#0,
"2024-08-26,01:37:01",luffysenpai2011,#0,wowowowoow بلعقل خويا,3mybad#0,
"2024-08-26,01:37:04",nabbyman,#0,ياخو شوفها وتفهم,3mybad#0,
"2024-08-26,01:37:06",luffysenpai2011,#0,روح للهب 🟧⬛,crazy.steve#0,
"2024-08-26,01:37:09",crazy.steve,#0,يب 🤤💗,costwave#0,
"2024-08-26,01:37:16",nabbyman,#0,مبغل,,
"2024-08-26,01:37:18",costwave,#0,😂🔥,crazy.steve#0,
"2024-08-26,01:37:27",luffysenpai2011,#0,حوس عليها و تلقى كوسبلاي تاع نامي,nabbyman#0,
"2024-08-26,01:37:31",3mybad,#0,b3atli tswira flou,nabbyman#0,
"2024-08-26,01:37:34",3mybad,#0,yzby tf,,
"2024-08-26,01:37:43",costwave,#0,مبغل a word that my physics teacher used to spell on me 🙏🏻😔,nabbyman#0,
"2024-08-26,01:37:57",3mybad,#0,khi mbghl,costwave#0,
"2024-08-26,01:37:58",nabbyman,#0,انا فيزياء,costwave#0,
"2024-08-26,01:37:59",3mybad,#0,qwd tqra,,
"2024-08-26,01:38:07",costwave,#0,:0,nabbyman#0,
"2024-08-26,01:38:12",crazy.steve,#0,R.I.P مبغل,costwave#0,
"2024-08-26,01:38:12",luffysenpai2011,#0,وش تدير اذا ما قرتيش,3mybad#0,
"2024-08-26,01:38:24",costwave,#0,Ra7t fiya mbaghll??????,crazy.steve#0,
"2024-08-26,01:38:26",3mybad,#0,npki,luffysenpai2011#0,
"2024-08-26,01:38:29",costwave,#0,Ayooo???,,
"2024-08-26,01:38:34",chlorophyte_enjoyer,#0,جماعة لي حاب يشوف تصاور ساخنة يجي بريفي,,
"2024-08-26,01:38:35",luffysenpai2011,#0,ok,3mybad#0,
"2024-08-26,01:38:37",crazy.steve,#0,اه,costwave#0,
"2024-08-26,01:38:38",chlorophyte_enjoyer,#0,🔥,,
"2024-08-26,01:38:53",luffysenpai2011,#0,لا صحيت ما نسحقش شوفهم وحدك,chlorophyte_enjoyer#0,
"2024-08-26,01:38:54",3mybad,#0,tnktlha nta tan hh,chlorophyte_enjoyer#0,
"2024-08-26,01:39:26",nabbyman,#0,قريب مت كي معرفتش شكون جبدو في عام 1800,,
"2024-08-26,01:39:42",costwave,#0,1800 good old days 😥😔,nabbyman#0,
"2024-08-26,01:39:50",3mybad,#0,yakho yrhm tizmok wsh rak ba3t,nabbyman#0,
"2024-08-26,01:39:52",0_gf,#0,nigggaa,,
"2024-08-26,01:39:53",3mybad,#0,tswira flou,,
"2024-08-26,01:39:56",luffysenpai2011,#0,when hitler was born,costwave#0,
"2024-08-26,01:39:57",3mybad,#0,blae,0_gf#0,
"2024-08-26,01:40:07",3mybad,#0,95465,luffysenpai2011#0,
"2024-08-26,01:40:07",luffysenpai2011,#0,اقلبو كلمة brown,,
"2024-08-26,01:40:16",3mybad,#0,nworb,luffysenpai2011#0,
"2024-08-26,01:40:19",costwave,#0,Nworb,,
"2024-08-26,01:40:20",luffysenpai2011,#0,9112001,3mybad#0,
"2024-08-26,01:40:25",3mybad,#0,655614,luffysenpai2011#0,
"2024-08-26,01:40:27",nabbyman,#0,ياخو لي ميفهمش قاي,3mybad#0,
"2024-08-26,01:40:29",crazy.steve,#0,<:NIGGA_omg:1150394296680329226>,nabbyman#0,
"2024-08-26,01:40:30",nabbyman,#0,<:gigachad:1150419236989186078>,,
"2024-08-26,01:40:32",costwave,#0,Nigga,luffysenpai2011#0,
"2024-08-26,01:40:37",luffysenpai2011,#0,نحو b رجعو d,costwave#0,
"2024-08-26,01:40:42",luffysenpai2011,#0,صحيح,costwave#0,
"2024-08-26,01:40:44",0_gf,#0,واقيل انا معنديش مشاعر,,
"2024-08-26,01:40:47",costwave,#0,😎,luffysenpai2011#0,
"2024-08-26,01:40:55",3mybad,#0,etn ak47,0_gf#0,
"2024-08-26,01:40:58",costwave,#0,واقيل,0_gf#0,
"2024-08-26,01:40:59",nabbyman,#0,روح مشاعر تاعك,0_gf#0,
"2024-08-26,01:41:12",3mybad,#0,blae ASI,nabbyman#0,
"2024-08-26,01:41:12",costwave,#0,Desert eagle will do the job ig?,0_gf#0,
"2024-08-26,01:41:22",0_gf,#0,احححح تصويرتك نحكمك نركبك فوق برج خليفة,nabbyman#0,
"2024-08-26,01:41:31",nabbyman,#0,<:uncannycat:1152013915954352148> <:uncannycat:1152013915954352148>,0_gf#0,
"2024-08-26,01:41:36",0_gf,#0,ye he will <a:GojoTwerk:1022252564181418035>,costwave#0,
"2024-08-26,01:41:42",costwave,#0,Same thoughs,0_gf#0,
"2024-08-26,01:41:43",luffysenpai2011,#0,الأستاذة كي يقساة جوني سيني وش حاب يولي كي يكبر,,
"2024-08-26,01:41:45",0_gf,#0,amricaaaaaa,3mybad#0,
"2024-08-26,01:41:52",costwave,#0,🤠🔥,0_gf#0,
"2024-08-26,01:41:55",3mybad,#0,khawti kayn bug fdiscord,,
"2024-08-26,01:41:57",nabbyman,#0,باب osama,,
"2024-08-26,01:42:02",nabbyman,#0,بابا,,
"2024-08-26,01:42:03",luffysenpai2011,#0,وشنو هو,3mybad#0,
"2024-08-26,01:42:16",nabbyman,#0,mchi hadak osama,,
"2024-08-26,01:42:18",luffysenpai2011,#0,وشبيه,nabbyman#0,
"2024-08-26,01:42:20",costwave,#0,Ossama is my idol 😍,nabbyman#0,
"2024-08-26,01:42:20",3mybad,#0,pc taei btime tae poland wdiscord btime tae dz,luffysenpai2011#0,
"2024-08-26,01:42:37",luffysenpai2011,#0,دير بتيليفون,,
"2024-08-26,01:42:42",crazy.steve,#0,محامي.بيطري.طبيب.نجار.مهمهندس.ماصو.يبيع الشمة والدخان,luffysenpai2011#0,
"2024-08-26,01:42:56",costwave,#0,Ossama ✈️🏰🏰,nabbyman#0,
"2024-08-26,01:42:57",luffysenpai2011,#0,عاون بزاف عائلات,crazy.steve#0,
"2024-08-26,01:42:58",0_gf,#0,,nabbyman#0,
"2024-08-26,01:43:03",costwave,#0,Ayyo,0_gf#0,
"2024-08-26,01:43:04",luffysenpai2011,#0,9/11,costwave#0,
"2024-08-26,01:43:05",crazy.steve,#0,يب,luffysenpai2011#0,
"2024-08-26,01:43:10",costwave,#0,Heck yaw,luffysenpai2011#0,
"2024-08-26,01:43:13",nabbyman,#0,lair,0_gf#0,
"2024-08-26,01:43:13",costwave,#0,🔥🤠,,
"2024-08-26,01:43:16",nabbyman,#0,fk,,
"2024-08-26,01:43:18",luffysenpai2011,#0,بالبذنجان,crazy.steve#0,
"2024-08-26,01:43:31",costwave,#0,<@1142540508183416883> YOOOO,2jz.o7#0,
"2024-08-26,01:43:51",2jz.o7,#0,Oui ?,costwave#0,
"2024-08-26,01:44:02",costwave,#0,Wsp 😎👍🏻,2jz.o7#0,
"2024-08-26,01:44:02",luffysenpai2011,#0,<@1142540508183416883> وش درتلها لمدامتك ايمي,2jz.o7#0,
"2024-08-26,01:44:02",crazy.steve,#0,💀💀💀,,
"2024-08-26,01:44:05",0_gf,#0,مكش حاب تركب فوق برج خليفة وتقول siuuu,nabbyman#0,
"2024-08-26,01:44:25",3mybad,#0,jaw zwaml,,
"2024-08-26,01:44:25",nabbyman,#0,انا ميسي,0_gf#0,
"2024-08-26,01:44:28",0_gf,#0,باغي نقلك حاجة لعزيز,2jz.o7#0,
"2024-08-26,01:44:30",2jz.o7,#0,Telement vitesse ana wmfhmtch,luffysenpai2011#0,
"2024-08-26,01:44:30",costwave,#0,نفتحك فوق برج خليفة ويعيط سييييي,0_gf#0,
"2024-08-26,01:44:34",nabbyman,#0,غلط,0_gf#0,
"2024-08-26,01:44:43",0_gf,#0,,nabbyman#0,
"2024-08-26,01:44:48",0_gf,#0,سييي,costwave#0,
"2024-08-26,01:44:54",luffysenpai2011,#0,وش درتلها لمدامتك ايمي في الليلة لي فاتت,2jz.o7#0,
"2024-08-26,01:45:08",2jz.o7,#0,Zlig zlag,luffysenpai2011#0,
"2024-08-26,01:45:13",costwave,#0,Same same u will say ankara messi instead,nabbyman#0,
"2024-08-26,01:45:22",costwave,#0,🤠🔥,2jz.o7#0,
"2024-08-26,01:45:24",luffysenpai2011,#0,هذاك لي في تفكيري,2jz.o7#0,
"2024-08-26,01:45:29",3mybad,#0,nta lego piece 87621pb01,nabbyman#0,
"2024-08-26,01:45:32",2jz.o7,#0,wch,0_gf#0,
"2024-08-26,01:45:43",0_gf,#0,حابب ندربك بيه خوية لعزيز,2jz.o7#0,
"2024-08-26,01:45:47",0_gf,#0,شاريوووكن,,
"2024-08-26,01:45:49",0_gf,#0,,,
"2024-08-26,01:45:51",costwave,#0,Hhhhh,3mybad#0,
"2024-08-26,01:45:55",luffysenpai2011,#0,نتا اسرع من كيزارو,2jz.o7#0,
"2024-08-26,01:46:11",2jz.o7,#0,Wch hadaa charyokn,0_gf#0,
"2024-08-26,01:46:14",costwave,#0,U are email???,0_gf#0,
"2024-08-26,01:46:17",crazy.steve,#0,خاوتي نسحقكم تعطوني نصائح باش نقدر نهدر مع لبنات لاني اخر مرة هدرت معايا طفلة كانت حابة تدي النيميرو تاعي (متسقسونيش علاه لاني للدك معرفتش) من كثر الخوف دخلت فيخا بدبزة,,
"2024-08-26,01:46:28",0_gf,#0,نتع فايت ستريت,2jz.o7#0,
"2024-08-26,01:46:30",3mybad,#0,street fighter yzbii,2jz.o7#0,
"2024-08-26,01:46:32",0_gf,#0,انسى خلاص,,
"2024-08-26,01:46:40",luffysenpai2011,#0,اهم حاجة اهدر معاها باحترام,crazy.steve#0,
"2024-08-26,01:47:02",luffysenpai2011,#0,لأن احترام أهم شيء,,
"2024-08-26,01:47:04",crazy.steve,#0,جات مورايا حسيتها راح تغدرني 🥺💔,luffysenpai2011#0,
"2024-08-26,01:47:12",2jz.o7,#0,Hadoken n3rf machi charyoken,3mybad#0,
"2024-08-26,01:47:29",0_gf,#0,,costwave#0,
"2024-08-26,01:47:31",luffysenpai2011,#0,يا ودي اذا غدراتك اختار واحدة ماشي خداعة,crazy.steve#0,
"2024-08-26,01:47:36",0_gf,#0,i am a helicopter,,
"2024-08-26,01:47:37",3mybad,#0,lzoj khdmhom ryu wken,2jz.o7#0,
"2024-08-26,01:47:50",3mybad,#0,wlzoj maerofin,,
"2024-08-26,01:48:03",crazy.steve,#0,مي كيفاه نقدر نهدر مع لبنات بلا ما تخاف,luffysenpai2011#0,
"2024-08-26,01:48:06",0_gf,#0,المهم,,
"2024-08-26,01:48:09",0_gf,#0,smash,,
"2024-08-26,01:48:11",0_gf,#0,,,
"2024-08-26,01:48:13",3mybad,#0,attack hellocopter,0_gf#0,
"2024-08-26,01:48:19",costwave,#0,قولها my hoe drop me digits so i can drop them melons down thee beddd yeahahayayayahay,crazy.steve#0,
"2024-08-26,01:48:19",2jz.o7,#0,Mn3lbch les jeux bzf w street fighter la3bo f ps2 3ndha ktr mn 10ans,3mybad#0,
"2024-08-26,01:48:19",costwave,#0,Sbi lag,,
"2024-08-26,01:48:25",luffysenpai2011,#0,كونك راجل ما تخافش,crazy.steve#0,
"2024-08-26,01:48:26",costwave,#0,😔,0_gf#0,
"2024-08-26,01:48:41",3mybad,#0,whooo?,2jz.o7#0,
"2024-08-26,01:48:46",costwave,#0,Nuh uh just say hoe for more respect,luffysenpai2011#0,
"2024-08-26,01:49:03",crazy.steve,#0,💀💔 قصيدة تاع الحبس هاذي,costwave#0,
"2024-08-26,01:49:10",costwave,#0,روح حلب الاطفال في ليكور,crazy.steve#0,
"2024-08-26,01:49:21",3mybad,#0,<:hank39:1152015910882791534> <:hollow46:1152015919900545065>,costwave#0,
"2024-08-26,01:49:29",crazy.steve,#0,منعرفش كيفاه نتخلص من الخوف تاعي هذا,luffysenpai2011#0,
"2024-08-26,01:49:32",luffysenpai2011,#0,يا خو ابتسم في حوارك الحاجة اللولة,crazy.steve#0,
"2024-08-26,01:49:32",costwave,#0,😎,3mybad#0,
"2024-08-26,01:49:42",0_gf,#0,,3mybad#0,https://cdn.discordapp.com/attachments/1227367017661595708/1277429736573898933/image0.gif?ex=672e08e6&is=672cb766&hm=46965a8cbc9a8cfcf5a22e975da80208892a85323b59d69fc9ff0f77ac46687a&
"2024-08-26,01:49:52",costwave,#0,اهدر معا مك بزاف باه توالف,crazy.steve#0,
"2024-08-26,01:50:04",crazy.steve,#0,ناه باش تحكيلي حكاية البالي اواه لالا,costwave#0,
"2024-08-26,01:50:04",3mybad,#0,tahli cj emmmm,0_gf#0,
"2024-08-26,01:50:12",luffysenpai2011,#0,ابداو احكو على الذكريات,,
"2024-08-26,01:50:15",costwave,#0,Takes 99 ss ( YOU ARE ALL MINE ),0_gf#0,
"2024-08-26,01:50:22",3mybad,#0,tchfa ki kont nik fik,luffysenpai2011#0,
"2024-08-26,01:50:24",3mybad,#0,JK,,
"2024-08-26,01:50:29",costwave,#0,Mhm,crazy.steve#0,
"2024-08-26,01:50:32",crazy.steve,#0,كل يوم معاها (توسوستلك),costwave#0,
"2024-08-26,01:50:34",luffysenpai2011,#0,نطيحلك وقيلا,3mybad#0,
"2024-08-26,01:50:40",costwave,#0,🙏🏻😭,crazy.steve#0,
"2024-08-26,01:50:42",0_gf,#0,,costwave#0,
"2024-08-26,01:50:43",3mybad,#0,JK,luffysenpai2011#0,
"2024-08-26,01:50:44",0_gf,#0,nigga whaaat,,
"2024-08-26,01:50:52",luffysenpai2011,#0,حبس,3mybad#0,
"2024-08-26,01:50:55",0_gf,#0,,3mybad#0,
"2024-08-26,01:50:58",3mybad,#0,kk sry,luffysenpai2011#0,
"2024-08-26,01:51:01",costwave,#0,لعب معا شيرات كي لبالون دور و لي جات جات,crazy.steve#0,
"2024-08-26,01:51:07",luffysenpai2011,#0,no problem,3mybad#0,
"2024-08-26,01:51:19",3mybad,#0,wash ya bouzid,,
"2024-08-26,01:51:24",costwave,#0,It got patched 😔,0_gf#0,
"2024-08-26,01:51:24",3mybad,#0,cv hbb,,
"2024-08-26,01:51:28",crazy.steve,#0,🤔🤔🤔,costwave#0,
"2024-08-26,01:51:28",x_bzd_x,#0,wach bikom l memers ketro lghamlin ya zbi,,
"2024-08-26,01:51:37",x_bzd_x,#0,dayin role 3erf ya zbi,,
"2024-08-26,01:51:49",3mybad,#0,wlh yzh aktchooof,x_bzd_x#0,
"2024-08-26,01:51:52",3mybad,#0,enfin wahd hdr,,
"2024-08-26,01:51:54",costwave,#0,Use girls like football keep playing with them till u score,crazy.steve#0,
"2024-08-26,01:52:20",crazy.steve,#0,مي انا كي نخاف من البنات منخافش من لقطوطة الفيمالات,costwave#0,
"2024-08-26,01:52:35",costwave,#0,Exept <@1180425486720041032> she be built deff,0_gf#0,
"2024-08-26,01:52:44",chlorophyte_enjoyer,#0,انا ماتخافنيش؟,crazy.steve#0,
"2024-08-26,01:52:51",costwave,#0,هممممم,crazy.steve#0,
"2024-08-26,01:52:53",x_bzd_x,#0,idara fercha kon yfoto 3lihom yna7olhom ga3 les role hadok l ghamlin 😒,3mybad#0,
"2024-08-26,01:52:53",chlorophyte_enjoyer,#0,Thats a guy,costwave#0,
"2024-08-26,01:52:54",costwave,#0,.,chlorophyte_enjoyer#0,
"2024-08-26,01:52:55",crazy.steve,#0,🤔 معلومة مهمة لي يلعبو ps,costwave#0,
"2024-08-26,01:52:56",chlorophyte_enjoyer,#0,Dawg,,
"2024-08-26,01:53:03",costwave,#0,He is email,chlorophyte_enjoyer#0,
"2024-08-26,01:53:06",luffysenpai2011,#0,حاول الابتسام فيما تمارس الحوار، ولا تبدو متجهما، واحرص على أن لا تتبنى دور الناصح. *لا تحاول أن تظهر نفسك عارفا عالما بكل شيء، ولا تسع أن تفند أقوال المرأة التي تتحدث إليها، كما لا تحاول أن تفرط في الثناء على كلماتها. *اجرِ بعض التمرينات مع نفسك، أمام المرآة، وخاصة فيما يتعلق بإتقان لغة الجسد، والعيون، والابتسام,crazy.steve#0,
"2024-08-26,01:53:14",costwave,#0,Frfr,crazy.steve#0,
"2024-08-26,01:53:19",crazy.steve,#0,يالحاج في عمرك 60 سنة (بيدوفيل),chlorophyte_enjoyer#0,
"2024-08-26,01:53:26",luffysenpai2011,#0,yup he is an email,costwave#0,
"2024-08-26,01:53:35",luffysenpai2011,#0,يا الحاج العثماني,crazy.steve#0,
"2024-08-26,01:53:36",chlorophyte_enjoyer,#0,مازال فيا الصحة,crazy.steve#0,
"2024-08-26,01:53:44",costwave,#0,Told u <@1050138290424135822>,luffysenpai2011#0、chlorophyte_enjoyer#0,
"2024-08-26,01:54:09",costwave,#0,تبع اطفال؟,chlorophyte_enjoyer#0,
"2024-08-26,01:54:15",chlorophyte_enjoyer,#0,واه,costwave#0,
"2024-08-26,01:54:27",costwave,#0,+∞ aura 🤠🔥,chlorophyte_enjoyer#0,
"2024-08-26,01:54:42",crazy.steve,#0,مي باش نقولك حاجة (عندي اكتئاب تاع شكوبي),luffysenpai2011#0,
"2024-08-26,01:54:59",luffysenpai2011,#0,الصلاة ثم الصلاة ثم الصلاة,crazy.steve#0,
"2024-08-26,01:55:01",crazy.steve,#0,تحب دراري صغار؟,chlorophyte_enjoyer#0,
"2024-08-26,01:55:04",2jz.o7,#0,<:Dead_inside:1150410964659863592>,crazy.steve#0,
"2024-08-26,01:55:06",costwave,#0,Kom l ikti ab,crazy.steve#0,
"2024-08-26,01:55:17",crazy.steve,#0,صح عندك الحق,luffysenpai2011#0,
"2024-08-26,01:55:29",x_bzd_x,#0,<@1050138290424135822> ياخو نتا خطأ جدا ينمـي,chlorophyte_enjoyer#0,
"2024-08-26,01:55:37",costwave,#0,A5rj bara ahdr m3a nas sirto li t3rfhm,crazy.steve#0,
"2024-08-26,01:55:38",luffysenpai2011,#0,اقرا شوية قرآن و يروحلك الاكتئاب,crazy.steve#0,
"2024-08-26,01:55:48",costwave,#0,Yea,luffysenpai2011#0,
"2024-08-26,01:55:53",x_bzd_x,#0,اتفق,luffysenpai2011#0,
"2024-08-26,01:56:19",crazy.steve,#0,منعرف حتى واحد (حومتي قاع شيوخة كبار فالعمر),costwave#0,
"2024-08-26,01:56:33",costwave,#0,حلب شوابن,crazy.steve#0,
"2024-08-26,01:56:34",costwave,#0,.,,
"2024-08-26,01:56:36",costwave,#0,اك اك,,
"2024-08-26,01:56:45",crazy.steve,#0,👁👁,costwave#0,
"2024-08-26,01:56:53",luffysenpai2011,#0,الداعية الإسلامي الشيخ أشرف الفيل، أن من أصابه كرب أو أكتئاب ودائما يشعر بالحزن وذلك نتيجة لأي ظروف طبية أو غير ذلك فإن أفضل علاج له هو قراءة سورة البقرة يومياً وذلك لما فيها من بركة وراحة نفسية للمكتئب، وأن سورة البركة تزيح الهم والحسد,crazy.steve#0,
"2024-08-26,01:56:57",crazy.steve,#0,يدعو عليا دعوة الشر,,
"2024-08-26,01:57:03",costwave,#0,اهدر معا uncle wla father wla kash wahd 9dk yjik,,
"2024-08-26,01:57:26",luffysenpai2011,#0,فهمت ضوك كيفاه تنحي الاكتئاب,crazy.steve#0,
"2024-08-26,01:57:27",costwave,#0,Wla ahdr fl vc,crazy.steve#0,
"2024-08-26,01:57:37",crazy.steve,#0,والله غير عندك الحق,luffysenpai2011#0,
"2024-08-26,01:57:49",costwave,#0,+ 7bs <:cum:1152013788653031434>,crazy.steve#0,
"2024-08-26,01:57:56",nabbyman,#0,شفت اشياء<:uncannycat:1152013915954352148> <:uncannycat:1152013915954352148>,,
"2024-08-26,01:57:58",costwave,#0,Rak fahm.,,
"2024-08-26,01:58:06",luffysenpai2011,#0,قادر شوية روحك,costwave#0,
"2024-08-26,01:58:06",costwave,#0,U will forget when u grow up,nabbyman#0,
"2024-08-26,01:58:17",costwave,#0,La wlh ma ni nkthb,luffysenpai2011#0,
"2024-08-26,01:58:18",nabbyman,#0,هدي,costwave#0,
"2024-08-26,01:58:20",costwave,#0,Srat l sahbi,,
"2024-08-26,01:58:24",nabbyman,#0,متنساهاش,,
"2024-08-26,01:58:31",costwave,#0,.,nabbyman#0,
"2024-08-26,01:58:34",luffysenpai2011,#0,ok,costwave#0,
"2024-08-26,01:58:39",crazy.steve,#0,نخاف نكتاسب صدقات ممبعد نخسرهم كيما خسرت واحد عشرة دامت 17 سنة,costwave#0,
"2024-08-26,01:58:56",luffysenpai2011,#0,اعرف شكون تدير صحاب,crazy.steve#0,
"2024-08-26,01:59:00",x_bzd_x,#0,تصرا,crazy.steve#0,
"2024-08-26,01:59:08",x_bzd_x,#0,يب,luffysenpai2011#0,
"2024-08-26,01:59:11",costwave,#0,Kano girls?,crazy.steve#0,
"2024-08-26,01:59:17",crazy.steve,#0,كان يقرا معايا من الجامع,luffysenpai2011#0,
"2024-08-26,01:59:21",nabbyman,#0,حوس pig filter فتيكتوك<:uncannycat:1152013915954352148> <:uncannycat:1152013915954352148>,,
"2024-08-26,01:59:32",x_bzd_x,#0,bruh,nabbyman#0,
"2024-08-26,01:59:36",x_bzd_x,#0,fr,,
"2024-08-26,01:59:48",costwave,#0,Aw hell naw,nabbyman#0,
"2024-08-26,02:00:06",crazy.steve,#0,هو كان في طريق مسقمة ايا دار لدخان والزطلة تخاسرت معاه,luffysenpai2011#0,
"2024-08-26,02:00:20",crazy.steve,#0,نن دخان والزطلة,costwave#0,
"2024-08-26,02:00:27",luffysenpai2011,#0,هكا مليح تخاسر معاه,crazy.steve#0,
"2024-08-26,02:00:30",x_bzd_x,#0,يب هذا وش يقصد اعرف كيفاه تختار صديق,crazy.steve#0,
"2024-08-26,02:00:33",x_bzd_x,#0,مش لي جا يديه,,
"2024-08-26,02:00:34",luffysenpai2011,#0,الله يهديه برك,crazy.steve#0,
"2024-08-26,02:00:39",x_bzd_x,#0,تكون عندو شخصية,,
"2024-08-26,02:00:52",luffysenpai2011,#0,روح قل لو هذي الطريق غالطة ماشب مليحة,crazy.steve#0,
"2024-08-26,02:01:01",x_bzd_x,#0,الله يعفو علينا قاع,luffysenpai2011#0,
"2024-08-26,02:01:10",luffysenpai2011,#0,ان شاء الله,x_bzd_x#0,
"2024-08-26,02:01:24",crazy.steve,#0,عامين وانا موراه نسيي نردو,luffysenpai2011#0,
"2024-08-26,02:01:31",luffysenpai2011,#0,اللهم انصر اخواننا في غزة,,
"2024-08-26,02:01:33",crazy.steve,#0,امين,luffysenpai2011#0,
"2024-08-26,02:01:34",costwave,#0,لي راح جامي تزعف عليه سدقني ذاك تبدا تخمم فيه تا لي تكره حياتك خليه يروح و كاين 8 مليار بنادم فلكرة الارضية مشي غير هو ❤️,crazy.steve#0,
"2024-08-26,02:01:48",luffysenpai2011,#0,و لا خليه و حوس على صاحب جديد,crazy.steve#0,
"2024-08-26,02:01:55",crazy.steve,#0,يب,costwave#0,
"2024-08-26,02:01:57",costwave,#0,I agree,luffysenpai2011#0,
"2024-08-26,02:02:05",x_bzd_x,#0,صعبة,luffysenpai2011#0,
"2024-08-26,02:02:09",x_bzd_x,#0,عشرة 17 عام,,
"2024-08-26,02:02:09",luffysenpai2011,#0,روح حوس على واحد تلقاه في وقت الشدة,crazy.steve#0,
"2024-08-26,02:02:34",luffysenpai2011,#0,صعبة بصح خير ما يتبع الطريق الغالط,x_bzd_x#0,
"2024-08-26,02:02:35",costwave,#0,U are making it worse 😭,x_bzd_x#0,
"2024-08-26,02:02:47",x_bzd_x,#0,شحال عمرك <@766451906973007872>,crazy.steve#0,
"2024-08-26,02:02:48",crazy.steve,#0,انا لي داقتلي انو جاب صحابو تاع الزطلة وجابو معاهم مواس وسواطر كانو حابين يضربوني,luffysenpai2011#0,
"2024-08-26,02:03:07",x_bzd_x,#0,sry,costwave#0,
"2024-08-26,02:03:11",crazy.steve,#0,يب,x_bzd_x#0,
"2024-08-26,02:03:13",luffysenpai2011,#0,نقلك حاجة الزطلة و الدخان ما تديق لولا,crazy.steve#0,
"2024-08-26,02:03:20",luffysenpai2011,#0,تديك للهاوية,crazy.steve#0,
"2024-08-26,02:03:20",crazy.steve,#0,17,x_bzd_x#0,
"2024-08-26,02:03:22",costwave,#0,Thats ok 👍🏻,x_bzd_x#0,
"2024-08-26,02:03:28",crazy.steve,#0,علابالي,luffysenpai2011#0,
"2024-08-26,02:03:37",luffysenpai2011,#0,خليه امبعد ربي يهديه,crazy.steve#0,
"2024-08-26,02:03:41",x_bzd_x,#0,مزلك تقرا مالا ؟,crazy.steve#0,
"2024-08-26,02:04:00",luffysenpai2011,#0,مزال راح يقرا الباك,x_bzd_x#0,
"2024-08-26,02:04:04",3mybad,#0,Saha lhandsome,crazy.steve#0,
"2024-08-26,02:04:16",crazy.steve,#0,المشكلة كي جابو صواطر والمواس هربت للحومة تاع الزطايلية مو ما قاسومي ليدي,luffysenpai2011#0,
"2024-08-26,02:04:33",costwave,#0,I like how <@1130967147737272320>  went from جراح البواسير to zin l3abidin,luffysenpai2011#0,
"2024-08-26,02:04:37",3mybad,#0,Mhbol lhandsome,crazy.steve#0,
"2024-08-26,02:04:42",crazy.steve,#0,اه راني حاب نحبس باش نروح نخدم مي قاع وقفو كونطري,x_bzd_x#0,
"2024-08-26,02:04:44",costwave,#0,What a legend,,
"2024-08-26,02:04:51",luffysenpai2011,#0,wtf,costwave#0,
"2024-08-26,02:05:05",crazy.steve,#0,كان لازم,3mybad#0,
"2024-08-26,02:05:10",costwave,#0,Profile nta3k 😭,luffysenpai2011#0,
"2024-08-26,02:05:16",x_bzd_x,#0,اقرا اقرا مبعد ساهل خدمة,crazy.steve#0,
"2024-08-26,02:05:27",crazy.steve,#0,انا وحدي كونطر 13 من واحد وكل واحد عندو ساطور,,
"2024-08-26,02:05:50",crazy.steve,#0,راني معاود 3 مرات 🤡💔,x_bzd_x#0,
"2024-08-26,02:05:50",costwave,#0,Dfk!1!1!??,crazy.steve#0,
"2024-08-26,02:06:02",crazy.steve,#0,اه,costwave#0,
"2024-08-26,02:06:08",luffysenpai2011,#0,"كل ما في الامر سميت روحي جراح البواسي
 بسبة لاو واحد شخصية من ون بيس في الميمز بقولو جراح البواسير و نحب هذي السخصية و سميت روحي هكا",costwave#0,
"2024-08-26,02:06:12",x_bzd_x,#0,اخدم اخدم قرايا متنفعكش 🤣,crazy.steve#0,
"2024-08-26,02:06:12",costwave,#0,Nrml madam rak m3wl t9d,crazy.steve#0,
"2024-08-26,02:06:33",3mybad,#0,Drbthom blmos lhandsome?,crazy.steve#0,
"2024-08-26,02:06:35",crazy.steve,#0,كونطر خطة 🤣💔,x_bzd_x#0,
"2024-08-26,02:06:41",costwave,#0,اههه 🫵😎,luffysenpai2011#0,
"2024-08-26,02:06:46",costwave,#0,Cool,,
"2024-08-26,02:06:53",luffysenpai2011,#0,علاه راك تشيرل صبعك عليا,costwave#0,
"2024-08-26,02:06:54",3mybad,#0,Mtsmaeloch,x_bzd_x#0,
"2024-08-26,02:07:01",3mybad,#0,Ydik elhlak,,
"2024-08-26,02:07:07",crazy.steve,#0,صرات حرب مع هاذوك,3mybad#0,
"2024-08-26,02:07:13",x_bzd_x,#0,jk 🙂,3mybad#0,
"2024-08-26,02:07:16",costwave,#0,Dir tkwin mihani?,crazy.steve#0,
"2024-08-26,02:07:20",3mybad,#0,Cjkn hadok,crazy.steve#0,
"2024-08-26,02:07:31",costwave,#0,احم هو شوف الصراحة 😭,luffysenpai2011#0,
"2024-08-26,02:07:43",crazy.steve,#0,كان كاين واحد لجماعة يعرفو بابا مليح هربت ليهم,,
"2024-08-26,02:07:44",3mybad,#0,Mtsmaeloch nik mqraya,x_bzd_x#0,
"2024-08-26,02:07:47",luffysenpai2011,#0,اخطيك من المشاكل الطريق هذي ما تديك ل وا لو,crazy.steve#0,
"2024-08-26,02:07:48",costwave,#0,قصدت you cool,luffysenpai2011#0,
"2024-08-26,02:07:52",costwave,#0,xd,,
"2024-08-26,02:07:54",luffysenpai2011,#0,ok,costwave#0,
"2024-08-26,02:08:02",luffysenpai2011,#0,علاه راك تبكي,costwave#0,
"2024-08-26,02:08:04",3mybad,#0,Ana ndrb blmos,,
"2024-08-26,02:08:07",x_bzd_x,#0,what ?,3mybad#0,
"2024-08-26,02:08:09",crazy.steve,#0,هوما جاو ليا مشي انا رحت ليهم,luffysenpai2011#0,
"2024-08-26,02:08:10",3mybad,#0,Bch nban wa3r,,
"2024-08-26,02:08:10",x_bzd_x,#0,chak tgol ?,,
"2024-08-26,02:08:16",3mybad,#0,Wyhboni lbnat,,
"2024-08-26,02:08:31",luffysenpai2011,#0,جيبلهم صحابك المكركبين و لا حومتك المكركبين,crazy.steve#0,
"2024-08-26,02:08:41",luffysenpai2011,#0,لي رايحين في تراب كينغ,,
"2024-08-26,02:08:43",costwave,#0,Emoji dyal dhk 🤠🔥,luffysenpai2011#0,
"2024-08-26,02:08:52",costwave,#0,Its 2024 <@1130967147737272320>,luffysenpai2011#0,
"2024-08-26,02:08:56",costwave,#0,Wake up,,
"2024-08-26,02:09:06",x_bzd_x,#0,??,3mybad#0,
"2024-08-26,02:09:08",luffysenpai2011,#0,يا خو رانبدي عيان,costwave#0,
"2024-08-26,02:09:11",3mybad,#0,Zyr rohk qalo emoji tae edhk,costwave#0,
"2024-08-26,02:09:17",3mybad,#0,Zyr rohk jak troxy,,
"2024-08-26,02:09:21",luffysenpai2011,#0,لازم نروح نرقد,,
"2024-08-26,02:09:21",crazy.steve,#0,هربت للحومة تاعي 2 قاع زطايلية ويعرفو بابا مليح هوما لي حاماو عليا,luffysenpai2011#0,
"2024-08-26,02:09:32",3mybad,#0,M rjaeha l tfhm,x_bzd_x#0,
"2024-08-26,02:09:33",costwave,#0,😧,3mybad#0,
"2024-08-26,02:09:37",zodyak0074,#0,ويييي جماعة,,
"2024-08-26,02:09:40",luffysenpai2011,#0,اخطيك منهم,crazy.steve#0,
"2024-08-26,02:09:43",3mybad,#0,Aa hdihiya,costwave#0,
"2024-08-26,02:09:44",crazy.steve,#0,اوك تصبح على خير يا ZERO,luffysenpai2011#0,
"2024-08-26,02:09:52",luffysenpai2011,#0,ايا اتهلاو,,
"2024-08-26,02:09:54",3mybad,#0,Khoya ezodyak,zodyak0074#0,
"2024-08-26,02:09:56",3mybad,#0,Cvv,,
"2024-08-26,02:09:59",costwave,#0,U are under my bed?????,3mybad#0,
"2024-08-26,02:09:59",luffysenpai2011,#0,نتلقاو غدوة,,
"2024-08-26,02:10:04",luffysenpai2011,#0,bye,,
"2024-08-26,02:10:04",costwave,#0,Aw hill naw,,
"2024-08-26,02:10:06",zodyak0074,#0,سلام انا جديد,,
"2024-08-26,02:10:09",x_bzd_x,#0,zbiii cha hadi logha ya din rab,3mybad#0,
"2024-08-26,02:10:10",costwave,#0,Bye,luffysenpai2011#0,
"2024-08-26,02:10:14",crazy.steve,#0,ان شاء الله,,
"2024-08-26,02:10:14",3mybad,#0,In ur closet,costwave#0,
"2024-08-26,02:10:19",x_bzd_x,#0,wa3likom salam,zodyak0074#0,
"2024-08-26,02:10:19",x_bzd_x,#0,welcom,,
"2024-08-26,02:10:20",costwave,#0,و عليكم السلام,zodyak0074#0,
"2024-08-26,02:10:23",luffysenpai2011,#0,,,
"2024-08-26,02:10:30",zodyak0074,#0,مافهمتش علاه منطيغش نرسل في لخرين,,
"2024-08-26,02:10:31",3mybad,#0,Logha jaza2iriya,x_bzd_x#0,
"2024-08-26,02:10:36",crazy.steve,#0,وعليكم السلام,zodyak0074#0,
"2024-08-26,02:10:48",x_bzd_x,#0,ih i know bsa7 7areftha ya la5or,3mybad#0,
"2024-08-26,02:10:48",costwave,#0,B-but how ..,3mybad#0,
"2024-08-26,02:11:11",3mybad,#0,Free palestine,x_bzd_x#0,
"2024-08-26,02:11:16",costwave,#0,Frfr,3mybad#0,
"2024-08-26,02:11:21",3mybad,#0,Ki drtha fbio,,
"2024-08-26,02:11:24",x_bzd_x,#0,اتفق ❤️,3mybad#0,
"2024-08-26,02:11:25",3mybad,#0,Ray tharrt,,
"2024-08-26,02:11:33",3mybad,#0,Bhhh,x_bzd_x#0,
"2024-08-26,02:11:46",costwave,#0,<:NIGGA_omg:1150394296680329226>,,
"2024-08-26,02:12:03",3mybad,#0,Slam ana jdid: waelykom esalam,crazy.steve#0,
"2024-08-26,02:12:05",zodyak0074,#0,جماعة نسقسيكم,,
"2024-08-26,02:12:12",3mybad,#0,Tfdl,zodyak0074#0,
"2024-08-26,02:12:20",3mybad,#0,Endk 2 as2ila,,
"2024-08-26,02:12:22",costwave,#0,Ask,,
"2024-08-26,02:12:26",zodyak0074,#0,علاه منطيغش نرسل للخرين,,
"2024-08-26,02:12:37",costwave,#0,Skill issues?,,
"2024-08-26,02:12:39",crazy.steve,#0,حاسك تهين فيا,3mybad#0,
"2024-08-26,02:12:41",3mybad,#0,Chkn lkhrin,zodyak0074#0,
"2024-08-26,02:12:45",x_bzd_x,#0,wdum,zodyak0074#0,
"2024-08-26,02:12:52",costwave,#0,Kinda,crazy.steve#0,
"2024-08-26,02:12:54",x_bzd_x,#0,wach ta9sed,,
"2024-08-26,02:12:57",crazy.steve,#0,🤣🤣 noooob,costwave#0,
"2024-08-26,02:13:00",3mybad,#0,Nice feeling u got,crazy.steve#0,
"2024-08-26,02:13:02",costwave,#0,Hhhhhhhh,crazy.steve#0,
"2024-08-26,02:13:02",zodyak0074,#0,كيما تاع حط فيديو وقود علاه منطيغش نرسل,,
"2024-08-26,02:13:08",costwave,#0,Frfr,3mybad#0,
"2024-08-26,02:13:12",x_bzd_x,#0,lazem role,zodyak0074#0,
"2024-08-26,02:13:15",3mybad,#0,Khtch nta jdid,zodyak0074#0,
"2024-08-26,02:13:20",3mybad,#0,Mtslhch useless,,
"2024-08-26,02:13:22",crazy.steve,#0,بيسك قالك روح قود,zodyak0074#0,
"2024-08-26,02:13:32",3mybad,#0,Bhhhhhhh,crazy.steve#0,
"2024-08-26,02:13:34",3mybad,#0,Chaba,,
"2024-08-26,02:13:39",costwave,#0,Wild,,
"2024-08-26,02:13:41",costwave,#0,xddd,,
"2024-08-26,02:13:43",zodyak0074,#0,ياخو نتا انسان مليح وزين,crazy.steve#0,
"2024-08-26,02:13:43",3mybad,#0,Byntli lhandsome,,
"2024-08-26,02:13:55",crazy.steve,#0,شكون انا؟,zodyak0074#0,
"2024-08-26,02:13:56",x_bzd_x,#0,⏸️,zodyak0074#0,
"2024-08-26,02:14:04",costwave,#0,باينا عليك,crazy.steve#0,
"2024-08-26,02:14:13",zodyak0074,#0,في ميزك,crazy.steve#0,
"2024-08-26,02:14:24",3mybad,#0,Yakho chhal fi emrk?,zodyak0074#0,
"2024-08-26,02:14:27",crazy.steve,#0,اوووه اوك,costwave#0,
"2024-08-26,02:14:38",crazy.steve,#0,🤔🤔,zodyak0074#0,
"2024-08-26,02:14:41",crazy.steve,#0,Idk,,
"2024-08-26,02:14:56",costwave,#0,ايييي,crazy.steve#0,
"2024-08-26,02:14:57",costwave,#0,Cnx,,
"2024-08-26,02:14:58",costwave,#0,Help 😔,,
"2024-08-26,02:14:58",costwave,#0,CNX GUYS,,
"2024-08-26,02:14:59",costwave,#0,Someone partagili,,
"2024-08-26,02:14:59",3mybad,#0,Yakho aggin,,
"2024-08-26,02:15:20",3mybad,#0,Jaza2iri mskin,costwave#0,
"2024-08-26,02:15:37",crazy.steve,#0,وي,costwave#0,
"2024-08-26,02:15:38",3mybad,#0,Again,,
"2024-08-26,02:15:40",3mybad,#0,Niaga,,
"2024-08-26,02:15:43",3mybad,#0,Eyh,,
"2024-08-26,02:15:55",costwave,#0,Patagili cnx ta3 sh3r,crazy.steve#0,
"2024-08-26,02:16:00",costwave,#0,Yoooohhhhhh cnxxx.!!!!,,
"2024-08-26,02:16:17",3mybad,#0,Hda ktbo endo 10h,costwave#0,
"2024-08-26,02:16:18",costwave,#0,Ani nktb w trtsl b3d 5 min,,
"2024-08-26,02:16:27",crazy.steve,#0,علاه راهي خرية عندي,costwave#0,
"2024-08-26,02:16:29",0_gf,#0,ارقدو,,
"2024-08-26,02:16:40",3mybad,#0,Jaza2ir qowa dariba,costwave#0,
"2024-08-26,02:16:43",crazy.steve,#0,No no no master fish,0_gf#0,
"2024-08-26,02:16:50",costwave,#0,Itisalat jazair ✈️🤏🏻,crazy.steve#0,
"2024-08-26,02:16:51",3mybad,#0,Mzl,0_gf#0,
"2024-08-26,02:16:53",0_gf,#0,cat fish,,
"2024-08-26,02:16:58",0_gf,#0,,,
"2024-08-26,02:17:05",crazy.steve,#0,انفصالات*,costwave#0,
"2024-08-26,02:17:12",costwave,#0,Imagine gitting cat fished,0_gf#0,
"2024-08-26,02:17:16",3mybad,#0,Tehm kench,0_gf#0,
"2024-08-26,02:17:24",costwave,#0,Hhhh,crazy.steve#0,
"2024-08-26,02:17:24",zodyak0074,#0,نحكيلكم حكاية,,
"2024-08-26,02:17:30",crazy.steve,#0,<:NIGGA_omg:1150394296680329226>,costwave#0,
"2024-08-26,02:17:32",3mybad,#0,<:confused_sherk:1150411388846604288>,crazy.steve#0,
"2024-08-26,02:17:34",costwave,#0,Hhhh,crazy.steve#0,
"2024-08-26,02:17:40",3mybad,#0,Ahki 2,zodyak0074#0,
"2024-08-26,02:17:41",crazy.steve,#0,احكي 2,zodyak0074#0,
"2024-08-26,02:17:44",costwave,#0,Wdfk 3la cnx,,
"2024-08-26,02:17:51",x_bzd_x,#0,imajini wa7ed yna9i zebo bl kotontich,costwave#0,
"2024-08-26,02:17:51",3mybad,#0,Blae,costwave#0,
"2024-08-26,02:17:58",3mybad,#0,Fhmna bli faqir,,
"2024-08-26,02:18:04",3mybad,#0,Wzawali wfhal,,
"2024-08-26,02:18:07",zodyak0074,#0,عندي زوج بصح فيهم تطياح غي خفيف,,
"2024-08-26,02:18:08",crazy.steve,#0,مكاش اتصالات,3mybad#0,
"2024-08-26,02:18:12",costwave,#0,Mhm,x_bzd_x#0,
"2024-08-26,02:18:14",3mybad,#0,Wkhobza hlayliya,,
"2024-08-26,02:18:22",x_bzd_x,#0,a7ki,zodyak0074#0,
"2024-08-26,02:18:24",3mybad,#0,Ahki wblae,zodyak0074#0,
"2024-08-26,02:18:28",crazy.steve,#0,احكي 3,zodyak0074#0,
"2024-08-26,02:18:39",x_bzd_x,#0,6aya7 fi ghardek rak fi manich 3aref,,
"2024-08-26,02:18:40",costwave,#0,Ani n5ls 220 alf l modam nta3 sbi,3mybad#0,
"2024-08-26,02:18:41",x_bzd_x,#0,serverkom,,
"2024-08-26,02:18:50",3mybad,#0,Whoo,costwave#0,
"2024-08-26,02:18:58",x_bzd_x,#0,fibre ?,costwave#0,
"2024-08-26,02:19:10",costwave,#0,Wah 25 mg,x_bzd_x#0,
"2024-08-26,02:19:18",costwave,#0,Bs7 dayraaa kii sh3rrrr,,
"2024-08-26,02:19:18",x_bzd_x,#0,🤣,costwave#0,
"2024-08-26,02:19:19",x_bzd_x,#0,7chawhalek,,
"2024-08-26,02:19:21",costwave,#0,Wdfk,,
"2024-08-26,02:19:29",x_bzd_x,#0,ana 4G rani 3ayech la bell vie,,
"2024-08-26,02:19:30",costwave,#0,😭,x_bzd_x#0,
"2024-08-26,02:19:36",crazy.steve,#0,خاوتي ☹,,
"2024-08-26,02:19:42",costwave,#0,Yes bbg,crazy.steve#0,
"2024-08-26,02:19:47",x_bzd_x,#0,100 alf 80mbps max,,
"2024-08-26,02:19:55",costwave,#0,WYAAA,x_bzd_x#0,
"2024-08-26,02:20:06",3mybad,#0,Wsh ya edad,crazy.steve#0,
"2024-08-26,02:20:10",x_bzd_x,#0,yup 4G  is GOAT,costwave#0,
"2024-08-26,02:20:12",crazy.steve,#0,كنت ندير حديد من قبل حتان واحد حمار مترم قاسني قعرني,,
"2024-08-26,02:20:18",zodyak0074,#0,راني رسلتها,,
"2024-08-26,02:20:28",3mybad,#0,Et,crazy.steve#0,
"2024-08-26,02:20:30",costwave,#0,Bs7 cnx nt3k tkml 9bl ma ykml chhar,x_bzd_x#0,
"2024-08-26,02:20:31",3mybad,#0,Naaak,,
"2024-08-26,02:20:42",zodyak0074,#0,وقيلا سامعينها,,
"2024-08-26,02:20:43",crazy.steve,#0,اخرج,zodyak0074#0,
"2024-08-26,02:20:47",x_bzd_x,#0,hahahaa da7aktoni 6arat cha3ra men 7atchoni,zodyak0074#0,
"2024-08-26,02:21:05",x_bzd_x,#0,nah,costwave#0,
"2024-08-26,02:21:07",x_bzd_x,#0,150GB tkfi,,
"2024-08-26,02:21:13",3mybad,#0,<:tomfrownface59:1152013900150218822> <:wojak87:1152016089937625128> <:vergonha:1150411417711804456>,,
"2024-08-26,02:21:15",x_bzd_x,#0,wida kemlet tweli limit speed,,
"2024-08-26,02:21:19",costwave,#0,Sounds like my 5 yrs old friend trying to impress us with joke,,
"2024-08-26,02:21:24",x_bzd_x,#0,5mbps,,
"2024-08-26,02:21:25",x_bzd_x,#0,🙂,,
"2024-08-26,02:21:28",costwave,#0,150???????,x_bzd_x#0,
"2024-08-26,02:21:28",x_bzd_x,#0,mli7a,,
"2024-08-26,02:21:38",costwave,#0,Sh3al tkls?mm,x_bzd_x#0,
"2024-08-26,02:21:39",x_bzd_x,#0,150 alf 150 GB,costwave#0,
"2024-08-26,02:21:39",3mybad,#0,Nikmkom,,
"2024-08-26,02:21:39",costwave,#0,??*,,
"2024-08-26,02:21:45",costwave,#0,😭,x_bzd_x#0,
"2024-08-26,02:21:46",3mybad,#0,Ryho mthdro ela lcnx,,
"2024-08-26,02:21:46",0_gf,#0,نرسللكم تل porn ?,,
"2024-08-26,02:21:54",costwave,#0,Naw,0_gf#0,
"2024-08-26,02:21:56",3mybad,#0,Qwd asi,0_gf#0,
"2024-08-26,02:22:02",crazy.steve,#0,كنت نخدم صدر جاز بترمو لمنفخة قعرني,3mybad#0,
"2024-08-26,02:22:20",x_bzd_x,#0,4G 3amek,costwave#0,
"2024-08-26,02:22:22",crazy.steve,#0,ابعت,0_gf#0,
"2024-08-26,02:22:28",costwave,#0,Ofc 😔,x_bzd_x#0,
"2024-08-26,02:22:33",3mybad,#0,Ni esport khtik mno,crazy.steve#0,
"2024-08-26,02:22:33",costwave,#0,Yoo,crazy.steve#0,
"2024-08-26,02:22:43",costwave,#0,Same 😎,crazy.steve#0,
"2024-08-26,02:22:45",3mybad,#0,Jms drt ana wmchy smin,,
"2024-08-26,02:22:48",x_bzd_x,#0,i'm hoppe yo ass,0_gf#0,
"2024-08-26,02:22:58",costwave,#0,xd,x_bzd_x#0,
"2024-08-26,02:23:09",crazy.steve,#0,17.5kg لليد الوحدة,costwave#0,
"2024-08-26,02:23:17",costwave,#0,Send me hom mhajeb 🤤,0_gf#0,
"2024-08-26,02:23:26",crazy.steve,#0,علاه؟,3mybad#0,
"2024-08-26,02:23:28",costwave,#0,😳,crazy.steve#0,
"2024-08-26,02:23:38",3mybad,#0,Idk chqwa,crazy.steve#0,
"2024-08-26,02:23:40",x_bzd_x,#0,😋,costwave#0,
"2024-08-26,02:23:45",costwave,#0,Hhhhhh,x_bzd_x#0,
"2024-08-26,02:23:56",3mybad,#0,<:yuck:1152016101862023178>,,
"2024-08-26,02:24:00",x_bzd_x,#0,XD,,
"2024-08-26,02:24:15",costwave,#0,T7b hot mhajeb ???,3mybad#0,
"2024-08-26,02:24:16",0_gf,#0,,costwave#0,https://cdn.discordapp.com/attachments/1227367017661595708/1277438435421847602/image0.gif?ex=672e1100&is=672cbf80&hm=edb136f6247df7912758f3dcdfc00e3b61c0c696ae9ed883cd3aa7fb6bd91380&
"2024-08-26,02:24:30",costwave,#0,🔥🤤,0_gf#0,
"2024-08-26,02:24:42",crazy.steve,#0,Ay yoooo 💀🤤💗,0_gf#0,
"2024-08-26,02:24:46",x_bzd_x,#0,🥵,costwave#0,
"2024-08-26,02:24:48",costwave,#0,Jo3t wraha dalma f couzina,0_gf#0,
"2024-08-26,02:24:51",3mybad,#0,Eyo endi bzf mklitch mhajb:( mli kan fi emri 11yo,costwave#0,
"2024-08-26,02:24:56",x_bzd_x,#0,⏸️,0_gf#0,
"2024-08-26,02:25:16",costwave,#0,Wow 😔,3mybad#0,
"2024-08-26,02:25:16",x_bzd_x,#0,6o6a mcharmla,0_gf#0,
"2024-08-26,02:25:29",x_bzd_x,#0,rak mra6i l3ziz,3mybad#0,
"2024-08-26,02:25:30",3mybad,#0,Mqwda ednya:(,costwave#0,
"2024-08-26,02:25:36",costwave,#0,Make me a sandwich u email !!,0_gf#0,
"2024-08-26,02:25:39",crazy.steve,#0,خاوتي والله غير نصارحكم,,
"2024-08-26,02:25:40",3mybad,#0,Allah ghalb,x_bzd_x#0,
"2024-08-26,02:25:51",costwave,#0,Wah wah ;c,3mybad#0,
"2024-08-26,02:25:59",costwave,#0,Yes,crazy.steve#0,
"2024-08-26,02:26:00",crazy.steve,#0,نحيتو على خاطري قاع,,
"2024-08-26,02:26:10",costwave,#0,Nkwno bonka?,crazy.steve#0,
"2024-08-26,02:26:10",x_bzd_x,#0,5 alaf wrak chrit m7ajeb fl good,3mybad#0,
"2024-08-26,02:26:35",crazy.steve,#0,من قبل كنت نخاف نهدر هنا,,
"2024-08-26,02:26:45",costwave,#0,3la 7sab li ykdmhm,x_bzd_x#0,
"2024-08-26,02:26:49",3mybad,#0,Yzby khra ntoma mnagl,x_bzd_x#0,
"2024-08-26,02:26:51",costwave,#0,Ayy,crazy.steve#0,
"2024-08-26,02:26:58",crazy.steve,#0,نسرقو*؟,costwave#0,
"2024-08-26,02:27:01",3mybad,#0,Mchy sakn fljaza2ir,x_bzd_x#0,
"2024-08-26,02:27:10",3mybad,#0,Ghir khaf,crazy.steve#0,
"2024-08-26,02:27:12",costwave,#0,New achievement unlocked : fuck loneliness,crazy.steve#0,
"2024-08-26,02:27:16",x_bzd_x,#0,wt ? sry,3mybad#0,
"2024-08-26,02:27:16",costwave,#0,Bayna,crazy.steve#0,
"2024-08-26,02:27:22",3mybad,#0,Lyom rani gosto brk balak tghlt,,
"2024-08-26,02:27:33",x_bzd_x,#0,😐,3mybad#0,
"2024-08-26,02:27:35",crazy.steve,#0,🤣🤣,costwave#0,
"2024-08-26,02:27:37",x_bzd_x,#0,bro,,
"2024-08-26,02:27:41",costwave,#0,😂,crazy.steve#0,
"2024-08-26,02:27:49",crazy.steve,#0,Bet ayaaaaa,costwave#0,
"2024-08-26,02:27:50",3mybad,#0,Ki nji lblad nakolhom qbl manchof shabi,x_bzd_x#0,
"2024-08-26,02:27:53",3mybad,#0,Fuck eshab,,
"2024-08-26,02:28:06",3mybad,#0,Jk vro muah,x_bzd_x#0,
"2024-08-26,02:28:14",x_bzd_x,#0,ok matt9ala9ch bark,3mybad#0,
"2024-08-26,02:28:21",costwave,#0,Dfk,,
"2024-08-26,02:28:28",x_bzd_x,#0,ok my bad,3mybad#0,
"2024-08-26,02:28:33",costwave,#0,Kifash heck yaw block???,,
"2024-08-26,02:28:39",zodyak0074,#0,ماسبتش شاندير انمي,,
"2024-08-26,02:28:51",costwave,#0,Ki ktbt hick yaw 3tawni warning 😔,,
"2024-08-26,02:29:05",x_bzd_x,#0,jma3a tsb7o b5ir ghodwa nchalah ❤️,,
"2024-08-26,02:29:20",x_bzd_x,#0,ana nrgod dorka,,
"2024-08-26,02:29:22",crazy.steve,#0,دير porn star,zodyak0074#0,
"2024-08-26,02:29:23",x_bzd_x,#0,bn8 all,,
"2024-08-26,02:29:24",costwave,#0,Tsb7 bkhir papa,x_bzd_x#0,
"2024-08-26,02:29:33",costwave,#0,😂,crazy.steve#0,
"2024-08-26,02:29:37",3mybad,#0,Gn,x_bzd_x#0,
"2024-08-26,02:29:39",crazy.steve,#0,وتفرجها مع العائلة,,
"2024-08-26,02:29:51",3mybad,#0,Nchlh mtnodch,x_bzd_x#0,
"2024-08-26,02:29:53",costwave,#0,I agree,crazy.steve#0,
"2024-08-26,02:30:10",x_bzd_x,#0,للجميع 💀,3mybad#0,
"2024-08-26,02:30:13",costwave,#0,Nchlh brabri <:juan:1150418197581922344>,3mybad#0,
"2024-08-26,02:30:19",costwave,#0,Nawww,x_bzd_x#0,
"2024-08-26,02:30:21",costwave,#0,Wraaa dooo,,
"2024-08-26,02:31:21",crazy.steve,#0,وشو؟,,
"2024-08-26,02:31:27",zodyak0074,#0,حاسب نمي مانعرفش,,
"2024-08-26,02:31:27",x_bzd_x,#0,ay ra7 nmed lwa7ed 3achwa2i credit li zahro chbab hadak howa ❤️,,
"2024-08-26,02:31:38",x_bzd_x,#0,<#1149424898788306995>,,
"2024-08-26,02:31:43",costwave,#0,Sbi mkansh li fmascara li ybi3 ankasable nta3 redmi note 13???!!,,
"2024-08-26,02:31:49",crazy.steve,#0,اواه هذا انمي شباب 🤣,zodyak0074#0,
"2024-08-26,02:32:20",zodyak0074,#0,نمي شباب 😂,crazy.steve#0,
"2024-08-26,02:32:41",0_gf,#0,طننت,,
"2024-08-26,02:32:46",crazy.steve,#0,خاوتي كل واحد يقوللنا النوع تاع التيليفون تاعو,,
"2024-08-26,02:33:50",costwave,#0,Redmi note 13 pro.,,
"2024-08-26,02:34:09",crazy.steve,#0,انا Samsung j7 prime,,
"2024-08-26,02:34:15",crazy.steve,#0,☹,,
"2024-08-26,02:34:32",zodyak0074,#0,ياخو مانكذبش عليك لتصاوير وصوالح ايفون 12ولتمنييك سامسونغ غلاكسي a8,crazy.steve#0,
"2024-08-26,02:34:37",costwave,#0,Kan 3ndi hatha telephone,crazy.steve#0,
"2024-08-26,02:34:42",costwave,#0,Goated 2019,,
"2024-08-26,02:34:51",costwave,#0,Fwout bih aw9at,,
"2024-08-26,02:34:53",costwave,#0,Wlh,,
"2024-08-26,02:35:02",costwave,#0,☹,,
"2024-08-26,02:35:11",crazy.steve,#0,قلت كل واحد يقول النوع تاع التيليفةن تاعو,zodyak0074#0,
"2024-08-26,02:35:20",0_gf,#0,معنديش,crazy.steve#0,
"2024-08-26,02:35:34",costwave,#0,Pc nerd || average email ||,0_gf#0,
"2024-08-26,02:35:37",0_gf,#0,تليفونك ميت,crazy.steve#0,
"2024-08-26,02:35:46",0_gf,#0,عندي بيسي,costwave#0,
"2024-08-26,02:35:53",costwave,#0,Cnx nta3 chkopi,,
"2024-08-26,02:35:56",0_gf,#0,قبلها كان عمدر iphone xs max,,
"2024-08-26,02:35:58",costwave,#0,Wow.,0_gf#0,
"2024-08-26,02:36:03",0_gf,#0,بعدها طبت,,
"2024-08-26,02:36:07",crazy.steve,#0,مي عندك بيسي,0_gf#0,
"2024-08-26,02:36:12",0_gf,#0,samsung s20 plus 5g,,
"2024-08-26,02:36:14",costwave,#0,😳,0_gf#0,
"2024-08-26,02:36:18",0_gf,#0,kan goated,,
"2024-08-26,02:36:23",crazy.steve,#0,يب ☹💔,0_gf#0,
"2024-08-26,02:36:26",costwave,#0,I smell money,0_gf#0,
"2024-08-26,02:36:29",crazy.steve,#0,3رام,,
"2024-08-26,02:36:46",0_gf,#0,شريتوا ب 4,costwave#0,
"2024-08-26,02:36:51",0_gf,#0,الله يرزقك,crazy.steve#0,
"2024-08-26,02:36:58",costwave,#0,Mashalah,0_gf#0,
"2024-08-26,02:37:14",costwave,#0,Ana 7mar bah nshri pc shrit telephone,,
"2024-08-26,02:37:29",costwave,#0,Pc nta3k chbab?,0_gf#0,
"2024-08-26,02:37:36",3mybad,#0,Ni jay,,
"2024-08-26,02:37:42",0_gf,#0,مقود شوي,costwave#0,
"2024-08-26,02:37:49",costwave,#0,Mhm,0_gf#0,
"2024-08-26,02:37:50",crazy.steve,#0,امين 😔💔,0_gf#0,
"2024-08-26,02:37:53",0_gf,#0,i5 8gen,,
"2024-08-26,02:37:56",0_gf,#0,16 ram ddr 4,,
"2024-08-26,02:38:02",0_gf,#0,uhd 620,,
"2024-08-26,02:38:13",costwave,#0,I5 8gen mli7,0_gf#0,
"2024-08-26,02:38:17",crazy.steve,#0,متدحكوش عليا,,
"2024-08-26,02:38:27",costwave,#0,Ddr 4 mli7a famik,0_gf#0,
"2024-08-26,02:38:50",costwave,#0,Khask card graphic,,
"2024-08-26,02:38:51",costwave,#0,M,,
"2024-08-26,02:38:51",crazy.steve,#0,اللعبة الوحيدة لي نقدر نلعبها فيه هي غير روبلوكس,,
"2024-08-26,02:39:13",costwave,#0,Ana nl3b roblox too 🙏🏻,crazy.steve#0,
"2024-08-26,02:39:21",costwave,#0,W free fire?,crazy.steve#0,
"2024-08-26,02:39:25",crazy.steve,#0,ناايس,costwave#0,
"2024-08-26,02:39:34",costwave,#0,😎,crazy.steve#0,
"2024-08-26,02:39:44",crazy.steve,#0,كنت نلعبها مي عتازلتها,costwave#0,
"2024-08-26,02:39:59",crazy.steve,#0,لانو معنديش بلاصة فالتيليفون قاع,,
"2024-08-26,02:40:10",crazy.steve,#0,32 جيقا,,
"2024-08-26,02:40:17",its_sohaib.22,#0,توجور,,
"2024-08-26,02:40:21",its_sohaib.22,#0,لاكانون,,
"2024-08-26,02:40:28",costwave,#0,Wdfk??,,
"2024-08-26,02:40:45",crazy.steve,#0,انها قوانين السحرة,,
"2024-08-26,02:41:11",costwave,#0,😂,,
"2024-08-26,02:41:13",costwave,#0,Sbi manish 7ab n9ra sha ktb,,
"2024-08-26,02:41:16",costwave,#0,.,,
"2024-08-26,02:41:17",costwave,#0,.,,
"2024-08-26,02:41:17",costwave,#0,.,,
"2024-08-26,02:41:18",costwave,#0,.,,
"2024-08-26,02:41:18",costwave,#0,.,,
"2024-08-26,02:41:19",costwave,#0,.,,
"2024-08-26,02:41:26",costwave,#0,Akhira,,
"2024-08-26,02:42:21",crazy.steve,#0,😱😱,,
"2024-08-26,02:42:35",costwave,#0,😂😂😂,,
"2024-08-26,02:42:37",crazy.steve,#0,لقد استدعيت الشطان الفايح,,
"2024-08-26,02:43:02",costwave,#0,شيطان المشنطن 😔,,
"2024-08-26,02:43:12",asqx0109,#0,kima ana,0_gf#0,
"2024-08-26,02:43:23",3mybad,#0,Ni jay,,
"2024-08-26,02:43:31",3mybad,#0,Imagine asking,asqx0109#0,
"2024-08-26,02:43:47",crazy.steve,#0,😔 خلاص منروحش,,
"2024-08-26,02:44:03",3mybad,#0,Fasitha fikhatrk hbb,crazy.steve#0,
"2024-08-26,02:44:11",3mybad,#0,Bch mtkhafch,,
"2024-08-26,02:44:32",0_gf,#0,وي ختيييي نتزوجوا ؟,asqx0109#0,
"2024-08-26,02:44:42",asqx0109,#0,ya zbi,0_gf#0,
"2024-08-26,02:44:45",crazy.steve,#0,عادي,3mybad#0,
"2024-08-26,02:44:46",asqx0109,#0,ana boy,,
"2024-08-26,02:44:48",3mybad,#0,N1sim,0_gf#0,
"2024-08-26,02:44:54",asqx0109,#0,dok nsmi ro7i trma w nji,,
"2024-08-26,02:45:00",crazy.steve,#0,Nigga,,
"2024-08-26,02:45:00",asqx0109,#0,w la sra9 l bzazl,,
"2024-08-26,02:45:03",asqx0109,#0,,,
"2024-08-26,02:45:04",3mybad,#0,Ana boy👉👈<:emoji_102:1191547661355065454>,asqx0109#0,
"2024-08-26,02:45:05",asqx0109,#0,,,
"2024-08-26,02:45:08",asqx0109,#0,,3mybad#0,
"2024-08-26,02:45:10",asqx0109,#0,,,
"2024-08-26,02:45:15",asqx0109,#0,<@1142540508183416883>,2jz.o7#0,
"2024-08-26,02:45:22",3mybad,#0,Stf rohk jak aatrox,asqx0109#0,
"2024-08-26,02:45:23",crazy.steve,#0,اول مرة نشوف طفلة في الديس,,
"2024-08-26,02:45:33",3mybad,#0,Ak srx hh,crazy.steve#0,
"2024-08-26,02:45:37",crazy.steve,#0,🤣,3mybad#0,
"2024-08-26,02:45:44",2jz.o7,#0,Wch nta tanit wch ts7a9 ?,asqx0109#0,
"2024-08-26,02:46:02",asqx0109,#0,<@719264664135008256> bnyt 3la hada yakh 3ndk,3mybad#0、2jz.o7#0,
"2024-08-26,02:46:07",0_gf,#0,نرسللكم بزازل ؟,,
"2024-08-26,02:46:15",asqx0109,#0,fasst fl 9df,,
"2024-08-26,02:46:17",3mybad,#0,Wsh si zbi dir namima,asqx0109#0,
"2024-08-26,02:46:19",2jz.o7,#0,Rani jbto 5las,asqx0109#0,
"2024-08-26,02:46:22",crazy.steve,#0,راني سيريو,3mybad#0,
"2024-08-26,02:46:23",2jz.o7,#0,Zid wch 5sk,,
"2024-08-26,02:46:25",asqx0109,#0,,2jz.o7#0,
"2024-08-26,02:46:28",asqx0109,#0,,,
"2024-08-26,02:46:34",crazy.steve,#0,ارسل 🤤,0_gf#0,
"2024-08-26,02:46:59",costwave,#0,Khasni wahd y identify as khobz bl formag 😔🙏🏻,,
"2024-08-26,02:47:01",2jz.o7,#0,<:emoji_47:1151909990727163954>,asqx0109#0,
"2024-08-26,02:47:17",asqx0109,#0,,2jz.o7#0,
"2024-08-26,02:47:25",costwave,#0,Nawww,asqx0109#0,
"2024-08-26,02:47:38",crazy.steve,#0,Ay yoo,asqx0109#0,
"2024-08-26,02:47:39",2jz.o7,#0,Njibo 3lik nta tan ?,asqx0109#0,
"2024-08-26,02:47:41",asqx0109,#0,<@1180425486720041032> hada tan,0_gf#0,
"2024-08-26,02:47:49",costwave,#0,Naw,2jz.o7#0,
"2024-08-26,02:47:49",asqx0109,#0,osbor,2jz.o7#0,
"2024-08-26,02:47:59",asqx0109,#0,dok tchof huh,,
"2024-08-26,02:48:00",2jz.o7,#0,Kmlt 5las,asqx0109#0,
"2024-08-26,02:48:00",costwave,#0,Osbor 🙏🏻😭,asqx0109#0,
"2024-08-26,02:48:02",2jz.o7,#0,Asna nms7,,
"2024-08-26,02:48:07",asqx0109,#0,rigl 1000,2jz.o7#0,
"2024-08-26,02:48:10",asqx0109,#0,lik,,
"2024-08-26,02:48:16",asqx0109,#0,<@763790502444531792> zid hada,costwave#0,
"2024-08-26,02:48:19",costwave,#0,🔥🤠,2jz.o7#0,
"2024-08-26,02:48:21",asqx0109,#0,nzidlk 2000,,
"2024-08-26,02:48:34",costwave,#0,Wdfk ana sha drt 😭,asqx0109#0,
"2024-08-26,02:48:38",2jz.o7,#0,Frat <:cum:1152013788653031434>,asqx0109#0,
"2024-08-26,02:48:38",asqx0109,#0,,,
"2024-08-26,02:48:47",asqx0109,#0,bnyat <a:1075672381923807302:1246491107534307439>,2jz.o7#0,
"2024-08-26,02:48:48",3mybad,#0,Ur goals 1k??,asqx0109#0,
"2024-08-26,02:48:53",asqx0109,#0,no,3mybad#0,
"2024-08-26,02:48:59",asqx0109,#0,3ndi 50 brk,,
"2024-08-26,02:48:59",crazy.steve,#0,💀💀💀,,
"2024-08-26,02:49:04",asqx0109,#0,,,
"2024-08-26,02:49:07",3mybad,#0,Bqalk 949 tlhq,asqx0109#0,
"2024-08-26,02:49:13",asqx0109,#0,iknow,3mybad#0,
"2024-08-26,02:49:13",2jz.o7,#0,Rahi jat daltk <@957711613941674024> bend over bitch <:uncannycat:1152013915954352148>,asqx0109#0,
"2024-08-26,02:49:22",asqx0109,#0,no moch dalti,2jz.o7#0,
"2024-08-26,02:49:28",2jz.o7,#0,It is,asqx0109#0,
"2024-08-26,02:49:32",asqx0109,#0,dalti bach njibo 3lik ana,,
"2024-08-26,02:49:35",asqx0109,#0,,,
"2024-08-26,02:49:38",3mybad,#0,Im negan srsly?,asqx0109#0,
"2024-08-26,02:49:38",asqx0109,#0,,,
"2024-08-26,02:49:41",costwave,#0,Ani krjt jil nta3 2050 kaml mn kisyatayen 🔥🤠,,
"2024-08-26,02:50:05",asqx0109,#0,<@1142540508183416883>3ndak mllion jibo 3la hada  <@719264664135008256> mlkhr,3mybad#0、2jz.o7#0,
"2024-08-26,02:50:23",asqx0109,#0,3 fois,,
"2024-08-26,02:50:24",3mybad,#0,Ha trjeo hawi nta,asqx0109#0,
"2024-08-26,02:50:24",2jz.o7,#0,Mdli nas 9bl,asqx0109#0,
"2024-08-26,02:50:26",asqx0109,#0,mi bsh,,
"2024-08-26,02:50:27",costwave,#0,Aw nah,,
"2024-08-26,02:50:34",3mybad,#0,3rbon,2jz.o7#0,
"2024-08-26,02:50:40",costwave,#0,Hhhhhhhh,3mybad#0,
"2024-08-26,02:50:44",crazy.steve,#0,وجهو تاع يحب دراري صغار,asqx0109#0,
"2024-08-26,02:50:45",asqx0109,#0,,,
"2024-08-26,02:50:49",2jz.o7,#0,Bayna,3mybad#0,
"2024-08-26,02:50:52",asqx0109,#0,,crazy.steve#0,
"2024-08-26,02:50:53",asqx0109,#0,bayan,,
"2024-08-26,02:50:55",costwave,#0,Ikr,crazy.steve#0,
"2024-08-26,02:50:56",asqx0109,#0,kima nta,,
"2024-08-26,02:51:03",2jz.o7,#0,Yjozo ga3 <:uncannycat:1152013915954352148>,crazy.steve#0,
"2024-08-26,02:51:08",3mybad,#0,Blae fomk,asqx0109#0,
"2024-08-26,02:51:08",costwave,#0,Wow,,
"2024-08-26,02:51:15",asqx0109,#0,manich ma3 rbk,3mybad#0,
"2024-08-26,02:51:17",asqx0109,#0,9wd,,
"2024-08-26,02:51:23",asqx0109,#0,,,
"2024-08-26,02:51:23",3mybad,#0,<@957711613941674024> ASI,asqx0109#0,
"2024-08-26,02:51:24",asqx0109,#0,,,
"2024-08-26,02:51:32",asqx0109,#0,shut up bitch,3mybad#0,
"2024-08-26,02:51:36",asqx0109,#0,,3mybad#0,
"2024-08-26,02:51:42",3mybad,#0,Bhhh,asqx0109#0,
"2024-08-26,02:51:43",costwave,#0,Yall are fkn tripping,,
"2024-08-26,02:51:44",crazy.steve,#0,ياخو راني غير نزعق متزعفش,3mybad#0,
"2024-08-26,02:51:53",asqx0109,#0,le him,crazy.steve#0,
"2024-08-26,02:52:00",asqx0109,#0,cook,,
"2024-08-26,02:52:00",asqx0109,#0,e],,
"2024-08-26,02:52:04",3mybad,#0,Lklma lwla li tqolha beng fhyatk dymn tkon hadi,asqx0109#0,
"2024-08-26,02:52:10",2jz.o7,#0,Wch l handsome kach zlig zlag <:uncannycat:1152013915954352148>,crazy.steve#0,
"2024-08-26,02:52:19",3mybad,#0,Elch nzeaf ana,crazy.steve#0,
"2024-08-26,02:52:20",asqx0109,#0,,,
"2024-08-26,02:52:34",asqx0109,#0,b eng,3mybad#0,
"2024-08-26,02:52:36",crazy.steve,#0,ناه غير قطوطة صغار,2jz.o7#0,
"2024-08-26,02:52:50",asqx0109,#0,h,,
"2024-08-26,02:52:52",crazy.steve,#0,مانعرف,3mybad#0,
"2024-08-26,02:52:52",3mybad,#0,Chqwa nktbha,asqx0109#0,
"2024-08-26,02:52:58",asqx0109,#0,,3mybad#0,
"2024-08-26,02:53:11",3mybad,#0,Mongol,asqx0109#0,
"2024-08-26,02:53:12",asqx0109,#0,,3mybad#0,
"2024-08-26,02:53:13",3mybad,#0,Asi,,
"2024-08-26,02:53:13",costwave,#0,Sonic got a hand of johny <:uncannycat:1152013915954352148>,2jz.o7#0,
"2024-08-26,02:53:30",asqx0109,#0,,3mybad#0,
"2024-08-26,02:53:44",asqx0109,#0,,,
"2024-08-26,02:53:45",3mybad,#0,Tata nigrowa?,asqx0109#0,
"2024-08-26,02:53:47",3mybad,#0,Pass,,
"2024-08-26,02:53:56",asqx0109,#0,,3mybad#0,
"2024-08-26,02:54:03",3mybad,#0,Smash,asqx0109#0,
"2024-08-26,02:54:17",3mybad,#0,Ofc erwah,asqx0109#0,
"2024-08-26,02:54:23",asqx0109,#0,,3mybad#0,
"2024-08-26,02:54:29",3mybad,#0,Boss papa,asqx0109#0,
"2024-08-26,02:54:31",costwave,#0,🤫🧏🏻‍♂️,asqx0109#0,
"2024-08-26,02:54:33",asqx0109,#0,,3mybad#0,
"2024-08-26,02:54:45",costwave,#0,Yaw,asqx0109#0,
"2024-08-26,02:54:48",2jz.o7,#0,Copy right hada bs7 ila rak 7ab nbosk arwa7,asqx0109#0,
"2024-08-26,02:54:56",asqx0109,#0,,2jz.o7#0,
"2024-08-26,02:55:09",costwave,#0,.,asqx0109#0,
"2024-08-26,02:55:10",2jz.o7,#0,Ndik m3aya <:uncannycat:1152013915954352148>,asqx0109#0,
"2024-08-26,02:55:11",asqx0109,#0,,3mybad#0,
"2024-08-26,02:55:16",asqx0109,#0,,2jz.o7#0,
"2024-08-26,02:55:20",costwave,#0,<:uncannycat:1152013915954352148>,2jz.o7#0,
"2024-08-26,02:55:30",costwave,#0,Not the 9nt,,
"2024-08-26,02:55:34",asqx0109,#0,,,
"2024-08-26,02:55:36",crazy.steve,#0,<:Dead_inside:1150410964659863592>,2jz.o7#0,
"2024-08-26,02:55:38",2jz.o7,#0,Ch7al m savi m hado nta,asqx0109#0,
"2024-08-26,02:55:56",asqx0109,#0,bzad=ff,,
"2024-08-26,02:55:59",asqx0109,#0,bzaf,,
"2024-08-26,02:56:04",asqx0109,#0,,,
"2024-08-26,02:56:08",costwave,#0,Rah y7lb f drahm nitro,2jz.o7#0,
"2024-08-26,02:56:14",asqx0109,#0,,,
"2024-08-26,02:56:18",costwave,#0,Yoooo,asqx0109#0,
"2024-08-26,02:56:24",asqx0109,#0,kayna,costwave#0,
"2024-08-26,02:56:29",3mybad,#0,Best imposter,asqx0109#0,
"2024-08-26,02:56:32",costwave,#0,Relatable,asqx0109#0,
"2024-08-26,02:56:57",asqx0109,#0,,,
"2024-08-26,02:57:07",asqx0109,#0,,,
"2024-08-26,02:57:13",2jz.o7,#0,Madabiya nmot haka bs7 bin tram kach wa7da mli7aa kima chun li,asqx0109#0,
"2024-08-26,02:57:21",crazy.steve,#0,ياريت تقتلني وحدة هكا,asqx0109#0,
"2024-08-26,02:57:23",asqx0109,#0,<a:1075672381923807302:1246491107534307439>,2jz.o7#0,
"2024-08-26,02:57:30",asqx0109,#0,<a:1075672381923807302:1246491107534307439>,crazy.steve#0,
"2024-08-26,02:57:41",asqx0109,#0,twswtlkom,,
"2024-08-26,02:57:42",asqx0109,#0,hhhhhh,,
"2024-08-26,02:57:45",crazy.steve,#0,هذا الكافر الفاجر لي سب الدؤن,asqx0109#0,
"2024-08-26,02:57:58",asqx0109,#0,a3tilo klma,crazy.steve#0,
"2024-08-26,02:58:01",asqx0109,#0,,,
"2024-08-26,02:58:06",2jz.o7,#0,9chi7z yz zb mazalo 3aych,asqx0109#0,
"2024-08-26,02:58:10",0_gf,#0,vzile,,
"2024-08-26,02:58:14",crazy.steve,#0,يب حتى انا اوسوست,asqx0109#0,
"2024-08-26,02:58:17",asqx0109,#0,,2jz.o7#0,
"2024-08-26,02:58:24",0_gf,#0,,,
"2024-08-26,02:58:28",asqx0109,#0,,0_gf#0,
"2024-08-26,02:58:42",crazy.steve,#0,I say go fuck yourself stupid bitch,asqx0109#0,
"2024-08-26,02:58:53",asqx0109,#0,,crazy.steve#0,
"2024-08-26,02:58:59",asqx0109,#0,,,
"2024-08-26,02:59:09",crazy.steve,#0,And thank you,asqx0109#0,
"2024-08-26,02:59:22",crazy.steve,#0,🤤 مرا مشوية,asqx0109#0,
"2024-08-26,03:00:00",2jz.o7,#0,3ndi vid ta3 hadik uwu tdrb pipa machi lesbian mala,,
"2024-08-26,03:00:23",asqx0109,#0,hhhh,2jz.o7#0,
"2024-08-26,03:00:26",crazy.steve,#0,متتمسخرش,2jz.o7#0,
"2024-08-26,03:00:29",crazy.steve,#0,عندك؟,,
"2024-08-26,03:00:36",asqx0109,#0,9hja\,,
"2024-08-26,03:00:37",2jz.o7,#0,Ih 3ndi,crazy.steve#0,
"2024-08-26,03:00:43",crazy.steve,#0,ابعتها,,
"2024-08-26,03:00:50",2jz.o7,#0,Fuckk no ndi dnobk,,
"2024-08-26,03:00:50",asqx0109,#0,,crazy.steve#0,
"2024-08-26,03:00:56",2jz.o7,#0,Chof twiter,,
"2024-08-26,03:01:09",crazy.steve,#0,عادي عادي  تكبر تنسى,2jz.o7#0,
"2024-08-26,03:01:13",2jz.o7,#0,Hana uwu sucking dick,,
"2024-08-26,03:01:20",asqx0109,#0,rak f twiter dor huh,2jz.o7#0,
"2024-08-26,03:01:21",asqx0109,#0,hhhhhh,,
"2024-08-26,03:01:28",crazy.steve,#0,عادي ياك؟,asqx0109#0,
"2024-08-26,03:01:37",2jz.o7,#0,L9itha f disc bs7 tkon kayna f twiter,asqx0109#0,
"2024-08-26,03:01:47",asqx0109,#0,abath ida f disc,2jz.o7#0,
"2024-08-26,03:01:49",asqx0109,#0,nik moha,,
"2024-08-26,03:01:54",asqx0109,#0,aaaabath tcho prv,,
"2024-08-26,03:01:59",crazy.steve,#0,احا,2jz.o7#0,
"2024-08-26,03:02:03",asqx0109,#0,,,
"2024-08-26,03:02:09",2jz.o7,#0,Serveur ak 7ab ntnak ban dija n3rf admn  bs7 fuck no mnb3tch,crazy.steve#0,
"2024-08-26,03:02:17",asqx0109,#0,prv rbk,2jz.o7#0,
"2024-08-26,03:02:39",crazy.steve,#0,يعني عندك الحق تويتر يبين كلش,,
"2024-08-26,03:02:47",crazy.steve,#0,🤣💔,2jz.o7#0,
"2024-08-26,03:03:10",crazy.steve,#0,ابعتهولي بريفي,2jz.o7#0,
"2024-08-26,03:03:13",asqx0109,#0,prv,,
"2024-08-26,03:03:19",2jz.o7,#0,<:uncannycat:1152013915954352148>,,
"2024-08-26,03:03:20",asqx0109,#0,yakho,,
"2024-08-26,03:03:28",asqx0109,#0,,,
"2024-08-26,03:03:39",2jz.o7,#0,Yoo nb3to makach mochkila <:uncannycat:1152013915954352148>,,
"2024-08-26,03:03:52",asqx0109,#0,machi z...,2jz.o7#0,
"2024-08-26,03:03:56",asqx0109,#0,l video,,
"2024-08-26,03:04:00",asqx0109,#0,n3l tiz,,
"2024-08-26,03:04:07",2jz.o7,#0,Ro7 7ws f twiter ya zbdaa,,
"2024-08-26,03:04:13",2jz.o7,#0,Lazem ana nb3tlk,,
"2024-08-26,03:04:20",asqx0109,#0,yachkopi,2jz.o7#0,
"2024-08-26,03:04:23",crazy.steve,#0,كك,,
"2024-08-26,03:04:27",asqx0109,#0,lwa7d ydkhol direct google,,
"2024-08-26,03:04:32",asqx0109,#0,yrigliha,,
"2024-08-26,03:04:32",yacine0928,#0,فوطو نتاع ولد عمي واش راهي دير عندك,asqx0109#0,
"2024-08-26,03:04:35",2jz.o7,#0,Lazem ndo dnob bsif m3akom,asqx0109#0,
"2024-08-26,03:04:45",asqx0109,#0,ydk fih kont nbnyt 3liha,yacine0928#0,
"2024-08-26,03:04:49",asqx0109,#0,,2jz.o7#0,
"2024-08-26,03:04:50",crazy.steve,#0,<@1240035711617339483> يقحبى على ذاك الاسم 💀,yacine0928#0,
"2024-08-26,03:04:55",asqx0109,#0,hhh,crazy.steve#0,
"2024-08-26,03:04:58",2jz.o7,#0,L9inah yt7wa mor dar 7kmnah bhad tswira,yacine0928#0,
"2024-08-26,03:04:59",asqx0109,#0,ttwswslo,,
"2024-08-26,03:05:12",asqx0109,#0,rani nsponchi 3lih,yacine0928#0,
"2024-08-26,03:05:33",yacine0928,#0,ولد قحجة لي قلت ليه عطيني ني ك قالي والو,2jz.o7#0,
"2024-08-26,03:05:33",2jz.o7,#0,Ya 9a7ba,asqx0109#0,
"2024-08-26,03:05:47",2jz.o7,#0,Zaml y7b lbrani,yacine0928#0,
"2024-08-26,03:06:00",yacine0928,#0,اخخخخ قلبي,2jz.o7#0,
"2024-08-26,03:06:00",asqx0109,#0,hhhh,yacine0928#0,
"2024-08-26,03:06:00",2jz.o7,#0,Zok dar yaklo lbrani,,
"2024-08-26,03:06:03",asqx0109,#0,y7b drahm,,
"2024-08-26,03:06:06",yacine0928,#0,والله مانسمح ليه,,
"2024-08-26,03:06:22",asqx0109,#0,<a:1075672381923807302:1246491107534307439>,yacine0928#0,
"2024-08-26,03:06:35",asqx0109,#0,wlh ra7o mnwrna l7ala,,
"2024-08-26,03:06:55",yacine0928,#0,اسمع ضوك تلقاه راقد نحطه ليه بين ترام <:uncannycat:1152013915954352148>,,
"2024-08-26,03:07:02",asqx0109,#0,hhhhh,yacine0928#0,
"2024-08-26,03:07:17",asqx0109,#0,t7b l 9tota,yacine0928#0,
"2024-08-26,03:07:20",2jz.o7,#0,Ro7 bla39l,yacine0928#0,
"2024-08-26,03:07:35",asqx0109,#0,nmdlk l 9ta tai tbnyt 3liha,yacine0928#0,
"2024-08-26,03:07:46",yacine0928,#0,حاجا باينا,asqx0109#0,
"2024-08-26,03:07:51",asqx0109,#0,<a:1075672381923807302:1246491107534307439>,yacine0928#0,
"2024-08-26,03:08:00",asqx0109,#0,makach les staff,,
"2024-08-26,03:08:02",asqx0109,#0,ya 9hba,,
"2024-08-26,03:08:10",yacine0928,#0,لا نروح نقلب دارهم,2jz.o7#0,
"2024-08-26,03:09:12",crazy.steve,#0,اعطوني وصفة ساهلة,,
"2024-08-26,03:09:20",crazy.steve,#0,جعت وملقيتش وش ناكل,,
"2024-08-26,03:09:21",asqx0109,#0,,,
"2024-08-26,03:09:23",yacine0928,#0,شبيبا واش رايكم نروح نمد  دوسي نتاعي في مواقع اباحية باش نفعل بل قطط,,
"2024-08-26,03:09:31",asqx0109,#0,,yacine0928#0,
"2024-08-26,03:09:34",yacine0928,#0,اول حية روح دور على قط,crazy.steve#0,
"2024-08-26,03:09:38",asqx0109,#0,ykhlf jhonny 7bibna,,
"2024-08-26,03:09:43",crazy.steve,#0,يدوك للحبس,yacine0928#0,
"2024-08-26,03:09:46",2jz.o7,#0,,,https://cdn.discordapp.com/attachments/1227367017661595708/1277449885062402141/IMG_20240826_030933.jpg?ex=672e1baa&is=672cca2a&hm=881966c1c4852760bde0990eeeabe7dec2c123a0cfd671ef8d66c95bd2380273&
"2024-08-26,03:09:54",2jz.o7,#0,Manich nkdb,,
"2024-08-26,03:09:55",ishownova666,#0,...,,
"2024-08-26,03:09:56",crazy.steve,#0,راه راقد في كتفي,yacine0928#0,
"2024-08-26,03:09:58",asqx0109,#0,,2jz.o7#0,
"2024-08-26,03:10:05",asqx0109,#0,bda ykbr,,
"2024-08-26,03:10:12",asqx0109,#0,,2jz.o7#0,
"2024-08-26,03:10:28",crazy.steve,#0,<:NIGGA_omg:1150394296680329226> <:Dead_inside:1150410964659863592> <:uncannycat:1152013915954352148> <:cum:1152013788653031434>,2jz.o7#0,
"2024-08-26,03:10:36",asqx0109,#0,ra7 yjibo,crazy.steve#0,
"2024-08-26,03:10:38",asqx0109,#0,win ra7,,
"2024-08-26,03:10:40",asqx0109,#0,sonic,,
"2024-08-26,03:10:42",asqx0109,#0,rbk,,
"2024-08-26,03:10:44",asqx0109,#0,ra7 yjibo,,
"2024-08-26,03:10:47",asqx0109,#0,<a:1075672381923807302:1246491107534307439>,,
"2024-08-26,03:10:52",crazy.steve,#0,اه ديركت,asqx0109#0,
"2024-08-26,03:10:56",asqx0109,#0,hhhhh,crazy.steve#0,
"2024-08-26,03:11:01",asqx0109,#0,may7wch yfhm,,
"2024-08-26,03:11:12",asqx0109,#0,<@1142540508183416883> winro7t,2jz.o7#0,
"2024-08-26,03:11:25",2jz.o7,#0,Wch,asqx0109#0,
"2024-08-26,03:11:28",asqx0109,#0,tbnyt,,
"2024-08-26,03:11:33",asqx0109,#0,"ro7t tbny,,,",2jz.o7#0,
"2024-08-26,03:11:35",yacine0928,#0,راكم تشوفو فيا نضحك فيكم تضنو معنديش مشاكل بصح انا....منعديش مشاكل قي معى مرت عمي على جال وليدها نك ته في عمره 10سنين <:KEKYou:1150418200027201566>,,
"2024-08-26,03:11:39",2jz.o7,#0,Nn mbnytch,,
"2024-08-26,03:11:53",asqx0109,#0,,2jz.o7#0,
"2024-08-26,03:12:14",2jz.o7,#0,Kfah cho3or,yacine0928#0,
"2024-08-26,03:12:17",crazy.steve,#0,قوة الايمان <:gigachad:1150419236989186078>,2jz.o7#0,
"2024-08-26,03:12:23",yacine0928,#0,اودي هاذا علمته كيفاش يبن يط,asqx0109#0,
"2024-08-26,03:12:31",2jz.o7,#0,Wtf vidio ta3 pipa myw9flich ga3,,
"2024-08-26,03:12:33",asqx0109,#0,hhhhh,yacine0928#0,
"2024-08-26,03:12:38",asqx0109,#0,<a:1075672381923807302:1246491107534307439>,2jz.o7#0,
"2024-08-26,03:12:49",2jz.o7,#0,9alo njibo,,
"2024-08-26,03:12:52",2jz.o7,#0,3la hadi,,
"2024-08-26,03:12:55",yacine0928,#0,زك ه صافي على مسقبلي بصح مينقيش روحه مليح,2jz.o7#0,
"2024-08-26,03:13:21",2jz.o7,#0,Hell nah 7bibna drb trf mli7,yacine0928#0,
"2024-08-26,03:13:21",yacine0928,#0,<:juan:1150418197581922344> <:juan:1150418197581922344>,,
"2024-08-26,03:13:40",asqx0109,#0,hoova ra7o ragd w 7na,yacine0928#0,
"2024-08-26,03:14:10",yacine0928,#0,<:PepePoint74:1152016056244781086>,,
"2024-08-26,03:14:41",crazy.steve,#0,صحا اعطوني وصفة ساهلة باش نطيبها ولا نروح نحرق الكوزينة,,
"2024-08-26,03:14:56",asqx0109,#0,bayna bli hna makach 7ta tfla bayna <a:1075672381923807302:1246491107534307439>,,
"2024-08-26,03:15:00",rohta3ti,#0,جيبو و شربو,crazy.steve#0,
"2024-08-26,03:15:10",yacine0928,#0,اصبر نعطيك طريقة اسطورية لقرأة الطي ز,crazy.steve#0,
"2024-08-26,03:15:15",asqx0109,#0,<:emoji_133:1240343889143922708>,rohta3ti#0,
"2024-08-26,03:15:20",asqx0109,#0,<:HVi:1259653961636642846>,,
"2024-08-26,03:15:22",crazy.steve,#0,WTF...?,rohta3ti#0,
"2024-08-26,03:15:24",yacine0928,#0,لعزيز توحشتك علبالك,rohta3ti#0,
"2024-08-26,03:15:37",asqx0109,#0,galk jibo 3la ro7k  w chrbo,crazy.steve#0,
"2024-08-26,03:16:15",jordyy.a3ttt,#0,Banawni m server ta3 porno yzbi,,
"2024-08-26,03:16:19",rohta3ti,#0,فيه البروتين مادمتي تشربو كل ليلة قبل ماترقد,asqx0109#0,
"2024-08-26,03:16:20",asqx0109,#0,,jordyy.a3ttt#0,
"2024-08-26,03:16:22",crazy.steve,#0,فاك نو,asqx0109#0,
"2024-08-26,03:16:35",yacine0928,#0,قاع رانا مطنين,jordyy.a3ttt#0,
"2024-08-26,03:16:46",asqx0109,#0,kayn vpn,jordyy.a3ttt#0,
"2024-08-26,03:16:47",rohta3ti,#0,معليش ترف روحك الاخ,yacine0928#0,
"2024-08-26,03:16:49",asqx0109,#0,<a:1075672381923807302:1246491107534307439>,,
"2024-08-26,03:16:55",crazy.steve,#0,يا قسامك وش ذاااا,,
"2024-08-26,03:16:58",yacine0928,#0,تتمسخر ياك,rohta3ti#0,
"2024-08-26,03:17:03",crazy.steve,#0,وش ذو الاسموات,,
"2024-08-26,03:17:08",asqx0109,#0,<a:Dollaz:1150410764054704269>,,
"2024-08-26,03:17:14",asqx0109,#0,rak tchof,crazy.steve#0,
"2024-08-26,03:17:19",asqx0109,#0,<a:1145095162310185052:1248291585108480135>,,
"2024-08-26,03:17:28",2jz.o7,#0,Hada disc malk m5lo3,,
"2024-08-26,03:17:32",rohta3ti,#0,نن🙂,yacine0928#0,
"2024-08-26,03:17:35",yacine0928,#0,واقيلا نتا غوست وخداخر ؟,rohta3ti#0,
"2024-08-26,03:17:46",rohta3ti,#0,ايه,yacine0928#0,
"2024-08-26,03:17:59",yacine0928,#0,مهنة نتاعي في غروب نبيع نساء جميع انواع,rohta3ti#0,
"2024-08-26,03:18:03",rohta3ti,#0,صحا الوسيم,crazy.steve#0,
"2024-08-26,03:18:06",crazy.steve,#0,خفت من الاسماء كثر من الجنون لي راهم عايشين معايا,asqx0109#0,
"2024-08-26,03:18:32",rohta3ti,#0,كاين كريدي🙂,yacine0928#0,
"2024-08-26,03:18:32",crazy.steve,#0,اووووو شحال تبيعهم؟,yacine0928#0,
"2024-08-26,03:18:43",yacine0928,#0,متخافش اسمي هوا طبيعي في قروب هاذا,crazy.steve#0,
"2024-08-26,03:18:56",crazy.steve,#0,"مع كل احتراماتي لك 
Go fuck yourself pls",rohta3ti#0,
"2024-08-26,03:19:01",yacine0928,#0,10 بزازل ب 50مرأة,crazy.steve#0,
"2024-08-26,03:19:29",yacine0928,#0,شكون هاذا لي راه حاب يرسل موقع اباحي يرسله ليا في خاص,,
"2024-08-26,03:19:33",crazy.steve,#0,اوك 💀,yacine0928#0,
"2024-08-26,03:19:56",yacine0928,#0,ايا انا نروح نرقد ولا ندير لي موالف نديره كل ليلة <:Dead_inside:1150410964659863592>,,
"2024-08-26,03:20:07",rohta3ti,#0,k🙂,crazy.steve#0,
"2024-08-26,03:20:39",crazy.steve,#0,تتفرج انمي porn star مع العائلة,yacine0928#0,
"2024-08-26,03:20:40",rohta3ti,#0,انا راني زوج خطرات او معول نزيد,yacine0928#0,
"2024-08-26,03:21:09",yacine0928,#0,لا لا نمارس رذيلة مع قطط,crazy.steve#0,
"2024-08-26,03:21:22",yacine0928,#0,خويا نتا عندك تيربو مهوش ز  ب,rohta3ti#0,
"2024-08-26,03:21:41",crazy.steve,#0,🤣🤣🤣,,
"2024-08-26,03:21:57",rohta3ti,#0,طنة اوت<:Dead_inside:1150410964659863592>,yacine0928#0,
"2024-08-26,03:22:08",yacine0928,#0,يدرة كانش مراني نضحك باقي ندخلها قي تضحاك في كلاستي لعام هاذا,,
"2024-08-26,03:22:23",yacine0928,#0,انا تحكمتي طزة اوت,rohta3ti#0,
"2024-08-26,03:22:24",crazy.steve,#0,تسما غير انا لي نجيبو على المطراح 💀,,
"2024-08-26,03:22:39",jordyy.a3ttt,#0,MEOW,,
"2024-08-26,03:22:55",rohta3ti,#0,ها كل. واحد كيفاه,yacine0928#0,
"2024-08-26,03:23:00",yacine0928,#0,انا نجيبو طاير ولا راقد ولا واقف ولا متكي على حيط  وضعية لي جات نديرها,crazy.steve#0,
"2024-08-26,03:23:37",yacine0928,#0,<:cum:1152013788653031434>,,
"2024-08-26,03:23:44",rohta3ti,#0,كي تكون متكسل يجي بلخف على كيتكون واقف,crazy.steve#0,
"2024-08-26,03:24:08",crazy.steve,#0,<:Dead_inside:1150410964659863592>,rohta3ti#0,
"2024-08-26,03:24:10",yacine0928,#0,وتجي بنة لي تطلع حوض نتاعك  باش تحس بل متعة وبعدها ترخف روحك بسياس باش تتندم على حياتك شينة,rohta3ti#0,
"2024-08-26,03:24:53",rohta3ti,#0,كي تزير مصاصطك فمة تبنان,yacine0928#0,
"2024-08-26,03:24:54",crazy.steve,#0,🤣🤣🤣,,
"2024-08-26,03:25:11",2jz.o7,#0,Ara time out ya zbi,jordyy.a3ttt#0,
"2024-08-26,03:25:15",yacine0928,#0,تخمم كيفي تزيرهم باش تخرج كل لي عندك <:juan:1150418197581922344>,rohta3ti#0,
"2024-08-26,03:25:40",rohta3ti,#0,واه<:Ee:1152015886773923850>,yacine0928#0,
"2024-08-26,03:26:08",yacine0928,#0,عجبني تخمامك خبرني وين تسكن<:uncannycat:1152013915954352148>,rohta3ti#0,
"2024-08-26,03:26:40",crazy.steve,#0,<:Dead_inside:1150410964659863592> <:uncannycat:1152013915954352148>,,
"2024-08-26,03:26:43",2jz.o7,#0,2 boy 1 cup diro hadi ki tla9aw,yacine0928#0,
"2024-08-26,03:26:58",rohta3ti,#0,شلف<:uncannycat:1152013915954352148>,yacine0928#0,
"2024-08-26,03:27:00",2jz.o7,#0,Wnjibo 3likom <:uncannycat:1152013915954352148>,,
"2024-08-26,03:27:09",yacine0928,#0,ايا مريقلا واش من جيهة,rohta3ti#0,
"2024-08-26,03:27:13",2jz.o7,#0,9a7ba zad f jahanama,rohta3ti#0,
"2024-08-26,03:27:27",2jz.o7,#0,F tri9 wt7s b s5ana ya nli,,
"2024-08-26,03:27:29",rohta3ti,#0,احمد ربك,2jz.o7#0,
"2024-08-26,03:27:34",crazy.steve,#0,كي تجيبو يحرقك من كثر السخانة <:uncannycat:1152013915954352148>,rohta3ti#0,
"2024-08-26,03:27:40",2jz.o7,#0,Auto route w s5ana tnik,,
"2024-08-26,03:27:48",rohta3ti,#0,علاه<:therockreaction5:1152013878641819768>,yacine0928#0,
"2024-08-26,03:27:54",yacine0928,#0,خخخ هذيك لي تجيبو شحال من مرة ورا بعضها,crazy.steve#0,
"2024-08-26,03:28:02",rohta3ti,#0,<:Dead_inside:1150410964659863592>,crazy.steve#0,
"2024-08-26,03:28:09",yacine0928,#0,والو قي نسقسي ونتا علاه تسقسي,rohta3ti#0,
"2024-08-26,03:28:14",crazy.steve,#0,اواه في شلف نتدم جيبو,yacine0928#0,
"2024-08-26,03:28:35",yacine0928,#0,مشتش في ولاية البيض في دائرة رقاصة,crazy.steve#0,
"2024-08-26,03:28:52",yacine0928,#0,سخانة تولي تشوف حمام بجناح يضلل وجناح يطير,,
"2024-08-26,03:29:03",crazy.steve,#0,ياربي على ذوك الاسموات 🤣💔,,
"2024-08-26,03:29:08",rohta3ti,#0,نن فمة تخرج الما اومبعد تولي ماتخرجش علذا لازم تريح بين لي سيري,yacine0928#0,
"2024-08-26,03:29:59",yacine0928,#0,سموات نورمال شكون لي جاك اسم غريب,crazy.steve#0,
"2024-08-26,03:30:34",rohta3ti,#0,الا هكاك انا نسكن في دارنا لي حذا جارنا<:Ee:1152015886773923850>,yacine0928#0,
"2024-08-26,03:30:34",crazy.steve,#0,الجلفة منطاق الضل,yacine0928#0,
"2024-08-26,03:30:53",yacine0928,#0,صحا وجارك وين  يسكن,rohta3ti#0,
"2024-08-26,03:31:14",rohta3ti,#0,الجلفة مدينة المتقبل,crazy.steve#0,
"2024-08-26,03:31:19",yacine0928,#0,شباب راه حرف ميم خاسر ابعثو ليا راني متحقيه ايرجو,,
"2024-08-26,03:31:23",crazy.steve,#0,ياخو مديرش عليا نضحك على كلش,yacine0928#0,
"2024-08-26,03:31:37",yacine0928,#0,كيما حالتي,crazy.steve#0,
"2024-08-26,03:31:40",rohta3ti,#0,في دارهم حذا جارهم,yacine0928#0,
"2024-08-26,03:31:54",crazy.steve,#0,اي اسم يضحكني,yacine0928#0,
"2024-08-26,03:31:54",yacine0928,#0,صحا خبرني واش اسم منطقة,rohta3ti#0,
"2024-08-26,03:32:01",yacine0928,#0,واه,crazy.steve#0,
"2024-08-26,03:32:09",rohta3ti,#0,وادي الفضة,,
"2024-08-26,03:32:15",yacine0928,#0,ايا صحيت,rohta3ti#0,
"2024-08-26,03:32:31",2jz.o7,#0,Jelfa 7ayg3rona lokan y voto 3la tbon,,
"2024-08-26,03:32:31",yacine0928,#0,.,,
"2024-08-26,03:32:35",rohta3ti,#0,تجي تستقهوى,yacine0928#0,
"2024-08-26,03:32:53",2jz.o7,#0,Wa7d 9alhom nrj3 la boursse ta3 fac 2mlayn 7chito lokan yvoto 3lih,,
"2024-08-26,03:32:54",yacine0928,#0,راني جاي ندير حيا خير من ستقهوي واش لون باب نتاع داركم,rohta3ti#0,
"2024-08-26,03:33:06",crazy.steve,#0,ايا خاوتي لعزاز اتهلاو,,
"2024-08-26,03:33:10",rohta3ti,#0,الجلفة منطقة –51,2jz.o7#0,
"2024-08-26,03:33:13",crazy.steve,#0,نروح نرقد,,
"2024-08-26,03:33:21",2jz.o7,#0,Wlh l7wya 51,rohta3ti#0,
"2024-08-26,03:33:25",rohta3ti,#0,blck,yacine0928#0,
"2024-08-26,03:33:26",yacine0928,#0,البيض منطقة 106-,rohta3ti#0,
"2024-08-26,03:33:36",2jz.o7,#0,Blida 106,yacine0928#0,
"2024-08-26,03:33:59",crazy.steve,#0,اينما تجد خلوفا مازالة في بطن امه يباع ب 15 مليون دينار,rohta3ti#0,
"2024-08-26,03:34:06",yacine0928,#0,معليش تصور ليا داركم وفوطو نتاعك ونتا بوضعية مثيرة في خاص ونفليكسي ليك 100الف,rohta3ti#0,
"2024-08-26,03:34:31",rohta3ti,#0,نعم انها الجلفة,crazy.steve#0,
"2024-08-26,03:34:36",2jz.o7,#0,Hhh bdaw ytlgo l gay shit,yacine0928#0,
"2024-08-26,03:34:50",rohta3ti,#0,نن<:tadcarlfachero36:1152016084430487552>,yacine0928#0,
"2024-08-26,03:34:58",crazy.steve,#0,ايا خاوتي اتهلاو نروح نرقد,,
"2024-08-26,03:35:04",yacine0928,#0,متخافش انا مسالم,2jz.o7#0,
"2024-08-26,03:35:33",yacine0928,#0,اوكي معليش بصح تفكر راني نعس في  قي بلع  تاقة نتاع دار,rohta3ti#0,
"2024-08-26,03:35:33",rohta3ti,#0,<:therockreaction5:1152013878641819768>,yacine0928#0,
"2024-08-26,03:35:43",crazy.steve,#0,وراني جيعااان,,
"2024-08-26,03:36:16",rohta3ti,#0,لالا ارواح انا في روحي راني مكيزز,yacine0928#0,
"2024-08-26,03:36:49",rohta3ti,#0,هنا يفصل الرجال عن عن الاطفال,crazy.steve#0,
"2024-08-26,03:37:43",rohta3ti,#0,🙂 👀,,
"2024-08-26,03:38:15",asqx0109,#0,rani wlit,,
"2024-08-26,03:38:19",asqx0109,#0,of,,
"2024-08-26,03:38:21",rohta3ti,#0,راحتو ضربة وحدة مكاش حتا b8,,
"2024-08-26,03:38:23",m7_.n8,#0,,,https://cdn.discordapp.com/attachments/1227367017661595708/1277457084732018759/image0.gif?ex=672e225f&is=672cd0df&hm=c416f145acdb481d34b24b2ebdfb663c66cec02024ced30254bbebc4aa0c31a9&
"2024-08-26,03:38:23",asqx0109,#0,kont fl p,,
"2024-08-26,03:38:38",asqx0109,#0,admin,m7_.n8#0,
"2024-08-26,03:38:42",asqx0109,#0,,,
"2024-08-26,03:39:13",m7_.n8,#0,,asqx0109#0,https://cdn.discordapp.com/attachments/1227367017661595708/1277457298574278747/image0.gif?ex=672e2291&is=672cd111&hm=5e31e514f83efdf4b796a10b0872a9b540d601f1b47005bfe5a28cbf9051614e&
"2024-08-26,03:39:28",asqx0109,#0,,m7_.n8#0,
"2024-08-26,03:40:03",crazy.steve,#0,توسوستلك,rohta3ti#0,
"2024-08-26,03:40:16",m7_.n8,#0,,asqx0109#0,https://cdn.discordapp.com/attachments/1227367017661595708/1277457561116868711/image0.gif?ex=672e22d0&is=672cd150&hm=390710200ab70ad5377095fd1a7f13339ff46d9b65fcf4126c2312ae7d38570c&
"2024-08-26,03:40:22",crazy.steve,#0,Nigga dance,m7_.n8#0,
"2024-08-26,03:40:42",asqx0109,#0,,m7_.n8#0,
"2024-08-26,03:40:47",crazy.steve,#0,خيبة امل ل nigga 😔,m7_.n8#0,
"2024-08-26,03:40:58",m7_.n8,#0,,crazy.steve#0,https://cdn.discordapp.com/attachments/1227367017661595708/1277457736292110346/image0.gif?ex=672e22fa&is=672cd17a&hm=b52d252d10462ef176d43a3e69fd0713f6e214100b85b6d87537208dd16b1a08&
"2024-08-26,03:41:06",rohta3ti,#0,لازم تبات بشر,crazy.steve#0,
"2024-08-26,03:41:12",2jz.o7,#0,Oooo charmota wch rak,m7_.n8#0,
"2024-08-26,03:41:20",crazy.steve,#0,😔💔,m7_.n8#0,
"2024-08-26,03:41:26",m7_.n8,#0,,asqx0109#0,https://cdn.discordapp.com/attachments/1227367017661595708/1277457854902698105/image0.gif?ex=672e2316&is=672cd196&hm=c32d63a005914bd538a8d5a49a1c0336ccf06bc4d341e9c2df776144dcc705c4&
"2024-08-26,03:41:45",m7_.n8,#0,antik w nti barbie,2jz.o7#0,
"2024-08-26,03:41:49",crazy.steve,#0,مفهمتكش,rohta3ti#0,
"2024-08-26,03:41:52",2jz.o7,#0,Cv,m7_.n8#0,
"2024-08-26,03:42:03",asqx0109,#0,,m7_.n8#0,
"2024-08-26,03:42:12",m7_.n8,#0,Dom,2jz.o7#0,https://cdn.discordapp.com/attachments/1227367017661595708/1277458045613510727/image0.gif?ex=672e2344&is=672cd1c4&hm=3750a7c1b4c3dee30af3752cdd0e1a5eec5ddb1e3b8b0fd8912aa7fe171baa4c&
"2024-08-26,03:42:14",asqx0109,#0,nti girl,,
"2024-08-26,03:42:16",asqx0109,#0,wtf,,
"2024-08-26,03:42:27",2jz.o7,#0,Haki bosa ana nro7 nr9d,m7_.n8#0,
"2024-08-26,03:42:34",m7_.n8,#0,Nn,asqx0109#0,https://cdn.discordapp.com/attachments/1227367017661595708/1277458137879937024/image0.gif?ex=672e235a&is=672cd1da&hm=96d633f7c8640fbc6edb0c1929c0fe7e581a55eb2bc6286f4f478162611923d3&
"2024-08-26,03:42:46",asqx0109,#0,khla3tini,m7_.n8#0,
"2024-08-26,03:42:57",m7_.n8,#0,Stfu bitch,2jz.o7#0,https://cdn.discordapp.com/attachments/1227367017661595708/1277458235594379305/image0.gif?ex=672e2371&is=672cd1f1&hm=94363d4646e86d0f338aab848f2924e8c3c9c553573a22515c090d81fea475c9&
"2024-08-26,03:43:02",crazy.steve,#0,No I don't and go fuck yourself now,m7_.n8#0,
"2024-08-26,03:43:05",rohta3ti,#0,ياك قلت راك جيعان,crazy.steve#0,
"2024-08-26,03:43:16",crazy.steve,#0,Yep,rohta3ti#0,
"2024-08-26,03:43:20",2jz.o7,#0,Kiss my dick,m7_.n8#0,
"2024-08-26,03:43:27",rami_lux,#0,سلام شباب,,
"2024-08-26,03:43:40",crazy.steve,#0,وملقيتش شا نطيب,rohta3ti#0,
"2024-08-26,03:43:51",rohta3ti,#0,ايه بات جيعان,crazy.steve#0,
"2024-08-26,03:43:59",crazy.steve,#0,وعليكم السلام,rami_lux#0,
"2024-08-26,03:44:17",rami_lux,#0,ميرسي عليك,crazy.steve#0,
"2024-08-26,03:44:24",rohta3ti,#0,تبا لك ولامثالك,rami_lux#0,
"2024-08-26,03:44:41",rami_lux,#0,يرحم والديك,,
"2024-08-26,03:44:44",crazy.steve,#0,نوووووو,rohta3ti#0,
"2024-08-26,03:45:05",crazy.steve,#0,ايا اتهلاو,,
"2024-08-26,03:45:12",m7_.n8,#0,Smd,2jz.o7#0,
"2024-08-26,03:45:32",rohta3ti,#0,باه تبان راجل اك فاهم<:Ee:1152015886773923850>,crazy.steve#0,
"2024-08-26,03:45:40",crazy.steve,#0,<@1195134511546105958> fuck yourself now 🙂,m7_.n8#0,
"2024-08-26,03:45:47",m7_.n8,#0,,crazy.steve#0,https://cdn.discordapp.com/attachments/1227367017661595708/1277458949230297148/image0.gif?ex=672e241b&is=672cd29b&hm=ceba39ffb80ad17fee5ba26c579c8678e676f43600c829dc39d0d2d418d71a8b&
"2024-08-26,03:45:51",crazy.steve,#0,💀💀💀,rohta3ti#0,
"2024-08-26,03:46:04",m7_.n8,#0,Ra7 n7wik 3lablk,crazy.steve#0,
"2024-08-26,03:46:06",crazy.steve,#0,😭😭,m7_.n8#0,
"2024-08-26,03:46:25",rohta3ti,#0,شوف روح رقد و نويها صيام,crazy.steve#0,
"2024-08-26,03:46:29",crazy.steve,#0,💀,m7_.n8#0,
"2024-08-26,03:46:36",rami_lux,#0,gay,crazy.steve#0,
"2024-08-26,03:46:39",crazy.steve,#0,💀💀,rohta3ti#0,
"2024-08-26,03:46:56",crazy.steve,#0,Shut fuck up,rami_lux#0,
"2024-08-26,03:47:04",rami_lux,#0,<:KEKYou:1150418200027201566>,,
"2024-08-26,03:47:20",m7_.n8,#0,Nro7 ntfrj gothemchess,,https://cdn.discordapp.com/attachments/1227367017661595708/1277459337631236167/image0.gif?ex=672e2478&is=672cd2f8&hm=37fa117879c2c4cd4640499ded3fd674a6bb90a2c49f1bb758fb1ddac62eb93f&
"2024-08-26,03:47:21",crazy.steve,#0,ايا اتهلاو لا ندخل في مشاكل,,
"2024-08-26,03:47:22",m7_.n8,#0,Gn,,
"2024-08-26,03:47:35",rohta3ti,#0,ها كول و خلاص بصح شا تاكل<:Ee:1152015886773923850>,crazy.steve#0,
"2024-08-26,03:47:41",rami_lux,#0,<:uncannycat:1152013915954352148> <:uncannycat:1152013915954352148> انا باش ترقد شباب تهلاو,,
"2024-08-26,03:47:47",rami_lux,#0,قيو,,
"2024-08-26,03:47:51",rohta3ti,#0,يا تبون,rami_lux#0,
"2024-08-26,03:47:57",crazy.steve,#0,بيض بالاك,rohta3ti#0,
"2024-08-26,03:48:02",rami_lux,#0,يا المغبون,,
"2024-08-26,03:48:19",crazy.steve,#0,بلع,rami_lux#0,
"2024-08-26,03:48:30",rohta3ti,#0,ياو خصنا طبون,rami_lux#0,
"2024-08-26,03:48:47",m7_.n8,#0,,,https://cdn.discordapp.com/attachments/1227367017661595708/1277459703504441355/image0.gif?ex=672e24cf&is=672cd34f&hm=d024d23556cddb3a2d42a72e794814b902a771ca4937663a3b27b74561457096&
"2024-08-26,03:49:00",crazy.steve,#0,,,
"2024-08-26,03:49:25",rohta3ti,#0,اضرب الخبز بالما وروح لرقد,crazy.steve#0,
"2024-08-26,03:50:14",rami_lux,#0,يعطيك الصحة الخبز و الما و الراس فالسما<:gigachad:1150419236989186078>,rohta3ti#0,
"2024-08-26,03:50:34",rami_lux,#0,و ايا ارقدو سهرتكم طولت,,
"2024-08-26,03:50:59",rohta3ti,#0,بصح لازم تحدد الراس يا عمي. تبون,rami_lux#0,
"2024-08-26,03:51:19",.heythemdz,#0,قردون,m7_.n8#0,
"2024-08-26,03:51:23",.heythemdz,#0,برااااخ,,
"2024-08-26,03:51:46",rami_lux,#0,والله ما علابالي راس سيدي خلخل ولا راس شعري الجذاب,rohta3ti#0,
"2024-08-26,03:53:11",rohta3ti,#0,المهم راس خير مالكسكاس ولا يضربوه بفاس كما الترفاس,rami_lux#0,
"2024-08-26,03:53:37",rami_lux,#0,اتهلا واسمك,,
"2024-08-26,03:53:59",rohta3ti,#0,GHOST,rami_lux#0,
"2024-08-26,03:54:09",rohta3ti,#0,تربح,,
"2024-08-26,03:58:43",asqx0109,#0,,,
"2024-08-26,04:05:28",costwave,#0,R7to tr9do??,,
"2024-08-26,04:05:34",costwave,#0,Ima stalk yall,,
"2024-08-26,04:05:36",costwave,#0,Be ready,,
"2024-08-26,04:15:54",crazy.steve,#0,وعاودت رجعت,rohta3ti#0,
"2024-08-26,04:16:26",crazy.steve,#0,<@763790502444531792> راك ميت؟,costwave#0,
"2024-08-26,04:17:30",crazy.steve,#0,منموتش انا,,
"2024-08-26,04:17:30",costwave,#0,I always come back,,
"2024-08-26,04:17:48",crazy.steve,#0,مي نروح نرقد مانيش راقد يومين,,
"2024-08-26,04:18:01",crazy.steve,#0,🤡👍,,
"2024-08-26,04:18:15",costwave,#0,Whadfk,,
"2024-08-26,04:18:37",costwave,#0,Bn8 mon fr,,
"2024-08-26,04:18:46",costwave,#0,❤️,,
"2024-08-26,04:23:19",nabbyman,#0,سلام,,
"2024-08-26,08:40:48",snor_ice,#0,,,
"2024-08-26,09:05:53",crazy.steve,#0,وعليكم السلام,nabbyman#0,
"2024-08-26,09:06:00",crazy.steve,#0,صباح الخير,,
"2024-08-26,09:06:03",crazy.steve,#0,^-^,,
"2024-08-26,09:18:47",crazy.steve,#0,راني راقد غير 2 سوايع<:uncannycat:1152013915954352148>,,
"2024-08-26,09:20:43",luffysenpai2011,#0,سلا عليكم خاوتي,,
"2024-08-26,09:21:01",luffysenpai2011,#0,صباح الخير,,
"2024-08-26,09:21:08",luffysenpai2011,#0,وش راكم خاوتي,,
"2024-08-26,09:21:16",luffysenpai2011,#0,هذا وين نضت,,
"2024-08-26,09:21:58",speed6580,#0,ليلة كاملة وانا نختم في darkstrider,crazy.steve#0,
"2024-08-26,09:22:20",speed6580,#0,<:Dead_inside:1150410964659863592>,,
"2024-08-26,09:22:29",luffysenpai2011,#0,ok nice,speed6580#0,
"2024-08-26,09:22:44",speed6580,#0,👍👍👍👍,luffysenpai2011#0,
"2024-08-26,09:23:17",luffysenpai2011,#0,لعبتها والبي سي و لا الكونسول,speed6580#0,
"2024-08-26,09:24:00",ablm69,#0,ثباحو,,
"2024-08-26,09:24:12",luffysenpai2011,#0,وشنو,ablm69#0,
"2024-08-26,09:24:33",ablm69,#0,I said ثباحو <:emoji_101:1191547625883828325>,,
"2024-08-26,09:24:37",crazy.steve,#0,💀,ablm69#0,
"2024-08-26,09:24:47",ablm69,#0,Huh,crazy.steve#0,
"2024-08-26,09:25:14",crazy.steve,#0,على صبح  ربي بيك مي قرل ولا مانعرف الجنس تاعو,luffysenpai2011#0,
"2024-08-26,09:25:24",crazy.steve,#0,🤡🤡,ablm69#0,
"2024-08-26,09:25:34",ablm69,#0,Pick me 💀?,crazy.steve#0,
"2024-08-26,09:25:37",ablm69,#0,Hell nuh bro,,
"2024-08-26,09:25:52",luffysenpai2011,#0,شكون,crazy.steve#0,
"2024-08-26,09:26:27",ablm69,#0,"Ana he/her
She/he
They/them
Zi/zer
I/er",crazy.steve#0,
"2024-08-26,09:26:28",crazy.steve,#0,خالتي فتحية لي تسكن فالدورة تاع الطلعة,luffysenpai2011#0,
"2024-08-26,09:26:37",luffysenpai2011,#0,وشبيها,crazy.steve#0,
"2024-08-26,09:26:40",ablm69,#0,Cringe,crazy.steve#0,
"2024-08-26,09:26:45",ablm69,#0,9,luffysenpai2011#0,
"2024-08-26,09:26:58",crazy.steve,#0,خلاص والو,luffysenpai2011#0,
"2024-08-26,09:27:07",speed6580,#0,Xbox,luffysenpai2011#0,
"2024-08-26,09:27:11",crazy.steve,#0,Fuck it,ablm69#0,
"2024-08-26,09:27:15",luffysenpai2011,#0,series s,speed6580#0,
"2024-08-26,09:27:16",ablm69,#0,Kys,crazy.steve#0,
"2024-08-26,09:27:27",speed6580,#0,X,luffysenpai2011#0,
"2024-08-26,09:27:29",crazy.steve,#0,خلاص انساو,,
"2024-08-26,09:27:34",ablm69,#0,Kys bro,,
"2024-08-26,09:27:34",luffysenpai2011,#0,ok,speed6580#0,
"2024-08-26,09:27:44",crazy.steve,#0,وصباح الخير عليكم وراني رايح,,
"2024-08-26,09:27:44",luffysenpai2011,#0,سحال عندها من المساحة,crazy.steve#0,
"2024-08-26,09:28:13",crazy.steve,#0,Fuck it,luffysenpai2011#0,
"2024-08-26,09:28:32",ablm69,#0,<:emoji_109:1259887162296635402> <:emoji_109:1259887162296635402>,,
"2024-08-26,09:28:39",luffysenpai2011,#0,نهدر على الxbox تاع <@987035507907244044>,crazy.steve#0、speed6580#0,
"2024-08-26,09:28:59",crazy.steve,#0,💀💀,luffysenpai2011#0,
"2024-08-26,09:29:19",crazy.steve,#0,واي ارحل هوفا؟,ablm69#0,
"2024-08-26,09:29:22",luffysenpai2011,#0,وشبيك موسوس,crazy.steve#0,
"2024-08-26,09:29:34",speed6580,#0,512,luffysenpai2011#0,
"2024-08-26,09:29:41",luffysenpai2011,#0,OK NICE,speed6580#0,
"2024-08-26,09:29:45",ablm69,#0,Because man7tajohch,crazy.steve#0,
"2024-08-26,09:29:47",crazy.steve,#0,مانيش موسوس راني مطروش,luffysenpai2011#0,
"2024-08-26,09:30:00",luffysenpai2011,#0,هذا وين نضت نتا,crazy.steve#0,
"2024-08-26,09:30:27",crazy.steve,#0,علاه هو الهواء؟ (اذا هو تشاش ايه),ablm69#0,
"2024-08-26,09:30:46",crazy.steve,#0,يب رقدة تاع 2 سوايع تخليك تهبل,luffysenpai2011#0,
"2024-08-26,09:30:52",ablm69,#0,Bro i will kms now,crazy.steve#0,
"2024-08-26,09:31:09",luffysenpai2011,#0,رقدت من 2 حتى 9:18,crazy.steve#0,
"2024-08-26,09:31:15",ablm69,#0,Ana nro7 ntom machi li malef nhder m3ahom 😭😭😭😭,,
"2024-08-26,09:31:16",speed6580,#0,يومين مرقدتش غير باش نعدل رقادي,crazy.steve#0,
"2024-08-26,09:31:33",luffysenpai2011,#0,وشبيك نتي ثان,ablm69#0,
"2024-08-26,09:31:39",ablm69,#0,Ana tfal,luffysenpai2011#0,
"2024-08-26,09:31:39",crazy.steve,#0,اوك,ablm69#0,
"2024-08-26,09:31:44",ablm69,#0,💀💀💀💀,,
"2024-08-26,09:32:02",luffysenpai2011,#0,وشبيك ثاني,ablm69#0,
"2024-08-26,09:32:15",speed6580,#0,<:NIGGA_omg:1150394296680329226>,ablm69#0,
"2024-08-26,09:32:24",ablm69,#0,Makach bnat fi server hoova yak 3labalek,,
"2024-08-26,09:32:31",crazy.steve,#0,كيما انا مي انا زدت ثقبتها,speed6580#0,
"2024-08-26,09:32:32",luffysenpai2011,#0,يسموهم femboys ولا email,speed6580#0,
"2024-08-26,09:32:38",speed6580,#0,ايه غير فيم بوي,ablm69#0,
"2024-08-26,09:32:47",ablm69,#0,Email 😭😭😭😭😭😭,luffysenpai2011#0,
"2024-08-26,09:32:48",luffysenpai2011,#0,كاين وقيلا <@1264558495034769438>,ablm69#0、demon_slayer_tanjiro_kamado#0,
"2024-08-26,09:32:53",ablm69,#0,Nuh,luffysenpai2011#0,
"2024-08-26,09:32:55",crazy.steve,#0,لالا كاين بنات,ablm69#0,
"2024-08-26,09:32:59",speed6580,#0,Email??????,luffysenpai2011#0,
"2024-08-26,09:33:08",luffysenpai2011,#0,no im boy,speed6580#0,
"2024-08-26,09:33:17",luffysenpai2011,#0,نهدر على <@1180615622145622117>,speed6580#0、ablm69#0,
"2024-08-26,09:33:19",ablm69,#0,Ya5o bach nfhmek ndiro brk pfp ta3 tfla brk,,
"2024-08-26,09:33:29",ablm69,#0,Wach d5l email,luffysenpai2011#0,
"2024-08-26,09:33:34",luffysenpai2011,#0,وشنو,ablm69#0,
"2024-08-26,09:33:38",crazy.steve,#0,<@1240035711617339483> <@442721468829138954> <@988208130053787719>,unfrody#0、yacine0928#0、ablm69#0、dreaml7rach#0,
"2024-08-26,09:33:42",speed6580,#0,شدخل ايميل؟,luffysenpai2011#0,
"2024-08-26,09:33:45",luffysenpai2011,#0,female + male,ablm69#0,
"2024-08-26,09:33:50",ablm69,#0,Femboy,,
"2024-08-26,09:34:05",speed6580,#0,فيمبوي,luffysenpai2011#0,
"2024-08-26,09:34:06",ablm69,#0,Femboys 💀,crazy.steve#0,
"2024-08-26,09:34:35",crazy.steve,#0,ناااه,ablm69#0,
"2024-08-26,09:34:47",luffysenpai2011,#0,شفتها في ميمز واحد سقسا كحلوش قالو نتا male ولا female و امبعد قالوا أنا email هو ماشي أنا,speed6580#0,
"2024-08-26,09:34:54",ablm69,#0,Sm3t wa7ed yhder ki rajel fl voice,crazy.steve#0,
"2024-08-26,09:35:11",ablm69,#0,Ana nro7,,
"2024-08-26,09:35:15",ablm69,#0,Cya later alligators,,
"2024-08-26,09:35:28",speed6580,#0,وكاين واحد قالو انا ميكانيسيا,luffysenpai2011#0,
"2024-08-26,09:35:29",luffysenpai2011,#0,وقتاه يديرلنا هوفا تضحك تحب الطوطا,,
"2024-08-26,09:35:47",crazy.steve,#0,🤣🤣,speed6580#0,
"2024-08-26,09:35:48",speed6580,#0,🤣,,
"2024-08-26,09:36:14",luffysenpai2011,#0,قلو لي,,
"2024-08-26,09:36:16",speed6580,#0,روح تيك اكتب what is your gender,,
"2024-08-26,09:36:31",crazy.steve,#0,يس شفتها,,
"2024-08-26,09:36:31",luffysenpai2011,#0,i am a croissant,,
"2024-08-26,09:36:46",speed6580,#0,🤣🤣🤣🤣,luffysenpai2011#0,
"2024-08-26,09:36:58",luffysenpai2011,#0,my gender is a croissant,speed6580#0,
"2024-08-26,09:37:21",speed6580,#0,Im Wellmart beg,,
"2024-08-26,09:37:29",luffysenpai2011,#0,وشنو هو أكثر انمي تكرهو كامل كره شديد,,
"2024-08-26,09:37:58",crazy.steve,#0,My gender هيليكوبتر حربية,,
"2024-08-26,09:38:07",speed6580,#0,Demon slayer نكرهو,luffysenpai2011#0,
"2024-08-26,09:38:10",luffysenpai2011,#0,تاع ألمانيا,crazy.steve#0,
"2024-08-26,09:38:16",crazy.steve,#0,بوكونو هيرو 🤡,luffysenpai2011#0,
"2024-08-26,09:38:27",luffysenpai2011,#0,نكره اخاخ اون خايخن و خرا بول,crazy.steve#0,
"2024-08-26,09:38:57",speed6580,#0,<:emoji_107:1197267193713410228>,crazy.steve#0,
"2024-08-26,09:38:59",crazy.steve,#0,خاخاخوخوخي خي,luffysenpai2011#0,
"2024-08-26,09:40:45",crazy.steve,#0,وشنو هو الانمي لي حبيتو,,
"2024-08-26,09:41:03",luffysenpai2011,#0,يا خو واحد الخطرة دارولنا حفلة في المسيل امبعد ان و زوج صحابي لعبنا روم فري فاير و الله يا خو بسيف بش عطيتلو وان طاب لصاحبي تيلمون محترف المهم و واحد صحابي دايرن جماعة في الصفوف الأخيرة و يتفرجوا في ال🟧⬛,crazy.steve#0,
"2024-08-26,09:41:30",luffysenpai2011,#0,راكو فاهمين,,
"2024-08-26,09:41:52",crazy.steve,#0,ديييييييم <:uncannycat:1152013915954352148>,luffysenpai2011#0,
"2024-08-26,09:42:14",luffysenpai2011,#0,انا مدرتلهمش اهتمام,crazy.steve#0,
"2024-08-26,09:42:18",crazy.steve,#0,يب,luffysenpai2011#0,
"2024-08-26,09:43:07",speed6580,#0,"Bakihanma
One piece
Attak on titen",crazy.steve#0,
"2024-08-26,09:43:12",speed6580,#0,<:gigachad:1150419236989186078>,,
"2024-08-26,09:43:31",luffysenpai2011,#0,نحب ون بيس جوجوتسو كايسن ماشل,speed6580#0,
"2024-08-26,09:43:42",crazy.steve,#0,نايس,speed6580#0,
"2024-08-26,09:43:45",speed6580,#0,و اتاك؟,luffysenpai2011#0,
"2024-08-26,09:43:54",crazy.steve,#0,نايس,luffysenpai2011#0,
"2024-08-26,09:44:00",luffysenpai2011,#0,سمحلي بصح انا من الونابسة,,
"2024-08-26,09:44:03",crazy.steve,#0,نااه,speed6580#0,
"2024-08-26,09:44:13",speed6580,#0,حتى انا,luffysenpai2011#0,
"2024-08-26,09:44:23",mk_diassss,#0,# ثباحووووو,,
"2024-08-26,09:44:29",vv_sr7,#0,سلام عليكم,,
"2024-08-26,09:44:30",crazy.steve,#0,ايا خاوتي اتهلاو ممبعد نرجع,,
"2024-08-26,09:44:36",luffysenpai2011,#0,بصح اتاك شوية خايس لانو القصة تاعو عميقة يزاف و سيريو,speed6580#0,
"2024-08-26,09:44:38",crazy.steve,#0,وعليكم السلام,vv_sr7#0,
"2024-08-26,09:44:38",vv_sr7,#0,كي صبحتم,,
"2024-08-26,09:44:45",vv_sr7,#0,لاباس,,
"2024-08-26,09:44:49",luffysenpai2011,#0,و انا ما نحبش براف السيريو في الانمي,,
"2024-08-26,09:44:55",luffysenpai2011,#0,لا باس الحمد الله,vv_sr7#0,
"2024-08-26,09:45:01",crazy.steve,#0,تحب الرومانسية,luffysenpai2011#0,
"2024-08-26,09:45:05",speed6580,#0,هاو ليق قصة ليق تفهمها تغيب دقيقة متفهم والو,luffysenpai2011#0,
"2024-08-26,09:45:15",crazy.steve,#0,لباس الحمد الله ونتا,vv_sr7#0,
"2024-08-26,09:45:29",crazy.steve,#0,يب دوخ,speed6580#0,
"2024-08-26,09:45:29",vv_sr7,#0,انا نحبهم <:emoji_47:1151909990727163954> were not the same,luffysenpai2011#0,
"2024-08-26,09:45:53",vv_sr7,#0,واش راك خويا,mk_diassss#0,
"2024-08-26,09:45:59",luffysenpai2011,#0,كل واحد وش يحب,vv_sr7#0,
"2024-08-26,09:46:07",speed6580,#0,<:emoji_47:1151909990727163954>,,
"2024-08-26,09:46:12",vv_sr7,#0,كاينة,luffysenpai2011#0,
"2024-08-26,09:46:34",luffysenpai2011,#0,راه التوى الوب ديالو,vv_sr7#0,
"2024-08-26,09:46:34",speed6580,#0,Fuck bro☠,luffysenpai2011#0,
"2024-08-26,09:46:57",vv_sr7,#0,سيرفر هكا داير,luffysenpai2011#0,
"2024-08-26,09:47:01",vv_sr7,#0,🙂,,
"2024-08-26,09:47:16",speed6580,#0,سيرفر راه خاصه فتوحات,vv_sr7#0,
"2024-08-26,09:47:22",crazy.steve,#0,"انا نحب 
One piece 
موب سايكو",luffysenpai2011#0,
"2024-08-26,09:47:53",vv_sr7,#0,بوربلام جماعة سيرفر عندهم جانب جهادي,speed6580#0,
"2024-08-26,09:48:09",crazy.steve,#0,🤣🤣,,
"2024-08-26,09:48:32",speed6580,#0,كامل عندنا جانب جهادي بصح كاين ناس مخدومين بل مارشميلو,vv_sr7#0,
"2024-08-26,09:48:57",crazy.steve,#0,ايا اتهلاو ممبعد نرجع,,
"2024-08-26,09:49:01",vv_sr7,#0,لا لا راهم غي يتمسخرو,speed6580#0,
"2024-08-26,09:49:23",speed6580,#0,اي واحد فيمبوي يبدا بل تمسخير,vv_sr7#0,
"2024-08-26,09:49:24",luffysenpai2011,#0,ايا اتهلا,crazy.steve#0,
"2024-08-26,09:49:39",vv_sr7,#0,وراك عارف ديسكورد كيفاه داير,,
"2024-08-26,09:49:45",crazy.steve,#0,مونكي دي ماني,luffysenpai2011#0,
"2024-08-26,09:49:45",speed6580,#0,تهلا,crazy.steve#0,
"2024-08-26,09:49:53",luffysenpai2011,#0,خاوتي انا روح,,
"2024-08-26,09:49:54",vv_sr7,#0,مشقاش نهدر,,
"2024-08-26,09:50:11",luffysenpai2011,#0,الرجل الذي سيصبح ملك القراصنة و المطننين,crazy.steve#0,
"2024-08-26,09:50:15",speed6580,#0,<:hank39:1152015910882791534>,luffysenpai2011#0,
"2024-08-26,09:50:30",luffysenpai2011,#0,يا خي موسوس,speed6580#0,
"2024-08-26,09:50:42",vv_sr7,#0,الله يعاون,luffysenpai2011#0,
"2024-08-26,09:50:47",speed6580,#0,تحكمله انستا تاعه يقعد يحلل فيك باش متكشفوهش,vv_sr7#0,
"2024-08-26,09:51:09",vv_sr7,#0,<@1191354977193570356>,themask0239#0,
"2024-08-26,09:51:17",vv_sr7,#0,وين راك,,
"2024-08-26,09:51:38",vv_sr7,#0,🙂,speed6580#0,
"2024-08-26,10:06:10",thba7ooo,#0,اشتقنا له 😔,vv_sr7#0,
"2024-08-26,10:06:28",realdragex,#0,وقتاه لفوط,,
"2024-08-26,10:07:01",realdragex,#0,(سؤال لناس جلفة),,
"2024-08-26,10:07:23",0_gf,#0,<a:konatahype:1264550439001657416>,,
"2024-08-26,10:11:03",0_gf,#0,<@742398088886353962> نتا كون تبقى تسكيببي ال LEG DAY,thba7ooo#0,https://cdn.discordapp.com/attachments/1227367017661595708/1277555903335366696/image.png?ex=672dd5a7&is=672c8427&hm=f025ee72e2a64bfeac65f4ef02ba0b31e7017b71938511ae8a5fc8db574586fd&
"2024-08-26,10:11:56",thba7ooo,#0,يزح صي تاك نرجع لل leg day 😂 😂,0_gf#0,
"2024-08-26,10:13:36",0_gf,#0,,,https://cdn.discordapp.com/attachments/1227367017661595708/1277556544850100337/image.png?ex=672dd640&is=672c84c0&hm=cd220bc01d05c4108b5eb65db57e165e6b5b388b9853253b34cb24e502a6705d&
"2024-08-26,10:14:29",thba7ooo,#0,يزح ني نخمم نلعب دارك سولز ضروك ولا من بعد 😔,,
"2024-08-26,10:14:46",speed6580,#0,فليل😬,thba7ooo#0,
"2024-08-26,10:23:00",vv_sr7,#0,"Bilando bilando ,",0_gf#0,
"2024-08-26,10:23:17",0_gf,#0,,vv_sr7#0,
"2024-08-26,10:23:32",m7_.n8,#0,,,https://cdn.discordapp.com/attachments/1227367017661595708/1277559047251427388/image0.gif?ex=672dd894&is=672c8714&hm=8123d891f514ff1fb17f28570a68056f76bf55331004edacb815839de290efda&
"2024-08-26,10:23:34",vv_sr7,#0,😛😝,0_gf#0,
"2024-08-26,10:23:48",vv_sr7,#0,Mahooraga,m7_.n8#0,
"2024-08-26,10:23:57",vv_sr7,#0,<:hollow46:1152015919900545065>,,
"2024-08-26,10:24:06",m7_.n8,#0,,vv_sr7#0,https://cdn.discordapp.com/attachments/1227367017661595708/1277559189022965812/image0.gif?ex=672dd8b6&is=672c8736&hm=9db76e5f672f88d99d0f56deb695d828722ab9eef194f642c1408ab12f443eb7&
"2024-08-26,10:24:30",vv_sr7,#0,<:emoji_90:1188671864160137226>,thba7ooo#0,
"2024-08-26,10:25:02",0_gf,#0,<a:dance13:1038069504221139014>,,https://cdn.discordapp.com/attachments/1227367017661595708/1277559423052546068/image.png?ex=672dd8ee&is=672c876e&hm=dc01e36814278a984db6715a9d6bd4ce1646d0adaa66a02eb0d33e5a6f27257e&
"2024-08-26,10:25:30",vv_sr7,#0,,,https://cdn.discordapp.com/attachments/1227367017661595708/1277559542984605706/20240826_092012.jpg?ex=672dd90a&is=672c878a&hm=96152a4b21b8ac2eaa8d86e62dcbca084ea84bad17455c4fb5679554e67f5c97&
"2024-08-26,10:25:43",vv_sr7,#0,<@759514536188575806>,dovahkin666#0,
"2024-08-26,10:26:11",m7_.n8,#0,,0_gf#0,https://cdn.discordapp.com/attachments/1227367017661595708/1277559712262393936/IMG_20240821_054718_240.jpg?ex=672dd933&is=672c87b3&hm=ec2108e4d626656b86942659e568b17679e37d0d3d19e4ccbdb8c58a07569229&
"2024-08-26,10:26:40",0_gf,#0,وانا علاه تسرق مني,,
"2024-08-26,10:26:50",0_gf,#0,جوردن تبا لك,,
"2024-08-26,10:27:01",m7_.n8,#0,لانك جميل,0_gf#0,
"2024-08-26,10:27:18",vv_sr7,#0,خليك منه,m7_.n8#0,
"2024-08-26,10:27:32",vv_sr7,#0,متوشيش سيد,,
"2024-08-26,10:27:32",0_gf,#0,,,
"2024-08-26,10:27:37",m7_.n8,#0,,vv_sr7#0,https://cdn.discordapp.com/attachments/1227367017661595708/1277560074851582026/574cd1f13ee41443a04bec725b70ff3c.jpg?ex=672dd989&is=672c8809&hm=028f77175616c37fb290dc0569935711d6edc7801ecc3ac32136ff75cddf445f&
"2024-08-26,10:27:38",0_gf,#0,حشمت,,
"2024-08-26,10:28:01",vv_sr7,#0,رواه مصاص بزول,m7_.n8#0,
"2024-08-26,10:28:08",0_gf,#0,متنساش تنين باش يقلك الحسين ينتمي لتنانين,m7_.n8#0,
"2024-08-26,10:28:41",vv_sr7,#0,حسين من game of thrones,0_gf#0,
"2024-08-26,10:28:43",vv_sr7,#0,<:NIGGA_omg:1150394296680329226>,,
"2024-08-26,10:28:45",dovahkin666,#0,Tf u want,vv_sr7#0,
"2024-08-26,10:28:56",0_gf,#0,لا تتمادا,vv_sr7#0,
"2024-08-26,10:28:58",m7_.n8,#0,,vv_sr7#0,https://cdn.discordapp.com/attachments/1227367017661595708/1277560413940224032/image0.gif?ex=672dd9da&is=672c885a&hm=0cc288131707ab7d5786fbb167582a4cba149e626258dc5755673c8f7672224f&
"2024-08-26,10:29:01",0_gf,#0,خبزك بخبز العبااس,,
"2024-08-26,10:29:20",0_gf,#0,,m7_.n8#0,https://cdn.discordapp.com/attachments/1227367017661595708/1277560505078124544/VID_20240819_094943.mp4?ex=672dd9f0&is=672c8870&hm=1d0d503f92ba84f705d7aa49dbae3893e04679042d97f1a43a455af636a8669e&
"2024-08-26,10:29:26",vv_sr7,#0,بس مزح استغفر الله,0_gf#0,
"2024-08-26,10:29:34",vv_sr7,#0,😂💀,,
"2024-08-26,10:29:35",0_gf,#0,حسييييييين,,
"2024-08-26,10:29:45",0_gf,#0,ذي غنية عندهم,vv_sr7#0,
"2024-08-26,10:29:54",0_gf,#0,يقلك لا تتمادا خبرظك بي خبظ العباس,,
"2024-08-26,10:29:56",vv_sr7,#0,مكان والو غي رواح هنا,dovahkin666#0,
"2024-08-26,10:30:03",dovahkin666,#0,Ok,vv_sr7#0,
"2024-08-26,10:30:10",dovahkin666,#0,But why,,
"2024-08-26,10:30:19",vv_sr7,#0,لا يا عباس كرنج,0_gf#0,
"2024-08-26,10:30:31",0_gf,#0,عبسي,,
"2024-08-26,10:30:35",0_gf,#0,تخيل تكون عراقي,,
"2024-08-26,10:30:39",vv_sr7,#0,<:emoji_101:1191547625883828325>,dovahkin666#0,
"2024-08-26,10:30:47",dovahkin666,#0,عباس بن فرناس,vv_sr7#0,
"2024-08-26,10:30:54",0_gf,#0,تتدخل تتفرج PORN يديرلك @العراق,,
"2024-08-26,10:31:01",vv_sr7,#0,كاينة,dovahkin666#0,
"2024-08-26,10:31:14",vv_sr7,#0,,,https://cdn.discordapp.com/attachments/1227367017661595708/1277560982150844416/20240826_091949.jpg?ex=672dda62&is=672c88e2&hm=401e38bd8bf40441ef6a5d3d363e813134259e2a74f4d0eab2404fec0be83e14&
"2024-08-26,10:31:36",vv_sr7,#0,Cutie nigga,m7_.n8#0,
"2024-08-26,10:31:59",dovahkin666,#0,زنجي طري,vv_sr7#0,
"2024-08-26,10:32:28",m7_.n8,#0,,,https://cdn.discordapp.com/attachments/1227367017661595708/1277561295859875871/image0.gif?ex=672ddaac&is=672c892c&hm=a31356de75941d38f8b12e2e8e5128fec54d65678098e580d7a8cd229f6748ee&
"2024-08-26,10:32:32",vv_sr7,#0,W9 وش معنتها؟,dovahkin666#0,
"2024-08-26,10:32:53",m7_.n8,#0,Hh,vv_sr7#0,
"2024-08-26,10:32:54",vv_sr7,#0,,m7_.n8#0,https://cdn.discordapp.com/attachments/1227367017661595708/1277561403795836970/20240826_091903.jpg?ex=672ddac6&is=672c8946&hm=ce3381a4d5c329ed06c165d69e35d300383811552d56c93b5904d1f1b3c53363&
"2024-08-26,10:32:55",dovahkin666,#0,طري كي العجين راك شايف حنين,vv_sr7#0,
"2024-08-26,10:33:10",dovahkin666,#0,Too many references,vv_sr7#0,
"2024-08-26,10:33:34",m7_.n8,#0,,vv_sr7#0,https://cdn.discordapp.com/attachments/1227367017661595708/1277561569424703551/image0.gif?ex=672ddaee&is=672c896e&hm=871caf4576ce37aae3b6df8fa8cdd2bfaed903eb6478e146083b3141608a3e81&
"2024-08-26,10:33:37",vv_sr7,#0,🦅,dovahkin666#0,
"2024-08-26,10:34:05",vv_sr7,#0,<:702623479245307944:1150411530660237343>,dovahkin666#0,
"2024-08-26,10:34:24",dovahkin666,#0,<:tyler36:1152013906726899795>,vv_sr7#0,
"2024-08-26,10:34:47",0_gf,#0,<@742398088886353962> ذا وش راه رايح يصرا,thba7ooo#0,https://cdn.discordapp.com/attachments/1227367017661595708/1277561875743117392/image.png?ex=672ddb37&is=672c89b7&hm=c9d32c74260804d1ca945236933af3d94e5ea7b00bd925b857fd2d44db11cce8&
"2024-08-26,10:35:21",vv_sr7,#0,Real,0_gf#0,
"2024-08-26,10:35:33",vv_sr7,#0,<@759514536188575806>,m7_.n8#0、dovahkin666#0,https://cdn.discordapp.com/attachments/1227367017661595708/1277562068890947655/Video.Guru_20240729_205934739.mp4?ex=672ddb65&is=672c89e5&hm=d12a2e60989c8f85d49e0413f01120048fa66b0ff9efe7ebf6b57bee5b7e1574&
"2024-08-26,10:35:36",0_gf,#0,كمهم,,
"2024-08-26,10:35:41",0_gf,#0,تخيل تخلصهم ومتناخوش,,
"2024-08-26,10:35:44",0_gf,#0,ويتقلشوا,,
"2024-08-26,10:36:31",vv_sr7,#0,🙂,0_gf#0,
"2024-08-26,10:36:33",m7_.n8,#0,,vv_sr7#0,https://cdn.discordapp.com/attachments/1227367017661595708/1277562322117726281/image0.gif?ex=672ddba1&is=672c8a21&hm=a5e7a7af5457083624cba21b03e46b0800857a976e156dc774cb201489ef26e3&
"2024-08-26,10:37:23",m7_.n8,#0,تجيب قحب ة باش تربت عليك وتقلك everything is okay,0_gf#0,https://cdn.discordapp.com/attachments/1227367017661595708/1277562531405103125/image0.gif?ex=672ddbd3&is=672c8a53&hm=fc2eebf590e654f4b4b746c4a59b4f6966512e2ba259be95781b907db4efaed7&
"2024-08-26,10:37:44",0_gf,#0,وتحط راصي في صدرها وتقولي اشششش,m7_.n8#0,
"2024-08-26,10:37:47",vv_sr7,#0,ناقص حنانة,m7_.n8#0,
"2024-08-26,10:37:51",vv_sr7,#0,😐,,
"2024-08-26,10:38:16",m7_.n8,#0,ياغبي اتزوج وخلي مرتك تسويلك كذا,0_gf#0,
"2024-08-26,10:38:22",m7_.n8,#0,Stfu,vv_sr7#0,
"2024-08-26,10:38:26",vv_sr7,#0,,,https://cdn.discordapp.com/attachments/1227367017661595708/1277562795218436138/20240826_092025.jpg?ex=672ddc12&is=672c8a92&hm=09b2fa5c0943f2fa249a08bf942535a27cc86e47d74f5c4326f59cede252372a&
"2024-08-26,10:38:27",m7_.n8,#0,Bitch,,
"2024-08-26,10:38:28",rayer43,#0,السلام عليكم,,
"2024-08-26,10:38:42",m7_.n8,#0,وعليكم السلام,rayer43#0,
"2024-08-26,10:38:46",m7_.n8,#0,Gg,vv_sr7#0,
"2024-08-26,10:38:49",rayer43,#0,واش راكم,m7_.n8#0,
"2024-08-26,10:39:00",vv_sr7,#0,Call me daddy,m7_.n8#0,
"2024-08-26,10:39:03",m7_.n8,#0,انتيك الحمدلله ونتا,rayer43#0,
"2024-08-26,10:39:13",rayer43,#0,الحمد لله بخير,m7_.n8#0,
"2024-08-26,10:39:16",vv_sr7,#0,,,https://cdn.discordapp.com/attachments/1227367017661595708/1277563005412048897/20240826_092001.jpg?ex=672ddc44&is=672c8ac4&hm=ef6c14a29f2d085803f56eca6045657eb21ad88d0ba62f3534a39f53aed8d59b&
"2024-08-26,10:39:33",m7_.n8,#0,,vv_sr7#0,https://cdn.discordapp.com/attachments/1227367017661595708/1277563076824010792/image0.gif?ex=672ddc55&is=672c8ad5&hm=f5442bf1ced423adafdebee928eda1384f02d0a9d669d93114cf7c95089a5c08&
"2024-08-26,10:40:05",m7_.n8,#0,ينهار ابيض,vv_sr7#0,https://cdn.discordapp.com/attachments/1227367017661595708/1277563209577922580/image0.gif?ex=672ddc75&is=672c8af5&hm=94b95628d71510533966ef8e5b36967f9740e7977e6af16e0f1f2e87ea712827&
"2024-08-26,10:41:28",vv_sr7,#0,,m7_.n8#0,https://cdn.discordapp.com/attachments/1227367017661595708/1277563557726130266/VID_35790624_081528_672.mp4?ex=672ddcc8&is=672c8b48&hm=76bf5154036aec550a597447281510f5e8850c83c79a87de38b422530e38b833&
"2024-08-26,10:46:55",m7_.n8,#0,الاشاعرة يثبتو سبع صفات لله وياولو الباقي,vv_sr7#0,https://cdn.discordapp.com/attachments/1227367017661595708/1277564931343913011/image0.gif?ex=672dde0f&is=672c8c8f&hm=a5abac00768ea7d0b9cff82b719a67347d0b88a54e1eebe2128dc119ec8f0dec&
"2024-08-26,10:47:51",thba7ooo,#0,ندمت,,
"2024-08-26,10:49:35",thba7ooo,#0,كاينة يزح مضاري مين نكريزي نضرك alt + f4 باه مانتنارفاش,0_gf#0,
"2024-08-26,10:49:58",rayer43,#0,علاه,thba7ooo#0,
"2024-08-26,10:50:28",thba7ooo,#0,هاذا وين نضت قررت نلعب دارك سولز 2 و كان اسوء قرار درته يزح,rayer43#0,
"2024-08-26,10:50:40",rayer43,#0,ههههه,thba7ooo#0,
"2024-08-26,10:51:12",thba7ooo,#0,تبانلي نمحيها يزح كرهتلي حياتي,,
"2024-08-26,10:52:13",rayer43,#0,امحيها خير,thba7ooo#0,
"2024-08-26,10:58:18",vv_sr7,#0,,thba7ooo#0,https://cdn.discordapp.com/attachments/1227367017661595708/1277567795424395400/VID_21660327_042221_746.mp4?ex=672de0ba&is=672c8f3a&hm=7dfa2ffdb694882435fcd8e7fd153aca7cf045aa19d8fe0ac2568638cd5a1d34&
"2024-08-26,11:00:08",thba7ooo,#0,قلعتلي غمة لي كانت جايتني خو 😂,vv_sr7#0,
"2024-08-26,11:00:53",vv_sr7,#0,مرحبا بيك 😢,thba7ooo#0,
"2024-08-26,11:01:12",vv_sr7,#0,مازالني نبكي على بندر ولى بيض,,
"2024-08-26,11:04:35",thba7ooo,#0,مام انا كان زنجي شباب 😔,vv_sr7#0,
"2024-08-26,11:06:16",vv_sr7,#0,نمشي نتفرجه ولا لا عطيني رايك,thba7ooo#0,
"2024-08-26,11:06:43",vv_sr7,#0,ولا نمشي نختم اوتلاست درك,,
"2024-08-26,11:06:52",vv_sr7,#0,<:emoji_106:1191547968151617626>,,
"2024-08-26,11:07:11",thba7ooo,#0,اوتلاست اولوية <:uncannycat:1152013915954352148>,vv_sr7#0,
"2024-08-26,11:07:37",vv_sr7,#0,Ok <:lover:1150418201944002560>,thba7ooo#0,
"2024-08-26,11:07:58",vv_sr7,#0,راني مخضرم نتاع اوتلاست,,
"2024-08-26,11:37:14",zodyak0074,#0,راني جيت,,
"2024-08-26,11:42:01",m7_.n8,#0,,vv_sr7#0,https://cdn.discordapp.com/attachments/1227367017661595708/1277578798807646248/image0.gif?ex=672deaf9&is=672c9979&hm=4f6104d5605809da129c8af4c6798518e08d36c945d5189222c6ab39a845e35b&
"2024-08-26,12:11:24",luffysenpai2011,#0,وش خاوتي,,
"2024-08-26,12:11:30",luffysenpai2011,#0,راني جيت,,
"2024-08-26,12:17:31",crazy.steve,#0,سلام عليكم يالشابين ^-^,,
"2024-08-26,12:22:14",0_gf,#0,كرهت من GTA,,
"2024-08-26,12:22:34",0_gf,#0,نسيت شكون لي نصحني بيها مي دوك نسييها,,https://cdn.discordapp.com/attachments/1227367017661595708/1277589002295447698/image.png?ex=672df47a&is=672ca2fa&hm=090f725ee8caebac2c31bafeed318834fdb2a244acc95da71549aa2b1d4acd31&
"2024-08-26,12:30:47",exuberant_sparrow_26750,#0,<:way61:1152013922229043310>,,
"2024-08-26,12:42:50",abdulrazzaq0639,#0,طنة جاتني مي قريت اسمك <:9k:1189273274455179358>,exuberant_sparrow_26750#0,
"2024-08-26,12:43:20",3mybad,#0,Afdal gameee,0_gf#0,
"2024-08-26,12:43:28",3mybad,#0,Yooooo dark siders,,
"2024-08-26,12:43:46",3mybad,#0,Nostalgic yzhh,,
"2024-08-26,12:44:09",abdulrazzaq0639,#0,تانوس علاه متقتلش نص جزاير,3mybad#0,
"2024-08-26,12:44:36",abdulrazzaq0639,#0,خاصنا دراهم ياخو ميزيرية لازم يروح نص شعب هدا,,
"2024-08-26,12:45:19",0_gf,#0,مشاتلي 30 فريم يزح,3mybad#0,
"2024-08-26,12:45:23",3mybad,#0,Win rak tchof ftanos,abdulrazzaq0639#0,
"2024-08-26,12:45:38",abdulrazzaq0639,#0,تحول,3mybad#0,
"2024-08-26,12:45:54",3mybad,#0,Chaeb mhbol,abdulrazzaq0639#0,
"2024-08-26,12:45:59",abdulrazzaq0639,#0,في زوج تبانو شيبانين,3mybad#0,
"2024-08-26,12:46:06",3mybad,#0,Ew srsly?,0_gf#0,
"2024-08-26,12:46:08",0_gf,#0,بنادم عشوائي,3mybad#0,
"2024-08-26,12:46:13",abdulrazzaq0639,#0,مطيقش تتحول زعما,3mybad#0,
"2024-08-26,12:46:21",0_gf,#0,على lowest stt معرفتش علاه,3mybad#0,
"2024-08-26,12:46:23",3mybad,#0,Yakho,abdulrazzaq0639#0,
"2024-08-26,12:46:30",abdulrazzaq0639,#0,حكمني فيد,0_gf#0,
"2024-08-26,12:46:54",abdulrazzaq0639,#0,جماعة شكون يدير حملة تاع ندخلو شيرات للسيرفر,,
"2024-08-26,12:47:04",3mybad,#0,Knt leabha fxbox 360 kan fimri 11yo,0_gf#0,
"2024-08-26,12:47:14",3mybad,#0,Yakho fkrtni fyamat chabin,,
"2024-08-26,12:47:33",0_gf,#0,راني فل بدية,,
"2024-08-26,12:47:38",0_gf,#0,على حساب مفهمت,,
"2024-08-26,12:47:40",0_gf,#0,لعبة rpg,,
"2024-08-26,12:47:48",0_gf,#0,مدام لي ضدك يطيحوا اسلحتههم,,
"2024-08-26,12:47:56",abdulrazzaq0639,#0,شاهي,,
"2024-08-26,12:48:04",chlorophyte_enjoyer,#0,pc specs?,0_gf#0,
"2024-08-26,12:48:18",abdulrazzaq0639,#0,شاهي لعبة,,
"2024-08-26,12:48:42",3mybad,#0,Yakho jaya chghol souls mais mchy souls,0_gf#0,
"2024-08-26,12:48:50",0_gf,#0,"i5 8gen
16ram
uhd 620",chlorophyte_enjoyer#0,
"2024-08-26,12:49:05",0_gf,#0,عجبتني الروسومات,3mybad#0,
"2024-08-26,12:49:18",3mybad,#0,Hdk death li rak bih endo bzf slahat wkayn bzf les combo ttealmhom mwahd esyd fla base,,
"2024-08-26,12:49:18",abdulrazzaq0639,#0,نتوما كائنات غير طبيعية وتامبعدا,0_gf#0,
"2024-08-26,12:49:25",3mybad,#0,Fr tohfa,0_gf#0,
"2024-08-26,12:49:37",0_gf,#0,كنت باغي نبدا بل جزء الاول,,
"2024-08-26,12:49:44",0_gf,#0,بصح خفت قديم وميعجبنيش,,
"2024-08-26,12:49:45",3mybad,#0,Esuicidi,abdulrazzaq0639#0,
"2024-08-26,12:50:00",3mybad,#0,Leabto ghir kima chbab tan,0_gf#0,
"2024-08-26,12:50:02",abdulrazzaq0639,#0,ومانيش فاهم والو,3mybad#0,
"2024-08-26,12:50:06",3mybad,#0,Psh 2 khir,,
"2024-08-26,12:50:16",3mybad,#0,1tleab bkhoh war,,
"2024-08-26,12:50:29",3mybad,#0,Lboss fight elwl,,
"2024-08-26,12:50:40",3mybad,#0,Ki syd hdak thwl lkhok,,
"2024-08-26,12:50:46",chlorophyte_enjoyer,#0,شحال ghz,0_gf#0,
"2024-08-26,12:50:50",chlorophyte_enjoyer,#0,cpu,,
"2024-08-26,12:50:57",0_gf,#0,3.9,chlorophyte_enjoyer#0,
"2024-08-26,12:50:58",3mybad,#0,Wkayn dark siders 3 nsit bch nlaebo,,
"2024-08-26,12:51:04",3mybad,#0,Hada win fkrtni nta,,
"2024-08-26,12:51:07",yanabbbb,#0,سلام,,
"2024-08-26,12:51:16",chlorophyte_enjoyer,#0,kima ta3i,0_gf#0,
"2024-08-26,12:51:28",chlorophyte_enjoyer,#0,3andi rayzen 3 4300g,,
"2024-08-26,12:51:29",0_gf,#0,خخخ,,
"2024-08-26,12:51:30",3mybad,#0,Nta howa li hbit tbi3li vid bhhhhh,yanabbbb#0,
"2024-08-26,12:51:31",chlorophyte_enjoyer,#0,16 ram,,
"2024-08-26,12:51:34",0_gf,#0,ها,chlorophyte_enjoyer#0,
"2024-08-26,12:51:37",chlorophyte_enjoyer,#0,no gpu,,
"2024-08-26,12:51:38",0_gf,#0,وتقول كيما نتاعي ؟,,
"2024-08-26,12:51:45",0_gf,#0,عندك vega 8,,
"2024-08-26,12:51:51",yanabbbb,#0,تع واش,3mybad#0,
"2024-08-26,12:51:54",chlorophyte_enjoyer,#0,nt3i 4 ghz,,
"2024-08-26,12:52:10",3mybad,#0,Tae li suicida bshot gun,yanabbbb#0,
"2024-08-26,12:52:23",3mybad,#0,Dando hbit tfyd ela dahri,,
"2024-08-26,12:52:31",3mybad,#0,Tryh faqir mnchrich,,
"2024-08-26,12:52:33",yanabbbb,#0,اي كانت حافية بيا <:tadcarlfachero36:1152016084430487552>,3mybad#0,
"2024-08-26,12:52:53",yanabbbb,#0,اصليا معنديش اي فيديو,,
"2024-08-26,12:53:08",yanabbbb,#0,قاعد نتمسخر بيك<:juan:1150418197581922344>,,
"2024-08-26,12:53:15",3mybad,#0,Hsbtlk ana nta,yanabbbb#0,
"2024-08-26,12:53:18",3mybad,#0,Yhchohali,,
"2024-08-26,12:54:08",yanabbbb,#0,فواش يحشوهالي معنديش دراهم <:juan:1150418197581922344>,3mybad#0,
"2024-08-26,12:54:25",3mybad,#0,Mskin,yanabbbb#0,
"2024-08-26,12:54:30",3mybad,#0,Allah yrzqk,,
"2024-08-26,12:54:57",3mybad,#0,Ektb incha allah mlih kho,yanabbbb#0,
"2024-08-26,12:55:03",3mybad,#0,Ahtarm asm rbi,,
"2024-08-26,12:55:24",yanabbbb,#0,انشاء الله,,
"2024-08-26,12:55:35",yanabbbb,#0,هكا<:tadcarlfachero36:1152016084430487552>,,
"2024-08-26,13:04:18",thba7ooo,#0,سليماني,0_gf#0,
"2024-08-26,13:04:37",luffysenpai2011,#0,خاوتي ما سقسيتوش على <@1267093129928904745>,hunters_rage#0,
"2024-08-26,13:04:59",luffysenpai2011,#0,نجيبوه بش يقصر معانا,,
"2024-08-26,13:06:40",0_gf,#0,اللعبة اسطورية,thba7ooo#0,
"2024-08-26,13:06:46",0_gf,#0,دابزت مع بوس دروك,,
"2024-08-26,13:06:53",0_gf,#0,حشالي حجرة في صدري معلباليش واش,,
"2024-08-26,13:08:28",thba7ooo,#0,تاك نطلعها 🔥,0_gf#0,
"2024-08-26,13:12:56",0_gf,#0,THE GAME IS GOATED,thba7ooo#0,
"2024-08-26,13:17:07",nd5r,#0,تديك بعيد غير اصبر,,
"2024-08-26,13:17:13",nd5r,#0,تعرف ليكود بسطر,,
"2024-08-26,13:17:58",0_gf,#0,الرقاد خو,nd5r#0,
"2024-08-26,13:18:01",0_gf,#0,الرقاد مليح,,
"2024-08-26,13:19:10",nd5r,#0,عندك حق ، ميي مقدرش نرقد,0_gf#0,
"2024-08-26,13:20:06",0_nu,#0,مسكين,nd5r#0,
"2024-08-26,13:20:23",0_gf,#0,حالتك صعبة,,
"2024-08-26,13:20:25",0_gf,#0,fr fr,,
"2024-08-26,13:20:47",nd5r,#0,وي 😞,,
"2024-08-26,13:21:49",3mybad,#0,Boss fight elwl?,0_gf#0,
"2024-08-26,13:22:37",alphaaa5077,#0,<@1233138312823181349>,bariza0706_87336#0,
"2024-08-26,13:22:44",alphaaa5077,#0,<:juan:1150418197581922344>,,
"2024-08-26,13:38:13",_9f.,#0,<@989546731295371324><@793104419519856661>,mhxer#0、_youcef.d#0,
"2024-08-26,13:38:17",_9f.,#0,يدخلك اومبورتي,,
"2024-08-26,13:48:57",themask0239,#0,سلام عليكم,,
"2024-08-26,13:50:31",carnage07451,#0,كيراكم؟,,
"2024-08-26,13:51:23",yacine0928,#0,هاني رجعت,,
"2024-08-26,13:53:59",exuberant_sparrow_26750,#0,قادر روحك لعزيز,abdulrazzaq0639#0,
"2024-08-26,13:54:31",yacine0928,#0,نحبك cj,exuberant_sparrow_26750#0,
"2024-08-26,13:54:44",yacine0928,#0,عندي مهمة في كبا ري ارواح ديرها معايا,,
"2024-08-26,13:56:09",yanabbbb,#0,سلام,,
"2024-08-26,13:56:44",0_gf,#0,red nigga,3mybad#0,
"2024-08-26,13:58:21",yacine0928,#0,عندي سؤال ليكم وانا ثاني نجاوب عليه,,
"2024-08-26,13:58:34",yacine0928,#0,ايذا وليت طفلة ليوم واحد واش دير,,
"2024-08-26,13:58:43",yacine0928,#0,انا  في راي نخلي شباب تستفيد باطل,,
"2024-08-26,13:59:03",yanabbbb,#0,فكرة شاب<:tadcarlfachero36:1152016084430487552>,yacine0928#0,
"2024-08-26,14:01:37",yanabbbb,#0,يحب شباب ويعرف واش باغيين<:tadcarlfachero36:1152016084430487552>,yacine0928#0,
"2024-08-26,14:03:02",3mybad,#0,Hadak khok hh,0_gf#0,
"2024-08-26,14:03:33",3mybad,#0,Mdhkch esuicidi,yacine0928#0,
"2024-08-26,14:05:47",abdellah_x,#0,السلام عليكم,,
"2024-08-26,14:09:31",rayer43,#0,السلام عليكم,,
"2024-08-26,14:09:37",rayer43,#0,منعرف,yacine0928#0,
"2024-08-26,14:15:14",zodyak0074,#0,سلام عليكم ياشعب بنياط,,
"2024-08-26,14:18:51",_you_ss_ef_,#0,Ramzius_2,,
"2024-08-26,14:30:58",vv_sr7,#0,<@1180425486720041032>,0_gf#0,
"2024-08-26,14:31:09",vv_sr7,#0,<@1180425486720041032>,0_gf#0,
"2024-08-26,14:31:15",vv_sr7,#0,<@1180425486720041032>,0_gf#0,
"2024-08-26,14:31:45",vv_sr7,#0,<@1180425486720041032> <@742398088886353962>,0_gf#0、thba7ooo#0,https://cdn.discordapp.com/attachments/1227367017661595708/1277621512400011437/7z6lZwL.mp4?ex=672e12c1&is=672cc141&hm=0d62eeeb42a7a2ea82603507fa579a785f73934c64f7f55dfa900ad5be35ea08&
"2024-08-26,14:32:19",luffysenpai2011,#0,yo chill,vv_sr7#0,
"2024-08-26,14:32:48",luffysenpai2011,#0,بلعقل خوبيا لعزيز,vv_sr7#0,
"2024-08-26,14:33:38",2jz.o7,#0,N7i ya rbk makach mnha 5awti,vv_sr7#0,
"2024-08-26,14:34:01",vv_sr7,#0,خاطيك خويا,2jz.o7#0,
"2024-08-26,14:34:09",vv_sr7,#0,ميحبوكش,,
"2024-08-26,14:34:50",2jz.o7,#0,Nik li 7ab,vv_sr7#0,
"2024-08-26,14:35:00",vv_sr7,#0,<:gigachad:1150419236989186078>,2jz.o7#0,
"2024-08-26,14:35:29",thba7ooo,#0,<@1191354977193570356>  ماهوش يبان يزح افتقدته 😔  نيغا كان ناس ملاح,themask0239#0,
"2024-08-26,14:42:52",2jz.o7,#0,Nakoh,thba7ooo#0,
"2024-08-26,14:43:20",thba7ooo,#0,شكون 😔,2jz.o7#0,
"2024-08-26,14:45:08",vv_sr7,#0,<@759514536188575806>,dovahkin666#0,
"2024-08-26,14:45:12",dovahkin666,#0,That was my video,vv_sr7#0,
"2024-08-26,14:45:25",dovahkin666,#0,<:NIGGA_omg:1150394296680329226>,,
"2024-08-26,14:45:28",vv_sr7,#0,,dovahkin666#0,https://cdn.discordapp.com/attachments/1227367017661595708/1277624962441810005/Capture_decran_2024-08-26_144750.jpg?ex=672e15f8&is=672cc478&hm=8e0579b992e6acc7bccd74b49f1e4841631ec13fd15677ce263db9b107966a2c&
"2024-08-26,14:45:38",dovahkin666,#0,<:juan:1150418197581922344>,vv_sr7#0,
"2024-08-26,14:50:38",bena3li_47035,#0,<:tomfrownface59:1152013900150218822>,,
"2024-08-26,14:58:10",yanabbbb,#0,سلام,,
"2024-08-26,15:01:03",mk_diassss,#0,يدكم فيه شبيبة,,
"2024-08-26,15:03:01",crazy.steve,#0,السلام عليكم,,
"2024-08-26,15:03:25",yanabbbb,#0,<:tadcarlfachero36:1152016084430487552>,crazy.steve#0,
"2024-08-26,15:03:28",yanabbbb,#0,<:cum:1152013788653031434>,mk_diassss#0,
"2024-08-26,15:03:34",yanabbbb,#0,يدي فيها,mk_diassss#0,
"2024-08-26,15:03:39",yanabbbb,#0,<:tadcarlfachero36:1152016084430487552>,,
"2024-08-26,15:03:59",crazy.steve,#0,<:uncannycat:1152013915954352148> <:Dead_inside:1150410964659863592>,,
"2024-08-26,15:04:10",yanabbbb,#0,<:tadcarlfachero36:1152016084430487552> <:tadcarlfachero36:1152016084430487552>,crazy.steve#0,
"2024-08-26,15:04:40",yanabbbb,#0,وش بيك <:tadcarlfachero36:1152016084430487552>,crazy.steve#0,
"2024-08-26,15:05:02",crazy.steve,#0,توسوستلك <:uncannycat:1152013915954352148>,yanabbbb#0,
"2024-08-26,15:05:16",yanabbbb,#0,واش يدي فيها,crazy.steve#0,
"2024-08-26,15:05:23",yanabbbb,#0,<:tadcarlfachero36:1152016084430487552>,,
"2024-08-26,15:05:30",yanabbbb,#0,مش فيه,,
"2024-08-26,15:05:35",yanabbbb,#0,<:tadcarlfachero36:1152016084430487552>,,
"2024-08-26,15:05:52",yanabbbb,#0,ولا راني غالط,,
"2024-08-26,15:05:52",crazy.steve,#0,<:702623479245307944:1150411530660237343>,,
"2024-08-26,15:06:11",yanabbbb,#0,<:767993656816304148:1150411534615453696>,crazy.steve#0,
"2024-08-26,15:06:38",crazy.steve,#0,<:uncannycat:1152013915954352148> <:ChineseMan:1150410495434690630>,yanabbbb#0,
"2024-08-26,15:07:05",yanabbbb,#0,ِ,,
"2024-08-26,15:07:42",iyad8327,#0,السلام و عليكم,,
"2024-08-26,15:07:59",iyad8327,#0,و عليكم السلام,,
"2024-08-26,15:08:06",yanabbbb,#0,وعليكم سلام <:tadcarlfachero36:1152016084430487552>,iyad8327#0,
"2024-08-26,15:08:30",yanabbbb,#0,حافية بيك ترد سلام على روحك,iyad8327#0,
"2024-08-26,15:08:34",iyad8327,#0,وشنو هو الموضوع تع اليوم,yanabbbb#0,
"2024-08-26,15:08:51",yanabbbb,#0,تدخل سيرفور,iyad8327#0,
"2024-08-26,15:08:51",iyad8327,#0,نفرح روحي خويا لعزيز,yanabbbb#0,
"2024-08-26,15:08:58",yanabbbb,#0,تاعي,,
"2024-08-26,15:08:58",iyad8327,#0,ايه,,
"2024-08-26,15:09:09",yanabbbb,#0,ارواح بريفي,iyad8327#0,
"2024-08-26,15:13:46",yanabbbb,#0,خاوتي شكون باغي يدخل سيرفر <:tadcarlfachero36:1152016084430487552>,,
"2024-08-26,15:15:08",yanabbbb,#0,<@766451906973007872>,crazy.steve#0,
"2024-08-26,15:18:42",zodyak0074,#0,تاعش هاذا سيرفر,yanabbbb#0,
"2024-08-26,15:18:58",yanabbbb,#0,تع كلش<:tadcarlfachero36:1152016084430487552>,,
"2024-08-26,15:19:23",zodyak0074,#0,ندخل واع,,
"2024-08-26,15:19:25",luffysenpai2011,#0,وش هتلر,,
"2024-08-26,15:19:33",dzl.com,#0,<:gigachad:1150419236989186078>,,
"2024-08-26,15:19:37",yanabbbb,#0,لباس,,
"2024-08-26,15:19:46",luffysenpai2011,#0,كش ما حولت اليهود و ال106 لصابون طرف,,
"2024-08-26,15:19:47",zodyak0074,#0,<:emoji_108:1197267246662295592>,,
"2024-08-26,15:19:50",yanabbbb,#0,ابعت بريفي,zodyak0074#0,
"2024-08-26,15:19:56",luffysenpai2011,#0,لباس الحمد الله,yanabbbb#0,
"2024-08-26,15:20:06",luffysenpai2011,#0,قل لي,,
"2024-08-26,15:20:37",yanabbbb,#0,والو مقتلنش بزاف راني لاهي فسيرفر,luffysenpai2011#0,
"2024-08-26,15:20:52",luffysenpai2011,#0,وليدك هذا  <@1267093129928904745>,hunters_rage#0,
"2024-08-26,15:20:53",zodyak0074,#0,راني رسلتلك نورمالمو,,
"2024-08-26,15:21:27",yanabbbb,#0,اصبر برك,zodyak0074#0,
"2024-08-26,15:21:47",zodyak0074,#0,"Hitler, hebe deine Hand",,
"2024-08-26,15:22:37",yanabbbb,#0,شكون منعرفوش,luffysenpai2011#0,
"2024-08-26,15:23:08",yanabbbb,#0,انا منيش متزوج <:tadcarlfachero36:1152016084430487552>,,
"2024-08-26,15:23:24",yanabbbb,#0,حرقتها بش نغسل وجهي,,
"2024-08-26,15:33:45",exuberant_sparrow_26750,#0,🏳️‍🌈🚮,yacine0928#0,
"2024-08-26,15:34:24",sm2._.oke,#0,salam,,
"2024-08-26,15:34:30",exuberant_sparrow_26750,#0,وعليكم السلام,,
"2024-08-26,15:34:32",yanabbbb,#0,وعليكم سلام,sm2._.oke#0,
"2024-08-26,15:34:41",sm2._.oke,#0,cj,,
"2024-08-26,15:34:46",exuberant_sparrow_26750,#0,وي,,
"2024-08-26,15:34:53",sm2._.oke,#0,chikorhom,,
"2024-08-26,15:35:03",yanabbbb,#0,بصح مطنن<:tadcarlfachero36:1152016084430487552>,sm2._.oke#0,
"2024-08-26,15:35:06",exuberant_sparrow_26750,#0,+مطنن,,
"2024-08-26,15:35:31",yanabbbb,#0,<@1241804486301847583> تدخل سيرفور,exuberant_sparrow_26750#0,
"2024-08-26,15:35:35",sm2._.oke,#0,3adi rana f oute,,
"2024-08-26,15:35:44",exuberant_sparrow_26750,#0,تاعش,yanabbbb#0,
"2024-08-26,15:35:50",yanabbbb,#0,تع كلش,,
"2024-08-26,15:35:51",sm2._.oke,#0,fih kolch,,
"2024-08-26,15:36:05",exuberant_sparrow_26750,#0,ابعث,yanabbbb#0,
"2024-08-26,15:36:17",sm2._.oke,#0,horayt ta3bir,,
"2024-08-26,15:36:23",sm2._.oke,#0,3andna,,
"2024-08-26,15:36:28",sm2._.oke,#0,f server,,
"2024-08-26,15:36:47",exuberant_sparrow_26750,#0,فيه البورنو؟,,
"2024-08-26,15:37:00",sm2._.oke,#0,fih kolch kho,,
"2024-08-26,15:37:07",sm2._.oke,#0,arwah bark,,
"2024-08-26,15:37:22",yanabbbb,#0,نديرلكم روم تع بورنو برك,exuberant_sparrow_26750#0,
"2024-08-26,15:37:52",exuberant_sparrow_26750,#0,ايه,,
"2024-08-26,15:39:02",sm2._.oke,#0,<@1081296261182935040> yakho kashma rak ttrini,rayer43#0,
"2024-08-26,15:41:18",vv_sr7,#0,,,https://cdn.discordapp.com/attachments/1227367017661595708/1277639014643667074/Capture_decran_2024-08-26_152245.jpg?ex=672e230e&is=672cd18e&hm=4298e2bea639524a4904bf1ea35362f4fce01e9b0c68bc5e348e83092ba3c590&
"2024-08-26,15:41:31",vv_sr7,#0,,,https://cdn.discordapp.com/attachments/1227367017661595708/1277639067474985040/image.png?ex=672e231b&is=672cd19b&hm=078e040c2e931e9f32b8be6a31803183394fed41a82dea80eb36c0365f7be0e6&
"2024-08-26,15:41:37",vv_sr7,#0,,,https://cdn.discordapp.com/attachments/1227367017661595708/1277639095497134142/image.png?ex=672e2321&is=672cd1a1&hm=9805386aa6efc247128ab5472cd9535b81601b65558757613a52ab2d61e6b7c1&
"2024-08-26,15:41:40",vv_sr7,#0,,,https://cdn.discordapp.com/attachments/1227367017661595708/1277639107249705041/image.png?ex=672e2324&is=672cd1a4&hm=12922cf1ae707453a2324a5b975a678f08739a2e0cc8bcdc75640090b47d70b3&
"2024-08-26,15:41:46",midnightsakram,#0,<:Dead_inside:1150410964659863592>,,
"2024-08-26,15:41:46",vv_sr7,#0,,,https://cdn.discordapp.com/attachments/1227367017661595708/1277639131131940999/image.png?ex=672e232a&is=672cd1aa&hm=fec001b039aaaf84d1e8dd62c8d51075458941281d0e36fb9272128c5b2cef7a&
"2024-08-26,15:41:48",vv_sr7,#0,,,https://cdn.discordapp.com/attachments/1227367017661595708/1277639142238453780/image.png?ex=672e232c&is=672cd1ac&hm=a81ee4e2b96180c4b0e54abc2f199eb3bf7bad5c81e1b1c18fa8b4d6c63e13ae&
"2024-08-26,15:42:19",vv_sr7,#0,ana nro7 nr9od,,
"2024-08-26,15:45:36",yanabbbb,#0,<:emoji_108:1226598091969269891>,vv_sr7#0,
"2024-08-26,15:48:55",yanabbbb,#0,شبيبة ماهذا سكوت<:tadcarlfachero36:1152016084430487552>,,
"2024-08-26,16:03:43",0_gf,#0,<:emoji_104:1191547769664573450>,vv_sr7#0,
"2024-08-26,16:04:46",houssem_hsm0,#0,Slam,,
"2024-08-26,16:05:21",abdulrazzaq0639,#0,سلام,,
"2024-08-26,16:05:27",abdulrazzaq0639,#0,وعليكم سلام,houssem_hsm0#0,
"2024-08-26,16:05:36",houssem_hsm0,#0,Cv,,
"2024-08-26,16:05:44",abdulrazzaq0639,#0,الحمدلله,,
"2024-08-26,16:05:54",houssem_hsm0,#0,الحمد الله,,
"2024-08-26,16:07:27",0_gf,#0,,,https://cdn.discordapp.com/attachments/1227367017661595708/1277645596496367748/image.png?ex=672e292f&is=672cd7af&hm=605201c217130e99794a08c3e5bdf78253d9a460f16ffaeae3a1e54af2357c50&
"2024-08-26,16:09:35",2jz.o7,#0,F cem kfrt 3la w7da w sob7an lah classa ga3 sakta,0_gf#0,
"2024-08-26,16:11:14",abdulrazzaq0639,#0,صعيبة كي تكون كلاسة غاع تهدر مبعدا قاع يسكتو ونتا طيح في نفس وقت,,
"2024-08-26,16:11:43",2jz.o7,#0,Ana hadik tfla n3rfha bs7 hadik d9i9a glbtholi,abdulrazzaq0639#0,
"2024-08-26,16:12:15",abdulrazzaq0639,#0,😂,2jz.o7#0,
"2024-08-26,16:13:19",abdulrazzaq0639,#0,صعيبة يدخل عليك مدير ونتا تطيح وشعب يسكت,,
"2024-08-26,16:13:46",2jz.o7,#0,Chi5 5rj bach drtha,abdulrazzaq0639#0,
"2024-08-26,16:14:18",abdulrazzaq0639,#0,الموت الأعضم في هديك لحضة,2jz.o7#0,
"2024-08-26,16:22:48",0_gf,#0,مرة كحيت خرج صوت نتع drift,2jz.o7#0,
"2024-08-26,16:23:04",0_gf,#0,كان باقي شهر وتخلاص القراية,,
"2024-08-26,16:23:09",0_gf,#0,بقاو يعيطولي الشاكمان,,
"2024-08-26,16:24:40",lami.7,#0,.,,
"2024-08-26,16:26:38",0_gf,#0,خخخ,lami.7#0,
"2024-08-26,16:26:43",0_gf,#0,المسكين تبند,,
"2024-08-26,16:27:04",0_gf,#0,شاريووكن,,
"2024-08-26,16:30:06",abdulrazzaq0639,#0,جوردي اخرج,,
"2024-08-26,16:51:29",luffysenpai2011,#0,وش خو,abdulrazzaq0639#0,
"2024-08-26,16:51:44",abdulrazzaq0639,#0,هذا نتا,luffysenpai2011#0,
"2024-08-26,16:52:45",abdulrazzaq0639,#0,قبيتك بالجرم مشهود,,
"2024-08-26,17:12:59",vv_sr7,#0,<@1180425486720041032>,0_gf#0,https://cdn.discordapp.com/attachments/1227367017661595708/1277662088281460787/20240826_091739.jpg?ex=672e388b&is=672ce70b&hm=23770ef27aefced0a22f2be8aedb5141dd6a5b1f11cb211897c4a64b95726f8d&
"2024-08-26,17:13:59",asqx0109,#0,<@1142540508183416883>,2jz.o7#0,
"2024-08-26,17:24:14",zaudeooo_15311,#0,بسم الله السلام عليكم.,,
"2024-08-26,17:28:48",maliktareb,#0,o,,
"2024-08-26,17:33:58",vv_sr7,#0,,,https://cdn.discordapp.com/attachments/1227367017661595708/1277667367035342859/20240826_091949.jpg?ex=672e3d76&is=672cebf6&hm=e13696980d3d92339e99bf82eecff558cd04fa0ed9453d1aecb96213b7693cc1&
"2024-08-26,17:35:47",kf1798,#0,<@1195134511546105958> bitch,m7_.n8#0,
"2024-08-26,17:36:39",0_gf,#0,,vv_sr7#0,https://cdn.discordapp.com/attachments/1227367017661595708/1277668042993696821/image.png?ex=672e3e17&is=672cec97&hm=6f890bfd6e6f42a9a446c91e0612b5e7476bd604d9def4594bfdacaf200762b5&
"2024-08-26,17:37:00",vv_sr7,#0,Kayna,kf1798#0,
"2024-08-26,17:37:18",vv_sr7,#0,Down bad 💀,0_gf#0,
"2024-08-26,17:37:29",vv_sr7,#0,محسنة بيطانها,,
"2024-08-26,17:37:32",vv_sr7,#0,؟,,
"2024-08-26,17:40:25",0_gf,#0,تشرب ولا لا,vv_sr7#0,
"2024-08-26,17:40:32",0_gf,#0,+واه محسنة,,
"2024-08-26,17:40:38",0_gf,#0,معندهاش شعر,,
"2024-08-26,17:40:42",0_gf,#0,she clean,,
"2024-08-26,17:44:56",m7_.n8,#0,تم نهوض,,https://cdn.discordapp.com/attachments/1227367017661595708/1277670129005494415/image0.gif?ex=672e4008&is=672cee88&hm=8e21ce67ec6a185ee6173e9fbaf09281b743463ee77b399e26f5427c549ce263&
"2024-08-26,17:45:09",m7_.n8,#0,سوكونا واشك,kf1798#0,https://cdn.discordapp.com/attachments/1227367017661595708/1277670183040712806/image0.gif?ex=672e4015&is=672cee95&hm=f4a15b019b67b2f93eb4ab16c3b09fc4ef67aba5f7bed5a550331a770c33c368&
"2024-08-26,17:45:36",midnightsakram,#0,<:way61:1152013922229043310>,,
"2024-08-26,17:50:01",0_nu,#0,تم الاستقاض,m7_.n8#0,
"2024-08-26,17:51:23",0_nu,#0,كنت نهدر مع وحدة وبابا واقف قدامي وانا لاخبر 💀,,
"2024-08-26,17:51:35",0_nu,#0,الحند الله مقلتلهاش كاش حاججة كيما موالف,,
"2024-08-26,17:52:59",kin.zt7,#0,Hhhh,0_nu#0,
"2024-08-26,17:54:59",vv_sr7,#0,🥵,0_nu#0,
"2024-08-26,17:55:15",0_nu,#0,مزية فقتلوا,vv_sr7#0,
"2024-08-26,17:55:44",vv_sr7,#0,قتلتو ؟<:hollow46:1152015919900545065>,0_nu#0,
"2024-08-26,17:55:50",asqx0109,#0,,,
"2024-08-26,17:56:21",0_nu,#0,فقتلوا,vv_sr7#0,
"2024-08-26,17:57:02",chess_pro99_98171,#0,ن,,
"2024-08-26,17:57:10",chess_pro99_98171,#0,يدك في ز ب ي,,
"2024-08-26,17:57:58",vv_sr7,#0,ن يك جابوني لي خدمه,asqx0109#0,
"2024-08-26,17:58:15",asqx0109,#0,,vv_sr7#0,
"2024-08-26,17:58:29",asqx0109,#0,,vv_sr7#0,
"2024-08-26,17:59:00",vv_sr7,#0,,asqx0109#0,https://cdn.discordapp.com/attachments/1227367017661595708/1277673670290047106/20240826_091809.jpg?ex=672e4355&is=672cf1d5&hm=1440ae6d6af4fab9a5286afae93e8c97bb03112d1e3cfa1748ddb92fb598621f&
"2024-08-26,17:59:29",asqx0109,#0,t7ya tbon,,
"2024-08-26,17:59:33",asqx0109,#0,<a:1075672381923807302:1246491107534307439>,,
"2024-08-26,18:00:40",vv_sr7,#0,,asqx0109#0,https://cdn.discordapp.com/attachments/1227367017661595708/1277674088336330762/20240826_091739.jpg?ex=672e43b8&is=672cf238&hm=8d742d7ea1b2e55472c7125325abed121912a288fb19075d9a996b6b2ac41c42&
"2024-08-26,18:00:51",asqx0109,#0,,vv_sr7#0,
"2024-08-26,18:00:59",asqx0109,#0,wchcon y3rf kifh nzl zb ae,,
"2024-08-26,18:01:02",asqx0109,#0,after effect,,
"2024-08-26,18:01:36",thba7ooo,#0,💀,0_nu#0,
"2024-08-26,18:01:39",crazy.steve,#0,<:uncannycat:1152013915954352148>,vv_sr7#0,
"2024-08-26,18:01:51",vv_sr7,#0,Kayna,asqx0109#0,
"2024-08-26,18:02:01",0_nu,#0,يودي رانا نهدروا بلي دارهم دابزو,thba7ooo#0,
"2024-08-26,18:02:09",0_nu,#0,يارب ميجمعش عليا من بعد فل عشاء,,
"2024-08-26,18:02:10",0_nu,#0,يارب,,
"2024-08-26,18:03:17",kf1798,#0,وش راك بيتش 🗿,m7_.n8#0,
"2024-08-26,18:08:47",ziyad._,#0,<:emoji_108:1191726847680069692>,,
"2024-08-26,18:18:25",achr3f.h,#0,خاوتي نسقسيكم,,
"2024-08-26,18:22:11",0_nu,#0,؟,achr3f.h#0,
"2024-08-26,18:22:33",achr3f.h,#0,حاب نبوسطي ميم و قلك كاين شروط ول,,
"2024-08-26,18:23:59",0_nu,#0,قولوا حابب رتبة نتع ميمر,achr3f.h#0,
"2024-08-26,18:24:01",0_nu,#0,وراك ديتها,,
"2024-08-26,18:24:10",achr3f.h,#0,شكون ؟,,
"2024-08-26,18:28:45",achr3f.h,#0,؟,0_nu#0,
"2024-08-26,18:28:55",0_nu,#0,افتح تكت,achr3f.h#0,
"2024-08-26,18:30:36",achr3f.h,#0,معليش تجي بريفي ؟,0_nu#0,
"2024-08-26,19:10:29",3azo.zk,#0,خاوتي شكون عندوا ديسكورد تاع دزايكوا,,
"2024-08-26,19:26:16",aminee_,#0,روح شوف فالبيو تاع يوتوب بلاك يكون حاطو تما,3azo.zk#0,
"2024-08-26,19:26:23",aminee_,#0,ولا انستا,,
"2024-08-26,19:26:44",3azo.zk,#0,👍,aminee_#0,
"2024-08-26,19:27:22",aminee_,#0,يا خو ديرو موراك هذا,3azo.zk#0,
"2024-08-26,19:29:31",m7_.n8,#0,,0_nu#0,https://cdn.discordapp.com/attachments/1227367017661595708/1277696447864897699/image0.gif?ex=672dafcb&is=672c5e4b&hm=a3c69ece1d472028dade4a32f05ee4c999243341fa21b8d80ef1eadd96bd907f&
"2024-08-26,19:29:54",kf1798,#0,يا بيتش,m7_.n8#0,
"2024-08-26,19:30:00",kf1798,#0,هوفا تاع شكوبي وين راه,,
"2024-08-26,19:30:10",m7_.n8,#0,وشراك,kf1798#0,https://cdn.discordapp.com/attachments/1227367017661595708/1277696609324630138/image0.gif?ex=672daff2&is=672c5e72&hm=b78eb87740cedd13c1527fb4ee07969b325cb6a0ea2abb1023096072a5ee700d&
"2024-08-26,19:30:20",m7_.n8,#0,عندو قرن من اخر مرة دخل,kf1798#0,
"2024-08-26,19:30:27",kf1798,#0,رديت عليك الفوق <:uncannycat:1152013915954352148>,m7_.n8#0,
"2024-08-26,19:30:44",kf1798,#0,نخش يدير فيديو و يغيب سمانة فيديو قصير تاع شكوبي,m7_.n8#0,
"2024-08-26,19:30:52",kf1798,#0,نتلاقا بيه نشبعو طوطة,,
"2024-08-26,19:31:02",m7_.n8,#0,معليش,kf1798#0,https://cdn.discordapp.com/attachments/1227367017661595708/1277696828497854584/image0.gif?ex=672db026&is=672c5ea6&hm=02156ac86b16f9ba7b21d3bbaf7afa5b36d6c69923974e6fdc8b4e967c4cba93&
"2024-08-26,19:31:24",m7_.n8,#0,عندي بزاف مشفتلو حتى فيديو,kf1798#0,https://cdn.discordapp.com/attachments/1227367017661595708/1277696922710446101/image1.gif?ex=672db03c&is=672c5ebc&hm=1da78b0211074bac59620df8046f0f0662ed4d95a16091f4e34215fb80122fb5&
"2024-08-26,19:31:36",3azo.zk,#0,خاوتي شكون عندوا ديسكورد دزايكوا,,
"2024-08-26,19:32:21",m7_.n8,#0,<:KEKYou:1150418200027201566>,,
"2024-08-26,19:32:32",kf1798,#0,ن قش يلعب غايم قديم و يخلي جديد ميكملوش 🗿,m7_.n8#0,
"2024-08-26,19:32:59",themask0239,#0,<@1195134511546105958>  وي حبحب,m7_.n8#0,
"2024-08-26,19:32:59",3azo.zk,#0,<:gigachad:1150419236989186078>,kf1798#0,
"2024-08-26,19:33:05",m7_.n8,#0,انا نروح,kf1798#0,
"2024-08-26,19:33:11",m7_.n8,#0,,,https://cdn.discordapp.com/attachments/1227367017661595708/1277697371160973394/image0.gif?ex=672db0a7&is=672c5f27&hm=a70c7715e38e2f01abcce955c8abf4d099453bf197114b4303cc1e8aaef2235f&
"2024-08-26,19:33:12",themask0239,#0,وش أي مليحة ؟,m7_.n8#0,
"2024-08-26,19:33:19",m7_.n8,#0,الحمدلله,themask0239#0,
"2024-08-26,19:33:26",kf1798,#0,جهادي رجعوك حليب ايفروي <:uncannycat:1152013915954352148> <:9k:1189273274455179358>,themask0239#0,
"2024-08-26,19:33:32",themask0239,#0,دوم,m7_.n8#0,
"2024-08-26,19:33:37",kf1798,#0,تضرب طوطة ؟,m7_.n8#0,
"2024-08-26,19:33:44",themask0239,#0,يزوني 👈👉 أهلا,kf1798#0,
"2024-08-26,19:33:47",m7_.n8,#0,سوء المنقلب,kf1798#0,
"2024-08-26,19:33:59",themask0239,#0,كاينة,m7_.n8#0,
"2024-08-26,19:34:01",kf1798,#0,وش راك,themask0239#0,
"2024-08-26,19:34:06",m7_.n8,#0,نروح نشري الحليب,kf1798#0,https://cdn.discordapp.com/attachments/1227367017661595708/1277697600048468001/image0.gif?ex=672db0de&is=672c5f5e&hm=2d5a4f2abe6ac7114c1d101355b0d53181000ca2cdc0ba3bd7c3f84889d26ba5&
"2024-08-26,19:34:17",themask0239,#0,حمدلله ونتا,kf1798#0,
"2024-08-26,19:34:18",kf1798,#0,هاوليك حليب ايفروي مليح,m7_.n8#0,
"2024-08-26,19:34:25",themask0239,#0,<@1102692285235347598>,kf1798#0,https://cdn.discordapp.com/attachments/1227367017661595708/1277697679111229543/e6ce69507de02e60b0756725c0afe4c8.jpg?ex=672db0f1&is=672c5f71&hm=347edc6c84ff9a11bf5ae079bbb800a0a0c0345fc05c67e02f45738e0aa5456c&
"2024-08-26,19:34:42",kf1798,#0,لباس الحمد لله وش راك تخدم هنا تميوتي برك ؟,themask0239#0,
"2024-08-26,19:34:51",m7_.n8,#0,غالي نشري شكاير خير<:Dead_inside:1150410964659863592>,kf1798#0,
"2024-08-26,19:34:52",themask0239,#0,نن متعدد خدمات,kf1798#0,
"2024-08-26,19:34:53",kf1798,#0,فيك لوش <:uncannycat:1152013915954352148> <:uncannycat:1152013915954352148>,,
"2024-08-26,19:35:08",kf1798,#0,بطوش راه طرواميل,m7_.n8#0,
"2024-08-26,19:35:11",Deleted User,#0000,خويا <@1191354977193570356>,themask0239#0,
"2024-08-26,19:35:19",Deleted User,#0000,خويا نتا فيمبوي ؟,,
"2024-08-26,19:35:20",kf1798,#0,طلعت ف نيفو مالا,themask0239#0,
"2024-08-26,19:35:21",themask0239,#0,وييي,Deleted User#0000,
"2024-08-26,19:35:27",themask0239,#0,وي,kf1798#0,
"2024-08-26,19:35:30",themask0239,#0,طلعتو,,
"2024-08-26,19:35:42",kf1798,#0,ايا الحمد لله تسما راك ف بلاصت جوردي كي يغيب,themask0239#0,
"2024-08-26,19:35:45",Deleted User,#0000,ممكن فوطو للكرعين,themask0239#0,
"2024-08-26,19:36:03",themask0239,#0,<@1102692285235347598>,kf1798#0,https://cdn.discordapp.com/attachments/1227367017661595708/1277698090991751239/VID_20240816_144543.mp4?ex=672db153&is=672c5fd3&hm=f8fa33b8e0a168c6b0cf6a7a33cecaa43bd8a2d345e8956a3dbfa9deeef59734&
"2024-08-26,19:36:17",themask0239,#0,مكش Master تاعي قود 👈👉,Deleted User#0000,
"2024-08-26,19:36:27",themask0239,#0,وي أنا هو,kf1798#0,
"2024-08-26,19:36:31",sm2._.oke,#0,HI,,
"2024-08-26,19:36:36",kf1798,#0,وتفك مان كنت تجاهد و تبعت ريلز تاع الحرب وليت تبعت هادو هنتاي <:uncannycat:1152013915954352148> <:uncannycat:1152013915954352148>,themask0239#0,
"2024-08-26,19:36:38",Deleted User,#0000,ماحبش نكون ماستر، انا قونر يانمي,themask0239#0,
"2024-08-26,19:36:51",themask0239,#0,نن مش هنتاي,kf1798#0,
"2024-08-26,19:36:55",sm2._.oke,#0,likip ta3 zabi,,
"2024-08-26,19:37:05",kf1798,#0,ريغل اعطيلي بارم باش نقدر نحط تصاور هنا و لهيه,themask0239#0,
"2024-08-26,19:37:14",themask0239,#0,but I found a girl 😍,kf1798#0,
"2024-08-26,19:37:24",kf1798,#0,Pfp وش 🗿,themask0239#0,
"2024-08-26,19:37:26",sm2._.oke,#0,9ol lifrwi ynahili lblok mn lkont,kf1798#0,
"2024-08-26,19:37:35",kf1798,#0,وتفك جهادية <:Dead_inside:1150410964659863592> <:KEKYou:1150418200027201566>,themask0239#0,
"2024-08-26,19:37:36",sm2._.oke,#0,raw mblokini,,
"2024-08-26,19:37:48",kf1798,#0,<@1191354977193570356>,themask0239#0、sm2._.oke#0,
"2024-08-26,19:37:56",sm2._.oke,#0,yahh,,
"2024-08-26,19:38:01",themask0239,#0,نن Real girl,kf1798#0,
"2024-08-26,19:38:09",Deleted User,#0000,شحال لازم نلحق لفل باه نقدر نبعث تصاور ؟,,
"2024-08-26,19:38:17",themask0239,#0,لفل 20,Deleted User#0000,
"2024-08-26,19:38:21",kf1798,#0,ااااه يا صاحبي طحت من عيني <:Dead_inside:1150410964659863592>,themask0239#0,
"2024-08-26,19:38:21",sm2._.oke,#0,9olo 9alk hada <@1247853242118049887> nahi lblok,kf1798#0、sm2._.oke#0,
"2024-08-26,19:38:35",Deleted User,#0000,ممكن ترسل صور لأقدامك,themask0239#0,
"2024-08-26,19:38:48",themask0239,#0,<@1102692285235347598>  عندك جوردي يمد رولات تع ميمز ولزمك لفل 20 بش تحط صور,kf1798#0,
"2024-08-26,19:38:51",kf1798,#0,<@1191354977193570356> قالك واحد نحيلو بلوك من كنت راه هنا اسمه ب صينية,themask0239#0、sm2._.oke#0,
"2024-08-26,19:39:07",kf1798,#0,غالية يا شكوبي <:uncannycat:1152013915954352148>,themask0239#0,
"2024-08-26,19:39:21",themask0239,#0,وشيا وشبيك,sm2._.oke#0,
"2024-08-26,19:39:32",themask0239,#0,نن باطل,kf1798#0,
"2024-08-26,19:39:36",sm2._.oke,#0,yakho nahi lblok,themask0239#0,
"2024-08-26,19:39:40",sm2._.oke,#0,nchikho,,
"2024-08-26,19:39:51",kf1798,#0,وقتاه نلحقها,themask0239#0,
"2024-08-26,19:40:06",themask0239,#0,تتفاعل في شات و فويس,kf1798#0,
"2024-08-26,19:40:13",sm2._.oke,#0,nahit say,themask0239#0,
"2024-08-26,19:40:29",themask0239,#0,اك,sm2._.oke#0,
"2024-08-26,19:40:39",sm2._.oke,#0,lizom,themask0239#0,
"2024-08-26,19:40:41",themask0239,#0,,,https://cdn.discordapp.com/attachments/1227367017661595708/1277699255535927320/VID_20240824_145104.mp4?ex=672db269&is=672c60e9&hm=431e50d2f71938d90c93352321bf51fe15bc310bbf935c452c879614884c7abd&
"2024-08-26,19:40:42",kf1798,#0,راحو زعماء يا خو تشفا تفاعل كيفاه كان <:uncannycat:1152013915954352148> <:emoji_84:1188620191576367134>,themask0239#0,
"2024-08-26,19:40:53",kf1798,#0,خاصة زعيم راس طوطة,,
"2024-08-26,19:40:57",Deleted User,#0000,طننت,themask0239#0,
"2024-08-26,19:40:59",themask0239,#0,الله غالب قتلو السرفر,kf1798#0,
"2024-08-26,19:41:12",themask0239,#0,ياعمري 👈👉,Deleted User#0000,
"2024-08-26,19:41:19",kf1798,#0,يا خو ايزن و جوردي باناو بزاف منهم عليها ماتت الحالة,themask0239#0,
"2024-08-26,19:41:38",sm2._.oke,#0,yakho kifah ismak f sah,themask0239#0,
"2024-08-26,19:41:40",Deleted User,#0000,🤭,themask0239#0,
"2024-08-26,19:41:57",themask0239,#0,جوردي حبي سفاح كل مايجي يبند 10 ويروح <:emoji_101:1191547625883828325>,kf1798#0,
"2024-08-26,19:42:06",themask0239,#0,نن منقولش,sm2._.oke#0,
"2024-08-26,19:42:15",sm2._.oke,#0,why,themask0239#0,
"2024-08-26,19:42:17",sm2._.oke,#0,plz,,
"2024-08-26,19:42:23",kf1798,#0,راه يصفي سيرفر باش يبقا غير هوفا,themask0239#0,
"2024-08-26,19:42:29",themask0239,#0,,,https://cdn.discordapp.com/attachments/1227367017661595708/1277699710357995633/Picsart_24-08-20_16-10-39-330.jpg?ex=672db2d5&is=672c6155&hm=a0f7438c86f5e9b4b49fe88cabbcb18b1eed31fbcb5390b940e964c5408f4193&
"2024-08-26,19:42:38",themask0239,#0,كاينة,kf1798#0,
"2024-08-26,19:42:54",kf1798,#0,هوفا و حابينو يروح <:Dead_inside:1150410964659863592>,themask0239#0,
"2024-08-26,19:42:55",themask0239,#0,نتا أيزن أيزن ولا وحد خلاف مفرقتش,kf1798#0,
"2024-08-26,19:42:56",Deleted User,#0000,من وين تعرف إيلان ؟,themask0239#0,
"2024-08-26,19:43:03",kf1798,#0,سوكونا بيتش,themask0239#0,
"2024-08-26,19:43:03",themask0239,#0,هوفا إرحل,kf1798#0,
"2024-08-26,19:43:06",sm2._.oke,#0,chkon ymad rol ta3 memes,themask0239#0,
"2024-08-26,19:43:17",themask0239,#0,سكونننننناااا,kf1798#0,
"2024-08-26,19:43:20",themask0239,#0,حبحب,,
"2024-08-26,19:43:29",themask0239,#0,جوردي,sm2._.oke#0,
"2024-08-26,19:43:31",kf1798,#0,قالك راه مرشح روحو لإنتخابات,themask0239#0,
"2024-08-26,19:43:45",sm2._.oke,#0,mahoch yji bazaf lserver,themask0239#0,
"2024-08-26,19:43:48",kf1798,#0,يا خو خص نخدمو  تصاور و نعلقوهم,,
"2024-08-26,19:44:04",kf1798,#0,تغيير بسيط استحوذت على جسد ايزن <:uncannycat:1152013915954352148>,themask0239#0,
"2024-08-26,19:45:25",themask0239,#0,أك,,
"2024-08-26,19:47:01",sm2._.oke,#0,rani fi 20 day ldok machtch rol ta3 lmemes,themask0239#0,
"2024-08-26,19:48:20",sm2._.oke,#0,3awani nadi rol,,
"2024-08-26,20:05:51",0_nu,#0,مازلتوا تبنيطوا؟,,
"2024-08-26,20:06:38",crazy.steve,#0,سلام عليكم,,
"2024-08-26,20:06:46",crazy.steve,#0,ضفاك ؟,0_nu#0,
"2024-08-26,20:06:51",crazy.steve,#0,<:uncannycat:1152013915954352148>,,
"2024-08-26,20:22:29",.heythemdz,#0,هوم لاند,themask0239#0,
"2024-08-26,20:29:09",ablm69,#0,Wsup daddys,,
"2024-08-26,20:29:22",ablm69,#0,Ma guuuuurl,themask0239#0,
"2024-08-26,20:51:56",vv_sr7,#0,"<@1180615622145622117> hello, it's me <:emoji_102:1191547661355065454>",ablm69#0,
"2024-08-26,20:52:09",vv_sr7,#0,Goku,,
"2024-08-26,20:52:15",ablm69,#0,No,,
"2024-08-26,20:52:23",ablm69,#0,I'm not the strongest go away,,
"2024-08-26,20:52:29",ablm69,#0,Go away,,
"2024-08-26,20:52:45",vv_sr7,#0,You are the strongest waifu,ablm69#0,
"2024-08-26,20:52:49",ablm69,#0,No,vv_sr7#0,
"2024-08-26,20:52:53",ablm69,#0,Ughhhhhhh,,
"2024-08-26,20:53:33",vv_sr7,#0,,ablm69#0,https://cdn.discordapp.com/attachments/1227367017661595708/1277717593754566677/20240826_205309.jpg?ex=672dc37d&is=672c71fd&hm=3923a2510d6f944c2a2db05c77c146c64ba6e675f78a7c65c8377d55e491144a&
"2024-08-26,20:53:45",ablm69,#0,Pls don't kill me,,
"2024-08-26,20:54:10",vv_sr7,#0,"Don't worry  , I will be nice with you",ablm69#0,
"2024-08-26,20:54:22",vv_sr7,#0,,,https://cdn.discordapp.com/attachments/1227367017661595708/1277717801095790702/20240826_091832.jpg?ex=672dc3ae&is=672c722e&hm=c2980e7875ef2e4602c7f7adfbd686e24c25acb51ffcdaa63b49263720e5f8c9&
"2024-08-26,20:54:23",ablm69,#0,Hey it's me,vv_sr7#0,
"2024-08-26,20:54:23",99_r.,#0,🗽,,
"2024-08-26,20:54:28",ablm69,#0,ABLM,,
"2024-08-26,20:54:34",ablm69,#0,I heard u are strong,,
"2024-08-26,20:54:54",vv_sr7,#0,You can't,,
"2024-08-26,20:55:00",vv_sr7,#0,Send gifs,,
"2024-08-26,20:55:08",99_r.,#0,🗽🗽🗽🗽,,
"2024-08-26,20:55:32",vv_sr7,#0,Take your pants off,99_r.#0,https://cdn.discordapp.com/attachments/1227367017661595708/1277718094046953512/20240826_205309.jpg?ex=672dc3f4&is=672c7274&hm=47b773eb635e5d75859b826255bbbb9ff8d4ac40e5e34caf0055b27dd464541c&
"2024-08-26,20:55:42",99_r.,#0,🤫,vv_sr7#0,
"2024-08-26,20:55:44",ablm69,#0,Fr,vv_sr7#0,
"2024-08-26,20:55:58",ablm69,#0,Ch7al rah lvl ta3i ?,,
"2024-08-26,20:56:53",vv_sr7,#0,13,,
"2024-08-26,20:57:08",ablm69,#0,Bro,,
"2024-08-26,20:57:46",vv_sr7,#0,What,,
"2024-08-26,20:59:56",onlyflame_,#0,,vv_sr7#0,
"2024-08-26,21:00:08",onlyflame_,#0,,,
"2024-08-26,21:00:30",vv_sr7,#0,<:emoji_47:1151909990727163954>,onlyflame_#0,
"2024-08-26,21:00:53",onlyflame_,#0,<:uncannycat:1152013915954352148>,,
"2024-08-26,21:01:05",crazy.steve,#0,السلام عليكم,,
"2024-08-26,21:01:07",vv_sr7,#0,Freakku,onlyflame_#0,
"2024-08-26,21:02:02",onlyflame_,#0,no,,
"2024-08-26,21:02:07",onlyflame_,#0,Freak u,,
"2024-08-26,21:02:12",onlyflame_,#0,<:NIGGA_omg:1150394296680329226>,,
"2024-08-26,21:06:34",ablm69,#0,Me,onlyflame_#0,
"2024-08-26,21:07:13",thba7ooo,#0,ني جييييت <:emoji_102:1191547661355065454>,,
"2024-08-26,21:07:19",thba7ooo,#0,<:emoji_101:1191547625883828325>,,
"2024-08-26,21:15:53",ablm69,#0,Heyyyyyy cutieeeeeee,,
"2024-08-26,21:17:11",marouane2006.,#0,شكون فيمبوي هنا,,
"2024-08-26,21:17:19",marouane2006.,#0,انا نشتيهم 💗,,
"2024-08-26,21:17:56",ablm69,#0,Chill gojo,marouane2006.#0,
"2024-08-26,21:18:20",marouane2006.,#0,طاقيه,ablm69#0,
"2024-08-26,21:18:30",ablm69,#0,Not me,marouane2006.#0,
"2024-08-26,21:18:59",marouane2006.,#0,ادا نتا فيمبوي حبيت نقولك نحبك ازين 💗,,
"2024-08-26,21:19:55",ablm69,#0,<:NIGGA_omg:1150394296680329226> <:NIGGA_omg:1150394296680329226> <:NIGGA_omg:1150394296680329226> <:NIGGA_omg:1150394296680329226>,marouane2006.#0,
"2024-08-26,21:20:02",ablm69,#0,<@742398088886353962> SOS,thba7ooo#0,
"2024-08-26,21:20:58",jordyy.a3ttt,#0,,onlyflame_#0,https://cdn.discordapp.com/attachments/1227367017661595708/1277724492629672026/20240826_205309.png?ex=672dc9ea&is=672c786a&hm=28cf48a808ff2f782a9d60a1719f97c1eb06e92fb5266acfd9d76d5f77351605&
"2024-08-26,21:24:15",ltgnow,#0,Wsh rak t9wd,thba7ooo#0,
"2024-08-26,21:24:35",ltgnow,#0,Tban wa7d ytb3 drari,,
"2024-08-26,21:28:55",d2.ei,#0,وسع,,
"2024-08-26,21:28:58",d2.ei,#0,وسععععع,,
"2024-08-26,21:29:33",snor_ice,#0,السلام عليكم,,
"2024-08-26,21:30:45",thba7ooo,#0,<:uncannycat:1152013915954352148> 💀,ablm69#0,
"2024-08-26,21:31:01",ablm69,#0,We got cooked,thba7ooo#0,
"2024-08-26,21:31:09",thba7ooo,#0,غوجو ملقاش واحد يديرلو باك شوت,ablm69#0,
"2024-08-26,21:31:21",ablm69,#0,حتى سوكونا 😭😭😭,thba7ooo#0,
"2024-08-26,21:31:39",ablm69,#0,I want to send pics so badly,,
"2024-08-26,21:31:42",ablm69,#0,😭😭😭,,
"2024-08-26,21:31:53",snor_ice,#0,يع غوجو,,
"2024-08-26,21:31:55",thba7ooo,#0,تاعش 💀,ablm69#0,
"2024-08-26,21:31:57",snor_ice,#0,واحد نرجسي,,
"2024-08-26,21:32:08",ablm69,#0,Random,thba7ooo#0,
"2024-08-26,21:32:12",ablm69,#0,Wait,thba7ooo#0,
"2024-08-26,21:32:14",ablm69,#0,I can,,
"2024-08-26,21:32:22",ablm69,#0,I can send gifs,,
"2024-08-26,21:32:49",ablm69,#0,Fuck u <@1183808376375873557>,vv_sr7#0,
"2024-08-26,21:32:49",thba7ooo,#0,kys,ltgnow#0,
"2024-08-26,21:32:57",ablm69,#0,,,
"2024-08-26,21:33:00",ablm69,#0,Look,,
"2024-08-26,21:33:03",ablm69,#0,☝️🤓,,
"2024-08-26,21:33:11",thba7ooo,#0,انا نبغي نيساء <:emoji_102:1191547661355065454>  خاطيني ذراري,ltgnow#0,
"2024-08-26,21:33:14",ablm69,#0,Technically it's a gif,,
"2024-08-26,21:33:21",ablm69,#0,❤️,thba7ooo#0,
"2024-08-26,21:33:23",thba7ooo,#0,ايه,ablm69#0,
"2024-08-26,21:33:26",ablm69,#0,💔,,
"2024-08-26,21:33:27",d2.ei,#0,Aloo,,
"2024-08-26,21:33:36",thba7ooo,#0,😔,ablm69#0,
"2024-08-26,21:33:40",thba7ooo,#0,وي,d2.ei#0,
"2024-08-26,21:33:43",ablm69,#0,I hate u now,thba7ooo#0,
"2024-08-26,21:33:52",d2.ei,#0,عرفتوني,,
"2024-08-26,21:33:58",snor_ice,#0,لا,d2.ei#0,
"2024-08-26,21:34:01",thba7ooo,#0,نبغيهم كامل <:emoji_102:1191547661355065454>,ablm69#0,
"2024-08-26,21:34:02",ablm69,#0,I have n,,
"2024-08-26,21:34:07",ablm69,#0,,thba7ooo#0,
"2024-08-26,21:34:28",thba7ooo,#0,انا حزين 😔,,
"2024-08-26,21:34:43",snor_ice,#0,<@742398088886353962> ماتوقعتك كذا,thba7ooo#0、ablm69#0,
"2024-08-26,21:34:53",thba7ooo,#0,اشتراك تاع جيم يكمل غدوا 😔,,
"2024-08-26,21:34:57",d2.ei,#0,"Srx 
معرفتونيش",,
"2024-08-26,21:34:57",ablm69,#0,Kraht,,
"2024-08-26,21:35:11",ablm69,#0,Nro7 nl3b Fortnite ☝️🤓,,
"2024-08-26,21:35:13",snor_ice,#0,معضل,thba7ooo#0,
"2024-08-26,21:35:18",ablm69,#0,Who the fuck are u,d2.ei#0,
"2024-08-26,21:35:32",ablm69,#0,Baby nigga?,,
"2024-08-26,21:35:50",thba7ooo,#0,علاه 😭,snor_ice#0,
"2024-08-26,21:35:57",d2.ei,#0,أيا بيا مزيا عباد مايعرفونيش فل سيرفر,,
"2024-08-26,21:36:07",snor_ice,#0,كسرت قلبه,thba7ooo#0,
"2024-08-26,21:36:16",d2.ei,#0,Am famous like johnny sins,ablm69#0,
"2024-08-26,21:36:45",snor_ice,#0,شكون نتا,d2.ei#0,
"2024-08-26,21:37:11",d2.ei,#0,famous like johnny sins,snor_ice#0,
"2024-08-26,21:37:12",0_nu,#0,تهدروا بلا بيا ؟,,
"2024-08-26,21:37:19",thba7ooo,#0,سموكييي,0_nu#0,
"2024-08-26,21:37:28",0_nu,#0,بلع كحلوش نمي,d2.ei#0,
"2024-08-26,21:37:33",0_nu,#0,ثباحوووو,thba7ooo#0,
"2024-08-26,21:37:45",thba7ooo,#0,وش راك لعزيز,0_nu#0,
"2024-08-26,21:37:47",0_nu,#0,كيراك لعزيز,,
"2024-08-26,21:37:55",thba7ooo,#0,بخير و نتا,0_nu#0,
"2024-08-26,21:37:56",0_nu,#0,لباس الحمد الله,thba7ooo#0,
"2024-08-26,21:38:01",thba7ooo,#0,دووم,0_nu#0,
"2024-08-26,21:38:08",7nak,#0,,,https://cdn.discordapp.com/attachments/1227367017661595708/1277728814058705020/1724427003612.mp4?ex=672dcdf0&is=672c7c70&hm=48da71e4eb65bb8d502a466ef98eec0cd6441fb2851cee4a291c03087bf8c703&
"2024-08-26,21:38:09",snor_ice,#0,سمحلنا,0_nu#0,
"2024-08-26,21:38:18",thba7ooo,#0,ماكنتش عارف 😭,snor_ice#0,
"2024-08-26,21:38:43",d2.ei,#0,يا وجه ذراري كي كنت نبيع كحالش نتا مخرجتش من كرش مك ابقى نرمال خير ما ندورلك بيع وجه ز,0_nu#0,
"2024-08-26,21:38:55",0_gf,#0,,7nak#0,https://cdn.discordapp.com/attachments/1227367017661595708/1277729013070303288/1722200501547.mp4?ex=672dce1f&is=672c7c9f&hm=d062859d06a2c71ff8de6ca9ea7dd26685a155f9b5f5211170de0a92f09b6f59&
"2024-08-26,21:39:50",7nak,#0,,,https://cdn.discordapp.com/attachments/1227367017661595708/1277729242200674314/36aed92a20d26272.webp?ex=672dce56&is=672c7cd6&hm=f644de4619cba6516468d5ad18f46882ad6f9b026caac183a63b504bc7562142&
"2024-08-26,21:40:42",d2.ei,#0,يشكوبي ولا سيرفر معبي simps,,
"2024-08-26,21:41:49",0_gf,#0,نتا دخلت غي البارح ارب,,
"2024-08-26,21:42:46",d2.ei,#0,علاش تكذب,0_gf#0,
"2024-08-26,21:42:52",0_gf,#0,fr fr,,https://cdn.discordapp.com/attachments/1227367017661595708/1277730005849342093/image.png?ex=672dcf0c&is=672c7d8c&hm=661089aa069638663124929c677645530f1430e9f876cee3929bfad326c122a3&
"2024-08-26,21:43:00",0_gf,#0,مع اني منلعبش بل تيليفون,,
"2024-08-26,21:43:03",0_gf,#0,ميستخدمتهم كامل,,
"2024-08-26,21:43:15",onlyflame_,#0,,d2.ei#0,
"2024-08-26,21:43:36",onlyflame_,#0,<@742398088886353962> تهدر بلا ما تهدر <:NIGGA_omg:1150394296680329226>,thba7ooo#0,
"2024-08-26,21:43:51",0_gf,#0,,d2.ei#0,https://cdn.discordapp.com/attachments/1227367017661595708/1277730251878699028/c9c0ce6ebb21fd4cad1a3cfa08d5e0ef.png?ex=672dcf47&is=672c7dc7&hm=f22f0381d0027be8fe9d21cddff084bcf376f2ae982fd798e05ac538f4e20564&
"2024-08-26,21:44:00",0_gf,#0,لعور,,
"2024-08-26,21:44:02",onlyflame_,#0,هذاك بني كي يزيد,0_gf#0,
"2024-08-26,21:44:02",0_gf,#0,كحلوش,,
"2024-08-26,21:44:20",onlyflame_,#0,يخرج ب sun glasses,,
"2024-08-26,21:44:50",d2.ei,#0,<@1169250247847972887>,_flitox.#0,
"2024-08-26,21:45:16",ltgnow,#0,Retards,,
"2024-08-26,21:48:27",thba7ooo,#0,كيفاش ?,onlyflame_#0,
"2024-08-26,21:48:41",thba7ooo,#0,زنجي لياقة,0_gf#0,
"2024-08-26,21:49:24",zodyak0074,#0,ويي,,
"2024-08-26,21:50:55",onlyflame_,#0,like this,thba7ooo#0,
"2024-08-26,21:51:56",7nak,#0,,ltgnow#0,https://cdn.discordapp.com/attachments/1227367017661595708/1277732285701029958/IMG_20240220_105219_442.jpg?ex=672dd12c&is=672c7fac&hm=feb235f7551baca592322e1174fcc102411d090e44fdf1fd99d5d53d6fab19b0&
"2024-08-26,22:01:27",uex._.3,#0,قهوة شرقي ؟؟؟,,
"2024-08-26,22:09:04",dz_younes,#0,Hoova y7eb tota,,
"2024-08-26,22:21:36",crazy.steve,#0,سلام عليكم,,
"2024-08-26,22:23:43",vv_sr7,#0,"Ricky dicky two dog Rimes, boom  shaka laka boom shaka 🗣️🔥🔥 <@1050138290424135822>",chlorophyte_enjoyer#0,
"2024-08-26,22:27:44",kf1798,#0,خناق الحاج,7nak#0,
"2024-08-26,23:04:11",thba7ooo,#0,ني جيييت للمرة مليون <:emoji_102:1191547661355065454>,,
"2024-08-26,23:04:31",x_bzd_x,#0,oui tfadal njiblek tchrob press wla crem ☕  ?,uex._.3#0,
"2024-08-26,23:04:36",thba7ooo,#0,<@1180615622145622117>  ارواح لهنا 🫂,ablm69#0,
"2024-08-26,23:04:48",ablm69,#0,Huh,,
"2024-08-26,23:05:07",thba7ooo,#0,زعفت مني قبيل 😔  <:emoji_101:1191547625883828325>,ablm69#0,
"2024-08-26,23:05:16",ablm69,#0,Yes 😡,,
"2024-08-26,23:05:41",thba7ooo,#0,تعال الى هنا  🫂 انا اسف 😔,ablm69#0,
"2024-08-26,23:05:44",ablm69,#0,No,thba7ooo#0,
"2024-08-26,23:05:48",ablm69,#0,Go away from me,,
"2024-08-26,23:06:02",ablm69,#0,Daddy#36,,
"2024-08-26,23:06:06",thba7ooo,#0,😭  why,ablm69#0,
"2024-08-26,23:06:31",ablm69,#0,U cheater,thba7ooo#0,
"2024-08-26,23:06:52",ablm69,#0,U love girls,,
"2024-08-26,23:06:55",ablm69,#0,😡😡😡,,
"2024-08-26,23:06:55",thba7ooo,#0,كنت فقط ابعد غريبي اطوار عنا 😔,ablm69#0,
"2024-08-26,23:07:12",x_bzd_x,#0,niga,thba7ooo#0,
"2024-08-26,23:07:19",thba7ooo,#0,يو,x_bzd_x#0,
"2024-08-26,23:07:24",ablm69,#0,Cheater 😭😭😭😭,thba7ooo#0,
"2024-08-26,23:07:27",ablm69,#0,,,
"2024-08-26,23:07:39",x_bzd_x,#0,rahi katletna 6ana ro7o dabzo fl prv,,
"2024-08-26,23:07:40",0_nu,#0,اححح,,
"2024-08-26,23:07:42",0_nu,#0,راه يبكي,,
"2024-08-26,23:07:42",thba7ooo,#0,nooooo 😭,ablm69#0,
"2024-08-26,23:07:51",0_nu,#0,استناو راني جاي,,
"2024-08-26,23:08:10",ablm69,#0,Nro7 nakol kfc ki rani fi iktiab 😢,,
"2024-08-26,23:08:25",ablm69,#0,Bro is cuming 😭😭,0_nu#0,
"2024-08-26,23:08:40",thba7ooo,#0,نن نعرف نطيب خير من kfc لذلك تعال هنا 🫂,ablm69#0,
"2024-08-26,23:08:47",ablm69,#0,Bro,,
"2024-08-26,23:08:55",ablm69,#0,أنا طباخ 💀,,
"2024-08-26,23:09:00",ablm69,#0,يعني ابتعد عني,,
"2024-08-26,23:09:16",ablm69,#0,I can cook better than girls 💀,,
"2024-08-26,23:09:27",thba7ooo,#0,مام انا,ablm69#0,
"2024-08-26,23:09:34",ablm69,#0,Nuh uh,,
"2024-08-26,23:09:38",ablm69,#0,I'd win,,
"2024-08-26,23:10:02",thba7ooo,#0,نعرف نطيب رز معى صدور دجاج .....و نعرف نطيب  بيض و و و و و و  نسيت,,
"2024-08-26,23:10:08",ablm69,#0,Noob,thba7ooo#0,
"2024-08-26,23:10:22",thba7ooo,#0,ني عارف 😔,ablm69#0,
"2024-08-26,23:10:29",ablm69,#0,عندي يومين ملي طيبت شوكلات كايك 😭😭,,
"2024-08-26,23:10:37",ablm69,#0,+ خلاصت,,
"2024-08-26,23:10:47",thba7ooo,#0,هاذا محزن 😔,ablm69#0,
"2024-08-26,23:10:52",ablm69,#0,نعرف أكلات شعبية,,
"2024-08-26,23:11:25",ablm69,#0,نطيب رجل اسود مردوم تحت الجمر,,
"2024-08-26,23:11:42",ablm69,#0,ألذ اكلة,,
"2024-08-26,23:11:55",thba7ooo,#0,بصح مشكل كيفاش تعرف بلي طاب ?,ablm69#0,
"2024-08-26,23:12:09",ablm69,#0,Easy,thba7ooo#0,
"2024-08-26,23:12:13",ablm69,#0,10h,,
"2024-08-26,23:12:55",thba7ooo,#0,بزاف على رجل اسود مفروض 2 دقايق,ablm69#0,
"2024-08-26,23:13:16",ablm69,#0,Yep but n7ab y3dbo kter ✨,thba7ooo#0,
"2024-08-26,23:13:33",thba7ooo,#0,تحصيلها 🔥,ablm69#0,
"2024-08-26,23:13:57",ablm69,#0,Nro7 nl3b Fortnite 😭😘,thba7ooo#0,
"2024-08-26,23:14:05",ablm69,#0,Cya later daddy#36,,
"2024-08-26,23:14:08",thba7ooo,#0,نروح نتعذب في دارك سولز 2,ablm69#0,
"2024-08-26,23:14:26",ablm69,#0,U have pc 😭 ?,,
"2024-08-26,23:14:31",thba7ooo,#0,ايه,ablm69#0,
"2024-08-26,23:14:37",ablm69,#0,I looove hard games,thba7ooo#0,
"2024-08-26,23:14:41",ablm69,#0,5tmt,,
"2024-08-26,23:14:45",ablm69,#0,Kan 3ndi,thba7ooo#0,
"2024-08-26,23:14:48",ablm69,#0,😭😭,,
"2024-08-26,23:14:53",ablm69,#0,Hollow knight,,
"2024-08-26,23:14:56",ablm69,#0,Cup head,,
"2024-08-26,23:14:59",ablm69,#0,Undertale,,
"2024-08-26,23:15:10",ablm69,#0,I love 2d games,,
"2024-08-26,23:15:10",thba7ooo,#0,مام انا مي دارك سولز 2 هيا وحيدة لي كرهتها,ablm69#0,
"2024-08-26,23:15:10",0_gf,#0,they give me this,,https://cdn.discordapp.com/attachments/1227367017661595708/1277753235486019656/image.png?ex=672de4ae&is=672c932e&hm=7526193f1ddfd189177f108e38734290e755999b838d035b8b0cae6600040c2c&
"2024-08-26,23:15:18",ablm69,#0,Bro,0_gf#0,
"2024-08-26,23:15:22",ablm69,#0,Me,,
"2024-08-26,23:15:25",x_bzd_x,#0,9diiiiiima,ablm69#0,
"2024-08-26,23:15:25",ablm69,#0,😘😘,,
"2024-08-26,23:15:28",thba7ooo,#0,ماهاذا,0_gf#0,
"2024-08-26,23:15:29",0_gf,#0,<@1180425486720041032> come bb prv,0_gf#0,
"2024-08-26,23:15:33",ablm69,#0,Ik,x_bzd_x#0,
"2024-08-26,23:15:33",0_gf,#0,<@742398088886353962>,thba7ooo#0,
"2024-08-26,23:15:39",0_gf,#0,i wanna test that on you,,
"2024-08-26,23:15:44",ablm69,#0,Meeee,,
"2024-08-26,23:15:46",ablm69,#0,😭😭😭😭,,
"2024-08-26,23:15:48",thba7ooo,#0,okey <:emoji_101:1191547625883828325>,0_gf#0,
"2024-08-26,23:15:53",ablm69,#0,Cheater daddy#12,,
"2024-08-26,23:16:07",x_bzd_x,#0,a36ini w n5alsek credit ❤️ 😉,0_gf#0,
"2024-08-26,23:16:18",0_gf,#0,عندي 300 مليون,x_bzd_x#0,
"2024-08-26,23:16:24",ablm69,#0,Gimme some,,
"2024-08-26,23:16:31",ablm69,#0,Uk i love u 😭😭😭,,
"2024-08-26,23:16:35",x_bzd_x,#0,amal nta a36ini credit,0_gf#0,
"2024-08-26,23:16:35",x_bzd_x,#0,😉,,
"2024-08-26,23:16:36",ablm69,#0,<:emoji_102:1191547661355065454> <:emoji_102:1191547661355065454>,,
"2024-08-26,23:16:44",lami.7,#0,السلام عليكم,,
"2024-08-26,23:17:01",x_bzd_x,#0,p 1180425486720041032,,
"2024-08-26,23:17:02",lami.7,#0,<:uncannycat:1152013915954352148>,,
"2024-08-26,23:17:15",lami.7,#0,1005189900548710500,,
"2024-08-26,23:17:35",lami.7,#0,<@1180425486720041032>,0_gf#0,
"2024-08-26,23:17:44",lami.7,#0,<@1180425486720041032>,0_gf#0、x_bzd_x#0,
"2024-08-26,23:17:50",0_gf,#0,what,lami.7#0,
"2024-08-26,23:18:04",lami.7,#0,والو,0_gf#0,
"2024-08-26,23:18:17",0_gf,#0,,,
"2024-08-26,23:18:18",ablm69,#0,Gimme nitro u black piece of shit,0_gf#0,
"2024-08-26,23:18:21",0_gf,#0,نعناع علاه بناوك,,
"2024-08-26,23:18:23",ablm69,#0,😭😭😭😭,,
"2024-08-26,23:18:31",0_gf,#0,10 يام,ablm69#0,
"2024-08-26,23:18:31",lami.7,#0,من هايت؟,0_gf#0,
"2024-08-26,23:18:35",0_gf,#0,يب,lami.7#0,
"2024-08-26,23:18:40",ablm69,#0,Njrb 😭,0_gf#0,
"2024-08-26,23:18:51",0_gf,#0,مفعل نيترو نتا من قبل ؟,ablm69#0,
"2024-08-26,23:18:55",ablm69,#0,Nope,0_gf#0,
"2024-08-26,23:19:03",lami.7,#0,"قالولي عنصرية 
و واحد سبني و سبيتو و بلغ عليا 
و السبام",0_gf#0,
"2024-08-26,23:19:20",ablm69,#0,So sad,lami.7#0,
"2024-08-26,23:19:21",x_bzd_x,#0,💀,lami.7#0,
"2024-08-26,23:19:27",lami.7,#0,انا حمار وحد الوقت درتلهم بوست,,
"2024-08-26,23:19:34",thba7ooo,#0,معليش نعناعتي 😔,lami.7#0,
"2024-08-26,23:19:34",lami.7,#0,<:gigachad:1150419236989186078>,x_bzd_x#0,
"2024-08-26,23:19:41",ablm69,#0,❤️,thba7ooo#0,
"2024-08-26,23:19:43",lami.7,#0,Nah,ablm69#0,
"2024-08-26,23:19:44",ablm69,#0,💔,,
"2024-08-26,23:19:54",lami.7,#0,<:Dead_inside:1150410964659863592>,thba7ooo#0,
"2024-08-26,23:19:59",lami.7,#0,نورمال,,
"2024-08-26,23:20:15",ablm69,#0,Na3na3tek ?,,
"2024-08-26,23:20:15",x_bzd_x,#0,العنصرية عليها بان ؟,,
"2024-08-26,23:20:21",ablm69,#0,NA3NA3TEL ?,,
"2024-08-26,23:20:21",0_gf,#0,ادي رابط وفعلوا احسن,ablm69#0,
"2024-08-26,23:20:24",lami.7,#0,وي,x_bzd_x#0,
"2024-08-26,23:20:31",ablm69,#0,Why 😭,0_gf#0,
"2024-08-26,23:20:38",thba7ooo,#0,نن فقط مجاملة <:emoji_102:1191547661355065454>,ablm69#0,
"2024-08-26,23:20:41",lami.7,#0,<@1180425486720041032> كيفاه جبت نيطرو,0_gf#0,
"2024-08-26,23:20:45",ablm69,#0,KYS,thba7ooo#0,
"2024-08-26,23:20:50",ablm69,#0,I hate u,,
"2024-08-26,23:20:50",0_gf,#0,بسك احسن,ablm69#0,
"2024-08-26,23:20:54",0_gf,#0,مفعلوا عادي,lami.7#0,
"2024-08-26,23:20:59",thba7ooo,#0,why 😭 😭,ablm69#0,
"2024-08-26,23:21:01",lami.7,#0,رابط؟,0_gf#0,
"2024-08-26,23:21:03",ablm69,#0,No gimme the 10 days NOW 😡,0_gf#0,
"2024-08-26,23:21:24",lami.7,#0,باتري 4,,
"2024-08-26,23:21:25",dirnaza,#0,Weeee nigrawa,,
"2024-08-26,23:21:28",lami.7,#0,نم,,
"2024-08-26,23:21:30",ablm69,#0,Because u are listening to baby by me,thba7ooo#0,
"2024-08-26,23:21:39",x_bzd_x,#0,nchri 3lik srx <@1180425486720041032>,0_gf#0,
"2024-08-26,23:21:47",x_bzd_x,#0,10 days,,
"2024-08-26,23:21:52",dirnaza,#0,There’s no niggas😔,,
"2024-08-26,23:22:03",ablm69,#0,Yep,dirnaza#0,
"2024-08-26,23:22:11",x_bzd_x,#0,<:Dead_inside:1150410964659863592>,dirnaza#0,
"2024-08-26,23:22:16",ablm69,#0,Unfortunately,,
"2024-08-26,23:22:26",ablm69,#0,😭,,
"2024-08-26,23:22:45",0_gf,#0,يب,lami.7#0,
"2024-08-26,23:22:56",0_gf,#0,يحمار فعل رابط وتدي حتى ل 3 شهور,ablm69#0,
"2024-08-26,23:23:03",ablm69,#0,Howww,0_gf#0,
"2024-08-26,23:23:14",ablm69,#0,Where is the fucking link,,
"2024-08-26,23:23:27",ablm69,#0,<:emoji_102:1191547661355065454> <:emoji_102:1191547661355065454> <:emoji_102:1191547661355065454>,,
"2024-08-26,23:24:39",x_bzd_x,#0,<:emoji_107:1191548658336940132>,,
"2024-08-26,23:24:54",thba7ooo,#0,عملة 50 اغانيه جيدة 😔,ablm69#0,
"2024-08-26,23:24:58",m7_.n8,#0,,0_gf#0,https://cdn.discordapp.com/attachments/1227367017661595708/1277755698457084058/image0.gif?ex=672de6fa&is=672c957a&hm=0c38327f50014d44369c3ea34233b3ede0a01e1dc99e4982b79ff91b16485cad&
"2024-08-26,23:25:14",ablm69,#0,Kys,thba7ooo#0,
"2024-08-26,23:25:27",ablm69,#0,Who wanna play Roblox with me 😭,m7_.n8#0,
"2024-08-26,23:25:27",x_bzd_x,#0,عملة 50 <:ccpshook81:1150419222007136348>,thba7ooo#0,
"2024-08-26,23:25:28",thba7ooo,#0,now ?,ablm69#0,
"2024-08-26,23:25:39",thba7ooo,#0,ايه 🔥,x_bzd_x#0,
"2024-08-26,23:25:42",ablm69,#0,Dating simulator,,
"2024-08-26,23:26:03",x_bzd_x,#0,50 cent ?,thba7ooo#0,
"2024-08-26,23:26:08",thba7ooo,#0,ايه,x_bzd_x#0,
"2024-08-26,23:26:09",m7_.n8,#0,,ablm69#0,https://cdn.discordapp.com/attachments/1227367017661595708/1277755999343870022/image0.gif?ex=672de741&is=672c95c1&hm=9e289b254ee29f408b1e7bb16996e109e4173f4527bf8267dd749255ae862d6b&
"2024-08-26,23:26:23",ablm69,#0,Stfu Gordon,m7_.n8#0,
"2024-08-26,23:26:59",m7_.n8,#0,,ablm69#0,https://cdn.discordapp.com/attachments/1227367017661595708/1277756207901442068/image0.gif?ex=672de773&is=672c95f3&hm=09752dbe4bf3ab2c8f0cd6589e9f02657930ca8917b8768b0569ec6641137d74&
"2024-08-26,23:27:16",thba7ooo,#0,شوف واش راني نسمع ضروك,ablm69#0,
"2024-08-26,23:27:19",x_bzd_x,#0,jma3a chkon yl3ab counter s 1.6,,
"2024-08-26,23:27:19",thba7ooo,#0,🔥,,
"2024-08-26,23:27:33",ablm69,#0,<:emoji_109:1259887162296635402>,m7_.n8#0,
"2024-08-26,23:27:35",0_gf,#0,كاين منصة على البيسي تعطيك واحد باطل,ablm69#0,
"2024-08-26,23:27:46",ablm69,#0,I don't have a pc 😭,0_gf#0,
"2024-08-26,23:27:50",d2.ei,#0,شحال لفل تاعك في face it,x_bzd_x#0,
"2024-08-26,23:27:52",x_bzd_x,#0,hat,0_gf#0,
"2024-08-26,23:27:53",thba7ooo,#0,ابك غيمز ?,0_gf#0,
"2024-08-26,23:27:56",0_gf,#0,محشيتلك,ablm69#0,
"2024-08-26,23:28:00",0_gf,#0,nope,thba7ooo#0,
"2024-08-26,23:28:02",ablm69,#0,Ik 😭,,
"2024-08-26,23:28:06",0_gf,#0,ايبيك عنجها عامين يزح,,
"2024-08-26,23:28:13",thba7ooo,#0,تاعش 🔥,0_gf#0,
"2024-08-26,23:28:17",m7_.n8,#0,تيميطي وشراك,d2.ei#0,https://cdn.discordapp.com/attachments/1227367017661595708/1277756533991804969/image0.gif?ex=672de7c1&is=672c9641&hm=e948b69c6c4591896ed6ad517c8101ebe6e122c8c0e1b016fe2833bac377e2aa&
"2024-08-26,23:28:17",x_bzd_x,#0,ab3at prv,0_gf#0,
"2024-08-26,23:28:42",d2.ei,#0,Am cook playlist,m7_.n8#0,
"2024-08-26,23:28:44",x_bzd_x,#0,nel3ab cs,d2.ei#0,
"2024-08-26,23:28:50",ablm69,#0,Ani nsm3 SMOKE IT OFF rn,thba7ooo#0,
"2024-08-26,23:28:51",0_gf,#0,منصة نسيت طيز اسمها,,
"2024-08-26,23:29:00",x_bzd_x,#0,tfakar tfakar,0_gf#0,
"2024-08-26,23:29:06",d2.ei,#0,Your lvl in face it,x_bzd_x#0,
"2024-08-26,23:29:07",0_gf,#0,اصبر نتفكرها,,
"2024-08-26,23:29:19",m7_.n8,#0,Server wla ki ch3ar,d2.ei#0,https://cdn.discordapp.com/attachments/1227367017661595708/1277756792914575474/image0.gif?ex=672de7ff&is=672c967f&hm=3c39c7a287c704fcaafade02e3a8fd166d55c86854dcade460654a788ff86093&
"2024-08-26,23:29:22",x_bzd_x,#0,wach hadi face it ?,d2.ei#0,
"2024-08-26,23:29:27",x_bzd_x,#0,cs 1.6 non steam,,
"2024-08-26,23:29:40",0_gf,#0,وش بي طيز ناناك تخزر فيا نتا,,https://cdn.discordapp.com/attachments/1227367017661595708/1277756884191023104/Cat_deathstare.mp4?ex=672de814&is=672c9694&hm=70b08305e0f14a66a1e70d4431dc153b1c7fe9eff9d5daa485662b44351eac67&
"2024-08-26,23:29:48",raku_9,#0,<:NIGGA_omg:1150394296680329226>,,
"2024-08-26,23:29:56",ablm69,#0,Daddys HOME,raku_9#0,
"2024-08-26,23:29:59",d2.ei,#0,Sorry I can't play with noobs,x_bzd_x#0,
"2024-08-26,23:30:07",raku_9,#0,<:emoji_102:1191547661355065454>,ablm69#0,
"2024-08-26,23:30:11",m7_.n8,#0,It's a movie,ablm69#0,
"2024-08-26,23:30:13",thba7ooo,#0,<:emoji_101:1191547625883828325>,raku_9#0,
"2024-08-26,23:30:14",d2.ei,#0,Yep yep,m7_.n8#0,
"2024-08-26,23:30:14",x_bzd_x,#0,tfakar 💰  💰  💰  💰,0_gf#0,
"2024-08-26,23:30:15",0_gf,#0,يزح ذا راه كثر من نتع lol,,https://cdn.discordapp.com/attachments/1227367017661595708/1277757030261854270/image.png?ex=672de837&is=672c96b7&hm=8f78c1e2c814b66ceb54465904871be2852d2b1d9512f87be18bcd35631906db&
"2024-08-26,23:30:33",ablm69,#0,NO,m7_.n8#0,
"2024-08-26,23:30:47",x_bzd_x,#0,bruh,d2.ei#0,
"2024-08-26,23:30:52",ablm69,#0,🪨,,
"2024-08-26,23:30:57",m7_.n8,#0,هذا كونت شيزي القديم,0_gf#0,https://cdn.discordapp.com/attachments/1227367017661595708/1277757207676583977/image0.gif?ex=672de861&is=672c96e1&hm=fa6e8e318ae4d296608d060e55a2d5d560958904c9a81871af54ddfb4a14bc69&
"2024-08-26,23:30:59",x_bzd_x,#0,wtfdum,,
"2024-08-26,23:31:21",ablm69,#0,Who wanna play dress to impress with me,,
"2024-08-26,23:31:27",ablm69,#0,<:emoji_102:1191547661355065454> <:emoji_102:1191547661355065454> <:emoji_102:1191547661355065454>,,
"2024-08-26,23:31:43",d2.ei,#0,و الله مشي نسب فيك ولا هكا تسمى مرقت من cs او مكانش شغف,x_bzd_x#0,
"2024-08-26,23:31:48",d2.ei,#0,Sorry,,
"2024-08-26,23:32:01",m7_.n8,#0,Jhony w dono w toxic tbanaw <:emoji_84:1188620191576367134>,d2.ei#0,
"2024-08-26,23:32:02",x_bzd_x,#0,ok,d2.ei#0,
"2024-08-26,23:32:11",x_bzd_x,#0,np,d2.ei#0,
"2024-08-26,23:32:15",oussama._.m,#0,Hi,,
"2024-08-26,23:32:18",ablm69,#0,WOMP WOMP,m7_.n8#0,
"2024-08-26,23:32:26",oussama._.m,#0,Welcome me,,
"2024-08-26,23:32:38",raku_9,#0,انا مرة لبسوني فالحانوت<:uncannycat:1152013915954352148>,ablm69#0,
"2024-08-26,23:32:43",d2.ei,#0,B9it ghir ana,m7_.n8#0,
"2024-08-26,23:32:49",ablm69,#0,Tfk 💀💀💀,raku_9#0,
"2024-08-26,23:33:16",raku_9,#0,حشاوهالي قالولي نعطوك خمسالاف,ablm69#0,
"2024-08-26,23:33:28",ablm69,#0,Kifah lbsok 💀 ?,raku_9#0,
"2024-08-26,23:33:34",m7_.n8,#0,,d2.ei#0,https://cdn.discordapp.com/attachments/1227367017661595708/1277757864391213137/image0.gif?ex=672de8fe&is=672c977e&hm=6d1d4dcb94d5cc8b3a816d7d6a8e07371a26a339c7435a0ddd921f25b58aef49&
"2024-08-26,23:33:43",d2.ei,#0,Acc friend 9ader lkan nf7atli nl3ab ngameplayi m3ak,x_bzd_x#0,
"2024-08-26,23:33:54",raku_9,#0,نسيت,ablm69#0,
"2024-08-26,23:34:05",raku_9,#0,قديمة الحكاية,,
"2024-08-26,23:34:07",ablm69,#0,How,,
"2024-08-26,23:34:10",0_gf,#0,ez you dump nigger,,
"2024-08-26,23:34:12",0_gf,#0,s,,
"2024-08-26,23:34:16",x_bzd_x,#0,ok kima t7ab winta mat7ab ab3at nfta7 server wla nel3bo win mak 7ab,d2.ei#0,
"2024-08-26,23:34:42",d2.ei,#0,Chkon nmdlo playlist ta3i fi sound cloud,,
"2024-08-26,23:34:56",oussama._.m,#0,Khliha 3ndk hbb,,
"2024-08-26,23:35:00",d2.ei,#0,Ok bro,x_bzd_x#0,
"2024-08-26,23:35:20",raku_9,#0,خليها عندك,,
"2024-08-26,23:35:22",m7_.n8,#0,والاغنية تاع رمضان هذيك وش صرالها<:emoji_84:1188620191576367134>,d2.ei#0,
"2024-08-26,23:35:45",d2.ei,#0,يلكلب واحد موراه مقيمك زيد ابقى vu,oussama._.m#0,
"2024-08-26,23:36:01",0_gf,#0,غمسها حبيبي وكورها وعمرها بل روز وجمدها وغمستها فل ماء ولفها وفي طيييزك بل راحة,d2.ei#0,
"2024-08-26,23:36:07",d2.ei,#0,حبست راب,m7_.n8#0,
"2024-08-26,23:36:29",oussama._.m,#0,يلكلب,d2.ei#0,
"2024-08-26,23:36:40",d2.ei,#0,لغمالة تاعك ناكتني overdose,0_gf#0,
"2024-08-26,23:37:02",oussama._.m,#0,Timiti tfol f3mro 14 hab ymdna play list t3 emoboy,,
"2024-08-26,23:37:32",costwave,#0,Wiiiii,,
"2024-08-26,23:37:34",d2.ei,#0,كي كنت انا 14 نتا مخرجتش من كرش مك,oussama._.m#0,
"2024-08-26,23:37:46",costwave,#0,<:NIGGA_omg:1150394296680329226>,d2.ei#0,
"2024-08-26,23:37:52",oussama._.m,#0,Tomoti kbir ou yhdr had lhdra,,
"2024-08-26,23:37:52",0_gf,#0,يعمري الفرويتي يزطل,d2.ei#0,
"2024-08-26,23:37:53",crazy.steve,#0,سلام عليكم,,
"2024-08-26,23:38:15",crazy.steve,#0,<:juan:1150418197581922344>,,
"2024-08-26,23:39:14",crazy.steve,#0,ياخو لجماعة الاسطورية تاع لبارح وين راحو؟,costwave#0,
"2024-08-26,23:39:25",thba7ooo,#0,نيغا يحسب نفسه المين كاركتر,d2.ei#0,
"2024-08-26,23:39:26",d2.ei,#0,متمسخرش وقفت على تصويرتك او نتا ذر,0_gf#0,
"2024-08-26,23:40:00",crazy.steve,#0,شحال في عمرك ؟,d2.ei#0,
"2024-08-26,23:40:16",crazy.steve,#0,من تصويرة تاعك تبان مزالك ترضع,,
"2024-08-26,23:40:53",d2.ei,#0,يولدي ابقى تسقصي على لعمار,crazy.steve#0,
"2024-08-26,23:40:56",oussama._.m,#0,Jab l bem,,
"2024-08-26,23:41:08",oussama._.m,#0,Hass roho aura +1,,
"2024-08-26,23:41:19",crazy.steve,#0,🤣🤣,,
"2024-08-26,23:41:28",m7_.n8,#0,<:emoji_84:1188620191576367134>,d2.ei#0,
"2024-08-26,23:41:29",0_gf,#0,اخوانه يحسب نفسه المنتقد هارفي,d2.ei#0,
"2024-08-26,23:41:34",0_gf,#0,روح دوش,m7_.n8#0,
"2024-08-26,23:41:36",0_gf,#0,يل فايح,,
"2024-08-26,23:41:38",0_gf,#0,تلعب apex,,
"2024-08-26,23:41:55",0_gf,#0,شحال عندك متوشيتش الماء ؟,,
"2024-08-26,23:41:56",crazy.steve,#0,قالهالك جدك قبل ما تزيد جاي تهدرها,d2.ei#0,
"2024-08-26,23:41:59",m7_.n8,#0,Stfu bitch,0_gf#0,
"2024-08-26,23:42:01",oussama._.m,#0,Yl3b pes  w9il,0_gf#0,
"2024-08-26,23:42:11",0_gf,#0,روح دوش خويا لعزيز,oussama._.m#0,
"2024-08-26,23:42:26",x_bzd_x,#0,free fire 🤣,oussama._.m#0,
"2024-08-26,23:42:33",crazy.steve,#0,عندو  قريب عام ونص,0_gf#0,
"2024-08-26,23:42:35",0_gf,#0,يلعب فري فاير,oussama._.m#0,
"2024-08-26,23:42:37",0_gf,#0,دغشت,,
"2024-08-26,23:42:40",negan478,#0,يدكم فيه,,
"2024-08-26,23:42:46",oussama._.m,#0,المدمر142116,x_bzd_x#0,
"2024-08-26,23:42:58",d2.ei,#0,"<@1195134511546105958>  
تناك سيرفر بل ذر",m7_.n8#0,
"2024-08-26,23:43:04",oussama._.m,#0,فنش فنش,,
"2024-08-26,23:43:10",ablm69,#0,Best song,,
"2024-08-26,23:43:13",ablm69,#0,😭😭😭,,
"2024-08-26,23:43:16",oussama._.m,#0,الوك مجاني,,
"2024-08-26,23:43:21",thba7ooo,#0,ني هنا من عام لي فات <:uncannycat:1152013915954352148>,d2.ei#0,
"2024-08-26,23:43:23",x_bzd_x,#0,وي كاين بلاص حاب نجي نجاهد ؟؟,negan478#0,
"2024-08-26,23:43:31",oussama._.m,#0,لا نريد العاهرات نريد المجوهرات,,
"2024-08-26,23:43:37",ablm69,#0,Look wach rani nsm3 <:uncannycat:1152013915954352148>,thba7ooo#0,
"2024-08-26,23:43:44",m7_.n8,#0,وي الملاح كامل تباناو,d2.ei#0,
"2024-08-26,23:43:47",ltgnow,#0,الزعيم الأسطوري 21352,oussama._.m#0,
"2024-08-26,23:44:00",d2.ei,#0,انا عندي من لي تحل سيرفر,thba7ooo#0,
"2024-08-26,23:44:00",thba7ooo,#0,تاك نسمعها و نجي,ablm69#0,
"2024-08-26,23:44:01",oussama._.m,#0,Slimani hdr,ltgnow#0,
"2024-08-26,23:44:04",m7_.n8,#0,بقا غير هذا المن قش <@1169250247847972887>,_flitox.#0,
"2024-08-26,23:44:07",ablm69,#0,Ok mommy,thba7ooo#0,
"2024-08-26,23:44:18",x_bzd_x,#0,الطوطابيليو444,ltgnow#0,
"2024-08-26,23:44:20",oussama._.m,#0,Aho ybdl suji,d2.ei#0,
"2024-08-26,23:44:33",crazy.steve,#0,🤣🤣,x_bzd_x#0,
"2024-08-26,23:44:37",negan478,#0,على 3 تاع الليل يجي بوطي يرفدك من بلقايد,x_bzd_x#0,
"2024-08-26,23:44:40",thba7ooo,#0,ديسكورد يقول بلي نتا راك داخل هيل ذا عام في ماي 🗿,d2.ei#0,
"2024-08-26,23:44:47",0_gf,#0,احححححح وانا نيخ الذر,d2.ei#0,
"2024-08-26,23:44:50",0_gf,#0,نتا طري,,
"2024-08-26,23:44:54",0_gf,#0,نحسك كيما القط,,
"2024-08-26,23:44:57",luffysenpai2011,#0,وش خاوتي,,
"2024-08-26,23:45:00",oussama._.m,#0,Hhhh,,
"2024-08-26,23:45:04",0_gf,#0,كون نحط فرماج فوق نتاعي تجي تلحسوا ؟,,
"2024-08-26,23:45:06",d2.ei,#0,راك كل متحكي نشم ريحة ليكوش راح ابكي تغسلك يماك قاعك,oussama._.m#0,
"2024-08-26,23:45:18",x_bzd_x,#0,<#1230876321807339551> <@1215768550132682804> wtf was that,nabbyman#0,
"2024-08-26,23:45:18",oussama._.m,#0,راح ابكي,d2.ei#0,
"2024-08-26,23:45:20",ablm69,#0,Bla formag 😘,0_gf#0,
"2024-08-26,23:45:23",thba7ooo,#0,نعرفها ذي غنيا,ablm69#0,
"2024-08-26,23:45:23",m7_.n8,#0,<:PepePoint74:1152016056244781086>,0_gf#0,
"2024-08-26,23:45:24",ablm69,#0,Just kidding,,
"2024-08-26,23:45:27",luffysenpai2011,#0,وش يا لي ظاير تصورة لروحو تاع النازية,oussama._.m#0,
"2024-08-26,23:45:30",costwave,#0,Srry i was eating,crazy.steve#0,
"2024-08-26,23:45:36",0_gf,#0,يااا وش راه يقول,ablm69#0,https://cdn.discordapp.com/attachments/1227367017661595708/1277760892091498538/c9c0ce6ebb21fd4cad1a3cfa08d5e0ef.png?ex=672debd0&is=672c9a50&hm=73219ae98b713898523f901ccbb664014ff0e69f0e66d38fcb92d29e433f322d&
"2024-08-26,23:45:37",oussama._.m,#0,Oui,luffysenpai2011#0,
"2024-08-26,23:45:40",costwave,#0,Wlh ma 3labali,,
"2024-08-26,23:45:42",m7_.n8,#0,,,https://cdn.discordapp.com/attachments/1227367017661595708/1277760919023259668/image0.gif?ex=672debd6&is=672c9a56&hm=c2368cbc03b6d7ddb324519382b5980c7a1718f01da4a0df03a1441eeecc01bf&
"2024-08-26,23:45:45",ltgnow,#0,Drake,0_gf#0,
"2024-08-26,23:45:46",x_bzd_x,#0,🫡,negan478#0,
"2024-08-26,23:45:48",luffysenpai2011,#0,نتا تخب هتلر,oussama._.m#0,
"2024-08-26,23:45:58",ablm69,#0,Hadak hwa no3 li n7bo ( idk the style name 💀 ?,thba7ooo#0,
"2024-08-26,23:45:59",oussama._.m,#0,Em,,
"2024-08-26,23:46:00",thba7ooo,#0,سموك ساخن 🔥,0_gf#0,
"2024-08-26,23:46:01",x_bzd_x,#0,chkon may7aboch,luffysenpai2011#0,
"2024-08-26,23:46:02",0_gf,#0,<a:skull:1211673713519628328>,m7_.n8#0,
"2024-08-26,23:46:13",crazy.steve,#0,🤣🤣🤣 الانوش مزالو لابس ليكوش,0_gf#0,
"2024-08-26,23:46:13",m7_.n8,#0,,,https://cdn.discordapp.com/attachments/1227367017661595708/1277761048941957194/image0.gif?ex=672debf5&is=672c9a75&hm=c1bd2867a7b15df850b7f4f69c404e9d73b36b79a81b66ae6be097dcd0277892&
"2024-08-26,23:46:14",0_gf,#0,الفرصة ماتتعوضش,thba7ooo#0,
"2024-08-26,23:46:15",costwave,#0,Frfr,x_bzd_x#0,
"2024-08-26,23:46:16",luffysenpai2011,#0,خاوتي بلعقل على المسياج,,
"2024-08-26,23:46:22",thba7ooo,#0,انا نقولو سيجما ستايل  مشعارف علاه,ablm69#0,
"2024-08-26,23:46:23",x_bzd_x,#0,rak tcher 3liya yzbi,0_gf#0,
"2024-08-26,23:46:30",crazy.steve,#0,It's ok,costwave#0,
"2024-08-26,23:46:30",ablm69,#0,Bruuuh,thba7ooo#0,
"2024-08-26,23:46:39",0_gf,#0,,x_bzd_x#0,
"2024-08-26,23:46:47",thba7ooo,#0,نظل نشوفو فل انستا فل ادت تاع سيجما تاع ش ك و بي,ablm69#0,
"2024-08-26,23:46:48",oussama._.m,#0,طيميطي مسمي روحو يروح لقروب فايسبوك ( هدرات و معاني ونخليك تعاني ) يجيب الرد ويجي,,
"2024-08-26,23:46:52",costwave,#0,😰,0_gf#0,
"2024-08-26,23:46:55",ablm69,#0,Nuuuuuuuh,thba7ooo#0,
"2024-08-26,23:46:58",luffysenpai2011,#0,<:emoji_91:1188672059321094224> <:emoji_91:1188672059321094224>,,
"2024-08-26,23:47:00",oussama._.m,#0,Chft 3lam nazi wino,,
"2024-08-26,23:47:02",ablm69,#0,Machi hadak hwa,,
"2024-08-26,23:47:02",thba7ooo,#0,باينا,0_gf#0,
"2024-08-26,23:47:07",oussama._.m,#0,OWOERUWJAN,luffysenpai2011#0,
"2024-08-26,23:47:08",ablm69,#0,Machi phonk,,
"2024-08-26,23:47:10",oussama._.m,#0,WOWOWOWOWOWOW,,
"2024-08-26,23:47:11",0_gf,#0,"اسم الغروب نتاعوا 
المشاكسين الصغار",oussama._.m#0,
"2024-08-26,23:47:14",thba7ooo,#0,انا كانو يجوني بالاك نتا لا,ablm69#0,
"2024-08-26,23:47:17",0_gf,#0,قاهري الثناوية,,
"2024-08-26,23:47:21",ablm69,#0,Maybe,thba7ooo#0,
"2024-08-26,23:47:25",crazy.steve,#0,🤣🤣,oussama._.m#0,
"2024-08-26,23:47:27",0_gf,#0,مدمري الحفاظات,,
"2024-08-26,23:47:32",0_gf,#0,البوالون الكبار,,
"2024-08-26,23:47:33",oussama._.m,#0,Bio  امي اهم,0_gf#0,
"2024-08-26,23:47:38",luffysenpai2011,#0,وش من ماركة,0_gf#0,
"2024-08-26,23:47:42",thba7ooo,#0,😂 😂 😂,0_gf#0,
"2024-08-26,23:47:49",ablm69,#0,The best song ever bdat 😭😭😭,,
"2024-08-26,23:47:52",0_gf,#0,ذي احسن وحدة,,
"2024-08-26,23:48:01",oussama._.m,#0,Tofla,0_gf#0,
"2024-08-26,23:48:02",0_gf,#0,# الفتيان السمان 🗣️🔥🔥🔥,,
"2024-08-26,23:48:10",oussama._.m,#0,كفش عرفت تحكي بلهجة سعودية,,
"2024-08-26,23:48:25",oussama._.m,#0,Khwti tofla 3ndha راي,,
"2024-08-26,23:48:26",ablm69,#0,Lbs rangers,0_gf#0,
"2024-08-26,23:48:33",oussama._.m,#0,🧹🪄 witch,,
"2024-08-26,23:48:43",0_gf,#0,<:juan:1150418197581922344>,ablm69#0,
"2024-08-26,23:48:45",x_bzd_x,#0,مرايل اببب,0_gf#0,
"2024-08-26,23:48:58",costwave,#0,Hhhh,x_bzd_x#0,
"2024-08-26,23:49:01",0_gf,#0,<@985154755082989608> واش مدمر الحفاظات,d2.ei#0,
"2024-08-26,23:49:01",luffysenpai2011,#0,cap 🧢,,
"2024-08-26,23:49:08",ablm69,#0,M3a song rani 7aseb ro7i ymat itadori yuji 💀💀💀,,
"2024-08-26,23:49:11",0_gf,#0,زندها بل لحظة,,
"2024-08-26,23:49:16",luffysenpai2011,#0,غود كير ☠️ لي راه داير,0_gf#0,
"2024-08-26,23:49:16",oussama._.m,#0,مدمر الكيبورد,0_gf#0,
"2024-08-26,23:49:28",costwave,#0,Bro got cooked 💀,0_gf#0,
"2024-08-26,23:49:37",0_gf,#0,"ليك وقفة نتع واحد منتصر 
pov : فعلتها على نفسي بنجاح",,https://cdn.discordapp.com/attachments/1227367017661595708/1277761901589303328/c9c0ce6ebb21fd4cad1a3cfa08d5e0ef.png?ex=672decc1&is=672c9b41&hm=2acfd3e52c9da79e006bc397ba72eb95a9caa5ddbbb31d0b0c9fe85a5bc75e1a&
"2024-08-26,23:49:41",asqx0109,#0,,,
"2024-08-26,23:49:45",crazy.steve,#0,اقرا البايو تاعو 💀,0_gf#0,
"2024-08-26,23:49:46",oussama._.m,#0,Bro is cooking f kch fb group,,
"2024-08-26,23:49:49",costwave,#0,Hhhh,0_gf#0,
"2024-08-26,23:49:51",oussama._.m,#0,يبحث عن رد,,
"2024-08-26,23:49:59",oussama._.m,#0,Aho ja,,
"2024-08-26,23:50:02",asqx0109,#0,:GojoTwerk::GetoTwerk::MegumiTwerk::NanamiTwerk::SukunaTwerk: twerk gang,,
"2024-08-26,23:50:05",0_gf,#0,بدلوا,crazy.steve#0,https://cdn.discordapp.com/attachments/1227367017661595708/1277762021865164871/image.png?ex=672decdd&is=672c9b5d&hm=da0091fca247d735952b566f6898ae6748ea07b48da18271e03e9b48652ea3ac&
"2024-08-26,23:50:12",oussama._.m,#0,Hwhahahaha,0_gf#0,
"2024-08-26,23:50:14",asqx0109,#0,,0_gf#0,
"2024-08-26,23:50:18",ablm69,#0,Bro just spawned,asqx0109#0,
"2024-08-26,23:50:23",d2.ei,#0,"<@1180425486720041032> 
واش صاحبي كسبت نيترو غير بارح بديت تخرى علينا",0_gf#0,
"2024-08-26,23:50:29",crazy.steve,#0,اوووو,0_gf#0,
"2024-08-26,23:50:35",luffysenpai2011,#0,هذي الوقفة تاع واحد راح يغتاصب طفلة تاع 9 و لا 10 سنين,0_gf#0,
"2024-08-26,23:50:36",oussama._.m,#0,الرد,d2.ei#0,
"2024-08-26,23:50:42",oussama._.m,#0,Kon ghir mriponditch,,
"2024-08-26,23:50:48",d2.ei,#0,تناك,oussama._.m#0,
"2024-08-26,23:50:51",thba7ooo,#0,فتى اختفى لمدت 8 دقايق من كثرة ردود و تنمر لي جاه 😂,0_gf#0,
"2024-08-26,23:50:57",oussama._.m,#0,Roh trgd awldi ghodwa tnod bkri troh lbhr,,
"2024-08-26,23:51:03",oussama._.m,#0,Y9lolk frit ou khobz,,
"2024-08-26,23:51:07",0_gf,#0,عندي عامين يل فايح مخدمتش بديسكورد نورمال ليكونت لي عندي كثر من الزواية الي في ترمتكككك,d2.ei#0,https://cdn.discordapp.com/attachments/1227367017661595708/1277762282989813881/image.png?ex=672ded1b&is=672c9b9b&hm=a73b370cf88424db1001a8c2c63894313e5b44fb87f1ffa2774d74808083184e&
"2024-08-26,23:51:26",asqx0109,#0,bl3,,
"2024-08-26,23:51:26",asqx0109,#0,rbk,,
"2024-08-26,23:51:27",costwave,#0,<:NIGGA_omg:1150394296680329226>,0_gf#0,
"2024-08-26,23:51:31",0_gf,#0,حصريا شاهد <@985154755082989608> يتعصر اثناء التفكير في رد,d2.ei#0、thba7ooo#0,
"2024-08-26,23:51:32",ablm69,#0,Ayoooo chilllll,asqx0109#0,
"2024-08-26,23:51:42",0_gf,#0,غير الرب لا متكفرش خو,asqx0109#0,
"2024-08-26,23:51:52",0_gf,#0,صح معندناش ضمير مي عندنا مبادء,,
"2024-08-26,23:51:53",asqx0109,#0,<a:Dollaz:1150410764054704269>,0_gf#0,
"2024-08-26,23:51:55",0_gf,#0,واقيل عندنا,,
"2024-08-26,23:51:57",0_gf,#0,واقيل,,
"2024-08-26,23:52:04",ablm69,#0,U are not the main character bro 🗣️🗣️🗣️,,
"2024-08-26,23:52:11",oussama._.m,#0,Hbb  wchbik light,,
"2024-08-26,23:52:12",3mybad,#0,Wsh ya echat,,
"2024-08-26,23:52:17",d2.ei,#0,يعمري عندو عامين مخدمش بل ديسكورد انا كي كنت نعرفو مكانش نيترو يقزيزتي مامبا,0_gf#0,
"2024-08-26,23:52:17",luffysenpai2011,#0,cv,3mybad#0,
"2024-08-26,23:52:18",asqx0109,#0,rani m9wd,oussama._.m#0,
"2024-08-26,23:52:19",costwave,#0,Maybe,0_gf#0,
"2024-08-26,23:52:23",asqx0109,#0,<:7emra:707080480712949801>,,
"2024-08-26,23:52:25",luffysenpai2011,#0,w nta,3mybad#0,
"2024-08-26,23:52:26",ablm69,#0,TROXXY,3mybad#0,
"2024-08-26,23:52:29",3mybad,#0,Hmd mapla wnta,luffysenpai2011#0,
"2024-08-26,23:52:29",asqx0109,#0,<:7emra:707080480712949801>,,
"2024-08-26,23:52:30",oussama._.m,#0,Waw,d2.ei#0,
"2024-08-26,23:52:33",crazy.steve,#0,يوووووو خاطف الاطفال,3mybad#0,
"2024-08-26,23:52:33",asqx0109,#0,<:9k:1189273274455179358>,,
"2024-08-26,23:52:37",ablm69,#0,My man <:emoji_102:1191547661355065454>,,
"2024-08-26,23:52:38",luffysenpai2011,#0,cv,3mybad#0,
"2024-08-26,23:52:41",abdulrazzaq0639,#0,سلام,,
"2024-08-26,23:52:43",asqx0109,#0,okhrj,crazy.steve#0,
"2024-08-26,23:52:43",luffysenpai2011,#0,<:emoji_107:1197267193713410228>,,
"2024-08-26,23:52:45",3mybad,#0,Wsh yakhoo,ablm69#0,
"2024-08-26,23:52:48",asqx0109,#0,,,
"2024-08-26,23:52:55",costwave,#0,و عليكم السلام,abdulrazzaq0639#0,
"2024-08-26,23:52:55",asqx0109,#0,,,
"2024-08-26,23:52:56",abdulrazzaq0639,#0,شعب تحول سونك ياشكوبي,,
"2024-08-26,23:53:00",oussama._.m,#0,طيميطي كان عنده ديسكورد قبل النيترو اصلا,,
"2024-08-26,23:53:03",abdulrazzaq0639,#0,Cv,costwave#0,
"2024-08-26,23:53:03",ablm69,#0,I'm good what about u,3mybad#0,
"2024-08-26,23:53:05",oussama._.m,#0,طيميطي لا يعرف الرد,,
"2024-08-26,23:53:11",costwave,#0,Hmdlh kho,abdulrazzaq0639#0,
"2024-08-26,23:53:19",oussama._.m,#0,طيميطي لا يجيد الحياة الواقعية او الافتراضية,,
"2024-08-26,23:53:21",d2.ei,#0,روح ألعب فري فاير تيليفون تاعك قبل ما طيحلك لاباطري,oussama._.m#0,
"2024-08-26,23:53:21",crazy.steve,#0,اسمع عندك تخطف هذا <@985154755082989608>,3mybad#0、d2.ei#0,
"2024-08-26,23:53:23",ablm69,#0,Bro marahch 7ta lvl 1 😭😭😭,asqx0109#0,
"2024-08-26,23:53:27",3mybad,#0,Fine fine,ablm69#0,
"2024-08-26,23:53:28",abdulrazzaq0639,#0,شاكاين شعب ولا يكتب خفيف,costwave#0,
"2024-08-26,23:53:35",oussama._.m,#0,طيميطي تكتر معاه فهدرة يقولك ارواح نحكو بريفي,,
"2024-08-26,23:53:43",3mybad,#0,Khlina nkhmmo chwia,crazy.steve#0,
"2024-08-26,23:53:46",ablm69,#0,Hmmmmm that suspicious,3mybad#0,
"2024-08-26,23:53:56",costwave,#0,راك تشوف,abdulrazzaq0639#0,
"2024-08-26,23:53:57",luffysenpai2011,#0,خاوتي قيموني ياو,,
"2024-08-26,23:54:08",costwave,#0,تيميطي راه داير حية,abdulrazzaq0639#0,
"2024-08-26,23:54:09",ablm69,#0,No,luffysenpai2011#0,
"2024-08-26,23:54:12",oussama._.m,#0,Money oui,,
"2024-08-26,23:54:12",0_gf,#0,"نمي عمرك 3 سنين 
يمااااك حشات تيليفون في حت_شونها وفتحت كونت ؟",d2.ei#0,
"2024-08-26,23:54:14",ablm69,#0,U are an npc,,
"2024-08-26,23:54:18",oussama._.m,#0,Oui,luffysenpai2011#0,
"2024-08-26,23:54:26",crazy.steve,#0,"الان شاهد تيميطي يرد برد ساحق 😱😱
اضغط للمشاهدة",d2.ei#0,
"2024-08-26,23:54:31",3mybad,#0,Me2,ablm69#0,
"2024-08-26,23:54:32",0_gf,#0,يزح داخل فل 2022,,https://cdn.discordapp.com/attachments/1227367017661595708/1277763139949035621/image.png?ex=672dede8&is=672c9c68&hm=da8035413410d8a02380de8d82349100d50d66072c0aa960b0038d3cea0b2771&
"2024-08-26,23:54:38",0_gf,#0,انا من 2017 ومهدرتش,,
"2024-08-26,23:54:39",ablm69,#0,Nuh,3mybad#0,
"2024-08-26,23:54:48",3mybad,#0,Sisi,ablm69#0,
"2024-08-26,23:54:48",oussama._.m,#0,Hhhhhh,0_gf#0,
"2024-08-26,23:54:53",abdulrazzaq0639,#0,انا عقلي باه يطرطق نهدر هنا ونهدر معا ولد خالتي ونهدر معا مادامتي في نفس وقت يزح,costwave#0,
"2024-08-26,23:54:59",crazy.steve,#0,هههه,0_gf#0,
"2024-08-26,23:54:59",oussama._.m,#0,طيميطي يفشل دائما,,
"2024-08-26,23:55:04",0_gf,#0,عمرك 14,abdulrazzaq0639#0,
"2024-08-26,23:55:05",3mybad,#0,Oooooo lhandsome twhchtk,crazy.steve#0,
"2024-08-26,23:55:07",0_gf,#0,متكذبش,,
"2024-08-26,23:55:08",0_gf,#0,يزح,,
"2024-08-26,23:55:09",ablm69,#0,Nuh li ydiro pfp ta3 one piece kamel npcs ( chefto kamel one piece ),3mybad#0,
"2024-08-26,23:55:10",0_gf,#0,الذر,,
"2024-08-26,23:55:11",3mybad,#0,20h mhdrtch meah,,
"2024-08-26,23:55:16",d2.ei,#0,بركا ما تش كونتي تبانا من 2016,0_gf#0,
"2024-08-26,23:55:17",abdulrazzaq0639,#0,وعلاه,0_gf#0,
"2024-08-26,23:55:17",oussama._.m,#0,طيميطي لم يجد الحب الواقعي او الخيالي او الديسكوردي,,
"2024-08-26,23:55:25",costwave,#0,ههههههه,,
"2024-08-26,23:55:25",crazy.steve,#0,مام انا توحشتك,3mybad#0,
"2024-08-26,23:55:35",oussama._.m,#0,تش,d2.ei#0,
"2024-08-26,23:55:36",3mybad,#0,Nkrh one piece,ablm69#0,
"2024-08-26,23:55:41",oussama._.m,#0,طيميطي قال تش,,
"2024-08-26,23:55:46",luffysenpai2011,#0,علاه,3mybad#0,
"2024-08-26,23:55:51",ablm69,#0,Ama ndmt 1053 7l9a 😭😭,3mybad#0,
"2024-08-26,23:55:53",0_gf,#0,"# تحوسها كيما هاك ؟
# نتوما كامل كنتوا في قلاوية",d2.ei#0,
"2024-08-26,23:55:55",3mybad,#0,Wsh rak dayr fiha lhandsome,crazy.steve#0,
"2024-08-26,23:55:55",oussama._.m,#0,طيميطي صح صغير,,
"2024-08-26,23:56:01",ablm69,#0,Machi worth it,,
"2024-08-26,23:56:05",x_bzd_x,#0,yzbi 5alo 6im6i fi 7alo yzbi,,
"2024-08-26,23:56:06",oussama._.m,#0,Wnti tan,0_gf#0,
"2024-08-26,23:56:08",3mybad,#0,Psq twilll,luffysenpai2011#0,
"2024-08-26,23:56:12",3mybad,#0,Dija wsh dkhlk,,
"2024-08-26,23:56:17",luffysenpai2011,#0,كاين ملخصات,3mybad#0,
"2024-08-26,23:56:18",0_gf,#0,كامل كنا في قلاوي,oussama._.m#0,
"2024-08-26,23:56:24",crazy.steve,#0,خاوتي راكم تشمو حاجة فايحة,,
"2024-08-26,23:56:31",oussama._.m,#0,WCH DKHL,0_gf#0,
"2024-08-26,23:56:32",ablm69,#0,Chkon mngol li ychof mola5ass,luffysenpai2011#0,
"2024-08-26,23:56:32",3mybad,#0,Mnich faragh chghol,luffysenpai2011#0,
"2024-08-26,23:56:40",luffysenpai2011,#0,الخرية تاع <@985154755082989608>,crazy.steve#0、d2.ei#0,
"2024-08-26,23:56:41",0_gf,#0,# <@985154755082989608> ذا من اطفال الانابيب كابر في بلارة نتع حمص,d2.ei#0,
"2024-08-26,23:56:42",oussama._.m,#0,ANA NHDRO 3LA TIMITI,,
"2024-08-26,23:56:44",crazy.steve,#0,تيميطي خراها <:uncannycat:1152013915954352148>,,
"2024-08-26,23:56:48",0_gf,#0,لبيها خرج مونغولي,,
"2024-08-26,23:56:51",luffysenpai2011,#0,ok,3mybad#0,
"2024-08-26,23:56:55",ablm69,#0,🫡,3mybad#0,
"2024-08-26,23:57:06",3mybad,#0,Yakho zel hada,0_gf#0,
"2024-08-26,23:57:06",oussama._.m,#0,طيميطي طفلة 17 سنة فرشاتك,0_gf#0,
"2024-08-26,23:57:07",3mybad,#0,Ndih,,
"2024-08-26,23:57:09",oussama._.m,#0,وش تهدر,,
"2024-08-26,23:57:19",oussama._.m,#0,طيميطي خطرة جاية لا تلحس,,
"2024-08-26,23:57:27",oussama._.m,#0,اي مين لا تكتر الهدرة,,
"2024-08-26,23:57:28",d2.ei,#0,نتا كوبلاوك مع خرى تاع كلاب او بول تاع قطوطا او كي خرجت خرجت طفيلي,0_gf#0,
"2024-08-26,23:57:28",luffysenpai2011,#0,خلاص خلو السيد ترونكيل,,
"2024-08-26,23:57:29",ablm69,#0,Fi ta3 tomato paste fargha,0_gf#0,
"2024-08-26,23:57:35",0_gf,#0,"شواربوا نتع عض 
بصح رد بالك تدير معاه 69 يغعرك بل ريحة",3mybad#0,https://cdn.discordapp.com/attachments/1227367017661595708/1277763909138255993/c9c0ce6ebb21fd4cad1a3cfa08d5e0ef.png?ex=672dee9f&is=672c9d1f&hm=62dc54c73e34af951f82f2c0bdabff119b062fb3698cbbb0727bed7468dc87a1&
"2024-08-26,23:57:36",3mybad,#0,Khoya motafahim byntli,luffysenpai2011#0,
"2024-08-26,23:57:48",3mybad,#0,Bebe nigro,0_gf#0,
"2024-08-26,23:57:49",0_gf,#0,بيئة البصلة متكببرش فيها,ablm69#0,
"2024-08-26,23:57:50",ablm69,#0,LMAO 😭😭😭😭😭😭,0_gf#0,
"2024-08-26,23:57:52",oussama._.m,#0,رد الطيميطي,d2.ei#0,
"2024-08-26,23:57:52",luffysenpai2011,#0,ok mlih,3mybad#0,
"2024-08-26,23:57:53",x_bzd_x,#0,chkon nmedlo 200000 credit 9bel manro7 nrgod 😎 🥱,,
"2024-08-26,23:57:58",oussama._.m,#0,طيميطي ارجوك ارحل,,
"2024-08-26,23:58:00",ablm69,#0,Me,x_bzd_x#0,
"2024-08-26,23:58:02",ablm69,#0,Ofc,,
"2024-08-26,23:58:05",3mybad,#0,Nik fih tajroba 3ilmiya,0_gf#0,
"2024-08-26,23:58:05",x_bzd_x,#0,ok,ablm69#0,
"2024-08-26,23:58:07",oussama._.m,#0,#ارحل_طيميطي,,
"2024-08-26,23:58:11",ablm69,#0,Thx homie,x_bzd_x#0,
"2024-08-26,23:58:13",luffysenpai2011,#0,MEEEEEEE,x_bzd_x#0,
"2024-08-26,23:58:26",crazy.steve,#0,الان شاهد البث المباشر لي تيميطي الخراي يرد بكل وقاحة 😱😱💔,d2.ei#0,
"2024-08-26,23:58:29",3mybad,#0,Wsh ya ezaeim li yhb ezwawla,x_bzd_x#0,
"2024-08-26,23:58:31",luffysenpai2011,#0,اعطيني انا يلعن .......,x_bzd_x#0,
"2024-08-26,23:58:38",0_gf,#0,"يزح روح اقرى شوي من بعد اهدر انا راني نهدر معاك على اساس علمي 
نتا يماك كثرت من القهوة بسك مر",d2.ei#0,
"2024-08-26,23:58:39",3mybad,#0,Mdli 9500 zaeim,,
"2024-08-26,23:58:49",3mybad,#0,Mlgr mndir bihom walo,,
"2024-08-26,23:59:01",oussama._.m,#0,يا طيميطي ارحل الله يهديك,,
"2024-08-26,23:59:11",0_gf,#0,قهوي,,
"2024-08-26,23:59:22",0_gf,#0,كحلوش مصدي,,https://cdn.discordapp.com/attachments/1227367017661595708/1277764355412201493/c9c0ce6ebb21fd4cad1a3cfa08d5e0ef.png?ex=672def0a&is=672c9d8a&hm=f6df2c994612a5daf9a288d0d32a6748aaf80567164a16c03bbc46a5e4cd0b0f&
"2024-08-26,23:59:28",oussama._.m,#0,Mchi howa bsh,,
"2024-08-26,23:59:29",3mybad,#0,Khanez,0_gf#0,
"2024-08-26,23:59:29",abdulrazzaq0639,#0,😂,0_gf#0,
"2024-08-26,23:59:30",crazy.steve,#0,🤣🤣,,
"2024-08-26,23:59:30",oussama._.m,#0,U know right?,,
"2024-08-26,23:59:41",oussama._.m,#0,Just pic hadi,,
"2024-08-26,23:59:45",luffysenpai2011,#0,علاه ماشي ليا,x_bzd_x#0,
"2024-08-26,23:59:51",0_gf,#0,الانترنت دوك تروحلي,,
"2024-08-26,23:59:56",3mybad,#0,Kwf rohk ayoooo,oussama._.m#0,
"2024-08-26,23:59:56",0_gf,#0,دوك شوي ونموت,,
