Date,Username,User tag,Content,Mentions,link
"2024-08-13,00:57:44",0_gf,#0,وش بيها طي ز يما ك ؟,_.69_.#0,
"2024-08-13,00:58:07",0_gf,#0,سمى فرحان كي يسبولك خت ك مالاا ن بك م ك,_.69_.#0,
"2024-08-13,00:58:21",_.69_.,#0,وش تخير ني كلك يماك من نيفها ولا موذنها ولا من ز كها ولا من سو تها؟,0_gf#0,
"2024-08-13,00:58:29",m3d.com,#0,<:hmm:1144061148958826556>,,
"2024-08-13,00:58:33",rohta3ti,#0,دقيقة صمت على البطل الراحل اللواء اسامة بن لادن,0_gf#0,
"2024-08-13,00:58:38",m7_.n8,#0,,,https://cdn.discordapp.com/attachments/1227367017661595708/1272705843468439562/IMG_20240309_145304_357.jpg?ex=672dfcee&is=672cab6e&hm=b00933c54f1c07a1a8c0840ad5cde5e9dec1c160378f7c873be1160abca16803&
"2024-08-13,00:58:40",0_gf,#0,,,https://cdn.discordapp.com/attachments/1227367017661595708/1272705848099078296/IMG20240720103933.jpg?ex=672dfcef&is=672cab6f&hm=84c2bbc4671ddd126755f82202dfa7cebd8bf1cbdb8a1c65a25311aa0c5dfaa2&
"2024-08-13,00:58:47",0_gf,#0,نماصيك للموت,,
"2024-08-13,00:58:48",_.69_.,#0,اعطيتلك خيار هذي لمرة 😘,,
"2024-08-13,00:58:55",wail08368,#0,نحشيهولك في زكك,,
"2024-08-13,00:59:07",_.69_.,#0,اوه حطو فسو تك باش تكون مفتوحة 🫦,0_gf#0,
"2024-08-13,00:59:13",rohta3ti,#0,جيري عاشق الاطفال,m7_.n8#0,
"2024-08-13,00:59:15",0_gf,#0,نركبلك ليبيل,wail08368#0,
"2024-08-13,00:59:17",0_gf,#0,نماصيك,,
"2024-08-13,00:59:21",_.69_.,#0,ماني ش حاب نقعد نفتح ها,,
"2024-08-13,00:59:25",wail08368,#0,نعرضلك الفيلطاج,,
"2024-08-13,00:59:39",_.69_.,#0,ماصي سو تك وسو ت يماك يا كحبة,0_gf#0,
"2024-08-13,00:59:51",m7_.n8,#0,لاتسوي مشاكل,0_gf#0,
"2024-08-13,01:00:17",_.69_.,#0,*** ***,m7_.n8#0,
"2024-08-13,01:00:37",0_gf,#0,nigga i am the victem,m7_.n8#0,
"2024-08-13,01:01:04",_.69_.,#0,غدوة راح تكون ليا,0_gf#0,
"2024-08-13,01:01:46",0_gf,#0,سير قود,,
"2024-08-13,01:02:00",m7_.n8,#0,معليش,0_gf#0,https://cdn.discordapp.com/attachments/1227367017661595708/1272706689744896060/image0.gif?ex=672dfdb8&is=672cac38&hm=8b958d9634dcb5aa7a44dc9fad8c3e7bb2fa036a5c441f9d19b9096a8eb71cc1&
"2024-08-13,01:04:25",0_gf,#0,<:tadcarlfachero36:1152016084430487552>,,
"2024-08-13,01:04:50",ryo.q,#0,<:tadcarlfachero36:1152016084430487552>,,
"2024-08-13,01:05:02",wail08368,#0,<:767993656816304148:1150411534615453696>,,
"2024-08-13,01:05:24",wail08368,#0,اجمع قزيبتك وسير تقود,,
"2024-08-13,01:05:37",abderrahman.026,#0,<:way61:1152013922229043310>,,
"2024-08-13,01:05:42",0_gf,#0,بزازل,,
"2024-08-13,01:05:54",0_gf,#0,رانا لتحت,abderrahman.026#0,
"2024-08-13,01:06:00",wail08368,#0,وين رحتو ياخو كامل رحتو عند مداماتكم غير انا,,
"2024-08-13,01:07:34",0_gf,#0,نتا ن_قش,,
"2024-08-13,01:07:41",0_gf,#0,معندكش وحدة,,
"2024-08-13,01:07:44",0_gf,#0,يل حاوي,,
"2024-08-13,01:07:51",m3d.com,#0,<:hmm:1144061148958826556> <:hmm:1144061148958826556>,,
"2024-08-13,01:07:55",not.abdou25,#0,Wtf,,
"2024-08-13,01:08:02",0_gf,#0,واو,,
"2024-08-13,01:08:05",m3d.com,#0,Rani 8day <a:emote_patrick_star_dance:1267130261049446400>,,
"2024-08-13,01:08:06",0_gf,#0,عندهم نيترو,,
"2024-08-13,01:08:13",0_gf,#0,so fire,,
"2024-08-13,01:08:20",m3d.com,#0,<:uncannycat:1152013915954352148>,,
"2024-08-13,01:08:28",0_gf,#0,day 0,m3d.com#0,
"2024-08-13,01:09:39",_.69_.,#0,المهم,,
"2024-08-13,01:09:40",m3d.com,#0,Mtnn,0_gf#0,
"2024-08-13,01:09:54",0_gf,#0,الاستحلام للاسف,m3d.com#0,
"2024-08-13,01:09:59",0_gf,#0,كنت في شهري الزاوج,,
"2024-08-13,01:10:03",_.69_.,#0,<@1030515269904367616> شحال في عمرك؟,m3d.com#0,
"2024-08-13,01:10:16",_.69_.,#0,<:uncannycat:1152013915954352148>,ak_miro#0,
"2024-08-13,01:10:33",_.69_.,#0,دير مرى بزازلها كبار <@1158860326289297458>,ak_miro#0,
"2024-08-13,01:10:36",_.69_.,#0,بليز,,
"2024-08-13,01:10:38",_.69_.,#0,بليز,,
"2024-08-13,01:10:40",_.69_.,#0,بليز,,
"2024-08-13,01:10:41",m3d.com,#0,16,_.69_.#0,
"2024-08-13,01:10:41",0_gf,#0,يدي بان,,
"2024-08-13,01:10:43",_.69_.,#0,بليز,,
"2024-08-13,01:10:49",_.69_.,#0,🫦,m3d.com#0,
"2024-08-13,01:10:58",m3d.com,#0,,_.69_.#0,
"2024-08-13,01:11:04",_.69_.,#0,ابعتلي ip تاعك نجي ليك,m3d.com#0,
"2024-08-13,01:11:07",m3d.com,#0,بيدوفل تع شكوبي,,
"2024-08-13,01:11:08",_.69_.,#0,😘🫦,,
"2024-08-13,01:11:09",m3d.com,#0,,,
"2024-08-13,01:12:14",0_gf,#0,<:tadcarlfachero36:1152016084430487552>,,
"2024-08-13,01:12:40",_.69_.,#0,⚧️,0_gf#0,
"2024-08-13,01:12:52",0_gf,#0,وش بيك,_.69_.#0,
"2024-08-13,01:13:02",narooo_dz,#0,<:tadcarlfachero36:1271466674003906592>,,
"2024-08-13,01:13:11",_.69_.,#0,راني حاب نشوف بزازل,0_gf#0,
"2024-08-13,01:14:23",0_gf,#0,,,https://cdn.discordapp.com/attachments/1227367017661595708/1272709804003168286/image0.gif?ex=672e009f&is=672caf1f&hm=ea96084cc380a45940eaf10dbb58d459aefe75fc33f417d3a20d6975f1aace28&
"2024-08-13,01:14:24",narooo_dz,#0,خونا راه مطنن 🔥🗣️,_.69_.#0,
"2024-08-13,01:14:41",narooo_dz,#0,ما تروحش تقود علينا,ak_miro#0,
"2024-08-13,01:14:42",0_gf,#0,عيطتلي ؟,narooo_dz#0,
"2024-08-13,01:15:01",_.69_.,#0,<@1180425486720041032> <@1158860326289297458>,0_gf#0、ak_miro#0,
"2024-08-13,01:15:11",0_gf,#0,؟,_.69_.#0,
"2024-08-13,01:15:11",narooo_dz,#0,انت خوه,0_gf#0,
"2024-08-13,01:15:15",_.69_.,#0,نتا مترم؟,,
"2024-08-13,01:15:15",0_gf,#0,<:tadcarlfachero36:1152016084430487552>,,
"2024-08-13,01:15:50",narooo_dz,#0,<:sh:1152016071147147319>,,
"2024-08-13,01:15:56",0_gf,#0,<a:skull:1211673713519628328>,,
"2024-08-13,01:16:21",abdellah_x,#0,انا,,
"2024-08-13,01:16:24",_.69_.,#0,بابا nik yma,,
"2024-08-13,01:16:29",_.69_.,#0,<@1158860326289297458>,ak_miro#0,
"2024-08-13,01:17:23",m3d.com,#0,🇹 🇳 🇦 🇰,,
"2024-08-13,01:17:33",_.69_.,#0,اوكي 🏳️‍⚧️🤝🏳️‍🌈,m3d.com#0,
"2024-08-13,01:17:37",rohta3ti,#0,,,
"2024-08-13,01:17:55",_.69_.,#0,وليت نخمم فلانتحار على جالك,rohta3ti#0,
"2024-08-13,01:18:15",0_gf,#0,فيك مشكل ولا,_.69_.#0,
"2024-08-13,01:18:19",rohta3ti,#0,تهنية منك,_.69_.#0,
"2024-08-13,01:18:27",m3d.com,#0,,,
"2024-08-13,01:18:45",0_gf,#0,,,
"2024-08-13,01:18:52",0_gf,#0,smash,m3d.com#0,
"2024-08-13,01:19:01",m3d.com,#0,7baibna jabo,,
"2024-08-13,01:19:03",m3d.com,#0,0seconde,,
"2024-08-13,01:19:22",0_gf,#0,wanna se,,
"2024-08-13,01:19:24",0_gf,#0,see,,
"2024-08-13,01:19:27",rohta3ti,#0,منين نخرج,ak_miro#0,
"2024-08-13,01:19:36",m3d.com,#0,,,
"2024-08-13,01:20:05",0_gf,#0,على راسي,ak_miro#0,
"2024-08-13,01:20:40",rohta3ti,#0,كبير وجايح<:Dead_inside:1150410964659863592>,ak_miro#0,
"2024-08-13,01:21:00",m3d.com,#0,,,
"2024-08-13,01:21:16",0_gf,#0,,,
"2024-08-13,01:21:44",rohta3ti,#0,test ميقتلش ا لحمار,ak_miro#0,
"2024-08-13,01:22:28",0_gf,#0,<:tadcarlfachero36:1152016084430487552>,,
"2024-08-13,01:22:41",rohta3ti,#0,في ترام ك اغلقت القضية,ak_miro#0,
"2024-08-13,01:28:14",zebzoubii,#0,Khwti khsni l vid t3 mimo,,
"2024-08-13,01:28:16",zebzoubii,#0,Nsh9o,,
"2024-08-13,01:32:23",_.69_.,#0,منحبش بنات وش ندير؟,,
"2024-08-13,01:32:39",_.69_.,#0,نولي نحب هذا وخلاص <@1158860326289297458> 😔,ak_miro#0,
"2024-08-13,01:34:20",_.69_.,#0,نحبك,ak_miro#0,
"2024-08-13,01:34:23",_.69_.,#0,🫦,,
"2024-08-13,01:37:28",m3d.com,#0,<:emoji_13:1257388270195703859>,,
"2024-08-13,01:41:14",0_gf,#0,<:tadcarlfachero36:1152016084430487552>,,
"2024-08-13,01:41:30",abdouma_chiko,#0,<:Pog:1150411414243131504>,,
"2024-08-13,03:05:04",ryo.q,#0,<:megamind5:1152015946874097684>,,
"2024-08-13,03:06:17",lm3sb_,#0,Ani 3wd Jit w nikmo li gay (li gay b3toli n7wih),,
"2024-08-13,03:06:24",lm3sb_,#0,<:gigachad:1150419236989186078> <:gigachad:1150419236989186078>,,
"2024-08-13,03:09:56",ryo.q,#0,<:emoji_107:1191548658336940132>,lm3sb_#0,
"2024-08-13,03:22:38",m3d.com,#0,إي مجنونة كان تكوني فبحر مع فاميلتكم و تقولك وحدة من اقاربك ايا نروحو نمشو شوية وحدنا و كي تبعدو يجو مرايل مسودي الركبة و الوجه هزيلي الجسم و يقولولكم وش مامي نا و ياك منولوش امي و نديرو ليفريد فامي نتوما تخافو تبداو تمشو بزربة حتى يجرو يشدوكم من كتف تض..ربوهم بكف كرد فعل و يتقلقو يجو يسقلوكم حتى نخرج نا مبحر نجري نرفدهم فسماء نخبطهم يزيدو يجو صحابهم نزيد نقعرهم بواحد و نشوف فيكم و قطرات لماء يهبطو من شعرو نقولكم اذا راكم بخير مقاسوكمش! وقتها حتضاا..ربو على شكون تديني ول تحشمو و تقولو رانا بخير مارسي دادي و تروحو!,,
"2024-08-13,05:42:27",vem_3,#0,.,,
"2024-08-13,06:37:27",m7_.n8,#0,,vem_3#0,https://cdn.discordapp.com/attachments/1227367017661595708/1272791101836890142/image0.gif?ex=672da395&is=672c5215&hm=5f785a94e3abbff93f5dce8ecf906efdd13b17c9d80e85668eaee127335e7b63&
"2024-08-13,07:07:23",themask0239,#0,# نضوا يلحمارة,,
"2024-08-13,07:11:20",themask0239,#0,,m7_.n8#0,https://cdn.discordapp.com/attachments/1227367017661595708/1272799633860460555/image0-1.gif?ex=672dab88&is=672c5a08&hm=17d4c8d231649736b3d774d42d3b53e6a4a8d3b94a7155a7055ecc5163b79f50&
"2024-08-13,07:31:24",yanabbbb,#0,<:tadcarlfachero36:1152016084430487552>,,
"2024-08-13,07:32:05",yanabbbb,#0,صباح الشر mother fuck,,
"2024-08-13,07:40:32",mk_diassss,#0,<:tadcarlfachero36:1152016084430487552> 👋,,
"2024-08-13,07:57:47",themask0239,#0,أهلا,,
"2024-08-13,07:57:56",themask0239,#0,<@1158860326289297458>  وي لعزيز,ak_miro#0,
"2024-08-13,07:59:04",themask0239,#0,<@1158860326289297458>  نفرزوها ؟,ak_miro#0,
"2024-08-13,07:59:19",themask0239,#0,ولي هي 😍,w.me#0,
"2024-08-13,07:59:44",themask0239,#0,<:emoji_108:1226598091969269891>,ak_miro#0,
"2024-08-13,08:25:21",themask0239,#0,<@1158860326289297458>,ak_miro#0,https://cdn.discordapp.com/attachments/1227367017661595708/1272818260215205909/f674fffdfc19b091df09a32f5a94316a.jpg?ex=672dbce1&is=672c6b61&hm=35231ddb6d01a8aceb56606aa6e3683c84feec8563ac704fd69d6789ead96267&
"2024-08-13,08:25:39",themask0239,#0,نسيت تع دوبليها ياعيسى,ak_miro#0,
"2024-08-13,08:41:37",jovial_flamingo_95831,#0,_بب_,,
"2024-08-13,08:47:02",jovial_flamingo_95831,#0,استغفر لله,,
"2024-08-13,08:47:34",jovial_flamingo_95831,#0,يخو راك تمسخر بنبي ربي,,
"2024-08-13,09:01:15",jovial_flamingo_95831,#0,راك عليا,ak_miro#0,
"2024-08-13,09:02:46",jovial_flamingo_95831,#0,شحال عمرك,,
"2024-08-13,09:03:21",jovial_flamingo_95831,#0,لله يبارك,,
"2024-08-13,09:03:39",rayer43,#0,السلام عليكم,,
"2024-08-13,09:03:53",rayer43,#0,واش راكم,,
"2024-08-13,09:04:00",jovial_flamingo_95831,#0,وعليكم سلام,rayer43#0,
"2024-08-13,09:04:16",rayer43,#0,<:uncannycat:1152013915954352148>,ak_miro#0,
"2024-08-13,09:04:22",rayer43,#0,رقدت مليح الحمد لله,,
"2024-08-13,09:04:32",jovial_flamingo_95831,#0,bhle.9 دير ابوني في انستغرام,,
"2024-08-13,09:04:48",rayer43,#0,معنديش انستغرام,jovial_flamingo_95831#0,
"2024-08-13,09:05:57",jovial_flamingo_95831,#0,بصح يخو فوط بروفايل معرف وين شيفها,,
"2024-08-13,09:06:21",rayer43,#0,راك شايفها في فيديوهات تاع 2:00 صباح,jovial_flamingo_95831#0,
"2024-08-13,09:06:46",jovial_flamingo_95831,#0,اسمع يخو,,
"2024-08-13,09:06:49",rayer43,#0,وي,,
"2024-08-13,09:06:55",jovial_flamingo_95831,#0,كي يسموك,,
"2024-08-13,09:07:08",rayer43,#0,؟,,
"2024-08-13,09:07:23",jovial_flamingo_95831,#0,توسوست,rayer43#0,
"2024-08-13,09:07:32",rayer43,#0,يودي مفهمتكش,,
"2024-08-13,09:07:44",jovial_flamingo_95831,#0,قتلك واش اسمك,,
"2024-08-13,09:07:50",rayer43,#0,رياض,,
"2024-08-13,09:08:03",jovial_flamingo_95831,#0,لله يبارك,,
"2024-08-13,09:08:17",rayer43,#0,يبارك فيك,,
"2024-08-13,09:08:34",jovial_flamingo_95831,#0,انا فاروق,,
"2024-08-13,09:08:53",rayer43,#0,الله يبارك,,
"2024-08-13,09:09:17",rayer43,#0,وي,ak_miro#0,
"2024-08-13,09:09:32",rayer43,#0,مفهمتش,,
"2024-08-13,09:10:03",rayer43,#0,بصح راني تعبان,,
"2024-08-13,09:10:23",rayer43,#0,اوكي,,
"2024-08-13,09:10:42",rayer43,#0,هاهو جا عمي عمر,,
"2024-08-13,09:10:42",amiomeroff,#0,واحد يعلمني كيفاه ندير روول ميمر بتكت جاني مغلوق,,
"2024-08-13,09:11:29",jovial_flamingo_95831,#0,خوتي,,
"2024-08-13,09:11:45",amiomeroff,#0,واحد يعلمني كيفاه ندير روول ميمر بتكت جاني مغلوق,,
"2024-08-13,09:11:46",mk_diassss,#0,اصبر شهر,amiomeroff#0,
"2024-08-13,09:12:18",amiomeroff,#0,كيفاه نصبر شهر,mk_diassss#0,
"2024-08-13,09:12:37",jovial_flamingo_95831,#0,راني فتح كونت طفل في فيسبوك,,
"2024-08-13,09:12:41",mk_diassss,#0,اصبر شهر حتة وين يجي <@1214967653370691624>,jordyy.a3ttt#0、amiomeroff#0,
"2024-08-13,09:12:56",rayer43,#0,شوف البارح جا الادمن مش عارف كيفاه,amiomeroff#0,
"2024-08-13,09:13:01",rayer43,#0,و بدا يخدم,,
"2024-08-13,09:13:10",rayer43,#0,و ضرك راه كونجي,,
"2024-08-13,09:13:12",amiomeroff,#0,كي يجي قولولي,,
"2024-08-13,09:13:18",rayer43,#0,اوكي,amiomeroff#0,
"2024-08-13,09:13:27",rayer43,#0,بصح لازم تجي فيسع,,
"2024-08-13,09:13:31",rayer43,#0,ياك؟,,
"2024-08-13,09:13:51",amiomeroff,#0,بون نرجعو كاين حليب شكاير,,
"2024-08-13,09:14:01",jovial_flamingo_95831,#0,خوني كيفاه نبعث فوط,,
"2024-08-13,09:14:01",amiomeroff,#0,تع الطنة,,
"2024-08-13,09:14:07",jovial_flamingo_95831,#0,معرفتش,,
"2024-08-13,09:14:34",jovial_flamingo_95831,#0,كيفاه خو,ak_miro#0,
"2024-08-13,09:15:57",amiomeroff,#0,الطنة,,
"2024-08-13,09:17:25",jovial_flamingo_95831,#0,تناكت بلاد,,
"2024-08-13,09:18:23",jovial_flamingo_95831,#0,واش هذا اسم,ak_miro#0,
"2024-08-13,09:18:55",jovial_flamingo_95831,#0,اسمع يخو,,
"2024-08-13,09:19:29",jovial_flamingo_95831,#0,هذا حلم تعو هوفا يهدر عليه في فيديو,,
"2024-08-13,09:20:35",jovial_flamingo_95831,#0,واش اسمك,,
"2024-08-13,09:21:12",jovial_flamingo_95831,#0,لله يبارك,ak_miro#0,
"2024-08-13,09:21:22",jovial_flamingo_95831,#0,انا فاروق,,
"2024-08-13,09:21:37",jovial_flamingo_95831,#0,امين فاروق هه,,
"2024-08-13,09:22:47",jovial_flamingo_95831,#0,17,,
"2024-08-13,09:23:58",jovial_flamingo_95831,#0,علاه واش كاين,,
"2024-08-13,09:24:46",jovial_flamingo_95831,#0,واش قلولك,,
"2024-08-13,09:25:34",themask0239,#0,<@1158860326289297458> حبحب وش كاين شكون لي دار بيك,ak_miro#0,
"2024-08-13,09:25:48",vv_sr7,#0,,,https://cdn.discordapp.com/attachments/1227367017661595708/1272833475027664928/20240813_085540.jpg?ex=672dcb0c&is=672c798c&hm=52f8ca0f7acbed13cf9c422313cfca19904a32b795b3119d80cb4f259ef02062&
"2024-08-13,09:26:15",themask0239,#0,,vv_sr7#0,https://cdn.discordapp.com/attachments/1227367017661595708/1272833589372911616/e8fd43a9c9838f886ff46f945316697c.jpg?ex=672dcb27&is=672c79a7&hm=16cf2040cc94fe28daca606b494c830cc49d55585be9781fa7f7db6a552008b1&
"2024-08-13,09:26:22",jovial_flamingo_95831,#0,صح في بوقلاب,vv_sr7#0,
"2024-08-13,09:26:35",jovial_flamingo_95831,#0,ههههه,,
"2024-08-13,09:26:40",vv_sr7,#0,,themask0239#0,https://cdn.discordapp.com/attachments/1227367017661595708/1272833691478921216/20240813_085700.jpg?ex=672dcb40&is=672c79c0&hm=fb33a6eeb3bc4aea3753b582a5971f88b0ae029a65f3cab5dcd1b32b532807e3&
"2024-08-13,09:26:53",vv_sr7,#0,😂,,
"2024-08-13,09:27:10",vv_sr7,#0,,,https://cdn.discordapp.com/attachments/1227367017661595708/1272833818293964906/20240813_085445.jpg?ex=672dcb5e&is=672c79de&hm=308e795cc860aad88d051929f401dccb511903bb0149d2b48c1988ec331d8293&
"2024-08-13,09:27:13",jovial_flamingo_95831,#0,متسبش ديانه سماوية,vv_sr7#0,
"2024-08-13,09:27:43",vv_sr7,#0,قسنطينة ديانة سماوية 😱🥶💢💢💥,jovial_flamingo_95831#0,
"2024-08-13,09:27:47",themask0239,#0,<@1183808376375873557> نن روح تقود,vv_sr7#0,
"2024-08-13,09:28:05",vv_sr7,#0,,themask0239#0,https://cdn.discordapp.com/attachments/1227367017661595708/1272834048234094684/20240813_085649.jpg?ex=672dcb95&is=672c7a15&hm=74115a29364f1e295fa8b1555c1eb3de38fb8b25d6af6994eb9793c777ea7caf&
"2024-08-13,09:28:07",themask0239,#0,قسنطيني وأفتخر,vv_sr7#0,https://cdn.discordapp.com/attachments/1227367017661595708/1272834056702263318/Picsart_24-08-09_13-19-41-605.png?ex=672dcb97&is=672c7a17&hm=ead3baebb447d0bfdcd5c8bddd5e8946ac2d72b243bb35ff87ed57a57180b2a6&
"2024-08-13,09:28:23",vv_sr7,#0,,,https://cdn.discordapp.com/attachments/1227367017661595708/1272834123764858980/20240813_085630.jpg?ex=672dcba7&is=672c7a27&hm=0d51a7240dbc0f361035785b1865acc851dfdd44ab2a28dcba56534dc3c43435&
"2024-08-13,09:28:25",themask0239,#0,هات ماعندك,vv_sr7#0,
"2024-08-13,09:28:26",jovial_flamingo_95831,#0,جلفة,vv_sr7#0,
"2024-08-13,09:28:40",themask0239,#0,تحتك,ak_miro#0,
"2024-08-13,09:28:43",themask0239,#0,😍,,
"2024-08-13,09:28:51",vv_sr7,#0,,ak_miro#0,https://cdn.discordapp.com/attachments/1227367017661595708/1272834240685277259/hq2.jpg?ex=672dcbc3&is=672c7a43&hm=87212777e6a012fea7e8bdcf304d1a1e46a2413de3914bffaf1feeb39f704403&
"2024-08-13,09:28:55",themask0239,#0,صح,vv_sr7#0,
"2024-08-13,09:29:06",themask0239,#0,راني جاي 🥰,vv_sr7#0,
"2024-08-13,09:29:10",jovial_flamingo_95831,#0,bhle.9 ابوني,,
"2024-08-13,09:29:20",jovial_flamingo_95831,#0,انستغرام,,
"2024-08-13,09:29:35",vv_sr7,#0,,jovial_flamingo_95831#0,https://cdn.discordapp.com/attachments/1227367017661595708/1272834427340328971/20240813_085411.jpg?ex=672dcbef&is=672c7a6f&hm=5c70312fefb67acc240f2a5f17ffd709ecb4e1d0de975da53ef89c7f43a30ad5&
"2024-08-13,09:30:17",vv_sr7,#0,من أقوال خاميئني,,
"2024-08-13,09:30:21",jovial_flamingo_95831,#0,شكون يعرف صوفيا,,
"2024-08-13,09:30:23",vv_sr7,#0,😂,,
"2024-08-13,09:31:40",jovial_flamingo_95831,#0,خوتي جامي شفت درك ويب كيما قروب فايسبوك,,
"2024-08-13,09:32:39",jovial_flamingo_95831,#0,وراكم,,
"2024-08-13,09:33:16",vv_sr7,#0,<@1191354977193570356> vc now,themask0239#0,
"2024-08-13,09:34:09",jovial_flamingo_95831,#0,/بينا حمر,,
"2024-08-13,09:34:14",vv_sr7,#0,<:emoji_106:1191547968151617626>,ak_miro#0,
"2024-08-13,09:35:11",jovial_flamingo_95831,#0,مكانش اعادة سوئل,,
"2024-08-13,09:35:26",jovial_flamingo_95831,#0,ازرق,,
"2024-08-13,09:35:48",jovial_flamingo_95831,#0,مكنش فرص اخير,,
"2024-08-13,09:36:15",vv_sr7,#0,دخله,,
"2024-08-13,09:36:16",mk_diassss,#0,<@1183808376375873557> <:KEKYou:1150418200027201566>,vv_sr7#0,
"2024-08-13,09:36:20",jovial_flamingo_95831,#0,<:picardiacrying2:1152016067649081394>,,
"2024-08-13,09:36:55",jovial_flamingo_95831,#0,خوتي نعلمكم كيفاش تخشو درك ويب,,
"2024-08-13,09:37:10",vv_sr7,#0,نتا رخيس مسمي روحك عليه باش بوت يمحي سبام,mk_diassss#0,
"2024-08-13,09:37:25",jovial_flamingo_95831,#0,تع صح,ak_miro#0,
"2024-08-13,09:37:32",jovial_flamingo_95831,#0,مشي هذا,,
"2024-08-13,09:37:49",mk_diassss,#0,لازم تكون هارب,vv_sr7#0,
"2024-08-13,09:38:14",jovial_flamingo_95831,#0,دخلة ليه في سيبار,,
"2024-08-13,09:38:21",themask0239,#0,<@1183808376375873557> نن,vv_sr7#0,https://cdn.discordapp.com/attachments/1227367017661595708/1272836633309478922/Picsart_24-08-13_09-37-51-140.jpg?ex=672dcdfd&is=672c7c7d&hm=8a7ef0536fd473e5eecdaf403fe445cdeb6d04fd66a7bdfe2b949d2ef3cb429e&
"2024-08-13,09:38:23",__au3x,#0,صباح الخير,,
"2024-08-13,09:38:33",yanabbbb,#0,صباح الشر mother fuck,,
"2024-08-13,09:38:36",mk_diassss,#0,<:cum:1152013788653031434>,themask0239#0,
"2024-08-13,09:38:41",themask0239,#0,صباح نور,__au3x#0,
"2024-08-13,09:38:49",vv_sr7,#0,طيز يماه شي بوت  😂,mk_diassss#0,
"2024-08-13,09:38:51",__au3x,#0,كيراكم,themask0239#0,
"2024-08-13,09:39:02",jovial_flamingo_95831,#0,صباح زك ويسمين,yanabbbb#0,
"2024-08-13,09:39:07",mk_diassss,#0,لباس حمدالله,__au3x#0,
"2024-08-13,09:39:12",themask0239,#0,نن نتا كونديا و أنا إيفروي منتلاقوش,mk_diassss#0,
"2024-08-13,09:39:19",__au3x,#0,الحمد لله,mk_diassss#0,
"2024-08-13,09:39:19",themask0239,#0,حمدلله,__au3x#0,
"2024-08-13,09:39:29",__au3x,#0,حمدلله,themask0239#0,
"2024-08-13,09:39:49",mk_diassss,#0,ملا ندير ديالي,themask0239#0,
"2024-08-13,09:39:55",jovial_flamingo_95831,#0,كاين حليب خير منه,themask0239#0,
"2024-08-13,09:40:05",themask0239,#0,نن لزم إيفروي,mk_diassss#0,
"2024-08-13,09:40:13",vv_sr7,#0,أرواح ل vc,themask0239#0,
"2024-08-13,09:40:20",themask0239,#0,منضنش عمري 🥰,jovial_flamingo_95831#0,
"2024-08-13,09:40:29",mk_diassss,#0,كونديا شغول black dick,themask0239#0,
"2024-08-13,09:40:43",themask0239,#0,هيه,vv_sr7#0,
"2024-08-13,09:40:58",vv_sr7,#0,تقدر ديره في بلاصته,mk_diassss#0,
"2024-08-13,09:41:07",mk_diassss,#0,درك ندير,vv_sr7#0,
"2024-08-13,09:41:16",jovial_flamingo_95831,#0,عمري,themask0239#0,
"2024-08-13,09:41:23",jovial_flamingo_95831,#0,؟؟؟,,
"2024-08-13,09:41:25",themask0239,#0,<@1183808376375873557>  منقدرش نهدر تع دار,vv_sr7#0,
"2024-08-13,09:41:31",themask0239,#0,وي,jovial_flamingo_95831#0,
"2024-08-13,09:41:53",jovial_flamingo_95831,#0,شحال عمرك نتي,themask0239#0,
"2024-08-13,09:41:53",__au3x,#0,هاك مسو 🍆,,
"2024-08-13,09:41:54",themask0239,#0,<@1183808376375873557>  أصبر طراش,vv_sr7#0,
"2024-08-13,09:42:02",themask0239,#0,💀,jovial_flamingo_95831#0,
"2024-08-13,09:42:21",vv_sr7,#0,,,https://cdn.discordapp.com/attachments/1227367017661595708/1272837639720144910/20240813_085720.jpg?ex=672dceed&is=672c7d6d&hm=010ad7dfe46382449fdfced9d1d195e0e2aca2d9168162237eabce418ee6fd88&
"2024-08-13,09:42:42",themask0239,#0,دقيقة,vv_sr7#0,
"2024-08-13,09:42:45",jovial_flamingo_95831,#0,واا جلفه,,
"2024-08-13,09:42:54",jovial_flamingo_95831,#0,<:picardiacrying2:1152016067649081394>,,
"2024-08-13,09:42:59",themask0239,#0,<@1183808376375873557>  مبعد خير ملقيتش كيتمان,vv_sr7#0,
"2024-08-13,09:43:16",jovial_flamingo_95831,#0,عندي كيتمان,themask0239#0,
"2024-08-13,09:43:18",themask0239,#0,❤️,vv_sr7#0,
"2024-08-13,09:43:19",vv_sr7,#0,خليتني حتى خرجت,themask0239#0,
"2024-08-13,09:43:31",vv_sr7,#0,صاحا,themask0239#0,
"2024-08-13,09:43:41",themask0239,#0,المهم عندك تع تشغيل الشباب في قسنطينة ؟,vv_sr7#0,
"2024-08-13,09:44:01",vv_sr7,#0,لا لا,themask0239#0,
"2024-08-13,09:44:22",vv_sr7,#0,,,https://cdn.discordapp.com/attachments/1227367017661595708/1272838146572161024/20240813_085737.jpg?ex=672dcf66&is=672c7de6&hm=48ccb8380dcba41dff90f71da0d50ca355cb1481cac4bf667c5572df5082de6e&
"2024-08-13,09:44:40",themask0239,#0,أي حاجة على قسنطينة ؟,vv_sr7#0,
"2024-08-13,09:45:28",jovial_flamingo_95831,#0,اعبدوها قسنطينة,themask0239#0,
"2024-08-13,09:45:45",themask0239,#0,نن,jovial_flamingo_95831#0,
"2024-08-13,09:46:07",themask0239,#0,"BOOM 
BOOM 
BOOM",,
"2024-08-13,09:46:10",jovial_flamingo_95831,#0,تشربي حليب,themask0239#0,
"2024-08-13,09:46:35",themask0239,#0,"BOOM 
BOOM 
BOOM l want in my room",,
"2024-08-13,09:46:37",vv_sr7,#0,😂,,
"2024-08-13,09:47:16",jovial_flamingo_95831,#0,كاين تمر لي خصو,,
"2024-08-13,09:47:28",jovial_flamingo_95831,#0,و حليب رايب,,
"2024-08-13,09:47:32",vv_sr7,#0,,themask0239#0,https://cdn.discordapp.com/attachments/1227367017661595708/1272838944039501895/VID_94661013_170852_398.mp4?ex=672dd024&is=672c7ea4&hm=4310491ffca249e5d2ad0a5ed10b5b56003a1e87922530adc735bd1cc290a11a&
"2024-08-13,09:47:35",themask0239,#0,ممم,jovial_flamingo_95831#0,
"2024-08-13,09:47:57",jovial_flamingo_95831,#0,علاه عنصريا,ak_miro#0,
"2024-08-13,09:48:13",themask0239,#0,أنا بيض,ak_miro#0,
"2024-08-13,09:48:24",jovial_flamingo_95831,#0,ممممم,themask0239#0,
"2024-08-13,09:48:37",jovial_flamingo_95831,#0,من تحت وردي,,
"2024-08-13,09:48:53",yanabbbb,#0,حكا مازال مسافش هتلر<:emoji_105:1191547895724380263>,ak_miro#0,
"2024-08-13,09:49:00",vv_sr7,#0,,,https://cdn.discordapp.com/attachments/1227367017661595708/1272839312118911009/20240728_172407.jpg?ex=672dd07c&is=672c7efc&hm=5f23b57a6e28ad4f2124f10ee96fbcf066f383cdc7f24704d9041a68ca6418cc&
"2024-08-13,09:49:40",jovial_flamingo_95831,#0,خوتي افرولي معا هذي,,
"2024-08-13,09:50:11",vv_sr7,#0,,,https://cdn.discordapp.com/attachments/1227367017661595708/1272839609260183573/20240727_102636.jpg?ex=672dd0c3&is=672c7f43&hm=bb9e41920d88ae0d50e7b6218e9697a5b7dc93ce244725f111c12b9db8796fed&
"2024-08-13,09:50:18",jovial_flamingo_95831,#0,هذي,themask0239#0,
"2024-08-13,09:51:12",themask0239,#0,جيبلي إيفروي معاك <:emoji_101:1191547625883828325>,ak_miro#0,
"2024-08-13,09:51:28",jovial_flamingo_95831,#0,نشليلك كليوم افروي,,
"2024-08-13,09:51:35",vv_sr7,#0,,ak_miro#0,https://cdn.discordapp.com/attachments/1227367017661595708/1272839961158225982/20240727_151546.jpg?ex=672dd116&is=672c7f96&hm=ca1b973e8639b521068f953460557097206f550cab74d71f878e2de6d5bd0e4d&
"2024-08-13,09:51:54",jovial_flamingo_95831,#0,حبيبنا الف معندوش,ak_miro#0,
"2024-08-13,09:52:35",jovial_flamingo_95831,#0,روح وريلي,,
"2024-08-13,09:52:44",vv_sr7,#0,,,https://cdn.discordapp.com/attachments/1227367017661595708/1272840251223838760/20240728_172055.jpg?ex=672dd15c&is=672c7fdc&hm=80ce229491127e52a07f88e4f026284cc9a7646336222375b0f9d6817cee077f&
"2024-08-13,09:53:05",yanabbbb,#0,وش يوريلك<:emoji_104:1191547769664573450> <:Dead_inside:1150410964659863592>,jovial_flamingo_95831#0,
"2024-08-13,09:53:31",jovial_flamingo_95831,#0,بلا تواسويس,yanabbbb#0,
"2024-08-13,09:53:40",yanabbbb,#0,خلاص,jovial_flamingo_95831#0,
"2024-08-13,09:53:40",vv_sr7,#0,,,https://cdn.discordapp.com/attachments/1227367017661595708/1272840488373977109/20240725_000833.jpg?ex=672dd194&is=672c8014&hm=0ec7a79f241816af6cd01fdc5dc92a46ebae29ad2fd6e0341a7d40b8ca5dd101&
"2024-08-13,09:54:11",jovial_flamingo_95831,#0,وراهي مولات ايفروي,,
"2024-08-13,09:54:25",0z.f,#0,خاوتي لقيت ديدين لابس بيكيني<:Dead_inside:1150410964659863592>,,
"2024-08-13,09:54:49",yanabbbb,#0,راح واحد يديرلها واحد بيبا وترجع,jovial_flamingo_95831#0,
"2024-08-13,09:55:07",vv_sr7,#0,,0z.f#0,https://cdn.discordapp.com/attachments/1227367017661595708/1272840854230405191/20240728_171451.jpg?ex=672dd1eb&is=672c806b&hm=2e98c2db19cbc033d7da70104d14156abb3592e275e2202b73053e91f6888bbe&
"2024-08-13,09:55:24",0z.f,#0,مرفه<:NIGGA_omg:1150394296680329226>,ak_miro#0,
"2024-08-13,09:55:42",0z.f,#0,ابعثولي بريفي نبعثلكم<:Dead_inside:1150410964659863592>,vv_sr7#0,
"2024-08-13,09:55:42",jovial_flamingo_95831,#0,هذا انسان نجح,,
"2024-08-13,09:56:03",yanabbbb,#0,لازم نضربوه بعين,,
"2024-08-13,09:56:25",jovial_flamingo_95831,#0,اعطني شويا,,
"2024-08-13,09:56:32",vv_sr7,#0,,,https://cdn.discordapp.com/attachments/1227367017661595708/1272841210469285933/20240726_194118.jpg?ex=672dd240&is=672c80c0&hm=efcd5c1080f23a42d7f3d3981fa611eb1025ad1b5685c7eedb0b976104a61b92&
"2024-08-13,09:56:37",jovial_flamingo_95831,#0,خصني قارو,,
"2024-08-13,09:56:48",jovial_flamingo_95831,#0,شكون عندو قارو,,
"2024-08-13,09:56:49",0z.f,#0,لوكان تمدهالي ماشي خير ماتبعثها لفينوم<:uncannycat:1152013915954352148>,ak_miro#0,
"2024-08-13,09:57:38",0z.f,#0,اشحلي<:Dead_inside:1150410964659863592>,,
"2024-08-13,09:57:39",jovial_flamingo_95831,#0,اشريلي قاروو,,
"2024-08-13,09:57:43",jovial_flamingo_95831,#0,صباح,,
"2024-08-13,09:58:07",vv_sr7,#0,,,https://cdn.discordapp.com/attachments/1227367017661595708/1272841606399262720/20240730_235744.jpg?ex=672dd29f&is=672c811f&hm=317f0528ea31e040afd28f7386daa7803ca5f85de82cdd272be6b959edd43202&
"2024-08-13,09:58:25",0z.f,#0,يمشو؟,,
"2024-08-13,09:58:32",0z.f,#0,نروح نبيعهم انا<:Dead_inside:1150410964659863592>,,
"2024-08-13,09:58:39",0z.f,#0,500الف للواحد,,
"2024-08-13,09:58:50",jovial_flamingo_95831,#0,خوتي اسمعني دقيقه,,
"2024-08-13,09:58:52",jovial_flamingo_95831,#0,برك,,
"2024-08-13,09:59:24",jovial_flamingo_95831,#0,خوتي اسمعني دقيقه,,
"2024-08-13,10:00:26",jovial_flamingo_95831,#0,جيبلي مولات ايفروي ربي يسهل,,
"2024-08-13,10:00:49",0z.f,#0,هذيك قولها لي راح نبيعلو ماشي ليا<:Dead_inside:1150410964659863592>,ak_miro#0,
"2024-08-13,10:00:49",jovial_flamingo_95831,#0,راني شرتلها ايفروي,,
"2024-08-13,10:01:14",jovial_flamingo_95831,#0,هاهي جات,,
"2024-08-13,10:01:17",themask0239,#0,<@1158860326289297458> أااا جبتو خلاصت,ak_miro#0,
"2024-08-13,10:01:56",jovial_flamingo_95831,#0,اعطينا انستا,themask0239#0,
"2024-08-13,10:02:16",themask0239,#0,<:ccpshook81:1150419222007136348>,jovial_flamingo_95831#0,
"2024-08-13,10:02:20",themask0239,#0,نن,,
"2024-08-13,10:02:23",0z.f,#0,فكرني كيفاه نجيب رتبة ميمر<:emoji_47:1151909990727163954>,themask0239#0,
"2024-08-13,10:02:31",jovial_flamingo_95831,#0,حاب نبعتلك فيديو وحد يشرب ايفروي,,
"2024-08-13,10:02:39",themask0239,#0,فتح تيكت أطلب رتبة,0z.f#0,
"2024-08-13,10:02:56",jovial_flamingo_95831,#0,علاهه,themask0239#0,
"2024-08-13,10:03:02",vv_sr7,#0,خاصني فيزا خدامة,ak_miro#0,
"2024-08-13,10:03:23",vv_sr7,#0,شحال,,
"2024-08-13,10:03:40",vv_sr7,#0,بدراهمنا,,
"2024-08-13,10:03:59",vv_sr7,#0,لا غي باش نفعل,,
"2024-08-13,10:03:59",0z.f,#0,معنديش كريديت فهذا الكونت+شقوى نشعل البيسي على جال باه نشري رتبة باه نبعث ديدين بالبيكيني<:Dead_inside:1150410964659863592>,themask0239#0,
"2024-08-13,10:04:12",jovial_flamingo_95831,#0,ز بي,,
"2024-08-13,10:04:29",jovial_flamingo_95831,#0,نكتلي راسي بي ديدين,,
"2024-08-13,10:04:47",vv_sr7,#0,باغي غي نفعل نيترو,ak_miro#0,
"2024-08-13,10:05:13",0z.f,#0,بالبيكيني<:Dead_inside:1150410964659863592>,jovial_flamingo_95831#0,
"2024-08-13,10:05:16",vv_sr7,#0,دبرلي منعرفش,ak_miro#0,
"2024-08-13,10:05:22",vv_sr7,#0,والله,,
"2024-08-13,10:05:24",0z.f,#0,كحكح,vv_sr7#0,
"2024-08-13,10:05:52",chjra123,#0,الحليب,,
"2024-08-13,10:06:04",vv_sr7,#0,جاكم,chjra123#0,
"2024-08-13,10:06:08",jovial_flamingo_95831,#0,ز بي خلاص,0z.f#0,
"2024-08-13,10:06:12",chjra123,#0,<@1191354977193570356> رجعلنا الهوملاندر,themask0239#0,
"2024-08-13,10:06:41",chjra123,#0,خسارة,ak_miro#0,
"2024-08-13,10:06:41",0z.f,#0,خلاص راني بعتلك ديدين بالبيكيني في بريفي<:juan:1150418197581922344>,jovial_flamingo_95831#0,
"2024-08-13,10:06:44",vv_sr7,#0,<@1158860326289297458> رواح بريفي,ak_miro#0,
"2024-08-13,10:07:46",jovial_flamingo_95831,#0,تمت مشاهد,0z.f#0,
"2024-08-13,10:07:54",jovial_flamingo_95831,#0,بي نجاخ,,
"2024-08-13,10:07:58",0z.f,#0,<@1191354977193570356> مددلي رتبة ميمر وراك تسالي<:juan:1150418197581922344>,themask0239#0,
"2024-08-13,10:08:34",demon_slayer_tanjiro_kamado,#0,سلام,,
"2024-08-13,10:08:40",demon_slayer_tanjiro_kamado,#0,يدكم فيه,,
"2024-08-13,10:08:47",demon_slayer_tanjiro_kamado,#0,<:cum:1152013788653031434>,,
"2024-08-13,10:08:48",0z.f,#0,بقى غير الاملاء لي ما تم بنجاح<:Dead_inside:1150410964659863592>,jovial_flamingo_95831#0,
"2024-08-13,10:08:51",demon_slayer_tanjiro_kamado,#0,<:cum:1152013788653031434>,,
"2024-08-13,10:09:00",jovial_flamingo_95831,#0,وين راكي رايح انسه,demon_slayer_tanjiro_kamado#0,
"2024-08-13,10:09:03",themask0239,#0,نن خطني شوف جوردي 🥰,0z.f#0,
"2024-08-13,10:09:15",rayer43,#0,سلام,,
"2024-08-13,10:09:16",0z.f,#0,روح جيب 3 نمدلك واحد كبير,demon_slayer_tanjiro_kamado#0,
"2024-08-13,10:09:27",demon_slayer_tanjiro_kamado,#0,سلام مراهق,rayer43#0,
"2024-08-13,10:09:34",rayer43,#0,واش راك,demon_slayer_tanjiro_kamado#0,
"2024-08-13,10:09:58",0z.f,#0,جوردي نكرهو كثر من مجيد وليد الحومة<:Dead_inside:1150410964659863592>,themask0239#0,
"2024-08-13,10:10:02",demon_slayer_tanjiro_kamado,#0,اليامس بنيطت,rayer43#0,
"2024-08-13,10:10:11",demon_slayer_tanjiro_kamado,#0,💪,,
"2024-08-13,10:10:12",rayer43,#0,نتا؟,demon_slayer_tanjiro_kamado#0,
"2024-08-13,10:10:19",demon_slayer_tanjiro_kamado,#0,ايه,rayer43#0,
"2024-08-13,10:10:27",rayer43,#0,يودي دبر راسك,demon_slayer_tanjiro_kamado#0,
"2024-08-13,10:10:34",demon_slayer_tanjiro_kamado,#0,صحا,rayer43#0,
"2024-08-13,10:10:40",demon_slayer_tanjiro_kamado,#0,💪,,
"2024-08-13,10:10:45",0z.f,#0,تخدم كلش؟,rayer43#0,
"2024-08-13,10:10:45",themask0239,#0,ممم,0z.f#0,
"2024-08-13,10:10:49",jovial_flamingo_95831,#0,ز بي نتوما,,
"2024-08-13,10:10:54",rayer43,#0,بصح راك عارف بلي التبنييط ينقص هرمون التستستيرون عندك,demon_slayer_tanjiro_kamado#0,
"2024-08-13,10:10:57",jovial_flamingo_95831,#0,وراه امين,,
"2024-08-13,10:10:58",themask0239,#0,نن عذبتو,chjra123#0,
"2024-08-13,10:11:10",demon_slayer_tanjiro_kamado,#0,هرمون تاعمن ؟,rayer43#0,
"2024-08-13,10:11:19",jovial_flamingo_95831,#0,حمرتيه,demon_slayer_tanjiro_kamado#0,
"2024-08-13,10:11:23",rayer43,#0,التستستيرون ( هرمون الرجولة),demon_slayer_tanjiro_kamado#0,
"2024-08-13,10:11:26",chjra123,#0,رجعلنا القناع,themask0239#0,
"2024-08-13,10:11:36",themask0239,#0,ك,chjra123#0,
"2024-08-13,10:11:43",demon_slayer_tanjiro_kamado,#0,ما علابايش,rayer43#0,
"2024-08-13,10:11:51",rayer43,#0,عاود ثاني شربت حليب افروي ؟,themask0239#0,
"2024-08-13,10:11:53",0z.f,#0,#رجعو_جوني<:Dead_inside:1150410964659863592>,,
"2024-08-13,10:12:10",rayer43,#0,<@622122775125032960>,jwnsynmtnn.#0、0z.f#0,
"2024-08-13,10:12:13",themask0239,#0,<@1081296261182935040> 3 قرع خطرة وحدة,rayer43#0,https://cdn.discordapp.com/attachments/1227367017661595708/1272845156458037339/Picsart_24-08-13_09-37-51-140.jpg?ex=672dd5ed&is=672c846d&hm=8a4833b10113fd345ab7362ed1abb562f4515807751395b436390ab5f29df800&
"2024-08-13,10:12:24",rayer43,#0,<:uncannycat:1152013915954352148>,themask0239#0,
"2024-08-13,10:12:40",rayer43,#0,نحفظها عندي التصويرة,,
"2024-08-13,10:12:40",0z.f,#0,ماشي هذا<:Dead_inside:1150410964659863592>,rayer43#0,
"2024-08-13,10:12:43",jovial_flamingo_95831,#0,اروحي نشبع ايفروي,themask0239#0,
"2024-08-13,10:12:58",themask0239,#0,نن نخاف منك,jovial_flamingo_95831#0,
"2024-08-13,10:12:59",rayer43,#0,يا لغبي راهي طفل,jovial_flamingo_95831#0,
"2024-08-13,10:13:04",rayer43,#0,مشي طفلة,,
"2024-08-13,10:13:24",jovial_flamingo_95831,#0,حلال ايفروي,themask0239#0,
"2024-08-13,10:13:38",themask0239,#0,ممم دك نخمم,jovial_flamingo_95831#0,
"2024-08-13,10:13:41",yanabbbb,#0,Gay حليب افروي,,
"2024-08-13,10:13:53",themask0239,#0,نن,yanabbbb#0,
"2024-08-13,10:13:56",rayer43,#0,<:uncannycat:1152013915954352148>,themask0239#0,
"2024-08-13,10:14:00",rayer43,#0,متخممش,,
"2024-08-13,10:14:01",themask0239,#0,<@1081296261182935040>,rayer43#0,https://cdn.discordapp.com/attachments/1227367017661595708/1272845610621341736/00f012a0a8d4c683c4c43ea445bd0f33.jpg?ex=672dd659&is=672c84d9&hm=d522d5ef49dfdce1a158889f879f80bd6709b0863968797a83b56beb87050e6f&
"2024-08-13,10:14:04",rayer43,#0,قول والو,,
"2024-08-13,10:14:05",demon_slayer_tanjiro_kamado,#0,بزاف ز ب وبا,themask0239#0,
"2024-08-13,10:14:10",demon_slayer_tanjiro_kamado,#0,<:gigachad:1150419236989186078>,,
"2024-08-13,10:14:12",yanabbbb,#0,ابعت تصويرة تاعك,themask0239#0,
"2024-08-13,10:14:18",themask0239,#0,لاقرع,demon_slayer_tanjiro_kamado#0,
"2024-08-13,10:14:22",rayer43,#0,What the sigma?,themask0239#0,
"2024-08-13,10:14:26",jovial_flamingo_95831,#0,لكبده تحوس علا ايفروي,yanabbbb#0,
"2024-08-13,10:14:27",themask0239,#0,نن نحشم,yanabbbb#0,
"2024-08-13,10:14:27",0z.f,#0,<@1081296261182935040> تخدم كلش؟,rayer43#0,
"2024-08-13,10:14:33",rayer43,#0,والو,0z.f#0,
"2024-08-13,10:14:36",themask0239,#0,,rayer43#0,https://cdn.discordapp.com/attachments/1227367017661595708/1272845755572551751/c73a12db7e12dea0e0d2e70cff4f8235.jpg?ex=672dd67c&is=672c84fc&hm=9a2934b2e84e80b1545d106d7ceef3ad057fdb3915341eb343b4d2f8b9fada52&
"2024-08-13,10:14:41",0z.f,#0,بصح تعرف تمس؟,rayer43#0,
"2024-08-13,10:14:44",0z.f,#0,مسهولي,,
"2024-08-13,10:14:47",0z.f,#0,<:Dead_inside:1150410964659863592>,,
"2024-08-13,10:14:47",rayer43,#0,يودي قا مخ,themask0239#0,
"2024-08-13,10:14:54",demon_slayer_tanjiro_kamado,#0,راهي تمص فيه<:cum:1152013788653031434>,themask0239#0,
"2024-08-13,10:14:55",rayer43,#0,نن,0z.f#0,
"2024-08-13,10:14:57",demon_slayer_tanjiro_kamado,#0,<:cum:1152013788653031434>,,
"2024-08-13,10:15:01",themask0239,#0,تسريب خريطة جتي 6 <@1081296261182935040>,rayer43#0,https://cdn.discordapp.com/attachments/1227367017661595708/1272845862116135004/7e2864ddb46da8448faf81ff212d4f95.jpg?ex=672dd695&is=672c8515&hm=15fae378a928f499a8a1156f420933db62425307d16bfd786c32cbaf60bba5a5&
"2024-08-13,10:15:07",themask0239,#0,نن,demon_slayer_tanjiro_kamado#0,
"2024-08-13,10:15:10",rayer43,#0,<:juan:1150418197581922344>,themask0239#0,
"2024-08-13,10:15:18",rayer43,#0,أيا اتهلاو,,
"2024-08-13,10:15:23",rayer43,#0,نروح نفطر,,
"2024-08-13,10:15:24",demon_slayer_tanjiro_kamado,#0,خريطة كي النمي,themask0239#0,
"2024-08-13,10:15:29",themask0239,#0,مبعد,,
"2024-08-13,10:15:46",0z.f,#0,انا تلقاوني في الطرف لوخر من الخريطة<:Dead_inside:1150410964659863592>,themask0239#0,
"2024-08-13,10:15:51",jovial_flamingo_95831,#0,ايفروي تعك,themask0239#0,
"2024-08-13,10:16:25",demon_slayer_tanjiro_kamado,#0,"ايا نتلاقاو في ز ,ب الخريطة",0z.f#0,
"2024-08-13,10:16:31",themask0239,#0,شت نشرب في حليب,,
"2024-08-13,10:16:55",0z.f,#0,باه نديرلك واحد<:NIGGA_omg:1150394296680329226>,demon_slayer_tanjiro_kamado#0,
"2024-08-13,10:16:59",jovial_flamingo_95831,#0,تحبي ايفروي بزاف,themask0239#0,
"2024-08-13,10:18:22",jovial_flamingo_95831,#0,وتساب,,
"2024-08-13,10:18:45",jovial_flamingo_95831,#0,كيفاه درك معك نتا,ak_miro#0,
"2024-08-13,10:19:09",demon_slayer_tanjiro_kamado,#0,لا باش نبيعو تع الخريطة لخطش هو طويل و كبير يكون يجيبلك هاك 80 مليار💵 💵 💵 💵 💵,0z.f#0,
"2024-08-13,10:19:11",jovial_flamingo_95831,#0,شوفلي مولات ايفروي,,
"2024-08-13,10:19:12",demon_slayer_tanjiro_kamado,#0,💵,,
"2024-08-13,10:19:50",demon_slayer_tanjiro_kamado,#0,هو مشي جاي هو راجل,ak_miro#0,
"2024-08-13,10:19:52",0z.f,#0,ثقبتلي راسي بالفكرة الغبية تاعك<:Dead_inside:1150410964659863592>,demon_slayer_tanjiro_kamado#0,
"2024-08-13,10:19:53",demon_slayer_tanjiro_kamado,#0,<:gigachad:1150419236989186078>,,
"2024-08-13,10:19:59",0z.f,#0,علاه مانبيعوش لقلاوي<:Dead_inside:1150410964659863592>,,
"2024-08-13,10:20:21",demon_slayer_tanjiro_kamado,#0,لقلاوي تع المدينة لي نسككن فيها قاع بعتهم,0z.f#0,
"2024-08-13,10:20:24",demon_slayer_tanjiro_kamado,#0,<:gigachad:1150419236989186078>,,
"2024-08-13,10:20:27",demon_slayer_tanjiro_kamado,#0,<:Dead_inside:1150410964659863592>,,
"2024-08-13,10:20:40",0z.f,#0,على جال سليب بن تن صح؟,demon_slayer_tanjiro_kamado#0,
"2024-08-13,10:20:42",jovial_flamingo_95831,#0,ربي يسهل,ak_miro#0,
"2024-08-13,10:21:28",demon_slayer_tanjiro_kamado,#0,انا و <@1081296261182935040>  خوننالهم كلش انا كنت نخون في الطوطات و هو في القلاوي,rayer43#0、0z.f#0,
"2024-08-13,10:22:02",raku_9,#0,<:NIGGA_omg:1150394296680329226>,,
"2024-08-13,10:22:08",0z.f,#0,عندي لي خيرمنها,ak_miro#0,
"2024-08-13,10:22:32",0z.f,#0,وكابريها<:Dead_inside:1150410964659863592>,ak_miro#0,
"2024-08-13,10:22:36",demon_slayer_tanjiro_kamado,#0,انا عندي تاعي <:fbiSpong:1150411393087045682>,0z.f#0,
"2024-08-13,10:22:42",demon_slayer_tanjiro_kamado,#0,<:fbiSpong:1150411393087045682>,,
"2024-08-13,10:23:03",jovial_flamingo_95831,#0,ز بي,,
"2024-08-13,10:23:09",jovial_flamingo_95831,#0,كرهت,,
"2024-08-13,10:23:10",demon_slayer_tanjiro_kamado,#0,نتا تاني ما تقولهمش بلي نكتلك ختك,ak_miro#0,
"2024-08-13,10:23:21",0z.f,#0,تناك<:emoji_47:1151909990727163954>,jovial_flamingo_95831#0,
"2024-08-13,10:23:47",demon_slayer_tanjiro_kamado,#0,ما نيش عليك راني على لبنادم لي في التصويرة,ak_miro#0,
"2024-08-13,10:23:49",jovial_flamingo_95831,#0,متحبوش راجل,0z.f#0,
"2024-08-13,10:24:09",0z.f,#0,تناك<:emoji_47:1151909990727163954>,jovial_flamingo_95831#0,
"2024-08-13,10:24:33",jovial_flamingo_95831,#0,كرهت خصني مدامه,0z.f#0,
"2024-08-13,10:24:40",0z.f,#0,تناك<:juan:1150418197581922344>,jovial_flamingo_95831#0,
"2024-08-13,10:25:03",jovial_flamingo_95831,#0,ز بي شوفو مدامه,0z.f#0,
"2024-08-13,10:25:58",0z.f,#0,معنديش,jovial_flamingo_95831#0,
"2024-08-13,10:26:13",jovial_flamingo_95831,#0,bhle.9 ابعتلي انستغرام,0z.f#0,
"2024-08-13,10:26:16",0z.f,#0,عندي وحدة حبست مع صاحبي وجات ليا صورتهولها بلوكاتني<:Dead_inside:1150410964659863592>,,
"2024-08-13,10:26:34",0z.f,#0,خبيط موني كاش<:Dead_inside:1150410964659863592>,ak_miro#0,
"2024-08-13,10:26:52",jovial_flamingo_95831,#0,ابعتلي,ak_miro#0,
"2024-08-13,10:26:57",jovial_flamingo_95831,#0,اي طفل,,
"2024-08-13,10:27:09",0z.f,#0,<:uncannycat:1152013915954352148>,jovial_flamingo_95831#0,
"2024-08-13,10:27:16",0z.f,#0,كيفاه تحبها؟,,
"2024-08-13,10:27:29",0z.f,#0,سمينة كبيرة صغير عريضة رقيقة,,
"2024-08-13,10:27:30",demon_slayer_tanjiro_kamado,#0,جماعة راني نعمر في لهنتاي,,
"2024-08-13,10:27:36",demon_slayer_tanjiro_kamado,#0,<:gigachad:1150419236989186078>,,
"2024-08-13,10:27:42",demon_slayer_tanjiro_kamado,#0,💀,,
"2024-08-13,10:27:49",0z.f,#0,ماعنديش اينيتي<:Dead_inside:1150410964659863592>,ak_miro#0,
"2024-08-13,10:27:53",jovial_flamingo_95831,#0,طويل بيض كحل خمري قصير بلوندا رقيقا عريض مهم طفله نحو رقيقا,,
"2024-08-13,10:28:02",0z.f,#0,ابعثلي شوية<:Dead_inside:1150410964659863592>,demon_slayer_tanjiro_kamado#0,
"2024-08-13,10:28:22",demon_slayer_tanjiro_kamado,#0,ادخل بريفي,0z.f#0,
"2024-08-13,10:28:25",demon_slayer_tanjiro_kamado,#0,<:gigachad:1150419236989186078>,,
"2024-08-13,10:28:27",0z.f,#0,تحب واحد كحل,jovial_flamingo_95831#0,
"2024-08-13,10:28:33",0z.f,#0,قولي,,
"2024-08-13,10:28:34",0z.f,#0,راني هنا,,
"2024-08-13,10:28:38",0z.f,#0,كحل وكبير<:Dead_inside:1150410964659863592>,,
"2024-08-13,10:28:42",demon_slayer_tanjiro_kamado,#0,انا تاني راني هنا,,
"2024-08-13,10:28:50",demon_slayer_tanjiro_kamado,#0,بيض و كبير,,
"2024-08-13,10:28:55",demon_slayer_tanjiro_kamado,#0,<:Dead_inside:1150410964659863592>,,
"2024-08-13,10:28:59",jovial_flamingo_95831,#0,علاه نتا طفلاه,,
"2024-08-13,10:29:13",0z.f,#0,انا نتبع دراري<:Dead_inside:1150410964659863592>,jovial_flamingo_95831#0,
"2024-08-13,10:29:21",0z.f,#0,نشوفلك وحدة زلة؟,,
"2024-08-13,10:29:47",0z.f,#0,كحبة<:Dead_inside:1150410964659863592>,ak_miro#0,
"2024-08-13,10:30:01",jovial_flamingo_95831,#0,0662164503,,
"2024-08-13,10:30:02",0z.f,#0,معنديش اينيتي,ak_miro#0,
"2024-08-13,10:30:10",0z.f,#0,كملتهوملي ولاء<:gigachad:1150419236989186078>,,
"2024-08-13,10:30:43",0z.f,#0,راح يعيطيلها منيتو,jovial_flamingo_95831#0,
"2024-08-13,10:30:49",0z.f,#0,ضرك يخرجلو <@1158860326289297458>,ak_miro#0,
"2024-08-13,10:31:08",demon_slayer_tanjiro_kamado,#0,<@870217361733591050> ادخل بريفي,0z.f#0,
"2024-08-13,10:31:09",demon_slayer_tanjiro_kamado,#0,بريفي,,
"2024-08-13,10:31:44",0z.f,#0,تبعثهولي نصورلك واحد كحلوش كبير مغمس في الصابون<:Dead_inside:1150410964659863592>,demon_slayer_tanjiro_kamado#0,
"2024-08-13,10:31:44",demon_slayer_tanjiro_kamado,#0,كون جات عندي الامكانية باش نرسل تصاور مخك يطير وش عندي تصاور,ak_miro#0,
"2024-08-13,10:31:59",demon_slayer_tanjiro_kamado,#0,لا لا نعطيك هدية,0z.f#0,
"2024-08-13,10:32:08",0z.f,#0,روح برك<:Dead_inside:1150410964659863592>,demon_slayer_tanjiro_kamado#0,
"2024-08-13,10:32:10",demon_slayer_tanjiro_kamado,#0,كي شغل شاه,ak_miro#0,
"2024-08-13,10:32:23",demon_slayer_tanjiro_kamado,#0,بغيت ندخلك للسيرفر تاعي تع لهنتاي,0z.f#0,
"2024-08-13,10:32:24",0z.f,#0,<@1272816182873030730> راح يعيطلها,jovial_flamingo_95831#0,
"2024-08-13,10:32:47",0z.f,#0,نعرفو,demon_slayer_tanjiro_kamado#0,
"2024-08-13,10:32:48",rayer43,#0,راني رجعت,,
"2024-08-13,10:32:53",demon_slayer_tanjiro_kamado,#0,وي,rayer43#0,
"2024-08-13,10:33:00",demon_slayer_tanjiro_kamado,#0,يدك فيه,rayer43#0,
"2024-08-13,10:33:20",rayer43,#0,يدك فيه,demon_slayer_tanjiro_kamado#0,
"2024-08-13,10:33:25",0z.f,#0,بعثهولك جوني ياك,demon_slayer_tanjiro_kamado#0,
"2024-08-13,10:33:32",jovial_flamingo_95831,#0,ز بي رحت تكيف,0z.f#0,
"2024-08-13,10:33:39",jovial_flamingo_95831,#0,ت,,
"2024-08-13,10:33:48",0z.f,#0,خلاص فهمنا بلي نتا مقود تتكيف<:Dead_inside:1150410964659863592>,jovial_flamingo_95831#0,
"2024-08-13,10:33:53",demon_slayer_tanjiro_kamado,#0,جماعة عندكم كاش لعبة كيما MiSide @everyone,,
"2024-08-13,10:33:57",0z.f,#0,نشوفلك وحدة زلة؟,,
"2024-08-13,10:34:18",jovial_flamingo_95831,#0,راك تمني ك بيا,0z.f#0,
"2024-08-13,10:34:31",0z.f,#0,لا راني سيريو والله,jovial_flamingo_95831#0,
"2024-08-13,10:34:32",0z.f,#0,نشوفلك,,
"2024-08-13,10:34:41",jovial_flamingo_95831,#0,روح,,
"2024-08-13,10:34:44",0z.f,#0,الph يمشي بلا vpn في تونس,demon_slayer_tanjiro_kamado#0,
"2024-08-13,10:34:59",demon_slayer_tanjiro_kamado,#0,؟؟؟؟؟؟,0z.f#0,
"2024-08-13,10:34:59",0z.f,#0,بصح تمدلي حتك<:Ee:1152015886773923850>,jovial_flamingo_95831#0,
"2024-08-13,10:35:10",0z.f,#0,البرتقالة<:Dead_inside:1150410964659863592>,demon_slayer_tanjiro_kamado#0,
"2024-08-13,10:35:13",jovial_flamingo_95831,#0,معندبش,0z.f#0,
"2024-08-13,10:35:18",demon_slayer_tanjiro_kamado,#0,؟؟؟؟؟؟؟,0z.f#0,
"2024-08-13,10:35:18",0z.f,#0,بنت خالك,jovial_flamingo_95831#0,
"2024-08-13,10:35:39",jovial_flamingo_95831,#0,ايه نورمال,0z.f#0,
"2024-08-13,10:35:41",0z.f,#0,ماتعرفش porn hub<:Dead_inside:1150410964659863592> ؟,demon_slayer_tanjiro_kamado#0,
"2024-08-13,10:36:09",0z.f,#0,خرجت معايا سمانة لي فاتت وطاحلها تيليفون تكسرلها😂,jovial_flamingo_95831#0,
"2024-08-13,10:36:28",demon_slayer_tanjiro_kamado,#0,تعرفو و نعرف xnxx and iporn and pornhamster and xvidios and josporn,0z.f#0,
"2024-08-13,10:36:32",demon_slayer_tanjiro_kamado,#0,<:gigachad:1150419236989186078>,,
"2024-08-13,10:36:41",demon_slayer_tanjiro_kamado,#0,<:gigachad:1150419236989186078> <:gigachad:1150419236989186078> <:gigachad:1150419236989186078>,,
"2024-08-13,10:36:51",0z.f,#0,كامل نعرفهم<:Dead_inside:1150410964659863592>,demon_slayer_tanjiro_kamado#0,
"2024-08-13,10:37:00",jovial_flamingo_95831,#0,انا,ak_miro#0,
"2024-08-13,10:37:02",demon_slayer_tanjiro_kamado,#0,4,ak_miro#0,
"2024-08-13,10:37:09",0z.f,#0,صلاة الجنازة شحال فيها من ركعة<:Dead_inside:1150410964659863592>,ak_miro#0,
"2024-08-13,10:37:22",jovial_flamingo_95831,#0,2,0z.f#0,
"2024-08-13,10:37:30",demon_slayer_tanjiro_kamado,#0,اانا نكرهه بصح غي نعرفه انا نموت على لهنتاي,ak_miro#0,
"2024-08-13,10:37:40",0z.f,#0,جامي قلتها بصح والله عندك الحق<:juan:1150418197581922344>,ak_miro#0,
"2024-08-13,10:37:54",0z.f,#0,كاينة منها<:emoji_47:1151909990727163954>,jovial_flamingo_95831#0,
"2024-08-13,10:38:20",0z.f,#0,شعل vpn  واكتب في غوغل porn hub<:KEKYou:1150418200027201566>,,
"2024-08-13,10:38:38",jovial_flamingo_95831,#0,وشمن بلاد,0z.f#0,
"2024-08-13,10:39:36",demon_slayer_tanjiro_kamado,#0,جماعة انا بورن  هوب ما حبش يدخلني راني بالبيسي وش ندير ؟,,
"2024-08-13,10:39:46",mk_diassss,#0,|<:Yes_Honey:1150411382869729290>,demon_slayer_tanjiro_kamado#0,
"2024-08-13,10:39:55",0z.f,#0,ولا نقلك غير ريح,jovial_flamingo_95831#0,
"2024-08-13,10:40:00",mk_diassss,#0,ادخل  ب |opera gx,demon_slayer_tanjiro_kamado#0,
"2024-08-13,10:40:00",0z.f,#0,ندي سيئات<:Dead_inside:1150410964659863592>,,
"2024-08-13,10:40:07",jovial_flamingo_95831,#0,قول برك,,
"2024-08-13,10:40:14",demon_slayer_tanjiro_kamado,#0,هادا كيما جوجل ؟,mk_diassss#0,
"2024-08-13,10:40:26",mk_diassss,#0,متصفح,demon_slayer_tanjiro_kamado#0,
"2024-08-13,10:40:38",mk_diassss,#0,خير منو,demon_slayer_tanjiro_kamado#0,
"2024-08-13,10:41:15",demon_slayer_tanjiro_kamado,#0,جماعة صاحبي راه في السيرفر الهنتاي تاعي قالي بلي تلاقيت شوابين ي ن ي كو في مدامة,,
"2024-08-13,10:41:20",demon_slayer_tanjiro_kamado,#0,<:gigachad:1150419236989186078>,,
"2024-08-13,10:41:24",demon_slayer_tanjiro_kamado,#0,<:Dead_inside:1150410964659863592>,,
"2024-08-13,10:41:27",demon_slayer_tanjiro_kamado,#0,<:therockreaction5:1152013878641819768>,,
"2024-08-13,10:41:33",demon_slayer_tanjiro_kamado,#0,و قلتلو صورلي,,
"2024-08-13,10:41:37",demon_slayer_tanjiro_kamado,#0,<:Ee:1152015886773923850>,,
"2024-08-13,10:42:41",rayer43,#0,راني رجعت,,
"2024-08-13,10:42:57",rayer43,#0,واو,demon_slayer_tanjiro_kamado#0,
"2024-08-13,10:43:17",demon_slayer_tanjiro_kamado,#0,راني نعمر في opera,,
"2024-08-13,10:43:24",rayer43,#0,علاه,,
"2024-08-13,10:44:24",mk_diassss,#0,حب يتفرج فporn hub,rayer43#0,
"2024-08-13,10:44:43",jovial_flamingo_95831,#0,تفتحلي,,
"2024-08-13,10:44:46",rayer43,#0,<:uncannycat:1152013915954352148>,mk_diassss#0,
"2024-08-13,10:44:52",rayer43,#0,قلو غير يحبس,,
"2024-08-13,10:45:10",mk_diassss,#0,حب يدرب طلة,rayer43#0,
"2024-08-13,10:45:22",rayer43,#0,<:Dead_inside:1150410964659863592>,mk_diassss#0,
"2024-08-13,10:45:43",rayer43,#0,يودي انا حابو يحبس تبنيط نتا ترجعو؟,,
"2024-08-13,10:46:04",mk_diassss,#0,راح تولي طلات<:Dead_inside:1150410964659863592>,,
"2024-08-13,10:46:45",demon_slayer_tanjiro_kamado,#0,شكون خصو صورة تع مرا ين ي ك وها 7 شوابيين,,
"2024-08-13,10:46:52",demon_slayer_tanjiro_kamado,#0,<:gigachad:1150419236989186078>,,
"2024-08-13,10:46:53",rayer43,#0,<:uncannycat:1152013915954352148>,demon_slayer_tanjiro_kamado#0,
"2024-08-13,10:46:55",demon_slayer_tanjiro_kamado,#0,<:gigachad:1150419236989186078> <:gigachad:1150419236989186078> <:gigachad:1150419236989186078> <:gigachad:1150419236989186078> <:gigachad:1150419236989186078> <:gigachad:1150419236989186078>,,
"2024-08-13,10:46:56",rayer43,#0,ياخو,,
"2024-08-13,10:47:01",rayer43,#0,غير حبس تبنيط,,
"2024-08-13,10:47:17",demon_slayer_tanjiro_kamado,#0,لا لا انا ما نبنيطش على البورن,rayer43#0,
"2024-08-13,10:47:25",demon_slayer_tanjiro_kamado,#0,انا نبنيط على لهنتاي,rayer43#0,
"2024-08-13,10:47:28",demon_slayer_tanjiro_kamado,#0,💪,,
"2024-08-13,10:47:31",demon_slayer_tanjiro_kamado,#0,<:gigachad:1150419236989186078> <:gigachad:1150419236989186078> <:gigachad:1150419236989186078> <:gigachad:1150419236989186078> <:gigachad:1150419236989186078> <:gigachad:1150419236989186078>,,
"2024-08-13,10:47:34",rayer43,#0,يودي كلي فرقت,demon_slayer_tanjiro_kamado#0,
"2024-08-13,10:47:44",mk_diassss,#0,<:Yes_Honey:1150411382869729290>,demon_slayer_tanjiro_kamado#0,
"2024-08-13,10:47:47",rayer43,#0,و زيد راك تبنيط على رسمة,,
"2024-08-13,10:47:59",demon_slayer_tanjiro_kamado,#0,واه وش فيها,rayer43#0,
"2024-08-13,10:48:12",demon_slayer_tanjiro_kamado,#0,رسمة بصح ما تعيفش مشي كيما لبورن,rayer43#0,
"2024-08-13,10:48:22",rayer43,#0,يا غبي التبنيط كومبلي غالط,,
"2024-08-13,10:48:41",demon_slayer_tanjiro_kamado,#0,علاه,rayer43#0,
"2024-08-13,10:48:41",mk_diassss,#0,تولي هكا<:Yes_Honey:1150411382869729290>,demon_slayer_tanjiro_kamado#0,
"2024-08-13,10:49:00",demon_slayer_tanjiro_kamado,#0,لا لا نولي هكا <:gigachad:1150419236989186078> <:gigachad:1150419236989186078> <:gigachad:1150419236989186078> <:gigachad:1150419236989186078> <:gigachad:1150419236989186078> <:gigachad:1150419236989186078>,mk_diassss#0,
"2024-08-13,10:49:01",demon_slayer_tanjiro_kamado,#0,<:gigachad:1150419236989186078> <:gigachad:1150419236989186078> <:gigachad:1150419236989186078> <:gigachad:1150419236989186078> <:gigachad:1150419236989186078>,,
"2024-08-13,10:49:07",demon_slayer_tanjiro_kamado,#0,<:gigachad:1150419236989186078> <:gigachad:1150419236989186078> <:gigachad:1150419236989186078> <:gigachad:1150419236989186078> <:gigachad:1150419236989186078>,,
"2024-08-13,10:49:09",demon_slayer_tanjiro_kamado,#0,<:gigachad:1150419236989186078> <:gigachad:1150419236989186078> <:gigachad:1150419236989186078> <:gigachad:1150419236989186078> <:gigachad:1150419236989186078>,,
"2024-08-13,10:49:11",demon_slayer_tanjiro_kamado,#0,<:gigachad:1150419236989186078> <:gigachad:1150419236989186078> <:gigachad:1150419236989186078> <:gigachad:1150419236989186078> <:gigachad:1150419236989186078>,,
"2024-08-13,10:49:24",rayer43,#0,يولي غير بنادم متقلق,mk_diassss#0,
"2024-08-13,10:49:28",mk_diassss,#0,<:Yes_Honey:1150411382869729290>,,
"2024-08-13,10:49:30",rayer43,#0,ضرك تشوفو,,
"2024-08-13,10:49:54",demon_slayer_tanjiro_kamado,#0,جماعة رح نسيي نحبس تبنييط,,
"2024-08-13,10:50:00",demon_slayer_tanjiro_kamado,#0,بصح غي ليوم,,
"2024-08-13,10:50:03",demon_slayer_tanjiro_kamado,#0,واحد,,
"2024-08-13,10:50:18",mk_diassss,#0,<:Yes_Honey:1150411382869729290> هكدا درت والو,demon_slayer_tanjiro_kamado#0,
"2024-08-13,10:50:48",rayer43,#0,يا لحمار,demon_slayer_tanjiro_kamado#0,
"2024-08-13,10:50:51",demon_slayer_tanjiro_kamado,#0,خير ملي كل يوم راني نبنيط 5 خطرات,mk_diassss#0,
"2024-08-13,10:50:59",rayer43,#0,لازم تحبس التبنييط كومبلي,,
"2024-08-13,10:51:09",demon_slayer_tanjiro_kamado,#0,هو ديراكت ؟,rayer43#0,
"2024-08-13,10:51:15",rayer43,#0,والو,demon_slayer_tanjiro_kamado#0,
"2024-08-13,10:51:17",demon_slayer_tanjiro_kamado,#0,نحبسو بالشويا باش نوالف,,
"2024-08-13,10:51:19",mk_diassss,#0,<:Vibecheck:1150411421159538698> مالا نتا راك هكا,demon_slayer_tanjiro_kamado#0,
"2024-08-13,10:51:29",demon_slayer_tanjiro_kamado,#0,هاكا <:gigachad:1150419236989186078> <:gigachad:1150419236989186078> <:gigachad:1150419236989186078> <:gigachad:1150419236989186078> <:gigachad:1150419236989186078> <:gigachad:1150419236989186078>,mk_diassss#0,
"2024-08-13,10:51:29",rayer43,#0,تبدا تولي تحبس تبنييط بالتدريج,,
"2024-08-13,10:51:38",demon_slayer_tanjiro_kamado,#0,ايه,rayer43#0,
"2024-08-13,10:51:44",rayer43,#0,بعدها تولي تحبس التبنييط كومبلي,demon_slayer_tanjiro_kamado#0,
"2024-08-13,10:51:47",jovial_flamingo_95831,#0,راني 12 يوم بلا تبنيط,,
"2024-08-13,10:51:52",rayer43,#0,زعيم,jovial_flamingo_95831#0,
"2024-08-13,10:51:52",demon_slayer_tanjiro_kamado,#0,ايه,rayer43#0,
"2024-08-13,10:52:07",mk_diassss,#0,دير كادنا,demon_slayer_tanjiro_kamado#0,
"2024-08-13,10:52:12",rayer43,#0,صحا ملا راك ناوي تحبس تبنييط ؟,demon_slayer_tanjiro_kamado#0,
"2024-08-13,10:52:15",demon_slayer_tanjiro_kamado,#0,رقم قياسي رادي يدخلوك موسوعة غينيس,jovial_flamingo_95831#0,
"2024-08-13,10:52:30",demon_slayer_tanjiro_kamado,#0,50 بالمئة,rayer43#0,
"2024-08-13,10:52:53",rayer43,#0,راك تكمل و تولي حاب تحبس التبنيط 100%,demon_slayer_tanjiro_kamado#0,
"2024-08-13,10:52:58",jovial_flamingo_95831,#0,دعم برك,demon_slayer_tanjiro_kamado#0,
"2024-08-13,10:53:12",demon_slayer_tanjiro_kamado,#0,صحا,rayer43#0,
"2024-08-13,10:53:36",mk_diassss,#0,<:gigachad:1150419236989186078>,demon_slayer_tanjiro_kamado#0,
"2024-08-13,10:53:59",yanabbbb,#0,<:gigachad:1150419236989186078> <:gigachad:1150419236989186078>,mk_diassss#0,
"2024-08-13,10:54:04",demon_slayer_tanjiro_kamado,#0,بصح سيرفر تع لهنتاي ما نحبسوش,,
"2024-08-13,10:54:44",mk_diassss,#0,<@1272816182873030730> تدخل سيرفر تع هنتاي؟,jovial_flamingo_95831#0,
"2024-08-13,10:54:51",jovial_flamingo_95831,#0,pov: ندلك شعر في قاعك,,
"2024-08-13,10:55:07",jovial_flamingo_95831,#0,ايه,,
"2024-08-13,10:55:12",rayer43,#0,علاه,demon_slayer_tanjiro_kamado#0,
"2024-08-13,10:55:13",mk_diassss,#0,اوكي,jovial_flamingo_95831#0,
"2024-08-13,10:55:16",demon_slayer_tanjiro_kamado,#0,<@1158860326289297458> <@870217361733591050> <@1272318460768157801> تدخلو سيرفر تع لهنتاي تاعي,yanabbbb#0、0z.f#0、ak_miro#0,
"2024-08-13,10:55:27",demon_slayer_tanjiro_kamado,#0,هكا فيه المتعة,rayer43#0,
"2024-08-13,10:55:35",yanabbbb,#0,والو,demon_slayer_tanjiro_kamado#0,
"2024-08-13,10:55:40",demon_slayer_tanjiro_kamado,#0,ايا دبر راسك,ak_miro#0,
"2024-08-13,10:55:41",rayer43,#0,خلاص ياله نهدرو فيه,demon_slayer_tanjiro_kamado#0,
"2024-08-13,10:55:43",demon_slayer_tanjiro_kamado,#0,علاه,yanabbbb#0,
"2024-08-13,10:55:54",demon_slayer_tanjiro_kamado,#0,صحا,rayer43#0,
"2024-08-13,10:56:02",yanabbbb,#0,حرام<:tadcarlfachero36:1152016084430487552>,demon_slayer_tanjiro_kamado#0,
"2024-08-13,10:56:36",mk_diassss,#0,راك فيه,yanabbbb#0,
"2024-08-13,10:56:53",yanabbbb,#0,هاداك كتر,mk_diassss#0,
"2024-08-13,10:56:58",demon_slayer_tanjiro_kamado,#0,<:juan:1150418197581922344>,yanabbbb#0,
"2024-08-13,10:57:01",demon_slayer_tanjiro_kamado,#0,راك فيه,,
"2024-08-13,10:57:06",demon_slayer_tanjiro_kamado,#0,<:juan:1150418197581922344> <:juan:1150418197581922344> <:juan:1150418197581922344> <:juan:1150418197581922344> <:juan:1150418197581922344>,,
"2024-08-13,10:57:48",yanabbbb,#0,Fuck,,
"2024-08-13,10:59:27",yanabbbb,#0,جماعة وين راه <@1191354977193570356>,themask0239#0,
"2024-08-13,10:59:36",themask0239,#0,<@1272318460768157801> أااا,yanabbbb#0,
"2024-08-13,10:59:38",themask0239,#0,نفطر,,
"2024-08-13,11:00:06",yanabbbb,#0,<:cum:1152013788653031434>,themask0239#0,
"2024-08-13,11:00:44",jovial_flamingo_95831,#0,نتا مقود ومفيا,,
"2024-08-13,11:01:53",yanabbbb,#0,واش تفطر<:emoji_104:1191547769664573450>,themask0239#0,
"2024-08-13,11:02:08",themask0239,#0,<@1272318460768157801> حليب,yanabbbb#0,https://cdn.discordapp.com/attachments/1227367017661595708/1272857716280528917/Picsart_24-08-13_09-37-51-140.jpg?ex=672de1a0&is=672c9020&hm=a789e23fcf6bd6019ac319cacc11611041cc078d419757a14f3f3815c550b405&
"2024-08-13,11:02:56",jovial_flamingo_95831,#0,ز بي خلاص نتي ايفروي,,
"2024-08-13,11:03:23",yanabbbb,#0,خلاص اشرب حاجة اخرى,themask0239#0,
"2024-08-13,11:03:48",jovial_flamingo_95831,#0,اشربي ستار,,
"2024-08-13,11:04:15",yanabbbb,#0,تشرب ستار هناك تموت<:juan:1150418197581922344>,jovial_flamingo_95831#0,
"2024-08-13,11:04:41",jovial_flamingo_95831,#0,مفهمتش,yanabbbb#0,
"2024-08-13,11:04:42",jovial_flamingo_95831,#0,صاحبي,,
"2024-08-13,11:05:25",demon_slayer_tanjiro_kamado,#0,ز بي,,
"2024-08-13,11:05:29",yanabbbb,#0,<@1191354977193570356> اذا يشرب ستار ميقدرلوش موالف على لحليب<:juan:1150418197581922344>,jovial_flamingo_95831#0、themask0239#0,
"2024-08-13,11:06:06",jovial_flamingo_95831,#0,هههه مشي حليب بقر حليب في في راسك,yanabbbb#0,
"2024-08-13,11:07:26",yanabbbb,#0,انتقلت لعدوا تع <@1264558495034769438>,ak_miro#0、demon_slayer_tanjiro_kamado#0,
"2024-08-13,11:09:25",yanabbbb,#0,شكون لميبعتش ميساج Gay <:uncannycat:1152013915954352148> 🏳️‍🌈,,
"2024-08-13,11:09:45",yanabbbb,#0,Fuck,,
"2024-08-13,11:10:00",mk_diassss,#0,افقلاا,,
"2024-08-13,11:11:24",yanabbbb,#0,لازم يتبعها دريك,ak_miro#0,
"2024-08-13,11:11:39",jovial_flamingo_95831,#0,اي يبعت ميساج درك ترمتو مليح,,
"2024-08-13,11:12:10",mk_diassss,#0,ayy,,
"2024-08-13,11:12:45",jovial_flamingo_95831,#0,عندو ترمه مليخ,,
"2024-08-13,11:14:33",jovial_flamingo_95831,#0,خلاصة لعبه,,
"2024-08-13,11:18:07",jovial_flamingo_95831,#0,وراكم ولاد قح ب,,
"2024-08-13,11:20:17",demon_slayer_tanjiro_kamado,#0,تاعمن عدوا ؟,yanabbbb#0,
"2024-08-13,11:20:22",demon_slayer_tanjiro_kamado,#0,تع يدك فيه,,
"2024-08-13,11:20:25",themask0239,#0,ههه,,
"2024-08-13,11:20:28",demon_slayer_tanjiro_kamado,#0,<:gigachad:1150419236989186078>,,
"2024-08-13,11:20:31",demon_slayer_tanjiro_kamado,#0,<:cum:1152013788653031434>,,
"2024-08-13,11:20:37",jovial_flamingo_95831,#0,MF£I,,
"2024-08-13,11:20:40",rayer43,#0,راني رجعت,,
"2024-08-13,11:20:43",rayer43,#0,واش راكم,,
"2024-08-13,11:20:45",jovial_flamingo_95831,#0,كبده,,
"2024-08-13,11:21:05",demon_slayer_tanjiro_kamado,#0,رانا مبنيطين,rayer43#0,
"2024-08-13,11:21:18",rayer43,#0,<:uncannycat:1152013915954352148>,demon_slayer_tanjiro_kamado#0,
"2024-08-13,11:21:26",demon_slayer_tanjiro_kamado,#0,جماعة راني نعمر انميات اتشي,,
"2024-08-13,11:21:29",rayer43,#0,بصحتك,ak_miro#0,
"2024-08-13,11:21:39",themask0239,#0,أاااا,,
"2024-08-13,11:21:46",themask0239,#0,وي,ak_miro#0,
"2024-08-13,11:21:46",rayer43,#0,وش كنتو تاكلو,ak_miro#0,
"2024-08-13,11:21:52",themask0239,#0,<@1081296261182935040> سر,rayer43#0,
"2024-08-13,11:21:54",demon_slayer_tanjiro_kamado,#0,<@1081296261182935040>  تعرف الانمي الاتشي تع KEJO كيجو ؟,rayer43#0,
"2024-08-13,11:22:00",rayer43,#0,بصحتكم,ak_miro#0,
"2024-08-13,11:22:05",themask0239,#0,ممممم بنين,ak_miro#0,
"2024-08-13,11:22:05",rayer43,#0,والو,demon_slayer_tanjiro_kamado#0,
"2024-08-13,11:22:20",themask0239,#0,يعيشك بصح راك تخوف فيا,rayer43#0,
"2024-08-13,11:22:23",demon_slayer_tanjiro_kamado,#0,اول مرة انا نعرف انمي اتشي نتا ما تعرفهش,rayer43#0,
"2024-08-13,11:22:25",raku_9,#0,ايه,demon_slayer_tanjiro_kamado#0,
"2024-08-13,11:22:26",demon_slayer_tanjiro_kamado,#0,<:gigachad:1150419236989186078>,,
"2024-08-13,11:22:30",rayer43,#0,علاه,themask0239#0,
"2024-08-13,11:22:34",demon_slayer_tanjiro_kamado,#0,تاعمن ؟,raku_9#0,
"2024-08-13,11:22:37",yanabbbb,#0,توسوستلك<:emoji_104:1191547769664573450>,themask0239#0,
"2024-08-13,11:22:41",raku_9,#0,مصارعة,demon_slayer_tanjiro_kamado#0,
"2024-08-13,11:22:43",themask0239,#0,<@1081296261182935040> تصويرتك <:uncannycat:1152013915954352148>,rayer43#0,
"2024-08-13,11:22:54",demon_slayer_tanjiro_kamado,#0,بصح في الماء و,raku_9#0,
"2024-08-13,11:22:59",raku_9,#0,ايه,demon_slayer_tanjiro_kamado#0,
"2024-08-13,11:23:02",demon_slayer_tanjiro_kamado,#0,فيه الخير و فيه لترام,raku_9#0,
"2024-08-13,11:23:04",rayer43,#0,نورمال راني في الواقع ناس ملاح الحمد لله,themask0239#0,
"2024-08-13,11:23:04",demon_slayer_tanjiro_kamado,#0,🍑,,
"2024-08-13,11:23:16",raku_9,#0,<:emoji_47:1151909990727163954>,demon_slayer_tanjiro_kamado#0,
"2024-08-13,11:23:19",themask0239,#0,حمدلله عاشرتك,rayer43#0,
"2024-08-13,11:23:20",jovial_flamingo_95831,#0,قلها,ak_miro#0,
"2024-08-13,11:23:25",demon_slayer_tanjiro_kamado,#0,ادخل بريفي,raku_9#0,
"2024-08-13,11:23:41",raku_9,#0,ما تبعثليش هنتاي,demon_slayer_tanjiro_kamado#0,
"2024-08-13,11:23:46",rayer43,#0,الحمد لله,themask0239#0,
"2024-08-13,11:23:59",themask0239,#0,ولو هو سقساني <:emoji_101:1191547625883828325>,ak_miro#0,
"2024-08-13,11:24:09",jovial_flamingo_95831,#0,درك نبعهولكم,,
"2024-08-13,11:24:40",demon_slayer_tanjiro_kamado,#0,لا لا غي ما تخافش,raku_9#0,
"2024-08-13,11:24:44",jovial_flamingo_95831,#0,واش اسمك,themask0239#0,
"2024-08-13,11:25:03",rayer43,#0,علاه سر,ak_miro#0,
"2024-08-13,11:25:03",jovial_flamingo_95831,#0,قول,ak_miro#0,
"2024-08-13,11:25:10",rayer43,#0,راه جاني الفضول,,
"2024-08-13,11:25:51",rayer43,#0,ضرك ياكلني الفضول,,
"2024-08-13,11:25:53",rayer43,#0,علاه سر,,
"2024-08-13,11:26:00",jovial_flamingo_95831,#0,قول,,
"2024-08-13,11:26:08",rayer43,#0,اوكي,ak_miro#0,
"2024-08-13,11:26:09",demon_slayer_tanjiro_kamado,#0,<@540935504917692457> ادخل هدر بريفي,raku_9#0,
"2024-08-13,11:26:10",themask0239,#0,علاه😭 <@1264558495034769438>,demon_slayer_tanjiro_kamado#0,
"2024-08-13,11:26:16",rayer43,#0,قريب من اسمي,,
"2024-08-13,11:26:25",rayer43,#0,معناها هو اسمو ريان,,
"2024-08-13,11:26:28",rayer43,#0,انا رياض,,
"2024-08-13,11:26:43",raku_9,#0,راك غالق بريفي,demon_slayer_tanjiro_kamado#0,
"2024-08-13,11:26:49",rayer43,#0,علاه,ak_miro#0,
"2024-08-13,11:26:53",jovial_flamingo_95831,#0,شكون ريان,,
"2024-08-13,11:26:55",demon_slayer_tanjiro_kamado,#0,شا كاين ؟,themask0239#0,
"2024-08-13,11:27:07",demon_slayer_tanjiro_kamado,#0,نتا رسلي فرند,raku_9#0,
"2024-08-13,11:27:28",raku_9,#0,اوك,demon_slayer_tanjiro_kamado#0,
"2024-08-13,11:28:02",rayer43,#0,<:uncannycat:1152013915954352148>,raku_9#0,
"2024-08-13,11:28:09",rayer43,#0,ضرك يبعثلك هنتاي,,
"2024-08-13,11:29:11",rayer43,#0,<@442721468829138954>,unfrody#0,
"2024-08-13,11:29:14",rayer43,#0,علاه يلحس,,
"2024-08-13,11:29:16",anc_laz,#0,😂,ak_miro#0,
"2024-08-13,11:29:18",demon_slayer_tanjiro_kamado,#0,<:KEKYou:1150418200027201566>,rayer43#0,
"2024-08-13,11:29:25",themask0239,#0,تكسر,ak_miro#0,
"2024-08-13,11:29:29",demon_slayer_tanjiro_kamado,#0,باش يجيب لقمة العيش,rayer43#0,
"2024-08-13,11:29:40",rayer43,#0,يقدر يخدم حاجة وخداخرة,demon_slayer_tanjiro_kamado#0,
"2024-08-13,11:30:24",raku_9,#0,نو بعثلي بنات يديرو مصارعة بالبزول و الترام,rayer43#0,
"2024-08-13,11:30:28",demon_slayer_tanjiro_kamado,#0,كيما ع ط ا,rayer43#0,
"2024-08-13,11:30:32",rayer43,#0,<:uncannycat:1152013915954352148>,raku_9#0,
"2024-08-13,11:30:49",rayer43,#0,سومو بصح بالبزول و الترام؟,,
"2024-08-13,11:33:22",demon_slayer_tanjiro_kamado,#0,@everyone في ناس في حياتك ازم تضربهم با ل ز ب,,
"2024-08-13,11:33:26",demon_slayer_tanjiro_kamado,#0,🍆,,
"2024-08-13,11:37:48",zaudeooo_15311,#0,ياخو تسرق طوطا,demon_slayer_tanjiro_kamado#0,
"2024-08-13,11:38:00",jovial_flamingo_95831,#0,ني ك متكم,,
"2024-08-13,11:38:05",demon_slayer_tanjiro_kamado,#0,كنت نسرق,zaudeooo_15311#0,
"2024-08-13,11:38:19",demon_slayer_tanjiro_kamado,#0,<:emoji_104:1191547769664573450>,jovial_flamingo_95831#0,
"2024-08-13,11:38:45",zaudeooo_15311,#0,وين درتهم طوطات لي سرقتهم,demon_slayer_tanjiro_kamado#0,
"2024-08-13,11:40:14",jovial_flamingo_95831,#0,كنتي خيالي,,
"2024-08-13,11:40:32",jovial_flamingo_95831,#0,غنو معيا,,
"2024-08-13,11:43:12",zaudeooo_15311,#0,شريكي ماناش فقروب بيبيش وبيبيشة,jovial_flamingo_95831#0,
"2024-08-13,12:02:00",vv_sr7,#0,,,https://cdn.discordapp.com/attachments/1227367017661595708/1272872783407218742/VID_101651003_171910_955.mp4?ex=672defa8&is=672c9e28&hm=6269b86ada9f27ab89a5a5b2149b5ba34b4b0e6970eccf130ab6ee75673c0765&
"2024-08-13,12:02:22",m3d.com,#0,صباح الخير يا معشر البيتشز,,
"2024-08-13,12:02:24",m3d.com,#0,<:hmm:1144061148958826556>,,
"2024-08-13,12:02:45",jovial_flamingo_95831,#0,حن,m3d.com#0,
"2024-08-13,12:03:16",m3d.com,#0,حنوني ؟,jovial_flamingo_95831#0,
"2024-08-13,12:03:19",m3d.com,#0,<:hmm:1144061148958826556>,,
"2024-08-13,12:03:35",m3d.com,#0,,,
"2024-08-13,12:03:43",jovial_flamingo_95831,#0,توسوستلك,m3d.com#0,
"2024-08-13,12:06:03",mirde_x,#0,صحبي ولاد بليدة ڤع رجال مأمنتنيش ارواح شوف,m3d.com#0,
"2024-08-13,12:06:47",jovial_flamingo_95831,#0,وناس جلفه,mirde_x#0,
"2024-08-13,12:07:50",m3d.com,#0,<:uncannycat:1152013915954352148>,mirde_x#0,
"2024-08-13,12:08:21",0z.f,#0,جبتو<:uncannycat:1152013915954352148>,,
"2024-08-13,12:08:43",m3d.com,#0,<a:emoji_38:1109495948566081546> <a:emoji_38:1109495948566081546>,,
"2024-08-13,12:08:58",jovial_flamingo_95831,#0,انا جبت زوج بونطات,0z.f#0,
"2024-08-13,12:09:02",m3d.com,#0,راني 9day يخو<:pololo:1033856467893231636>,,
"2024-08-13,12:09:19",0z.f,#0,صباح زوج وضرك زوج نروح نفطر ونجي نزيد زوج<:Dead_inside:1150410964659863592>,jovial_flamingo_95831#0,
"2024-08-13,12:09:24",mirde_x,#0,انا جامي روحت الجلف بصح كل واحد او واش يقول,jovial_flamingo_95831#0,
"2024-08-13,12:09:51",m3d.com,#0,زح متحكمش ندامة ؟<:hmm:1144061148958826556>,0z.f#0,
"2024-08-13,12:10:06",0z.f,#0,ىمبعد ندوش ونروح نصلي<:Dead_inside:1150410964659863592>,m3d.com#0,
"2024-08-13,12:10:14",0z.f,#0,ابليس:<:NIGGA_omg:1150394296680329226>,,
"2024-08-13,12:10:29",mirde_x,#0,تحكمك تحكمك مكانش كيفاه لالا,m3d.com#0,
"2024-08-13,12:10:56",m3d.com,#0,يب بصح حبيبنا 4 لحد الان مجاتوش خلاص وقيل<:uncannycat:1152013915954352148>,mirde_x#0,
"2024-08-13,12:11:03",jovial_flamingo_95831,#0,ولادي راه يموت قدامي,,
"2024-08-13,12:11:10",mirde_x,#0,<:Dead_inside:1150410964659863592> <:Dead_inside:1150410964659863592> <:uncannycat:1152013915954352148>,0z.f#0,
"2024-08-13,12:11:16",0z.f,#0,متندمش كي تجيبو تندم على نهار لي عرفت فيه هذاك البنادم لي علمهالك,mirde_x#0,
"2024-08-13,12:11:36",m3d.com,#0,اتخيل واحد في هذوك كان قادر يخرج ايلون ماسك<:emoji_58:1246218762521411666>,jovial_flamingo_95831#0,
"2024-08-13,12:11:53",0z.f,#0,كي نعتزلها سمانة نولي هكا<:uncannycat:1152013915954352148>,m3d.com#0,
"2024-08-13,12:11:55",mirde_x,#0,ايواه هذي هيا,0z.f#0,
"2024-08-13,12:12:38",m3d.com,#0,انا راني 9day و طنة خلاص مهيش تطغا حسيتو مات<:uncannycat:1152013915954352148>,0z.f#0,
"2024-08-13,12:13:02",0z.f,#0,يومين ويحيا وتولي تجيب ب3 فنهار واحد,m3d.com#0,
"2024-08-13,12:13:16",0z.f,#0,♾️aura: مدرتهاش في رمضان,,
"2024-08-13,12:13:25",jovial_flamingo_95831,#0,ابليس يشتي يمصو,,
"2024-08-13,12:13:32",m3d.com,#0,درتها 3 مرات في رمضان<:Dead_inside:1150410964659863592>,,
"2024-08-13,12:13:36",0z.f,#0,الاحتلام:<:Dead_inside:1150410964659863592>,,
"2024-08-13,12:13:38",m3d.com,#0,مور فطور بصح,,
"2024-08-13,12:13:54",0z.f,#0,شد روحك شوي بصح,m3d.com#0,
"2024-08-13,12:13:59",m3d.com,#0,الاحتلام مفيهش بزاف يخو مرحش يغيضك باسكو بدون قدرة,0z.f#0,
"2024-08-13,12:14:15",0z.f,#0,نهار كنت نية وفي سمانة لولة في رمضان اول مرة يجيني احتلام وانا ماني فاهم والوا,,
"2024-08-13,12:14:27",m3d.com,#0,كفات <:hmm:1144061148958826556>,,
"2024-08-13,12:14:27",0z.f,#0,جوزت بلاك 2 رمضانات على جنابة<:Dead_inside:1150410964659863592>,,
"2024-08-13,12:14:40",m3d.com,#0,<:hmm:1144061148958826556> <:hmm:1144061148958826556> <:hmm:1144061148958826556>,0z.f#0,
"2024-08-13,12:14:40",0z.f,#0,وصلوات لي كنت نصليهم كامل راحو باطل,,
"2024-08-13,12:14:48",demon_slayer_tanjiro_kamado,#0,بعتهم,zaudeooo_15311#0,
"2024-08-13,12:14:55",m3d.com,#0,انا جوزت سمانة مجونب في رمضان خخ,,
"2024-08-13,12:15:02",0z.f,#0,معليش ماكنتش نعرف حاجة يسموها الاغتسال<:Dead_inside:1150410964659863592>,,
"2024-08-13,12:15:07",m3d.com,#0,كلما ماندوش نجيبو قبل الفجر <:uncannycat:1152013915954352148>,,
"2024-08-13,12:15:21",0z.f,#0,مكانش عمبالي اصلا حاجة يسموها جنابة<:juan:1150418197581922344>,,
"2024-08-13,12:15:49",mirde_x,#0,انا واحد باتني جا يسكن في حومتي علمنا تمنييك تع ال X ضكا رحل كون نڤبضو نفعل فيه,,
"2024-08-13,12:15:54",0z.f,#0,معليش مقبولين لخطراش كنت غافل وكنت داير النية,,
"2024-08-13,12:16:02",m3d.com,#0,يدي ذنوبكم,mirde_x#0,
"2024-08-13,12:16:19",mirde_x,#0,صح؟؟,m3d.com#0,
"2024-08-13,12:16:21",0z.f,#0,ديجا صحا انا ماعندي جتى سيئة,,
"2024-08-13,12:16:29",0z.f,#0,داهم كامل لي علمهملي,,
"2024-08-13,12:16:48",m3d.com,#0,مش يديها قاع يخو بصح هوا لي علمكم المحرمات و بعمد مشي بجهل,mirde_x#0,
"2024-08-13,12:17:16",mirde_x,#0,اااا اوك,m3d.com#0,
"2024-08-13,12:17:26",m3d.com,#0,انا زوج صحابي كانو يحكو قالو جبت زوج ريصان حسبتو ناخ وحدة و جاب زوج ولاد تع صح عاشي ممبعد فهموني <:uncannycat:1152013915954352148>,,
"2024-08-13,12:17:50",jovial_flamingo_95831,#0,شكون يرضعلي,,
"2024-08-13,12:18:25",mirde_x,#0,من البزو…,jovial_flamingo_95831#0,
"2024-08-13,12:18:31",m3d.com,#0,لة,,
"2024-08-13,12:18:38",m3d.com,#0,<:hmm:1144061148958826556>,,
"2024-08-13,12:18:54",jovial_flamingo_95831,#0,من قضيب حديدي,,
"2024-08-13,12:24:06",raku_9,#0,<:uncannycat:1152013915954352148>,0z.f#0,
"2024-08-13,12:25:17",raku_9,#0,نعرف واحد يجيبو ف نهار رمضان,0z.f#0,
"2024-08-13,12:25:39",zakoxzako_61788,#0,صعيبة تدخل تقابلك هاذ الرسالة,raku_9#0,
"2024-08-13,12:27:50",kora.___.san,#0,عاد داخل عاد بسم الله شاوا ذا <:uncannycat:1152013915954352148>,raku_9#0,
"2024-08-13,12:27:58",0.xk,#0,ياخاوتي,,
"2024-08-13,12:28:15",0.xk,#0,طونت انستا 2013 قداه يجيبلي كريدت,,
"2024-08-13,12:28:29",kora.___.san,#0,شا دير بيه حل واحد جديد,0.xk#0,
"2024-08-13,12:28:44",0.xk,#0,نبيعو,,
"2024-08-13,12:28:46",kora.___.san,#0,<:emoji_47:1151909990727163954>,,
"2024-08-13,12:28:57",kora.___.san,#0,20 مليون كردت,,
"2024-08-13,12:28:58",0.xk,#0,ياخو خدا نسينياليك خطرة تتبانا,,
"2024-08-13,12:29:06",0.xk,#0,تاع بنات؟,kora.___.san#0,
"2024-08-13,12:29:11",0.xk,#0,ادا بنات نقبل,,
"2024-08-13,12:29:21",kora.___.san,#0,غلطة,0.xk#0,
"2024-08-13,12:29:30",0.xk,#0,اياه,,
"2024-08-13,12:29:33",kora.___.san,#0,20 مليون كردت,,
"2024-08-13,12:29:34",0.xk,#0,كوفها,,
"2024-08-13,12:29:35",0_gf,#0,<:tadcarlfachero36:1152016084430487552>,,
"2024-08-13,12:29:39",0.xk,#0,والله صح,kora.___.san#0,
"2024-08-13,12:29:39",0_gf,#0,يدكم فيه,,
"2024-08-13,12:29:52",a_hmed3m5,#0,يدك فيه,,
"2024-08-13,12:29:52",0.xk,#0,احكم خوك,0_gf#0,
"2024-08-13,12:29:57",kora.___.san,#0,انا محنك في المجال قله قل من 20 مليون منبيعش,0.xk#0,
"2024-08-13,12:30:06",kora.___.san,#0,قاع يدنا فيه خو,0_gf#0,
"2024-08-13,12:30:07",0_gf,#0,<a:HighellalDance:1181984946353615019>,,
"2024-08-13,12:30:12",0.xk,#0,اوو مليحة,kora.___.san#0,
"2024-08-13,12:30:23",a_hmed3m5,#0,ياخاوتي كاين قلاوي للبيع,,
"2024-08-13,12:30:58",a_hmed3m5,#0,يا ناس,,
"2024-08-13,12:31:05",a_hmed3m5,#0,English or Arabic,,
"2024-08-13,12:31:12",m3d.com,#0,"لوكان نبيع قلوة
و سموتها نشري زوج عباد زنوج
نقطعلهم قلاويهم
نبيعهم",,
"2024-08-13,12:31:30",0.xk,#0,ادبي ياه,,
"2024-08-13,12:31:35",0.xk,#0,لعبيد غالي,,
"2024-08-13,12:31:43",mirde_x,#0,البزنس,m3d.com#0,
"2024-08-13,12:31:44",0.xk,#0,بانتلك برك رخاس,,
"2024-08-13,12:31:48",m3d.com,#0,قلوتي غالية عليهم<:mio:1211761206629502986>,,
"2024-08-13,12:31:48",kora.___.san,#0,تفكرنا بشوية صرف كي تبيع,0.xk#0,
"2024-08-13,12:31:54",kora.___.san,#0,كاش 3 ملايين ولا,,
"2024-08-13,12:31:59",m3d.com,#0,<a:emoji_38:1109495948566081546> <a:emoji_38:1109495948566081546> <a:emoji_38:1109495948566081546>,kora.___.san#0,
"2024-08-13,12:32:03",0.xk,#0,خخخخخ,,
"2024-08-13,12:32:20",yanabbbb,#0,سلام الشر,,
"2024-08-13,12:32:29",kora.___.san,#0,واش لعم جد,yanabbbb#0,
"2024-08-13,12:32:48",yanabbbb,#0,لباس يا بوداوي,kora.___.san#0,
"2024-08-13,12:33:00",kora.___.san,#0,و الله غي سافا,yanabbbb#0,
"2024-08-13,12:33:51",kora.___.san,#0,"متبيعش قلوة 
خطف كاش واحد طرفه و بيعه و بدا البزنس",m3d.com#0,
"2024-08-13,12:34:26",m3d.com,#0,"لوكان تخطف انثى خير بزيادة
تبيعلها كلشي",kora.___.san#0,
"2024-08-13,12:34:46",demon_slayer_tanjiro_kamado,#0,سلام,,
"2024-08-13,12:34:54",kora.___.san,#0,و عليكم السلام,demon_slayer_tanjiro_kamado#0,
"2024-08-13,12:35:06",kora.___.san,#0,يا ربي السلامة سراق لبزازل,demon_slayer_tanjiro_kamado#0,
"2024-08-13,12:35:06",demon_slayer_tanjiro_kamado,#0,لي حاب يدخل سيرفر هنتاي تاعي ؟,,
"2024-08-13,12:35:17",kora.___.san,#0,Loli?,demon_slayer_tanjiro_kamado#0,
"2024-08-13,12:35:26",demon_slayer_tanjiro_kamado,#0,وش ؟,kora.___.san#0,
"2024-08-13,12:35:28",0.xk,#0,نبعثلك فيديوهات تاع ولاد صغار؟,demon_slayer_tanjiro_kamado#0,
"2024-08-13,12:35:39",demon_slayer_tanjiro_kamado,#0,ادخل بريفي,0.xk#0,
"2024-08-13,12:35:41",demon_slayer_tanjiro_kamado,#0,<:gigachad:1150419236989186078>,,
"2024-08-13,12:35:45",kora.___.san,#0,فيه lolicon??,demon_slayer_tanjiro_kamado#0,
"2024-08-13,12:35:49",0.xk,#0,متمصخرش,demon_slayer_tanjiro_kamado#0,
"2024-08-13,12:35:57",0.xk,#0,ياخو نتا ارواح بريفي,kora.___.san#0,
"2024-08-13,12:35:59",demon_slayer_tanjiro_kamado,#0,شاوالا هاد ؟,kora.___.san#0,
"2024-08-13,12:36:05",demon_slayer_tanjiro_kamado,#0,صحا,0.xk#0,
"2024-08-13,12:36:08",kora.___.san,#0,<:uncannycat:1152013915954352148> <:uncannycat:1152013915954352148> <:uncannycat:1152013915954352148>,demon_slayer_tanjiro_kamado#0,
"2024-08-13,12:36:11",0.xk,#0,لوليكون ولاد صغار,demon_slayer_tanjiro_kamado#0,
"2024-08-13,12:36:19",demon_slayer_tanjiro_kamado,#0,<@869522801357369395> ابعثلي فرند,0.xk#0,
"2024-08-13,12:36:23",kora.___.san,#0,اي خونا بريء كثر من اللازم,,
"2024-08-13,12:36:28",raku_9,#0,بنات صغار,demon_slayer_tanjiro_kamado#0,
"2024-08-13,12:36:33",m3d.com,#0,<:uncannycat:1152013915954352148>,,
"2024-08-13,12:36:35",0.xk,#0,ياخو ذنوب و تبان صغير,demon_slayer_tanjiro_kamado#0,
"2024-08-13,12:36:47",kora.___.san,#0,<:fbiSpong:1150411393087045682>,,
"2024-08-13,12:36:48",demon_slayer_tanjiro_kamado,#0,عمري 19,0.xk#0,
"2024-08-13,12:37:06",kora.___.san,#0,اجي هات السيرفر بريفي,demon_slayer_tanjiro_kamado#0,
"2024-08-13,12:37:14",demon_slayer_tanjiro_kamado,#0,صحا,kora.___.san#0,
"2024-08-13,12:37:15",kora.___.san,#0,انا نقولكم شحال عنده,,
"2024-08-13,12:37:21",kora.___.san,#0,نشوف السيرفر و نجي,,
"2024-08-13,12:37:36",raku_9,#0,ما يفوتش 17,kora.___.san#0,
"2024-08-13,12:37:54",demon_slayer_tanjiro_kamado,#0,ابعث في البريفي,0.xk#0,
"2024-08-13,12:38:52",demon_slayer_tanjiro_kamado,#0,<@1134300102933094450> ارسلي فرند باش نجم نهدر بريفي يا ال ز  بي,kora.___.san#0,
"2024-08-13,12:39:15",demon_slayer_tanjiro_kamado,#0,<@869522801357369395> انتا تاني ارسلي فرند و ارسلي الفيديوهات,0.xk#0,
"2024-08-13,12:39:57",kora.___.san,#0,ريغل,demon_slayer_tanjiro_kamado#0,
"2024-08-13,12:43:33",demon_slayer_tanjiro_kamado,#0,سيرفر تاعي فيه 32 بنادم,raku_9#0,
"2024-08-13,12:43:36",demon_slayer_tanjiro_kamado,#0,<:gigachad:1150419236989186078>,,
"2024-08-13,12:48:47",demon_slayer_tanjiro_kamado,#0,و درك راهم 33,,
"2024-08-13,12:48:51",demon_slayer_tanjiro_kamado,#0,<:gigachad:1150419236989186078>,,
"2024-08-13,12:49:54",0_gf,#0,<a:HighellalDance:1181984946353615019>,,
"2024-08-13,12:51:27",0.xk,#0,Nn,demon_slayer_tanjiro_kamado#0,
"2024-08-13,12:52:08",demon_slayer_tanjiro_kamado,#0,علاه,0.xk#0,
"2024-08-13,12:53:31",demon_slayer_tanjiro_kamado,#0,<@1180425486720041032> اسم و لا اروع,0_gf#0,
"2024-08-13,12:53:42",0_gf,#0,<:Soot:1235991144224264253><:Soot:1235991144224264253><:shhhh:1215620470431285318>,,
"2024-08-13,12:54:11",0.xk,#0,Dnob,demon_slayer_tanjiro_kamado#0,
"2024-08-13,12:54:17",0.xk,#0,Lmhm 3ndi w sayii,,
"2024-08-13,12:56:08",0_gf,#0,<:bruhcat2:984935431328116747>,,
"2024-08-13,12:57:08",0.xk,#0,Chkn 7ab ychrihm,,
"2024-08-13,12:57:33",0_gf,#0,وش نشري,,
"2024-08-13,12:57:52",algerianboiiiwlid7awmawmrbb,#0,"# ""YAWEDI YDK FI زBI W زBI FI YDK""
-Sun Tzu",,
"2024-08-13,12:58:27",abdulrazzaq0639,#0,جماعة كاين وحد نق، ش صبح عليا وهو يرسل هنتاي,,
"2024-08-13,12:58:37",kora.___.san,#0,Same,abdulrazzaq0639#0,
"2024-08-13,12:58:38",abdulrazzaq0639,#0,مي منفولوش اسمه,,
"2024-08-13,12:58:40",algerianboiiiwlid7awmawmrbb,#0,ablockilo rbo,abdulrazzaq0639#0,
"2024-08-13,12:58:50",kora.___.san,#0,و كاين وخداخر صبح بصوالح تاع بيدوفبل,,
"2024-08-13,12:58:57",abdulrazzaq0639,#0,هو رئيس سيرفر,algerianboiiiwlid7awmawmrbb#0,
"2024-08-13,12:59:12",abdulrazzaq0639,#0,معندناش زهر,kora.___.san#0,
"2024-08-13,12:59:30",abdulrazzaq0639,#0,ناس رخاس بزاف هادو ليام<:Dead_inside:1150410964659863592>,,
"2024-08-13,12:59:39",0_gf,#0,,algerianboiiiwlid7awmawmrbb#0,https://cdn.discordapp.com/attachments/1227367017661595708/1272887292679159881/image.png?ex=672dfd2b&is=672cabab&hm=8318cece556712ff14bb50e19248f4c571f2a08a228022a380cb856ffdbf4ef9&
"2024-08-13,12:59:39",kora.___.san,#0,واه رسل غي تصاوير مرسله لي فيديو <:emoji_102:1191547661355065454>,abdulrazzaq0639#0,
"2024-08-13,12:59:42",yanabbbb,#0,الله غالب,abdulrazzaq0639#0,
"2024-08-13,12:59:42",0_gf,#0,ig thats rnoph,,
"2024-08-13,12:59:44",0_gf,#0,e,,
"2024-08-13,12:59:58",abdulrazzaq0639,#0,<:Dead_inside:1150410964659863592>,yanabbbb#0,
"2024-08-13,13:00:09",kora.___.san,#0,بادبوي,0_gf#0,
"2024-08-13,13:00:25",algerianboiiiwlid7awmawmrbb,#0,yakho ghmelt bdak status 😂,0_gf#0,
"2024-08-13,13:00:27",abdulrazzaq0639,#0,<:emoji_104:1191547769664573450>,kora.___.san#0,
"2024-08-13,13:00:29",abdouma_chiko,#0,سلام,,
"2024-08-13,13:00:33",algerianboiiiwlid7awmawmrbb,#0,ni fi chhr wana mkhlih,,
"2024-08-13,13:00:37",kora.___.san,#0,و عليكم سلام,abdouma_chiko#0,
"2024-08-13,13:00:49",yanabbbb,#0,يدك فيه وعليكم سلام,abdouma_chiko#0,
"2024-08-13,13:01:35",m3d.com,#0,,,
"2024-08-13,13:01:48",algerianboiiiwlid7awmawmrbb,#0,Kayna,m3d.com#0,
"2024-08-13,13:01:53",abdulrazzaq0639,#0,نيشان ويدك فيه,yanabbbb#0,
"2024-08-13,13:02:15",algerianboiiiwlid7awmawmrbb,#0,يعطيك الصحة يدك فيه,abdulrazzaq0639#0,
"2024-08-13,13:02:15",yanabbbb,#0,حتى انا صابتني لعدوا,abdulrazzaq0639#0,
"2024-08-13,13:02:16",m3d.com,#0,"عندي صاحبي سطايفي حياتي نعايرو بالجزرة حاب معايرة جديدة يخو
ساعدونا",,
"2024-08-13,13:02:23",0.xk,#0,ولاد صغار,0_gf#0,
"2024-08-13,13:02:24",abdulrazzaq0639,#0,شات راه ميت علابالكم جبدولنا موضوع نهدرو,,
"2024-08-13,13:02:25",0_gf,#0,,,https://cdn.discordapp.com/attachments/1227367017661595708/1272887987243454565/image.png?ex=672dfdd1&is=672cac51&hm=d70796dbf0897766d7d26a5333b49cff57a4ac31f4fc56b0de351f6f5eb47c0c&
"2024-08-13,13:02:25",0_gf,#0,balls,,
"2024-08-13,13:02:32",abdulrazzaq0639,#0,تاع سراق لبنات,yanabbbb#0,
"2024-08-13,13:02:42",yanabbbb,#0,Yes,abdulrazzaq0639#0,
"2024-08-13,13:02:54",0.xk,#0,ياخو خطرة دارت فيديو دخل في مشطة,m3d.com#0,
"2024-08-13,13:03:09",0_gf,#0,بلع نتا ن_ش_,abdulrazzaq0639#0,
"2024-08-13,13:03:15",0_gf,#0,ن قش,,
"2024-08-13,13:04:41",0_gf,#0,نقتلك بيه,,
"2024-08-13,13:04:45",m3d.com,#0,عندها الحق تجيبها و اذا حكتها تحكها,0.xk#0,
"2024-08-13,13:04:50",0_gf,#0,نديرلك الرغوة في فمك,,
"2024-08-13,13:04:51",m3d.com,#0,<:hmm:1144061148958826556>,,
"2024-08-13,13:04:54",yanabbbb,#0,<@1180425486720041032> هو سراق لبنات ؟,0_gf#0,
"2024-08-13,13:05:08",0_gf,#0,انا منسرقش,,
"2024-08-13,13:05:14",0_gf,#0,انا ن_يك_,,
"2024-08-13,13:05:19",0_gf,#0,<:tadcarlfachero36:1152016084430487552>,,
"2024-08-13,13:05:35",yanabbbb,#0,غلطنا,0_gf#0,
"2024-08-13,13:05:47",abdulrazzaq0639,#0,طنة غلباتني لبارح كنت نهدر معاه غعد يرسلي هنتاي وبونو,yanabbbb#0,
"2024-08-13,13:05:47",abdulrazzaq0639,#0,نتا تعطي,,
"2024-08-13,13:06:01",abdulrazzaq0639,#0,خذاك رخيس متهدرش معاه يطيح بلا سبة ربي يشافيه ويهديه,yanabbbb#0,
"2024-08-13,13:06:17",yanabbbb,#0,خلاص,abdulrazzaq0639#0,
"2024-08-13,13:06:30",0_gf,#0,,abdulrazzaq0639#0,
"2024-08-13,13:06:31",abdulrazzaq0639,#0,<:gigachad:1150419236989186078>,yanabbbb#0,
"2024-08-13,13:06:34",0_gf,#0,يكذب فل وجه,,
"2024-08-13,13:06:41",abdulrazzaq0639,#0,واه 😂,0_gf#0,
"2024-08-13,13:06:42",yanabbbb,#0,<:gigachad:1150419236989186078>,abdulrazzaq0639#0,
"2024-08-13,13:06:49",0_gf,#0,واحد بعثهولوا فل بريفي,yanabbbb#0,
"2024-08-13,13:06:55",0_gf,#0,كي تخلع راه عاقل,,
"2024-08-13,13:07:03",0_gf,#0,مي هو ن_ش_,,
"2024-08-13,13:07:16",yanabbbb,#0,خلاص,0_gf#0,
"2024-08-13,13:08:14",yanabbbb,#0,شكون هو ن،قش,,
"2024-08-13,13:08:31",abdulrazzaq0639,#0,مكاش,yanabbbb#0,
"2024-08-13,13:09:02",yanabbbb,#0,<:gigachad:1150419236989186078>,abdulrazzaq0639#0,
"2024-08-13,13:09:04",demon_slayer_tanjiro_kamado,#0,وي,,
"2024-08-13,13:09:11",abdulrazzaq0639,#0,نتا رخيصصصص,,
"2024-08-13,13:09:17",abdulrazzaq0639,#0,خذا نق، ش,demon_slayer_tanjiro_kamado#0,
"2024-08-13,13:09:26",abdulrazzaq0639,#0,صبح عليا بالبورنو,,
"2024-08-13,13:09:28",demon_slayer_tanjiro_kamado,#0,مالك,abdulrazzaq0639#0,
"2024-08-13,13:09:35",abdulrazzaq0639,#0,بورنوو,demon_slayer_tanjiro_kamado#0,
"2024-08-13,13:09:38",demon_slayer_tanjiro_kamado,#0,انا ؟,abdulrazzaq0639#0,
"2024-08-13,13:09:40",abdouma_chiko,#0,مرحبا بكم في سيرفر الياهود <:emoji_107:1191548658336940132>,,
"2024-08-13,13:09:40",yanabbbb,#0,مالا نتا ن،قش,demon_slayer_tanjiro_kamado#0,
"2024-08-13,13:09:53",abdulrazzaq0639,#0,لا انا,demon_slayer_tanjiro_kamado#0,
"2024-08-13,13:09:58",abdulrazzaq0639,#0,واههه,yanabbbb#0,
"2024-08-13,13:10:10",abdulrazzaq0639,#0,ويدك فيه,,
"2024-08-13,13:10:10",demon_slayer_tanjiro_kamado,#0,يا الز ب ي  فهموني وش راه صاري,,
"2024-08-13,13:10:19",yanabbbb,#0,ادخل ادخل سيرفور مش تاعك,abdouma_chiko#0,
"2024-08-13,13:10:29",0_gf,#0,<@1210334819569897552>,abdulrazzaq0639#0、yanabbbb#0,
"2024-08-13,13:10:31",abdulrazzaq0639,#0,نتا رسلة بورنو وهنتاي صباح,,
"2024-08-13,13:10:43",abdouma_chiko,#0,انا خو المرة <:emoji_89:1188671634509398046>,yanabbbb#0,
"2024-08-13,13:10:45",demon_slayer_tanjiro_kamado,#0,انت صريح بزاف,0_gf#0,
"2024-08-13,13:10:56",0_gf,#0,الكذب حرام,demon_slayer_tanjiro_kamado#0,
"2024-08-13,13:10:57",abdulrazzaq0639,#0,ملور 😂,demon_slayer_tanjiro_kamado#0,
"2024-08-13,13:11:06",0_gf,#0,نضحكوا ؟,abdulrazzaq0639#0,
"2024-08-13,13:11:08",demon_slayer_tanjiro_kamado,#0,شا درت ما رسلت لقاعك والو,abdulrazzaq0639#0,
"2024-08-13,13:11:21",abdulrazzaq0639,#0,هوما واه نتا عط، ي,demon_slayer_tanjiro_kamado#0,
"2024-08-13,13:11:34",demon_slayer_tanjiro_kamado,#0,راك مريض ؟,abdulrazzaq0639#0,
"2024-08-13,13:11:39",demon_slayer_tanjiro_kamado,#0,من ترمتك,,
"2024-08-13,13:11:47",abdulrazzaq0639,#0,لا علا زاوج,demon_slayer_tanjiro_kamado#0,
"2024-08-13,13:11:50",abdulrazzaq0639,#0,سموك,,
"2024-08-13,13:11:57",0_gf,#0,,,https://cdn.discordapp.com/attachments/1227367017661595708/1272890385726963864/Screenshot_-.png?ex=672e000d&is=672cae8d&hm=e5a487f9560322591b2171e941d9e6ebf83c5ea4d9335f603009d93959a320b3&
"2024-08-13,13:12:02",yanabbbb,#0,اسكت@<@1210334819569897552> ماهو ن،قش,abdulrazzaq0639#0,
"2024-08-13,13:12:03",demon_slayer_tanjiro_kamado,#0,<@1210334819569897552> فهمني وش راه صاري يا راس الطوطة,abdulrazzaq0639#0,
"2024-08-13,13:12:22",demon_slayer_tanjiro_kamado,#0,و لا نسرقلك ترمتك,,
"2024-08-13,13:12:25",abdulrazzaq0639,#0,ني، ك وقع,demon_slayer_tanjiro_kamado#0,
"2024-08-13,13:12:36",abdouma_chiko,#0,وعلاه متدخلوش فويس شات ديركت,,
"2024-08-13,13:12:39",demon_slayer_tanjiro_kamado,#0,وين سيرفر تاعي ؟,abdulrazzaq0639#0,
"2024-08-13,13:12:53",abdulrazzaq0639,#0,واه,demon_slayer_tanjiro_kamado#0,
"2024-08-13,13:13:05",demon_slayer_tanjiro_kamado,#0,اتشو دخل سيرفر تاعي,abdulrazzaq0639#0,
"2024-08-13,13:13:12",yanabbbb,#0,اسكت<@1210334819569897552> ماهوش ن،قش,0_gf#0、abdulrazzaq0639#0,
"2024-08-13,13:13:14",abdulrazzaq0639,#0,هتلر حرق حتشون تاع مليتر ونا، ك ريكاردو,demon_slayer_tanjiro_kamado#0,
"2024-08-13,13:13:29",demon_slayer_tanjiro_kamado,#0,مراهق ؟ وش صراله ؟,abdulrazzaq0639#0,
"2024-08-13,13:13:30",abdulrazzaq0639,#0,هتلر عكاوه ايزم بزاففف,,
"2024-08-13,13:14:04",abdulrazzaq0639,#0,دم خرج من زكه انا قلت لهتر يدرلهم هاك لاخاطش مبغاوش يبنيطو,demon_slayer_tanjiro_kamado#0,
"2024-08-13,13:14:56",yanabbbb,#0,و دركا وين راهم,abdulrazzaq0639#0,
"2024-08-13,13:14:57",abdulrazzaq0639,#0,<:Dead_inside:1150410964659863592>,,
"2024-08-13,13:15:23",demon_slayer_tanjiro_kamado,#0,في الزكك,yanabbbb#0,
"2024-08-13,13:15:29",abdulrazzaq0639,#0,ملتر ؤاه في سبيطار تاع هوملاندر مراهق معا حليب افروي,yanabbbb#0,
"2024-08-13,13:16:32",rayer43,#0,يا العطاy تهدر عليا,abdulrazzaq0639#0,
"2024-08-13,13:16:37",abdulrazzaq0639,#0,واه,rayer43#0,
"2024-08-13,13:16:45",abdulrazzaq0639,#0,مامتش الحمدلله,,
"2024-08-13,13:16:48",yanabbbb,#0,اسكت نتا معا صباح ربي تبعت فالبورنو,demon_slayer_tanjiro_kamado#0,
"2024-08-13,13:16:58",demon_slayer_tanjiro_kamado,#0,وين نبعثه ؟,yanabbbb#0,
"2024-08-13,13:16:59",abdulrazzaq0639,#0,😂,yanabbbb#0,
"2024-08-13,13:17:06",abdulrazzaq0639,#0,في سيرفر تاعك,demon_slayer_tanjiro_kamado#0,
"2024-08-13,13:17:17",rayer43,#0,يا وحد العطاy,abdulrazzaq0639#0,
"2024-08-13,13:17:30",abdulrazzaq0639,#0,نتا مبغيتش تبنيط,rayer43#0,
"2024-08-13,13:17:44",rayer43,#0,وي,abdulrazzaq0639#0,
"2024-08-13,13:17:45",demon_slayer_tanjiro_kamado,#0,ايه باش الناس ما تكرهش كل 4 سوايع نبعث فيديو و تصاور,abdulrazzaq0639#0,
"2024-08-13,13:17:48",abdulrazzaq0639,#0,بنيططط <:Dead_inside:1150410964659863592>,,
"2024-08-13,13:17:58",rayer43,#0,ولا تجيني للدار ثاني تمصو؟,abdulrazzaq0639#0,
"2024-08-13,13:17:58",demon_slayer_tanjiro_kamado,#0,زعيم,rayer43#0,
"2024-08-13,13:18:02",abdulrazzaq0639,#0,ماشي صباح,demon_slayer_tanjiro_kamado#0,
"2024-08-13,13:18:11",demon_slayer_tanjiro_kamado,#0,المهم في اي وقت,abdulrazzaq0639#0,
"2024-08-13,13:18:18",abdulrazzaq0639,#0,تلعبلي بيه انا ملتر صوتنا عليك,rayer43#0,
"2024-08-13,13:18:33",rayer43,#0,يا لشكوبي برك بيا محبيتش نبنيط,abdulrazzaq0639#0,
"2024-08-13,13:18:35",abdulrazzaq0639,#0,نتا تبنيط في اي وقت ماشي حنا,demon_slayer_tanjiro_kamado#0,
"2024-08-13,13:18:45",rayer43,#0,و فوقها عندي الحق بيا محبيتش نبنيط,,
"2024-08-13,13:18:48",0_gf,#0,انا كي كنت بل نيترو نتوما مكنتوش تعرفوا ديسكورد,,https://cdn.discordapp.com/attachments/1227367017661595708/1272892109749223527/profile.png?ex=672e01a8&is=672cb028&hm=d9f534a6f5ebbe562f259120fc379e790a89163ff4a4755b3917c96a33cf18e2&
"2024-08-13,13:18:55",demon_slayer_tanjiro_kamado,#0,انا حاب نحبس باش يبقالي هرمون الرجولة,abdulrazzaq0639#0,
"2024-08-13,13:18:57",demon_slayer_tanjiro_kamado,#0,<:gigachad:1150419236989186078>,,
"2024-08-13,13:18:59",abdulrazzaq0639,#0,بميط نقول لهتلر يني،  كك من جديد,rayer43#0,
"2024-08-13,13:19:21",rayer43,#0,و فوقها هذا القط هتلر و حبس تبنيط,abdulrazzaq0639#0,
"2024-08-13,13:19:23",abdulrazzaq0639,#0,لا يزد هرمون رجولة كي تدخل في سيرفر هنتاي <:gigachad:1150419236989186078>,demon_slayer_tanjiro_kamado#0,
"2024-08-13,13:19:30",rayer43,#0,اقعد ضرك كي الق7بة,,
"2024-08-13,13:19:37",rayer43,#0,تقعد برك تقولي بنيط,,
"2024-08-13,13:19:37",abdulrazzaq0639,#0,مسكين<:juan:1150418197581922344>,rayer43#0,
"2024-08-13,13:19:50",abdulrazzaq0639,#0,ميلتر راه بينيط<:juan:1150418197581922344>,rayer43#0,
"2024-08-13,13:19:58",rayer43,#0,أيا بصحتو,abdulrazzaq0639#0,
"2024-08-13,13:20:05",abdulrazzaq0639,#0,<:juan:1150418197581922344>,rayer43#0,
"2024-08-13,13:20:07",demon_slayer_tanjiro_kamado,#0,<@1081296261182935040> <@1210334819569897552> دخلو سيرفر تاعي في الروم تع الاسئلة اليومية,rayer43#0、abdulrazzaq0639#0,
"2024-08-13,13:20:11",demon_slayer_tanjiro_kamado,#0,<:gigachad:1150419236989186078>,,
"2024-08-13,13:20:15",rayer43,#0,اوكي,demon_slayer_tanjiro_kamado#0,
"2024-08-13,13:20:50",0_gf,#0,توحشت بروفايلي القديم,,https://cdn.discordapp.com/attachments/1227367017661595708/1272892622184251403/profile.png?ex=672e0222&is=672cb0a2&hm=c28e8a2ad328007ded49ecb7cfe5e60550acde2afa4324c7b52de10e32219ab8&
"2024-08-13,13:21:21",demon_slayer_tanjiro_kamado,#0,تاعي ما توحشتهش ؟,0_gf#0,
"2024-08-13,13:21:23",raku_9,#0,2020,0_gf#0,
"2024-08-13,13:21:24",demon_slayer_tanjiro_kamado,#0,<:cum:1152013788653031434>,,
"2024-08-13,13:21:39",0_gf,#0,نن,raku_9#0,
"2024-08-13,13:21:45",raku_9,#0,انا ف ديسكورد من 2018,,
"2024-08-13,13:21:47",0_gf,#0,نخدم بل ديسكورد عنددي 6 ولا 7 سنين,,
"2024-08-13,13:21:54",0_gf,#0,بصح بعت دوك لي كونت,,
"2024-08-13,13:22:02",0_gf,#0,جبت بيهم نيرتو غيفت عام,,
"2024-08-13,13:22:43",abdouma_chiko,#0,شكون لي يحب ذراري سغار <:emoji_89:1188671634509398046>,,
"2024-08-13,13:22:48",.zn3,#0,Lunar client W,0_gf#0,
"2024-08-13,13:22:56",0_gf,#0,,,https://cdn.discordapp.com/attachments/1227367017661595708/1272893149336834080/37b563febc945403.png?ex=672e02a0&is=672cb120&hm=6d5b07a3e3c5c79a7f001c16ef86dd8bf872af9b83faf80add9fa635fb668dfb&
"2024-08-13,13:22:59",yanabbbb,#0,دريك,abdouma_chiko#0,
"2024-08-13,13:23:01",0_gf,#0,كان عندي بروفايلات شابين,,
"2024-08-13,13:23:17",0_gf,#0,,.zn3#0,https://cdn.discordapp.com/attachments/1227367017661595708/1272893240303030356/image.png?ex=672e02b5&is=672cb135&hm=0339bce6c0c5c8443e60a00608f57ab86c87dd35182a20fcd1dd242ffd6e958e&
"2024-08-13,13:23:19",.zn3,#0,ماكانش خير من بروفايلي,0_gf#0,
"2024-08-13,13:23:32",.zn3,#0,Roblox 🗣️🗣️🗣️🔥🔥🔥,0_gf#0,
"2024-08-13,13:23:45",0_gf,#0,digi digi digi oh i been matty the long time ago,.zn3#0,
"2024-08-13,13:23:57",yanabbbb,#0,يحبهم بزاف دريك,abdouma_chiko#0,
"2024-08-13,13:24:07",abdouma_chiko,#0,دريك ولا صامط شبعتو 🤦,yanabbbb#0,
"2024-08-13,13:24:07",0_gf,#0,,,https://cdn.discordapp.com/attachments/1227367017661595708/1272893451121197077/sdfe.png?ex=672e02e7&is=672cb167&hm=9a2bd58435aae933b5a31ec337ef012fcf1dbd041f83617d6aad4ed3868ec738&
"2024-08-13,13:24:23",abdouma_chiko,#0,علبالي,yanabbbb#0,
"2024-08-13,13:24:23",.zn3,#0,Badagadigagadagaoo I'll be marry along time ago 🗣️🗣️🗣️🔥🔥🔥,0_gf#0,
"2024-08-13,13:24:27",yanabbbb,#0,صاحب مستربيست,abdouma_chiko#0,
"2024-08-13,13:24:33",0_gf,#0,<a:HighellalDance:1181984946353615019>,.zn3#0,
"2024-08-13,13:24:51",abdouma_chiko,#0,تان جاز عليا,yanabbbb#0,
"2024-08-13,13:24:52",0_gf,#0,جميع يوتيوبر ماين كرافت كي يوصل مليون مشترك,yanabbbb#0,
"2024-08-13,13:25:02",.zn3,#0,Where did u come from where'd u go dgogago 🗣️🗣️🗣️🗣️🔥🔥🔥,,
"2024-08-13,13:25:08",raku_9,#0,Dr disrespect,,
"2024-08-13,13:25:22",.zn3,#0,ava tyson,,
"2024-08-13,13:25:26",yanabbbb,#0,جارنا<:Dead_inside:1150410964659863592> <:uncannycat:1152013915954352148>,abdouma_chiko#0,
"2024-08-13,13:25:45",abdouma_chiko,#0,مليح جاركم <:crazyvegeta73:1150419224922165291>,yanabbbb#0,
"2024-08-13,13:27:58",0_gf,#0,<a:Duckshaker:1113305863084593262>,,
"2024-08-13,13:29:30",yanabbbb,#0,ِ<:emoji_100:1188676439273381919>,0_gf#0,
"2024-08-13,13:38:03",demon_slayer_tanjiro_kamado,#0,عندك تصاور,abdouma_chiko#0,
"2024-08-13,13:38:09",demon_slayer_tanjiro_kamado,#0,و لا فيديوهات,,
"2024-08-13,13:47:33",2jz.o7,#0,"Gift card play store 5$ 
Region usa 
Llbi3",,https://cdn.discordapp.com/attachments/1227367017661595708/1272899346827841681/Screenshot_2024-08-13-03-20-53-993_com.android.vending.jpg?ex=672e0865&is=672cb6e5&hm=fc424314063a31e89e4d5de5d4d0a3be303a99d81173bed89bdd889d32fc2cd9&
"2024-08-13,13:47:52",0_gf,#0,كحلوش,,
"2024-08-13,13:49:01",vaco4real,#0,<:ChineseMan:1150410495434690630>,,
"2024-08-13,13:53:38",just_miloud,#0,جبتو,,
"2024-08-13,13:55:01",demon_slayer_tanjiro_kamado,#0,وي,,
"2024-08-13,13:55:04",themask0239,#0,<@1142540508183416883>,2jz.o7#0,https://cdn.discordapp.com/attachments/1227367017661595708/1272901237423214656/Video.Guru_20240813_135236084.mp4?ex=672e0a28&is=672cb8a8&hm=d0d71c635d981bb3e64f813b8539f8bd84748b5fb6cf2398e3309264b6d65c01&
"2024-08-13,13:55:05",demon_slayer_tanjiro_kamado,#0,يدكم فيه,,
"2024-08-13,13:55:21",2jz.o7,#0,Wch 7ab tchri,themask0239#0,
"2024-08-13,13:55:38",themask0239,#0,كشما تنعم علينا,2jz.o7#0,
"2024-08-13,13:55:39",themask0239,#0,معاك,,
"2024-08-13,13:55:41",0_gf,#0,,,https://cdn.discordapp.com/attachments/1227367017661595708/1272901391278411827/200.gif?ex=672e0a4d&is=672cb8cd&hm=b4f2aeca342a08775c6d13b78d12a7e3ff737d32d1adc4cf1905d8c015f1a45b&
"2024-08-13,13:55:52",2jz.o7,#0,Ya wdi ana znit ro7i bach njibha,themask0239#0,
"2024-08-13,13:56:15",themask0239,#0,أحححح,2jz.o7#0,
"2024-08-13,13:56:31",demon_slayer_tanjiro_kamado,#0,يدكم فيه,,
"2024-08-13,13:56:33",demon_slayer_tanjiro_kamado,#0,يدكم فيه,,
"2024-08-13,13:56:37",0_gf,#0,<@648531388081111080>,a7_b.#0,https://cdn.discordapp.com/attachments/1227367017661595708/1272901628042674246/Snapinsta.app_video_B640AF09E629E4C9B8DE07A8F179F3A7_video_dashinit.mp4?ex=672e0a85&is=672cb905&hm=9f046abaa4fe54c826e1eb737ec11ceb04ca388c0a65bbfac8c99f1fc8c38e62&
"2024-08-13,13:56:39",themask0239,#0,<@1142540508183416883> تشرب حليب ؟,2jz.o7#0,https://cdn.discordapp.com/attachments/1227367017661595708/1272901637140119612/Picsart_24-08-13_09-37-51-140.jpg?ex=672e0a87&is=672cb907&hm=9990fd0e467002098a301b2f8934ceea75f2ab7eb30987a0e756c234f909dbdd&
"2024-08-13,13:57:05",0_gf,#0,,themask0239#0,https://cdn.discordapp.com/attachments/1227367017661595708/1272901744472359013/Screenshot_2024-08-12_171445.png?ex=672e0aa1&is=672cb921&hm=f18fcbffc13e068372f376239c0ae384052b66cbc0722b9a59045a0cbfec21f7&
"2024-08-13,13:57:58",a7_b.,#0,مازا,,
"2024-08-13,13:58:08",0_gf,#0,خزر الفوق,a7_b.#0,
"2024-08-13,13:58:14",0_gf,#0,مستر سلع جابو عليك,,
"2024-08-13,13:58:17",a7_b.,#0,صراتليش,0_gf#0,
"2024-08-13,13:58:23",a7_b.,#0,صرات للعريان,,
"2024-08-13,13:58:34",0_gf,#0,لي فل فيديو لابس حوايج,,
"2024-08-13,13:59:05",0_gf,#0,,,https://cdn.discordapp.com/attachments/1227367017661595708/1272902247315148811/Snapinsta.app_video_064F02104BAD2FE24EDFAC2D0CA27E8D_video_dashinit.mp4?ex=672e0b19&is=672cb999&hm=a43bd2869a2417fdad62ff7181b4fe9f1d6debaab23efd430ff95969dbbd6669&
"2024-08-13,13:59:08",2jz.o7,#0,Nah ydk fihh,themask0239#0,
"2024-08-13,13:59:34",themask0239,#0,أااا,2jz.o7#0,
"2024-08-13,13:59:36",themask0239,#0,عيب عليك,,
"2024-08-13,13:59:40",themask0239,#0,زنجو,,
"2024-08-13,13:59:50",0_gf,#0,رسلي صدرك,,
"2024-08-13,13:59:53",0_gf,#0,ولا فخاذك,,
"2024-08-13,13:59:57",0_gf,#0,نقبل بيهم لزوج,,
"2024-08-13,14:00:15",themask0239,#0,نن,0_gf#0,
"2024-08-13,14:00:22",themask0239,#0,أسرار,,
"2024-08-13,14:00:25",0_gf,#0,<:hermoneThink:1258434209660534936>,,
"2024-08-13,14:00:34",0_gf,#0,سمى حليب ايفروي مشي من بزازلك ؟,,
"2024-08-13,14:00:40",0_gf,#0,<:bruhcat2:984935431328116747>,,
"2024-08-13,14:00:42",0_gf,#0,ow,,
"2024-08-13,14:00:49",themask0239,#0,منيش مبزل لذيك درجة,0_gf#0,
"2024-08-13,14:01:04",themask0239,#0,يجي من جيهة خلاف,,
"2024-08-13,14:01:23",0_gf,#0,,,https://cdn.discordapp.com/attachments/1227367017661595708/1272902829006262328/i_dont_get_it_._ow.gif?ex=672e0ba3&is=672cba23&hm=8b2f4ef994fa618555b6804d02aab36137e131887de8bb78f688e5dcffd4f750&
"2024-08-13,14:01:36",raku_9,#0,مالا وش تحسب,,
"2024-08-13,14:01:40",raku_9,#0,<:KEKYou:1150418200027201566>,,
"2024-08-13,14:01:51",themask0239,#0,<@1180425486720041032>  ميخدعكش مظهر حبحب,0_gf#0,https://cdn.discordapp.com/attachments/1227367017661595708/1272902946396307517/Picsart_24-08-07_23-22-22-693.jpg?ex=672e0bbf&is=672cba3f&hm=bd3a80a233df71e738eb636a8f09dbb1dcbea4e694ef04b7b1f336fac8110fd1&
"2024-08-13,14:02:09",0_gf,#0,مزالوا يصلح,,
"2024-08-13,14:02:21",0_gf,#0,اصبر نحوس علة تصويرتو عريام,,
"2024-08-13,14:02:23",0_gf,#0,ن,,
"2024-08-13,14:02:26",themask0239,#0,ك,,
"2024-08-13,14:03:04",0_gf,#0,الفيمبوي خامج,,
"2024-08-13,14:03:13",0_gf,#0,محلبتينيش بلي يعصروك,,
"2024-08-13,14:03:20",sabo6816,#0,ayooooo,0_gf#0,
"2024-08-13,14:03:26",sabo6816,#0,pause,,
"2024-08-13,14:03:59",0_gf,#0,<@1191354977193570356> مقتلييييش,themask0239#0,
"2024-08-13,14:04:00",0_gf,#0,علااااه,,
"2024-08-13,14:04:05",0_gf,#0,مقتليش بلي تخدم فيهم,,
"2024-08-13,14:06:45",abdulrazzaq0639,#0,شكون راه حال,,
"2024-08-13,14:08:36",abdulrazzaq0639,#0,يدكم فيه,,
"2024-08-13,14:09:21",0_gf,#0,ختك,,
"2024-08-13,14:10:13",vaco4real,#0,<:emoji_108:1197267246662295592>,,
"2024-08-13,14:13:17",0_gf,#0,<:tadcarlfachero36:1152016084430487552> يدك فيه فاكو,vaco4real#0,
"2024-08-13,14:13:38",vaco4real,#0,روح تعطي,0_gf#0,
"2024-08-13,14:13:43",vaco4real,#0,يدي في سوتك,,
"2024-08-13,14:13:50",vaco4real,#0,<:emoji_47:1151909990727163954>,,
"2024-08-13,14:14:04",0_gf,#0,يدك فيه للموت,,
"2024-08-13,14:14:09",0_gf,#0,حتى تبدا تشهق,,
"2024-08-13,14:14:34",vem_3,#0,||جيب فوطو جديدة <@1195134511546105958> <:way61:1152013922229043310> ||,m7_.n8#0,
"2024-08-13,14:14:37",vaco4real,#0,<:yuck:1152016101862023178>,,
"2024-08-13,14:14:46",vaco4real,#0,نتي شكون صحا,0_gf#0,
"2024-08-13,14:15:00",0_gf,#0,انا خو الطنة العظيمة,vaco4real#0,
"2024-08-13,14:15:09",vaco4real,#0,قول بركا متمعني,0_gf#0,
"2024-08-13,14:15:23",0_gf,#0,,vem_3#0,https://cdn.discordapp.com/attachments/1227367017661595708/1272906348681760902/IMG_3804.png?ex=672e0eea&is=672cbd6a&hm=53d9c2023875231a8c98188b05bb1b40427b0fb17ddf0d267f7fd752787e979e&
"2024-08-13,14:15:39",vem_3,#0,نميييي,,
"2024-08-13,14:15:42",vem_3,#0,بوت قلوة,,
"2024-08-13,14:15:51",0_gf,#0,,vaco4real#0,https://cdn.discordapp.com/attachments/1227367017661595708/1272906468793778237/image.png?ex=672e0f07&is=672cbd87&hm=c2e79be7b7bf5a8d7079a363d0d842e51e569477afc3f502f38c8ae142c8521a&
"2024-08-13,14:15:53",vem_3,#0,ف قضيبي<:tadcarlfachero36:1152016084430487552>,0_gf#0,
"2024-08-13,14:15:53",mk_diassss,#0,<:Yes_Honey:1150411382869729290> <:cum:1152013788653031434>,0_gf#0,
"2024-08-13,14:16:25",vaco4real,#0,شك ياه,0_gf#0,
"2024-08-13,14:16:28",vaco4real,#0,life less,,
"2024-08-13,14:16:36",0_gf,#0,ur hand on it,,
"2024-08-13,14:16:37",vaco4real,#0,عندك مية كونت,,
"2024-08-13,14:16:40",vem_3,#0,مص <@870217361733591050>,0z.f#0,
"2024-08-13,14:16:41",demon_slayer_tanjiro_kamado,#0,جماعة,,
"2024-08-13,14:16:41",0z.f,#0,خاوتي انا انسان زوالي واحد الله يذكرو بالخير تبرعلي ب 106كريديت (مت بالفرحة)<:juan:1150418197581922344>,,
"2024-08-13,14:16:49",demon_slayer_tanjiro_kamado,#0,كنت نتمشى,,
"2024-08-13,14:16:51",0z.f,#0,مساسطك؟,vem_3#0,
"2024-08-13,14:17:01",demon_slayer_tanjiro_kamado,#0,في وحد البلاصة مافيتا تا واحد,,
"2024-08-13,14:17:02",vem_3,#0,لا قضيبي,0z.f#0,
"2024-08-13,14:17:13",0_gf,#0,<:HighStrange:1182664214763028560>,0z.f#0,
"2024-08-13,14:17:18",0_gf,#0,<a:skull:1211673713519628328>,vem_3#0,
"2024-08-13,14:17:18",0z.f,#0,علاه عندك؟<:Jerry_Laugh:1150411385424072776>,vem_3#0,
"2024-08-13,14:17:19",demon_slayer_tanjiro_kamado,#0,سمعت صوت تع ن ي ك,,
"2024-08-13,14:17:23",vaco4real,#0,<:cum:1152013788653031434>,,
"2024-08-13,14:17:24",0_gf,#0,<:bruhcat2:984935431328116747>,0z.f#0,
"2024-08-13,14:17:26",vem_3,#0,ما عرفتنيش يا قحجة<:emoji_84:1188620191576367134>,,
"2024-08-13,14:17:28",demon_slayer_tanjiro_kamado,#0,ايا مين قربت,,
"2024-08-13,14:17:28",0_gf,#0,وياااا وش قالك,,
"2024-08-13,14:17:32",0_gf,#0,معندوش,,
"2024-08-13,14:17:33",0_gf,#0,حاوي,,
"2024-08-13,14:17:39",demon_slayer_tanjiro_kamado,#0,خرحجولنا 2 رجالا عريانين,,
"2024-08-13,14:17:43",demon_slayer_tanjiro_kamado,#0,انا و صاحبي,,
"2024-08-13,14:17:45",demon_slayer_tanjiro_kamado,#0,هربنا,,
"2024-08-13,14:17:49",demon_slayer_tanjiro_kamado,#0,و النهاية,,
"2024-08-13,14:17:49",0_gf,#0,,,https://cdn.discordapp.com/attachments/1227367017661595708/1272906964208320624/image.png?ex=672e0f7d&is=672cbdfd&hm=6fcfe8f5c3c54fc45e103130109894aaac24f6b9a418e8845e24fe0d2ef3325c&
"2024-08-13,14:17:53",vaco4real,#0,<:uncannycat:1152013915954352148>,demon_slayer_tanjiro_kamado#0,
"2024-08-13,14:17:57",0z.f,#0,مقوتلكش احكيلي حياتك<:Dead_inside:1150410964659863592>,demon_slayer_tanjiro_kamado#0,
"2024-08-13,14:18:02",vem_3,#0,قحب<:emoji_84:1188620191576367134>,0z.f#0,
"2024-08-13,14:18:05",mk_diassss,#0,سخنت,0_gf#0,
"2024-08-13,14:18:11",vem_3,#0,نمي رجلين,0_gf#0,
"2024-08-13,14:18:11",0_gf,#0,راه يقولك كيفاه فقدت غشاء البكرة,0z.f#0,
"2024-08-13,14:18:11",abdulrazzaq0639,#0,<:Dead_inside:1150410964659863592>,demon_slayer_tanjiro_kamado#0,
"2024-08-13,14:18:11",0z.f,#0,<:KEKYou:1150418200027201566>,vem_3#0,
"2024-08-13,14:18:17",0_gf,#0,يطنن على الرجلين,mk_diassss#0,
"2024-08-13,14:18:18",0z.f,#0,تناك,0_gf#0,
"2024-08-13,14:18:20",0_gf,#0,اقتل روحك,,
"2024-08-13,14:18:36",0z.f,#0,فيهم الفاغني<:ahegao:1150410734057033738>,0_gf#0,
"2024-08-13,14:18:44",vaco4real,#0,عندي تصويرة و نت تطلب في بنت الناس ترسلك رجليها,0_gf#0,
"2024-08-13,14:18:46",mk_diassss,#0,تحيا رجيلات 🦶,0_gf#0,
"2024-08-13,14:18:46",demon_slayer_tanjiro_kamado,#0,جماعة شكون يحب ترام,,
"2024-08-13,14:18:51",demon_slayer_tanjiro_kamado,#0,🍑,,
"2024-08-13,14:19:02",0z.f,#0,ويلبسو بليغة تاع عقاش وريش,,
"2024-08-13,14:19:03",vaco4real,#0,<:emoji_89:1188671634509398046>,,
"2024-08-13,14:19:11",abdulrazzaq0639,#0,بيضين <:fbiSpong:1150411393087045682>,mk_diassss#0,
"2024-08-13,14:19:17",0_gf,#0,ن_يك_ حياتك,vaco4real#0,
"2024-08-13,14:19:20",0_gf,#0,حمد الله متقدرش ترسل,,
"2024-08-13,14:19:24",0z.f,#0,راح تبعثلنا ترمتك؟<:Dead_inside:1150410964659863592>,demon_slayer_tanjiro_kamado#0,
"2024-08-13,14:19:25",vem_3,#0,البزول >>>>>>,mk_diassss#0,
"2024-08-13,14:19:34",abdulrazzaq0639,#0,واه <:Dead_inside:1150410964659863592>,0z.f#0,
"2024-08-13,14:19:35",0_gf,#0,<:2914039482_preview_7616381693185:1114529369755496509>  i agree,vem_3#0,
"2024-08-13,14:19:41",0_gf,#0,العصير و الحيس فل بزول,,
"2024-08-13,14:19:42",vaco4real,#0,<:Dead_inside:1150410964659863592>,0_gf#0,
"2024-08-13,14:19:43",0_gf,#0,و الحليب,,
"2024-08-13,14:19:43",demon_slayer_tanjiro_kamado,#0,رح نبعثلك الز ب ي,0z.f#0,
"2024-08-13,14:19:46",0_gf,#0,بنبن على ايفروي,,
"2024-08-13,14:19:54",hv.u,#0,طنة العظيمة وين راهي ؟؟,0_gf#0,
"2024-08-13,14:19:55",0z.f,#0,مافيهاش عيب<:Dead_inside:1150410964659863592>,0_gf#0,
"2024-08-13,14:19:57",vem_3,#0,تفهم<:tadcarlfachero36:1152016084430487552>,0_gf#0,
"2024-08-13,14:20:02",demon_slayer_tanjiro_kamado,#0,<@685070229138702366>,hv.u#0,
"2024-08-13,14:20:10",0z.f,#0,هذا وين قتلك معندكش<:uncannycat:1152013915954352148>,demon_slayer_tanjiro_kamado#0,
"2024-08-13,14:20:12",0_gf,#0,<@1161011140810248283>,tata_zinb#0、hv.u#0,
"2024-08-13,14:20:12",abdulrazzaq0639,#0,اسم مليح 😂,demon_slayer_tanjiro_kamado#0,
"2024-08-13,14:20:17",hv.u,#0,توأم تاعي فالعالم الموازي,demon_slayer_tanjiro_kamado#0,
"2024-08-13,14:20:29",demon_slayer_tanjiro_kamado,#0,<:therockreaction5:1152013878641819768>,0z.f#0,
"2024-08-13,14:20:45",demon_slayer_tanjiro_kamado,#0,التوام انا تاعي,hv.u#0,
"2024-08-13,14:20:50",hv.u,#0,هذي طاطا زينة معندهاش طنة,0_gf#0,
"2024-08-13,14:20:50",0z.f,#0,<@685070229138702366> علاه راك داير قرآن فالبايو تاعك<:Dead_inside:1150410964659863592>,hv.u#0,
"2024-08-13,14:21:02",hv.u,#0,فضحنا اشششششش,0z.f#0,
"2024-08-13,14:21:07",0_gf,#0,<@1240035711617339483>,yacine0928#0,
"2024-08-13,14:21:09",abdulrazzaq0639,#0,عندها طنة عضيمة,hv.u#0,
"2024-08-13,14:21:10",vaco4real,#0,<:ahegao:1150410734057033738>,,
"2024-08-13,14:21:19",vem_3,#0,يقعرها ويتقرب لربي باش يدير التوازن,0z.f#0,
"2024-08-13,14:21:23",vem_3,#0,استغفر الله,,
"2024-08-13,14:21:24",hv.u,#0,لبنات معندهمش طنة,abdulrazzaq0639#0,
"2024-08-13,14:21:41",0z.f,#0,جاي كيما انا نجيب 10 ممبعد نروح نصلي<:Dead_inside:1150410964659863592>,vem_3#0,
"2024-08-13,14:21:44",0_gf,#0,i just wanna a pic,,
"2024-08-13,14:21:48",demon_slayer_tanjiro_kamado,#0,وات فاك,0_gf#0,
"2024-08-13,14:21:49",abdulrazzaq0639,#0,لا لبنات يكاسكو بسح هاذي كاكا عندها طنة,hv.u#0,
"2024-08-13,14:21:50",0z.f,#0,يمشيلي بلا vpn<:juan:1150418197581922344>,0_gf#0,
"2024-08-13,14:21:51",vem_3,#0,send<:tadcarlfachero36:1152016084430487552>,0_gf#0,
"2024-08-13,14:21:57",0_gf,#0,same,0z.f#0,
"2024-08-13,14:22:03",0_gf,#0,opera gx  on top,,
"2024-08-13,14:22:16",vem_3,#0,يا النوقش وتقلي نتا تصلي مجونب,0z.f#0,
"2024-08-13,14:22:38",0z.f,#0,نجيب كي يجي ليل يجيني تأنيب ضمير نروح ندوش ونصلي,vem_3#0,
"2024-08-13,14:22:58",vem_3,#0,كذاب تجيبو و ترقد علابالي بيك<:way61:1152013922229043310>,0z.f#0,
"2024-08-13,14:23:14",0_gf,#0,the fak,,
"2024-08-13,14:23:15",vem_3,#0,امحي,0_gf#0,
"2024-08-13,14:23:16",demon_slayer_tanjiro_kamado,#0,انا تاني شاك فيه,vem_3#0,
"2024-08-13,14:23:17",vem_3,#0,امحيييي,,
"2024-08-13,14:23:30",0_gf,#0,<:tadcarlfachero36:1152016084430487552>  متطلبش الكرة الجاية,vem_3#0,
"2024-08-13,14:23:31",abdulrazzaq0639,#0,انا تاني لبارح,demon_slayer_tanjiro_kamado#0,
"2024-08-13,14:23:35",0_gf,#0,المرة الجاية,,
"2024-08-13,14:23:40",vem_3,#0,<:way61:1152013922229043310>,0_gf#0,
"2024-08-13,14:23:44",0z.f,#0,كيفاه عرفت<:NIGGA_omg:1150394296680329226>,vem_3#0,
"2024-08-13,14:23:53",abdulrazzaq0639,#0,<:uncannycat:1152013915954352148>,0z.f#0,
"2024-08-13,14:23:55",vem_3,#0,نقرا المستقبل مالترمه,0z.f#0,
"2024-08-13,14:24:08",0z.f,#0,عندك datashow في ترمتك؟,vem_3#0,
"2024-08-13,14:24:20",0_gf,#0,وش هو المستقبل نتاعو,vem_3#0,https://cdn.discordapp.com/attachments/1227367017661595708/1272908602016923790/image.png?ex=672e1104&is=672cbf84&hm=e53e527c1a64cfdfae1bd302eab0b6f7aadcaefccb0ecfd0c369c7b77ac1997a&
"2024-08-13,14:24:26",abdulrazzaq0639,#0,قاع نديروها <:emoji_104:1191547769664573450> <:emoji_104:1191547769664573450>,0z.f#0,
"2024-08-13,14:24:33",vem_3,#0,+ مانقدرش نقرا المستقبل تاعي<:way61:1152013922229043310>,0z.f#0,
"2024-08-13,14:24:49",vem_3,#0,ما نقراش تاع الكحالش تاني,0_gf#0,
"2024-08-13,14:24:58",abdulrazzaq0639,#0,تاع ناس وصاي 😂,vem_3#0,
"2024-08-13,14:25:00",0_gf,#0,useless,vem_3#0,
"2024-08-13,14:25:00",0z.f,#0,مساسط روبلوكسية كحلوشة<:ahegao:1150410734057033738>,0_gf#0,
"2024-08-13,14:25:11",abdulrazzaq0639,#0,طننة نتا,0z.f#0,
"2024-08-13,14:25:26",ntpr5,#0,<:gigachad:1150419236989186078>,,
"2024-08-13,14:25:35",abdulrazzaq0639,#0,<:juan:1150418197581922344> <:KEKYou:1150418200027201566>,,
"2024-08-13,14:25:45",ntpr5,#0,<a:nervouslaughter9:1152016046820163688>  wsh khawti,,
"2024-08-13,14:25:59",ntpr5,#0,zb mltwi,,
"2024-08-13,14:26:00",abdulrazzaq0639,#0,نتا ابليس,ntpr5#0,
"2024-08-13,14:26:01",ntpr5,#0,wtf,,
"2024-08-13,14:26:06",ntpr5,#0,achnou had asem,,
"2024-08-13,14:26:07",mk_diassss,#0,<:Yes_Honey:1150411382869729290>,ntpr5#0,
"2024-08-13,14:26:11",ntpr5,#0,<:NIGGA_omg:1150394296680329226>,,
"2024-08-13,14:26:17",abdulrazzaq0639,#0,اسمك,ntpr5#0,
"2024-08-13,14:26:21",ntpr5,#0,zb mplati,mk_diassss#0,
"2024-08-13,14:26:23",ntpr5,#0,?,,
"2024-08-13,14:26:23",0z.f,#0,خدايم جوني هذو<:KEKYou:1150418200027201566>,ntpr5#0,
"2024-08-13,14:26:29",abdulrazzaq0639,#0,اعوذ بالله من الشيطان الرجيم,ntpr5#0,
"2024-08-13,14:26:37",ntpr5,#0,hhhh,abdulrazzaq0639#0,
"2024-08-13,14:26:45",ntpr5,#0,ssah hhh,0z.f#0,
"2024-08-13,14:26:50",abdulrazzaq0639,#0,بسح هاذا اسم ولا شعودة,,
"2024-08-13,14:26:53",0_gf,#0,خاوتي تعرفوا النكتة نتع ن_يك م_ك,,
"2024-08-13,14:27:00",0z.f,#0,تاع قشيحة؟,0_gf#0,
"2024-08-13,14:27:03",0z.f,#0,نعرفها,,
"2024-08-13,14:27:05",abdulrazzaq0639,#0,نعرفو نقولها قاع,0_gf#0,
"2024-08-13,14:27:08",0_gf,#0,لالا نقولهالك ؟,0z.f#0,
"2024-08-13,14:27:11",ntpr5,#0,كقاش مع طنة تاع اوت,0_gf#0,
"2024-08-13,14:27:14",0z.f,#0,نكمك<:Dead_inside:1150410964659863592>,0_gf#0,
"2024-08-13,14:27:21",0_gf,#0,الخدمة و القدام,ntpr5#0,
"2024-08-13,14:27:21",whodvl.,#0,<:cum:1152013788653031434>,,
"2024-08-13,14:27:21",0z.f,#0,قلتها في بلاصتك,,
"2024-08-13,14:27:35",0z.f,#0,مصطلح قديم هذا<:Dead_inside:1150410964659863592>,ntpr5#0,
"2024-08-13,14:27:47",abdulrazzaq0639,#0,تكتب خيف ماشاله شكون معاك في دار<:emoji_104:1191547769664573450>,0z.f#0,
"2024-08-13,14:27:50",abdulrazzaq0639,#0,<:emoji_104:1191547769664573450>,,
"2024-08-13,14:28:56",mk_diassss,#0,شكون حاب يدخل سيرفر تع هنتاي,,
"2024-08-13,14:29:00",abdulrazzaq0639,#0,شكون راه في فوكو بورافايل تاعك,mk_diassss#0,
"2024-08-13,14:29:01",0_gf,#0,نن,,
"2024-08-13,14:29:06",0_gf,#0,انا نرسللكم الهنتاي,,
"2024-08-13,14:29:07",abdulrazzaq0639,#0,فوطو,mk_diassss#0,
"2024-08-13,14:29:08",0_gf,#0,الحين,,
"2024-08-13,14:29:10",whodvl.,#0,🤔 prolly me,mk_diassss#0,
"2024-08-13,14:29:17",abdulrazzaq0639,#0,ناه,0_gf#0,
"2024-08-13,14:29:19",0z.f,#0,راك حاب تعرف<:uncannycat:1152013915954352148>,abdulrazzaq0639#0,
"2024-08-13,14:29:34",abdulrazzaq0639,#0,لا <:Dead_inside:1150410964659863592>,0z.f#0,
"2024-08-13,14:29:34",0z.f,#0,ارسلي فالبريفي<:Dead_inside:1150410964659863592>,0_gf#0,
"2024-08-13,14:29:36",0_gf,#0,نرجعوا ؟,,https://cdn.discordapp.com/attachments/1227367017661595708/1272909928448921624/profile.png?ex=672e1240&is=672cc0c0&hm=fc784d478f74a50ef5247bd1c7150dce7bcea5eeb732c0d415153002b1b9d14d&
"2024-08-13,14:29:43",0_gf,#0,توحشت البروفيل نتاعي,,
"2024-08-13,14:29:51",mk_diassss,#0,Rei ayanami,abdulrazzaq0639#0,
"2024-08-13,14:29:52",abdulrazzaq0639,#0,دبر راسك,0_gf#0,
"2024-08-13,14:29:55",0_gf,#0,مع ان الفوطو بروفيل راحتلي هي و البانر يزح,,
"2024-08-13,14:30:01",themask0239,#0,,0_gf#0,https://cdn.discordapp.com/attachments/1227367017661595708/1272910034346577981/Video.Guru_20240813_135236084.mp4?ex=672e1259&is=672cc0d9&hm=3781c65692f592b38c2a3eb7e37c9c0231277c877201e45619a0a87c66a7be2b&
"2024-08-13,14:30:16",0_gf,#0,لقيتك في porn hub,themask0239#0,
"2024-08-13,14:30:24",0_gf,#0,و الجماعة راهي شاهدة,,
"2024-08-13,14:30:26",abdulrazzaq0639,#0,<:NIGGA_omg:1150394296680329226>,0_gf#0,
"2024-08-13,14:30:26",themask0239,#0,أثبت,0_gf#0,
"2024-08-13,14:30:38",abdulrazzaq0639,#0,علابالك <:Dead_inside:1150410964659863592>,themask0239#0,
"2024-08-13,14:30:47",themask0239,#0,نتحداك مكانش فضيحة عليا,0_gf#0,
"2024-08-13,14:30:55",m3d.com,#0,<:emoji_13:1257388270195703859>,,
"2024-08-13,14:30:55",0z.f,#0,من قدرتي الفكرية ومعرفتي الواسعة من الناحية التكتيكية والمبدئية منذ القدم و بصفتي متمرس وخبيير وبحكم موهبتي الدبلوماسية والسياسية والعقلية و اني انسان خلوق و ذكي,0_gf#0,
"2024-08-13,14:31:11",0z.f,#0,كمل,,
"2024-08-13,14:31:12",m3d.com,#0,شيكور نديرها فالبيو,0z.f#0,
"2024-08-13,14:31:22",0z.f,#0,خلصني<:Dead_inside:1150410964659863592>,m3d.com#0,
"2024-08-13,14:31:31",themask0239,#0,راهو يتمنيخ,abdulrazzaq0639#0,
"2024-08-13,14:31:50",abdulrazzaq0639,#0,كاين نتا كنت قادب زوج ز، بوبا في وحد هنتاي,themask0239#0,
"2024-08-13,14:32:10",0_gf,#0,نتا ولا مشي نتا,,
"2024-08-13,14:32:11",themask0239,#0,وتف 💀,0_gf#0,
"2024-08-13,14:32:14",abdulrazzaq0639,#0,دليل ياخو,0_gf#0,
"2024-08-13,14:32:15",m3d.com,#0,<a:HY_IDK:1201960999390023731>,0z.f#0,
"2024-08-13,14:32:16",0_gf,#0,نتا هو,,
"2024-08-13,14:32:19",abdulrazzaq0639,#0,تفرجته كامل انا,,
"2024-08-13,14:32:24",aneskedd32,#0,damn,0_gf#0,
"2024-08-13,14:33:09",0z.f,#0,ابعثلنا الرابط<:Dead_inside:1150410964659863592>,,
"2024-08-13,14:33:17",abdulrazzaq0639,#0,قارع,0z.f#0,
"2024-08-13,14:33:21",aneskedd32,#0,واش خو تحلتلك,0z.f#0,
"2024-08-13,14:33:23",abdulrazzaq0639,#0,<:Dead_inside:1150410964659863592> <:juan:1150418197581922344>,,
"2024-08-13,14:33:29",whodvl.,#0,ما كانش منها,,
"2024-08-13,14:33:31",m3d.com,#0,حبيبنا عندو موتور مشي واحد جاب 4 صباح و حاب يزيد,,
"2024-08-13,14:33:34",m3d.com,#0,<:uncannycat:1152013915954352148>,,
"2024-08-13,14:33:46",aneskedd32,#0,علابالنا راهو داير f12 ومبدل,whodvl.#0,
"2024-08-13,14:33:49",abdulrazzaq0639,#0,انا جبته 3 خطرات ليوم,,
"2024-08-13,14:33:58",m3d.com,#0,<:uncannycat:1152013915954352148>,,
"2024-08-13,14:34:01",whodvl.,#0,😂,,
"2024-08-13,14:34:09",abdulrazzaq0639,#0,<:uncannycat:1152013915954352148> <:Dead_inside:1150410964659863592> راني سيرو,,
"2024-08-13,14:34:16",0_gf,#0,نرسل ؟,,
"2024-08-13,14:34:17",aneskedd32,#0,اوكي,abdulrazzaq0639#0,
"2024-08-13,14:34:20",0z.f,#0,ارسل,0_gf#0,
"2024-08-13,14:34:24",0z.f,#0,لي يهدر معاك,,
"2024-08-13,14:34:24",abdulrazzaq0639,#0,بورنو,0_gf#0,
"2024-08-13,14:34:26",0z.f,#0,قولو سكورب,,
"2024-08-13,14:34:30",vv_sr7,#0,,,https://cdn.discordapp.com/attachments/1227367017661595708/1272911160546426912/Capture_decran_2024-06-20_202519.png?ex=672e1366&is=672cc1e6&hm=691d40a8bb05b076676a1154144053ceadf7dd0fcff8b796f689f050147e063d&
"2024-08-13,14:34:34",abdulrazzaq0639,#0,لا,0z.f#0,
"2024-08-13,14:34:45",_.69_.,#0,<@1210334819569897552> شحال في عمرك؟,abdulrazzaq0639#0,
"2024-08-13,14:34:46",mk_diassss,#0,سكورب,0z.f#0,
"2024-08-13,14:34:48",abdulrazzaq0639,#0,كاينة,vv_sr7#0,
"2024-08-13,14:34:54",aneskedd32,#0,<@1210334819569897552> شحال في عمرك صديقي,abdulrazzaq0639#0,
"2024-08-13,14:34:57",0z.f,#0,خاوتي لقيت سامي يحلل في ناريمان تبعثلو رجليها<:Dead_inside:1150410964659863592>,,
"2024-08-13,14:34:57",abdulrazzaq0639,#0,علاه,_.69_.#0,
"2024-08-13,14:34:58",_.69_.,#0,<@1210334819569897552> 😎,abdulrazzaq0639#0,
"2024-08-13,14:35:06",_.69_.,#0,🫦,abdulrazzaq0639#0,
"2024-08-13,14:35:07",abdulrazzaq0639,#0,<:uncannycat:1152013915954352148>,_.69_.#0,
"2024-08-13,14:35:15",vv_sr7,#0,عود كحلوش,mk_diassss#0,
"2024-08-13,14:35:16",_.69_.,#0,وش اسمك,abdulrazzaq0639#0,
"2024-08-13,14:35:18",abdulrazzaq0639,#0,تبع ظراري نتا,_.69_.#0,
"2024-08-13,14:35:23",0z.f,#0,حاب تولي صاحبي مشي قود<:tomfrownface59:1152013900150218822>,mk_diassss#0,
"2024-08-13,14:35:27",_.69_.,#0,ايه 🫦,abdulrazzaq0639#0,
"2024-08-13,14:35:29",abdulrazzaq0639,#0,منقولكش بعد,_.69_.#0,
"2024-08-13,14:35:36",abdulrazzaq0639,#0,هيل ناه برو,_.69_.#0,
"2024-08-13,14:35:38",_.69_.,#0,تحبني 🫦,abdulrazzaq0639#0,
"2024-08-13,14:35:39",abdou052122,#0,وشراكم,,
"2024-08-13,14:35:49",mk_diassss,#0,<:9k:1189273274455179358> <:9k:1189273274455179358> <:9k:1189273274455179358>,0z.f#0,
"2024-08-13,14:35:49",abdulrazzaq0639,#0,انا تاني نتبع دراري,_.69_.#0,
"2024-08-13,14:35:51",aneskedd32,#0,رانا لباس الحمدلله,abdou052122#0,
"2024-08-13,14:35:52",_.69_.,#0,شحال عمرك👄,abdou052122#0,
"2024-08-13,14:36:03",_.69_.,#0,ايا مليح شحال عمرك 🫦,abdulrazzaq0639#0,
"2024-08-13,14:36:11",_.69_.,#0,قولي دادي,,
"2024-08-13,14:36:13",whodvl.,#0,damn,,
"2024-08-13,14:36:14",_.69_.,#0,🫦,,
"2024-08-13,14:36:17",0_gf,#0,,,https://cdn.discordapp.com/attachments/1227367017661595708/1272911611451019286/image.png?ex=672e13d1&is=672cc251&hm=a031fc78f85f4afe8f20b5730e5ab6a822a17938a4216dbd074b9ca606831ae9&
"2024-08-13,14:36:18",0_gf,#0,هو ولا مشي هو,,
"2024-08-13,14:36:20",0_gf,#0,ه,,
"2024-08-13,14:36:21",0_gf,#0,هو,,
"2024-08-13,14:36:25",abdulrazzaq0639,#0,قلاوي ديب بالحليب خلطهم وشرب حطهم في ترامك تريح في عامك,aneskedd32#0,
"2024-08-13,14:36:27",vv_sr7,#0,قلاوي عصفور,aneskedd32#0,
"2024-08-13,14:36:34",_.69_.,#0,🫦💦,0_gf#0,
"2024-08-13,14:36:43",abdulrazzaq0639,#0,لا كذب وافتراء,0_gf#0,
"2024-08-13,14:36:49",themask0239,#0,هات لينك,0_gf#0,
"2024-08-13,14:36:52",vv_sr7,#0,نايف عمامك تريح في عامك,abdulrazzaq0639#0,
"2024-08-13,14:36:53",mk_diassss,#0,kayna,0_gf#0,
"2024-08-13,14:36:54",_.69_.,#0,ارواح بريفي 🫦,abdulrazzaq0639#0,
"2024-08-13,14:36:55",abdulrazzaq0639,#0,اي يو,themask0239#0,
"2024-08-13,14:37:01",0_gf,#0,نتع واش,themask0239#0,
"2024-08-13,14:37:07",0z.f,#0,نهدر نهدر<:juan:1150418197581922344>,0_gf#0,
"2024-08-13,14:37:12",_.69_.,#0,ابعتلي رجليك في بريفي 🫦,themask0239#0,
"2024-08-13,14:37:12",themask0239,#0,نتع هذاك موقع,0_gf#0,
"2024-08-13,14:37:21",aneskedd32,#0,por hun,themask0239#0,
"2024-08-13,14:37:23",0_gf,#0,متعرفش porn hub ?,themask0239#0,
"2024-08-13,14:37:28",themask0239,#0,<:9k:1189273274455179358>,_.69_.#0,
"2024-08-13,14:37:29",abdulrazzaq0639,#0,لي لقيت فيه فروتي وانا,themask0239#0,
"2024-08-13,14:37:30",0_gf,#0,راه فل بروفيل نتاعي,,
"2024-08-13,14:37:32",vv_sr7,#0,شكرا يا عميل f.b.i,aneskedd32#0,
"2024-08-13,14:37:32",_.69_.,#0,🫦,0_gf#0,
"2024-08-13,14:37:37",0z.f,#0,واش وليدو وراهالك صاحبك جاي تتخايل علينا <:juan:1150418197581922344>,abdulrazzaq0639#0,
"2024-08-13,14:37:38",abdulrazzaq0639,#0,<:emoji_104:1191547769664573450>,,
"2024-08-13,14:37:42",0_gf,#0,نقلهم نتا وش قتلي ’,_.69_.#0,
"2024-08-13,14:37:44",0_gf,#0,؟,,
"2024-08-13,14:37:47",0_gf,#0,نفضحك ؟,,
"2024-08-13,14:37:49",_.69_.,#0,ايه 🫦,0_gf#0,
"2024-08-13,14:37:56",_.69_.,#0,ايه 🫦,0_gf#0,
"2024-08-13,14:37:57",abdulrazzaq0639,#0,وارهالي سموك,0z.f#0,
"2024-08-13,14:38:02",themask0239,#0,<@1180425486720041032>  تنخيه ولا نعطيك باند ؟ 🥰,0_gf#0,
"2024-08-13,14:38:12",0_gf,#0,وش نح,themask0239#0,
"2024-08-13,14:38:12",abdulrazzaq0639,#0,باند,themask0239#0,
"2024-08-13,14:38:20",_.69_.,#0,🫦🔥,themask0239#0,
"2024-08-13,14:38:20",abdulrazzaq0639,#0,روحك,0_gf#0,
"2024-08-13,14:38:29",themask0239,#0,<@1180425486720041032>,0_gf#0,
"2024-08-13,14:38:31",abdulrazzaq0639,#0,نتا غلباتك طنة اوت,_.69_.#0,
"2024-08-13,14:38:32",aneskedd32,#0,<@1267948398594621450>  bro,abulhbmtnn_05887#0,
"2024-08-13,14:38:41",0z.f,#0,<@1121366609131475050> راني بعثتلك سامي يحلل في ناريمان,_.69_.#0,
"2024-08-13,14:38:42",0_gf,#0,اني محيتوا,themask0239#0,
"2024-08-13,14:38:44",abdulrazzaq0639,#0,شيل,aneskedd32#0,
"2024-08-13,14:38:44",vv_sr7,#0,wtf,aneskedd32#0,
"2024-08-13,14:38:52",_.69_.,#0,🏳️‍⚧️🤝🏳️‍🌈,0z.f#0,
"2024-08-13,14:38:56",abdulrazzaq0639,#0,زيد تاع كيما نعري عليك,0_gf#0,
"2024-08-13,14:39:00",aneskedd32,#0,NIGGA WHAT,_.69_.#0,
"2024-08-13,14:39:03",abdulrazzaq0639,#0,وات,_.69_.#0,
"2024-08-13,14:39:03",whodvl.,#0,Ya rebek 3lah ga3 esmawat Horny,,
"2024-08-13,14:39:08",themask0239,#0,هيه منيش قادر على ذنوب جارية ندي معاك ونتا تدي معيا,0_gf#0,
"2024-08-13,14:39:11",abdou052122,#0,شكون هذا المتحول,,
"2024-08-13,14:39:13",0z.f,#0,كان حاب يشوف رجليها<:Dead_inside:1150410964659863592>,_.69_.#0,
"2024-08-13,14:39:14",aneskedd32,#0,,,
"2024-08-13,14:39:16",vv_sr7,#0,برا نايك,_.69_.#0,
"2024-08-13,14:39:21",s_o_t_f,#0,جماعة زادو باناوني فل فايسبوك منقدرش نكومونتي ، كاش حل,,
"2024-08-13,14:39:21",abdulrazzaq0639,#0,حلال,themask0239#0,
"2024-08-13,14:39:26",0_gf,#0,بصح نتا قتلي فضحني نورمال,themask0239#0,
"2024-08-13,14:39:26",themask0239,#0,<@1183808376375873557> شوف ليه راهو يتحرش بيا,_.69_.#0、vv_sr7#0,
"2024-08-13,14:39:32",_.69_.,#0,🫦,themask0239#0,
"2024-08-13,14:39:36",abdulrazzaq0639,#0,وات <:NIGGA_omg:1150394296680329226>,themask0239#0,
"2024-08-13,14:39:44",0z.f,#0,فايسبوك يا الزح<:Dead_inside:1150410964659863592>,s_o_t_f#0,
"2024-08-13,14:39:50",themask0239,#0,قتلك معندكش فضيحة تاعي مشي تخدملي فاضيحة,0_gf#0,
"2024-08-13,14:39:55",abdulrazzaq0639,#0,<:juan:1150418197581922344>,0z.f#0,
"2024-08-13,14:40:04",aneskedd32,#0,chkopi wash hado l ismawat li mdayrinhom,,
"2024-08-13,14:40:04",abdulrazzaq0639,#0,كاينة,themask0239#0,
"2024-08-13,14:40:04",themask0239,#0,نن مش نفس شئ,0_gf#0,
"2024-08-13,14:40:06",_.69_.,#0,جدي وراهو يقول قديم 🫦,0z.f#0,
"2024-08-13,14:40:06",vv_sr7,#0,ياخو تزيد تقربله تشبع قلوةذ,_.69_.#0,
"2024-08-13,14:40:11",aneskedd32,#0,<a:skull_whatt:1125506478019727450>,,
"2024-08-13,14:40:22",themask0239,#0,صحيت حبحب,vv_sr7#0,
"2024-08-13,14:40:24",whodvl.,#0,cheft,aneskedd32#0,
"2024-08-13,14:40:24",_.69_.,#0,وش بيك قلوتك تصطر؟,vv_sr7#0,
"2024-08-13,14:40:30",0_gf,#0,,,https://cdn.discordapp.com/attachments/1227367017661595708/1272912670818832405/image.png?ex=672e14ce&is=672cc34e&hm=2ff06fbad133e029f66dd0f545ee2d2e25ab2697ce0107d731b5e3f6c72490c9&
"2024-08-13,14:40:31",0_gf,#0,هو ولا مشي هو,,
"2024-08-13,14:40:32",0_gf,#0,هو,,
"2024-08-13,14:40:37",s_o_t_f,#0,"ياودي راني معلن الحرب على الشواذ ، الملحدين ، ""المسلمين"" ، العنصريين راني مشوطهم فتعليقات",0z.f#0,
"2024-08-13,14:40:38",abdulrazzaq0639,#0,يدكم فيه,,
"2024-08-13,14:40:48",0z.f,#0,حسن الاملاء ممبعد شبعو قلوة,vv_sr7#0,
"2024-08-13,14:40:49",f._.13,#0,الطـنة نتاع  أوت راك شايف,aneskedd32#0,
"2024-08-13,14:40:51",0_gf,#0,سمى مفيهاش فيديو تقلنا كيفاه تصنع حليب,themask0239#0,
"2024-08-13,14:40:51",vv_sr7,#0,قد انذر من اعذر,_.69_.#0,
"2024-08-13,14:41:03",themask0239,#0,نن أسرار مصنع,0_gf#0,
"2024-08-13,14:41:08",vv_sr7,#0,بوت دك يعطيك ميوت,0z.f#0,
"2024-08-13,14:41:11",aneskedd32,#0,<:huhskull:1144236440176308234>,0_gf#0,
"2024-08-13,14:41:11",vv_sr7,#0,حمار,,
"2024-08-13,14:41:11",0z.f,#0,اطغى على الكحالش كثر <:juan:1150418197581922344>,s_o_t_f#0,
"2024-08-13,14:41:13",_.69_.,#0,ياخو انا منهدرش هكذا 🙃,0_gf#0,
"2024-08-13,14:41:15",abdou052122,#0,تعس روحك ولا تشبع طوطا,vv_sr7#0,
"2024-08-13,14:41:21",0z.f,#0,روح تشكم<:juan:1150418197581922344>,vv_sr7#0,
"2024-08-13,14:41:27",0_gf,#0,,,https://cdn.discordapp.com/attachments/1227367017661595708/1272912911492186152/image.png?ex=672e1507&is=672cc387&hm=7496ff5eb68320f6ef884699d59f10d0ce3ef82d7d940a9943a8085bdc3fc9b5&
"2024-08-13,14:41:30",0_gf,#0,هو ولا مشي هو,,
"2024-08-13,14:41:32",_.69_.,#0,عس ترمتك 🫦,abdou052122#0,
"2024-08-13,14:41:45",_.69_.,#0,هذا نقولو بالاك يبان بليدي,0_gf#0,
"2024-08-13,14:41:45",0z.f,#0,<:juan:1150418197581922344>,0_gf#0,
"2024-08-13,14:41:48",0_gf,#0,نتا هو,_.69_.#0,
"2024-08-13,14:41:49",vv_sr7,#0,والو خطرة قعدت غي نطيح عطاني ميوت نهار,0z.f#0,
"2024-08-13,14:41:50",0_gf,#0,بلع,,
"2024-08-13,14:41:52",s_o_t_f,#0,سورتو هادوك الاوروبيين العنصريين راني نايكهم,0z.f#0,
"2024-08-13,14:42:04",_.69_.,#0,ني ك طوطة تع باباك,0_gf#0,
"2024-08-13,14:42:05",0z.f,#0,متزيدليشش<:NIGGA_omg:1150394296680329226>,vv_sr7#0,
"2024-08-13,14:42:09",themask0239,#0,<@1180425486720041032>,0_gf#0,https://cdn.discordapp.com/attachments/1227367017661595708/1272913086042603582/Video.Guru_20240813_114017361.mp4?ex=672e1531&is=672cc3b1&hm=05b876148c04268ffbb6697d6ef0d1b5f3fb7fed04108495ad291ef489fc9c31&
"2024-08-13,14:42:11",themask0239,#0,<@1121366609131475050>,_.69_.#0,https://cdn.discordapp.com/attachments/1227367017661595708/1272913096582631465/Picsart_24-01-02_02-52-06-396.jpg?ex=672e1533&is=672cc3b3&hm=4c04f4e26d35e4f87a0fd4551d603776c93b77d93e48cdd046971d898966d293&
"2024-08-13,14:42:13",0_gf,#0,,,https://cdn.discordapp.com/attachments/1227367017661595708/1272913103574536202/received_1440695519855186.jpg?ex=672e1535&is=672cc3b5&hm=ec01a899a24c829d072cd30e21c5c47367e43ecafb62648b70943f4cf7ba3bd2&
"2024-08-13,14:42:16",abdou052122,#0,نتا انسان حلو نحكمك نلحسهالك,_.69_.#0,
"2024-08-13,14:42:27",0_gf,#0,,themask0239#0,https://cdn.discordapp.com/attachments/1227367017661595708/1272913163737895014/i_dont_give_a_shit.mp4?ex=672e1543&is=672cc3c3&hm=5974e03d8b36359c408cd9e862e1e468211e440fdb09405ed132fd2f8969f4d9&
"2024-08-13,14:42:32",0z.f,#0,كنت راح نقلك اعطيلي رتبة باه نبعثها<:juan:1150418197581922344>,themask0239#0,
"2024-08-13,14:42:34",vv_sr7,#0,,,https://cdn.discordapp.com/attachments/1227367017661595708/1272913189671010404/Capture_decran_2024-06-26_134255.jpg?ex=672e154a&is=672cc3ca&hm=ff34be2922fa4d7eba347b33f55831940d29d13ea72a2c70d3df8bf8b0c1596d&
"2024-08-13,14:42:41",f._.13,#0,خو نتا صامط ملخر مجموعة ميمزات خطرة وحدة,themask0239#0,
"2024-08-13,14:42:42",aneskedd32,#0,,,
"2024-08-13,14:42:44",f._.13,#0,فاضي,,
"2024-08-13,14:42:45",_.69_.,#0,ابعتلي رجليك بريفي 🫦,abdou052122#0,
"2024-08-13,14:42:50",themask0239,#0,وتف,0_gf#0,
"2024-08-13,14:42:59",aneskedd32,#0,حاب يضحكنا بالسيف,f._.13#0,
"2024-08-13,14:43:02",vv_sr7,#0,,,https://cdn.discordapp.com/attachments/1227367017661595708/1272913311020875929/Capture_decran_2024-06-26_140918.jpg?ex=672e1566&is=672cc3e6&hm=c63dd8a54301864ff7d188c15fddf7a96355253d424de4b9ddfecae27ecc656d&
"2024-08-13,14:43:09",0z.f,#0,نشفالها هذي,vv_sr7#0,
"2024-08-13,14:43:12",f._.13,#0,راك تشوف,aneskedd32#0,
"2024-08-13,14:43:18",themask0239,#0,مش بيدي 😫,f._.13#0,
"2024-08-13,14:43:18",_.69_.,#0,نمرود ناكوه,vv_sr7#0,
"2024-08-13,14:43:23",aneskedd32,#0,ياخو بصح علاه هكا سموني انس,vv_sr7#0,
"2024-08-13,14:43:35",0z.f,#0,ياخو راك تجيب فكابتور تاع سيبيا وتبعثهم هنا,vv_sr7#0,
"2024-08-13,14:43:36",f._.13,#0,روح تشكم روح,themask0239#0,
"2024-08-13,14:43:38",abdou052122,#0,<:emoji_104:1191547769664573450>,,
"2024-08-13,14:43:42",0_gf,#0,هههههه,vv_sr7#0,
"2024-08-13,14:43:43",f._.13,#0,مشي بيدك برجلك,,
"2024-08-13,14:43:44",0_gf,#0,ينمي,,
"2024-08-13,14:43:46",_.69_.,#0,ابعتلي فوكال ونتا توحوح ونبعتلك رجلين هوفا 😊,themask0239#0,
"2024-08-13,14:43:48",themask0239,#0,والله,f._.13#0,
"2024-08-13,14:43:53",vv_sr7,#0,هادي قديمة من 2019,0z.f#0,
"2024-08-13,14:44:05",0z.f,#0,مكاش منها<:NIGGA_omg:1150394296680329226>,vv_sr7#0,
"2024-08-13,14:44:09",themask0239,#0,نن حتان نزيد نشرب إيفروي,_.69_.#0,
"2024-08-13,14:44:20",themask0239,#0,<@1183808376375873557>,vv_sr7#0,https://cdn.discordapp.com/attachments/1227367017661595708/1272913636486156308/f674fffdfc19b091df09a32f5a94316a.jpg?ex=672e15b4&is=672cc434&hm=7a4461c0ab8c49bd80f792155f247bea2399735b08aea4abdbb7a394f24715f8&
"2024-08-13,14:44:24",_.69_.,#0,عندي باطة منهم 😊,themask0239#0,
"2024-08-13,14:44:32",abdou052122,#0,تشتي  الايفروي نتا,themask0239#0,
"2024-08-13,14:44:33",vv_sr7,#0,واه كان عندنا قروب فالمسنجر نبعتو فيه تصاور,0z.f#0,
"2024-08-13,14:44:35",_.69_.,#0,🏳️‍⚧️🤝🏳️‍🌈,themask0239#0,
"2024-08-13,14:44:48",themask0239,#0,,_.69_.#0,https://cdn.discordapp.com/attachments/1227367017661595708/1272913751678521448/Picsart_24-08-13_09-37-51-140.jpg?ex=672e15cf&is=672cc44f&hm=9f720c84533a670b3d694b9d44cdd418c8791a2181b9d38d4da6bc1cfa4935ce&
"2024-08-13,14:44:53",0z.f,#0,<@1191354977193570356> شحال تبيع رتبة ميمر?,themask0239#0,
"2024-08-13,14:44:57",vv_sr7,#0,,themask0239#0,https://cdn.discordapp.com/attachments/1227367017661595708/1272913791142727834/Capture_decran_2024-08-12_212149.jpg?ex=672e15d9&is=672cc459&hm=6650e291a2b15354d5a467ab962d6be6d8c7e418e4bb99ca64d1f47d8c1f87f5&
"2024-08-13,14:45:05",abdou052122,#0,يا نتا قاي,_.69_.#0,
"2024-08-13,14:45:18",_.69_.,#0,عبدو تعرف تلعب؟,abdou052122#0,
"2024-08-13,14:45:20",themask0239,#0,باطل حل تيكت ونستنا يوصل ليك يمدهالك بلاتوسويس,0z.f#0,
"2024-08-13,14:45:21",abdou052122,#0,عندي بزاف لي فروي,themask0239#0,
"2024-08-13,14:45:36",0_gf,#0,نرسلولكم ؟,,
"2024-08-13,14:45:37",f._.13,#0,semen retention,abdou052122#0,
"2024-08-13,14:45:57",0z.f,#0,راني قوتولو مدهالي<:juan:1150418197581922344>,themask0239#0,
"2024-08-13,14:45:58",abdou052122,#0,نلعبلك بيها ماكاش ومشك,_.69_.#0,
"2024-08-13,14:46:04",_.69_.,#0,<@1180425486720041032> بابا وين راه يا كحبة,0_gf#0,
"2024-08-13,14:46:23",0_gf,#0,لازم نقولك حاجة يا وليدي,_.69_.#0,
"2024-08-13,14:46:25",_.69_.,#0,لالا بيه 🤝😊,abdou052122#0,
"2024-08-13,14:46:25",0_gf,#0,انا باباك,,
"2024-08-13,14:46:34",0z.f,#0,انا هو باباك,_.69_.#0,
"2024-08-13,14:46:34",abdou052122,#0,بقاعك,,
"2024-08-13,14:46:34",0_gf,#0,ن_كت_ مرت عمك,,
"2024-08-13,14:46:39",_.69_.,#0,شكون نكت باش جبتني؟,0_gf#0,
"2024-08-13,14:46:42",0_gf,#0,الي هو نورمالمو باباك,,
"2024-08-13,14:46:45",themask0239,#0,علبلي صراولك مشاكل بصح تبقى مفضل عندي <:emoji_101:1191547625883828325>,vv_sr7#0,
"2024-08-13,14:46:53",0_gf,#0,ن_كت_ م_ك_,_.69_.#0,
"2024-08-13,14:47:05",_.69_.,#0,<@1191354977193570356> هذا؟,0_gf#0、themask0239#0,
"2024-08-13,14:47:07",0z.f,#0,راك متأكد بلي باطل,themask0239#0,
"2024-08-13,14:47:13",aneskedd32,#0,ياخو قول لباباك يشدل عائلة الطنة نتاعه,0_gf#0,
"2024-08-13,14:47:25",themask0239,#0,مطيحلوش بيماه,0_gf#0,
"2024-08-13,14:47:29",abdou052122,#0,ياخو ليفروي هذاك فيه لوش,,
"2024-08-13,14:47:32",themask0239,#0,أيه,0z.f#0,
"2024-08-13,14:47:39",_.69_.,#0,<@1158860326289297458>,aneskedd32#0、ak_miro#0,
"2024-08-13,14:47:43",vv_sr7,#0,,,https://cdn.discordapp.com/attachments/1227367017661595708/1272914487724478519/Capture_decran_2024-06-06_232642.png?ex=672e167f&is=672cc4ff&hm=bda111585e2379ed409624c0b5d73b2a9751249513746e39b9f2419a7fd166ad&
"2024-08-13,14:47:49",f._.13,#0,الله غالب سيرفر ديوثين هنا يرضاو على ماتهم,themask0239#0,
"2024-08-13,14:47:51",vv_sr7,#0,مقود,,
"2024-08-13,14:48:00",aneskedd32,#0,هذا هو باباكم ؟,_.69_.#0,
"2024-08-13,14:48:03",0_gf,#0,نن قالي وين راه بابا فتلوا انا باباك,themask0239#0,
"2024-08-13,14:48:12",_.69_.,#0,لا هذي مرتي,aneskedd32#0,
"2024-08-13,14:48:17",abdou052122,#0,عندك الحق خو<:Dead_inside:1150410964659863592>,f._.13#0,
"2024-08-13,14:48:20",kudaymejubi,#0,Salam,,
"2024-08-13,14:48:21",aneskedd32,#0,<:Skull:1228370471700140034>,_.69_.#0,
"2024-08-13,14:48:35",kudaymejubi,#0,Salam,,
"2024-08-13,14:48:38",0z.f,#0,عندو الحق وسيلة الاستمتاع تاعهم الوحيدة<:uncannycat:1152013915954352148>,vv_sr7#0,
"2024-08-13,14:48:38",_.69_.,#0,تحب دراري صغار؟ 😊,kudaymejubi#0,
"2024-08-13,14:48:54",kudaymejubi,#0,Smash,_.69_.#0,
"2024-08-13,14:48:55",_.69_.,#0,شحال يعطوهم؟,0z.f#0,
"2024-08-13,14:49:03",0z.f,#0,الكثير,_.69_.#0,
"2024-08-13,14:49:18",abdou052122,#0,نحبك نتا هات نمصمصهالك🍑,_.69_.#0,
"2024-08-13,14:49:22",vv_sr7,#0,حاب نسقسيكم شكون لي جاه هاد ميساج فالانستا <:juan:1150418197581922344>,,https://cdn.discordapp.com/attachments/1227367017661595708/1272914903858151507/Capture_decran_2024-06-04_195949.png?ex=672e16e2&is=672cc562&hm=735151dfa1ddcf5380c976b73f5e5043290ae47e680b0348878aadd83a3fb8d7&
"2024-08-13,14:49:34",_.69_.,#0,🙂.......🧠💸,0z.f#0,
"2024-08-13,14:49:41",_.69_.,#0,نتا,vv_sr7#0,
"2024-08-13,14:49:47",kudaymejubi,#0,Chkoun ya3ref Sophie rain,,
"2024-08-13,14:49:52",_.69_.,#0,🫦,abdou052122#0,
"2024-08-13,14:49:55",f._.13,#0,scammer,vv_sr7#0,
"2024-08-13,14:49:56",0z.f,#0,نعرفها,kudaymejubi#0,
"2024-08-13,14:49:59",_.69_.,#0,نتا,kudaymejubi#0,
"2024-08-13,14:50:03",abdou052122,#0,شكون هاذي,,
"2024-08-13,14:50:05",aneskedd32,#0,شبيها,kudaymejubi#0,
"2024-08-13,14:50:13",kudaymejubi,#0,3endek video ta3 Spiderman,0z.f#0,
"2024-08-13,14:50:16",vv_sr7,#0,راني مبلوكيه <:emoji_47:1151909990727163954>,f._.13#0,
"2024-08-13,14:50:37",0z.f,#0,انا وراني نحوس عليه,kudaymejubi#0,
"2024-08-13,14:50:41",f._.13,#0,بلعاني قالك لي يبعثلها يشوف تصاورها باش تدخل و يتقبك,vv_sr7#0,
"2024-08-13,14:51:00",kudaymejubi,#0,La lgitha bahth hali,0z.f#0,
"2024-08-13,14:51:12",aneskedd32,#0,<:huhskull:1144236440176308234>,kudaymejubi#0,
"2024-08-13,14:51:13",0_gf,#0,شكون راه مكتائب,,
"2024-08-13,14:51:15",f._.13,#0,كالما فرار ما تطيحش <@1121366609131475050>,_.69_.#0,
"2024-08-13,14:51:19",0z.f,#0,مريڤلة باطمان<:gigachad:1150419236989186078>,kudaymejubi#0,
"2024-08-13,14:51:26",_.69_.,#0,انا 🫤,0_gf#0,
"2024-08-13,14:51:34",0_gf,#0,,_.69_.#0,https://cdn.discordapp.com/attachments/1227367017661595708/1272915458416312412/image.png?ex=672e1766&is=672cc5e6&hm=f771356f924b80e65c1649c546f109dd8758e49720a09cdbe31c16d9b415e5e5&
"2024-08-13,14:51:35",abdou052122,#0,انا راني مطنن,0_gf#0,
"2024-08-13,14:51:44",vv_sr7,#0,ديجا علاه ندير عليهم نروح غي ل onlyfans,f._.13#0,
"2024-08-13,14:51:54",kudaymejubi,#0,<:gigachadeyes:1152013845515223151>,0z.f#0,
"2024-08-13,14:51:54",f._.13,#0,بالدراهم,vv_sr7#0,
"2024-08-13,14:52:10",kudaymejubi,#0,Ndir only fan 3endy hachouna,,
"2024-08-13,14:52:13",0_gf,#0,<@1121366609131475050> i saw what u send,_.69_.#0,
"2024-08-13,14:52:16",f._.13,#0,تخيل نخسر 20 دولار علاجال قحجة صورت نتاعها,,
"2024-08-13,14:52:19",0_gf,#0,i will smash ur ass,,
"2024-08-13,14:52:20",vv_sr7,#0,free only fans <:juan:1150418197581922344>,f._.13#0,
"2024-08-13,14:52:22",_.69_.,#0,مليح,0_gf#0,
"2024-08-13,14:52:22",0z.f,#0,كنت نحوس عليه لقيت تاع اميڤو<:juan:1150418197581922344>,kudaymejubi#0,
"2024-08-13,14:52:22",f._.13,#0,حتى انا نصور نتاعي و نطلقه و نربح داهم,,
"2024-08-13,14:52:28",f._.13,#0,قصدك leaked,vv_sr7#0,
"2024-08-13,14:52:36",vv_sr7,#0,yep,f._.13#0,
"2024-08-13,14:52:36",kudaymejubi,#0,Ab3eth mp,0z.f#0,
"2024-08-13,14:52:42",0z.f,#0,وايت,kudaymejubi#0,
"2024-08-13,14:52:51",f._.13,#0,قليل وين تلقى تصاور حقيقية من اونلي فانز,vv_sr7#0,
"2024-08-13,14:53:00",kudaymejubi,#0,Asma3 lel batman,0z.f#0,
"2024-08-13,14:53:17",_.69_.,#0,عييت ندير vpn باش نتفرج porn hup 😔,,
"2024-08-13,14:53:22",f._.13,#0,حتى انا,_.69_.#0,
"2024-08-13,14:53:32",abdou052122,#0,نتا تحب الطوطا الافريقية,_.69_.#0,
"2024-08-13,14:53:32",vv_sr7,#0,هي مانيش نقول بلي نتبعهم ملقي حبستهم من وينتا,f._.13#0,
"2024-08-13,14:53:33",_.69_.,#0,😔,f._.13#0,
"2024-08-13,14:53:35",kudaymejubi,#0,Starf akhy,,
"2024-08-13,14:53:44",kudaymejubi,#0,Ahbess branlette,,
"2024-08-13,14:53:52",kudaymejubi,#0,Rouh tselly,,
"2024-08-13,14:54:11",0z.f,#0,قتلك wait<:uncannycat:1152013915954352148>,kudaymejubi#0,
"2024-08-13,14:54:21",vv_sr7,#0,,,https://cdn.discordapp.com/attachments/1227367017661595708/1272916158378676254/Capture_decran_2024-08-12_212036.jpg?ex=672e180d&is=672cc68d&hm=cbc6a354bed433a69ef659f5f8d81f06dabad4e2b1f0bc111d36c7074098af8f&
"2024-08-13,14:54:30",aneskedd32,#0,<@892382491007143956>  غي ضرك كنت تحوس على الفيديو تاع سبايدر مان,kudaymejubi#0,
"2024-08-13,14:54:36",0z.f,#0,نبعث فيديو اميڤو هنا وحتى واحد ما شاف؟,,
"2024-08-13,14:54:44",aneskedd32,#0,لا,0z.f#0,
"2024-08-13,14:54:47",kudaymejubi,#0,L wahed sahby machi liya,aneskedd32#0,
"2024-08-13,14:54:48",_.69_.,#0,ايه,0z.f#0,
"2024-08-13,14:55:12",f._.13,#0,روح يله,0z.f#0,
"2024-08-13,14:55:16",0z.f,#0,غير نبعثو الادمين كامل تجي<:Dead_inside:1150410964659863592>,,
"2024-08-13,14:55:20",0z.f,#0,هوفا ويجي,,
"2024-08-13,14:55:23",vv_sr7,#0,,,https://cdn.discordapp.com/attachments/1227367017661595708/1272916416064131127/Capture_decran_2024-08-12_212107.jpg?ex=672e184b&is=672cc6cb&hm=9a964665a8576815f67624b525254fd9ad14a9364f3c2432a6d52a32f8880361&
"2024-08-13,14:55:32",_.69_.,#0,ماتخافش راك معا محب لاطفال,0z.f#0,
"2024-08-13,14:55:35",kudaymejubi,#0,Chkoun modo had l serv,,
"2024-08-13,14:55:35",0_gf,#0,المغويييل,,
"2024-08-13,14:55:36",0_gf,#0,ب,,
"2024-08-13,14:55:38",0_gf,#0,خاوتي,,
"2024-08-13,14:55:39",abdou052122,#0,<:therockreaction5:1152013878641819768>,,
"2024-08-13,14:55:42",0_gf,#0,نتوما معندكش فعاليات,,
"2024-08-13,14:55:48",0z.f,#0,كاين البريفي,,
"2024-08-13,14:55:54",_.69_.,#0,انا مغربي 😡,vv_sr7#0,
"2024-08-13,14:55:54",0_gf,#0,ايا نرسلوا نتاوعنا ونشوفوا شكون لي طويل,,
"2024-08-13,14:55:54",f._.13,#0,نجي؟,0z.f#0,
"2024-08-13,14:55:56",0z.f,#0,ابعثولي نقاط فالخاص,,
"2024-08-13,14:55:57",0_gf,#0,انا نربح,,
"2024-08-13,14:56:10",_.69_.,#0,نقاط,,
"2024-08-13,14:56:12",vv_sr7,#0,,,https://cdn.discordapp.com/attachments/1227367017661595708/1272916624051015791/Capture_decran_2024-07-08_210123.jpg?ex=672e187c&is=672cc6fc&hm=9edd88ebc096d8a9e4bd77fa3d23eb4f7362f8aaf26a18df9ea45c848d164cf9&
"2024-08-13,14:56:19",abdou052122,#0,هيا رنا مستعدين,0_gf#0,
"2024-08-13,14:56:20",0_gf,#0,تحوس على هذو,0z.f#0,https://cdn.discordapp.com/attachments/1227367017661595708/1272916655583924318/image.png?ex=672e1884&is=672cc704&hm=86b662f68cd620c5296a1260a9bd05740a0d5fcfeb1fe687fcaa2264bb116494&
"2024-08-13,14:56:27",0_gf,#0,كونتي الاساسي كان فيه 350,,
"2024-08-13,14:56:32",0z.f,#0,وليد طنجة خويا كمل<:ahegao:1150410734057033738>,_.69_.#0,
"2024-08-13,14:56:38",f._.13,#0,بعثت,0z.f#0,
"2024-08-13,14:56:51",whodvl.,#0,hhh,,
"2024-08-13,14:56:55",_.69_.,#0,صاحا جاري 🏳️‍🌈🏳️‍⚧️😍,0z.f#0,
"2024-08-13,14:57:11",vv_sr7,#0,فاس مشي طنجة 😡,0z.f#0,
"2024-08-13,14:57:17",_.69_.,#0,"🇲🇦🤝🏳️‍🌈🏳️‍⚧️ 
ديما مغرب 🫦",,
"2024-08-13,14:57:32",abdou052122,#0,تحوس تتناك,_.69_.#0,
"2024-08-13,14:57:51",vv_sr7,#0,,_.69_.#0,https://cdn.discordapp.com/attachments/1227367017661595708/1272917036351230025/Capture_decran_2024-07-04_234501.jpg?ex=672e18df&is=672cc75f&hm=45b583b6a17144397396f7c8ce3ad7922a31da4b5c14fb0a1fbf9a285cf88171&
"2024-08-13,14:57:52",_.69_.,#0,نحوس ني# ك ون# ك دارك,abdou052122#0,
"2024-08-13,14:58:50",0_gf,#0,,,https://cdn.discordapp.com/attachments/1227367017661595708/1272917284998090822/image.png?ex=672e191a&is=672cc79a&hm=dd708dc2f318ae81ac18b660a61023ed027a10206818adb01b56618287f64814&
"2024-08-13,14:58:56",f._.13,#0,ايه شفتو زمان,0z.f#0,
"2024-08-13,14:58:58",vv_sr7,#0,,,https://cdn.discordapp.com/attachments/1227367017661595708/1272917320578367549/Capture_decran_2024-06-29_180519.jpg?ex=672e1922&is=672cc7a2&hm=4b16d69caa663c0074b1881a7a552afb42ac6bf5f6957f304bcec885341c6a51&
"2024-08-13,14:58:59",f._.13,#0,نـقش هذاك,,
"2024-08-13,14:59:32",_.69_.,#0,خالتي 🏳️‍🌈🏳️‍🌈,vv_sr7#0,
"2024-08-13,14:59:47",_.69_.,#0,ديما مغريب خويا 🇲🇦🤝🏳️‍⚧️🏳️‍🌈🫦,f._.13#0,
"2024-08-13,14:59:50",kudaymejubi,#0,Hbibna yheb l boubouchat,,
"2024-08-13,15:00:08",f._.13,#0,تحيا الملك <:cum:1152013788653031434>,_.69_.#0,
"2024-08-13,15:00:10",_.69_.,#0,🇮🇱🏳️‍⚧️🏳️‍🌈🤝🇲🇦,,
"2024-08-13,15:00:16",_.69_.,#0,🫦😍,f._.13#0,
"2024-08-13,15:00:19",f._.13,#0,نتخاطرو شكون يجيـبو لول للملك ؟,,
"2024-08-13,15:00:21",vv_sr7,#0,,,https://cdn.discordapp.com/attachments/1227367017661595708/1272917665819791383/Capture_decran_2024-06-26_141505.jpg?ex=672e1975&is=672cc7f5&hm=574de29c0af332683c12764a20723be3566fd4d232800410034869b592b501f0&
"2024-08-13,15:00:28",rayer43,#0,السلام عليكم,,
"2024-08-13,15:00:33",_.69_.,#0,انا جبتو في عشرين ثانية 🫦,f._.13#0,
"2024-08-13,15:00:41",kudaymejubi,#0,YA HITLER RWAH LHALA M9AWDA,,
"2024-08-13,15:00:42",_.69_.,#0,تحب دادي؟,rayer43#0,
"2024-08-13,15:00:46",f._.13,#0,لا قصدي تجيبو للملك تضربو بيبا,_.69_.#0,
"2024-08-13,15:00:47",rayer43,#0,والو,_.69_.#0,
"2024-08-13,15:00:50",f._.13,#0,شكون يخليه يجيبو اللول,,
"2024-08-13,15:00:57",f._.13,#0,هذا مكان ؟,_.69_.#0,
"2024-08-13,15:01:00",f._.13,#0,انا 15 ثانية,,
"2024-08-13,15:01:02",_.69_.,#0,مف7متش روح تعطي,f._.13#0,
"2024-08-13,15:01:15",0z.f,#0,يحيا الماليك<:emoji_101:1191547625883828325>,_.69_.#0,
"2024-08-13,15:01:16",f._.13,#0,مـص نمي,_.69_.#0,
"2024-08-13,15:01:16",vv_sr7,#0,,,https://cdn.discordapp.com/attachments/1227367017661595708/1272917899400450195/dzMP4.mp4?ex=672e19ac&is=672cc82c&hm=480712d898e88501f9810a1a090492a8835ab3bfbcbbe7bd8c611f2381521673&
"2024-08-13,15:01:35",_.69_.,#0,طبون تاعكم راهو مليح ؟,0z.f#0,
"2024-08-13,15:01:46",demon_slayer_tanjiro_kamado,#0,وي يدكم فيه,,
"2024-08-13,15:01:51",_.69_.,#0,<@1264558495034769438> <@1264558495034769438> <@1264558495034769438> <@1264558495034769438> <@1264558495034769438> <@1264558495034769438>,demon_slayer_tanjiro_kamado#0,
"2024-08-13,15:01:58",rayer43,#0,واش راك,demon_slayer_tanjiro_kamado#0,
"2024-08-13,15:02:12",_.69_.,#0,<@1264558495034769438> علاه تسرقلي في ممتلكاتي؟,demon_slayer_tanjiro_kamado#0,
"2024-08-13,15:02:13",demon_slayer_tanjiro_kamado,#0,مليحة,rayer43#0,
"2024-08-13,15:02:20",rayer43,#0,الحمد لله,demon_slayer_tanjiro_kamado#0,
"2024-08-13,15:02:27",demon_slayer_tanjiro_kamado,#0,الخدمة,_.69_.#0,
"2024-08-13,15:02:31",vv_sr7,#0,,_.69_.#0,https://cdn.discordapp.com/attachments/1227367017661595708/1272918210550693979/Capture_decran_2024-07-04_233800.jpg?ex=672e19f7&is=672cc877&hm=61487ad32318d87774850520fce137c5f9ff4081a190dc2da1a03cdf70f84641&
"2024-08-13,15:02:53",0_gf,#0,real,,
"2024-08-13,15:02:55",_.69_.,#0,بليدة فيها بزاف لاوني تشان 🫦,vv_sr7#0,
"2024-08-13,15:03:12",demon_slayer_tanjiro_kamado,#0,بلدية روبين تشان,vv_sr7#0,
"2024-08-13,15:03:16",demon_slayer_tanjiro_kamado,#0,<:ahegao:1150410734057033738>,,
"2024-08-13,15:03:23",_.69_.,#0,بليدة 😫😫😫😫✨,,
"2024-08-13,15:03:39",rayer43,#0,كاينة,vv_sr7#0,
"2024-08-13,15:04:08",rayer43,#0,بصح و الاغواط حقرتوها؟,,
"2024-08-13,15:04:10",vv_sr7,#0,,,https://cdn.discordapp.com/attachments/1227367017661595708/1272918626126659675/Capture_decran_2024-06-29_230801.jpg?ex=672e1a5a&is=672cc8da&hm=8ab099ebaa6468d2756a71902c2a8b643a69904d9b3884236035f932917fc503&
"2024-08-13,15:04:35",rayer43,#0,كاينة منها,vv_sr7#0,
"2024-08-13,15:04:38",rayer43,#0,Fr,,
"2024-08-13,15:04:38",themask0239,#0,أخخخخخخ,_.69_.#0,
"2024-08-13,15:04:50",_.69_.,#0,راني حاب نروحلها 🫦,themask0239#0,
"2024-08-13,15:04:57",_.69_.,#0,يقولولي حنوني 😫😫😫😫😫,,
"2024-08-13,15:05:01",rayer43,#0,مفهمش وشبيها بليدة,_.69_.#0,
"2024-08-13,15:05:02",vv_sr7,#0,,,https://cdn.discordapp.com/attachments/1227367017661595708/1272918843475497070/Capture_decran_2024-06-26_135324.jpg?ex=672e1a8d&is=672cc90d&hm=30df1bf825746f4dc03f48cc0dfc2c2683cb3387b4e1b8135fa18a83cce22206&
"2024-08-13,15:05:10",rayer43,#0,<:juan:1150418197581922344>,vv_sr7#0,
"2024-08-13,15:05:32",_.69_.,#0,7 شهور🫦,vv_sr7#0,
"2024-08-13,15:05:33",demon_slayer_tanjiro_kamado,#0,تسما فاك امه,vv_sr7#0,
"2024-08-13,15:05:39",demon_slayer_tanjiro_kamado,#0,😂,,
"2024-08-13,15:05:39",rayer43,#0,وي,demon_slayer_tanjiro_kamado#0,
"2024-08-13,15:05:40",kudaymejubi,#0,3endou maximum 11 sna,vv_sr7#0,
"2024-08-13,15:05:56",demon_slayer_tanjiro_kamado,#0,لا مانيش عليك يا خو,_.69_.#0,
"2024-08-13,15:06:04",_.69_.,#0,اعلابالي,demon_slayer_tanjiro_kamado#0,
"2024-08-13,15:06:06",vv_sr7,#0,3ndo 11 ans mn 2017<:hollow46:1152015919900545065>,kudaymejubi#0,
"2024-08-13,15:06:09",abdou052122,#0,نتا ضك نمسهالك,_.69_.#0,
"2024-08-13,15:06:18",themask0239,#0,أصعب مهارة في قنشن تلعب بيد وحدة,vv_sr7#0,
"2024-08-13,15:06:23",_.69_.,#0,مسهولي,abdou052122#0,
"2024-08-13,15:06:26",kudaymejubi,#0,Wella pedo,vv_sr7#0,
"2024-08-13,15:06:35",_.69_.,#0,🫦,themask0239#0,
"2024-08-13,15:06:49",rayer43,#0,أصعب حاجة في قنشن انك تمحيها,themask0239#0,
"2024-08-13,15:06:53",vv_sr7,#0,و يدو لخرى 🥵,themask0239#0,
"2024-08-13,15:06:55",_.69_.,#0,يقلو نقدر نشوف كيلوطة تع لبنات كاين منها ؟ <@1191354977193570356>,themask0239#0,
"2024-08-13,15:06:57",abdou052122,#0,قاعك ماكاش مشكل,_.69_.#0,
"2024-08-13,15:07:01",rayer43,#0,في الجيب,vv_sr7#0,
"2024-08-13,15:07:09",rayer43,#0,ياكل منها الشيبس,,
"2024-08-13,15:07:38",vv_sr7,#0,😈,rayer43#0,
"2024-08-13,15:07:42",_.69_.,#0,💦,,
"2024-08-13,15:07:54",vv_sr7,#0,,,https://cdn.discordapp.com/attachments/1227367017661595708/1272919567512899687/Capture_decran_2024-06-22_225508.jpg?ex=672e1b3a&is=672cc9ba&hm=361d4437af8dccbc9171685f6d4b9e14b06cd8154014b5b2e21cf44aeddb161b&
"2024-08-13,15:08:03",_.69_.,#0,🫦,vv_sr7#0,
"2024-08-13,15:08:07",abdou052122,#0,<:hyperbruh87:1152015925399257090>,,
"2024-08-13,15:08:21",rayer43,#0,<:DK_Expand_Dong:1150410899581050950>,,
"2024-08-13,15:08:41",_.69_.,#0,نحبكم 🫦,,
"2024-08-13,15:08:48",vv_sr7,#0,اسبانيا و فرنسا مع مروك,,
"2024-08-13,15:08:57",_.69_.,#0,وانا معامن؟,vv_sr7#0,
"2024-08-13,15:09:03",sk.ii,#0,عندي طوطه كبيره اذا حاب 😉,_.69_.#0,
"2024-08-13,15:09:09",rayer43,#0,ياخو انا ثاني نحبك بصح راك كاتب العضيمة بشكل غالط,_.69_.#0,
"2024-08-13,15:09:11",_.69_.,#0,🫦,sk.ii#0,
"2024-08-13,15:09:15",vv_sr7,#0,راك معاه 🐎,_.69_.#0,
"2024-08-13,15:09:22",rayer43,#0,المفروض تتكتب العظيمة,,
"2024-08-13,15:09:29",rayer43,#0,مشي العضيمة,,
"2024-08-13,15:10:13",_.69_.,#0,ن#ك لعربية,,
"2024-08-13,15:10:20",sk.ii,#0,شكون يشريلي نيترو قفة,,
"2024-08-13,15:10:23",rayer43,#0,<:juan:1150418197581922344>,_.69_.#0,
"2024-08-13,15:10:26",sk.ii,#0,نسلكو,,
"2024-08-13,15:10:29",_.69_.,#0,مك,sk.ii#0,
"2024-08-13,15:10:29",vv_sr7,#0,,,https://cdn.discordapp.com/attachments/1227367017661595708/1272920216934023179/Capture_decran_2024-07-03_210642.jpg?ex=672e1bd5&is=672cca55&hm=f5da33141893ec1432e8fb83c3671c14d45cdd16e7506f8426eb4f4fe06d3326&
"2024-08-13,15:10:43",sk.ii,#0,نك حتشونك,_.69_.#0,
"2024-08-13,15:10:53",sk.ii,#0,حاشي,,
"2024-08-13,15:10:55",_.69_.,#0,عندي بقيا تع بيتزا من 2008,vv_sr7#0,
"2024-08-13,15:11:25",vv_sr7,#0,عندي ار بي جي من وقت اتحاد سوفياتي,_.69_.#0,
"2024-08-13,15:11:33",_.69_.,#0,Send me your legs=get nitro gaming,sk.ii#0,
"2024-08-13,15:11:45",whodvl.,#0,😂,vv_sr7#0,
"2024-08-13,15:12:01",rayer43,#0,جماعة نسقسيكم,,
"2024-08-13,15:12:09",sk.ii,#0,نك مك انا ذكر,_.69_.#0,
"2024-08-13,15:12:09",abdou052122,#0,مازلت عندي قرعة زل كي جبتو عليك في 2008,_.69_.#0,
"2024-08-13,15:12:16",vv_sr7,#0,,,https://cdn.discordapp.com/attachments/1227367017661595708/1272920667553271808/Capture_decran_2024-06-30_123624.jpg?ex=672e1c40&is=672ccac0&hm=69fc423e391c30df28c2beab3810bd2c407c212d7f754169f7fac276972ace25&
"2024-08-13,15:12:18",rayer43,#0,وشنهي هي افضل التمارين باس يولي عندي عضلات بطن,,
"2024-08-13,15:12:18",_.69_.,#0,عندي برية من وقت دخلة فرنسا لدزاير,vv_sr7#0,
"2024-08-13,15:12:36",0_gf,#0,نشبعكم,,
"2024-08-13,15:12:37",_.69_.,#0,ماعليش,sk.ii#0,
"2024-08-13,15:13:15",vv_sr7,#0,عندي زوج pistoles  من سلطان سليمان قانوني,_.69_.#0,
"2024-08-13,15:13:29",abdou052122,#0,يخي تخدم كلش ريكاردو,rayer43#0,
"2024-08-13,15:13:40",_.69_.,#0,عندي تراب من وقت رسول,vv_sr7#0,
"2024-08-13,15:13:50",rayer43,#0,يودي وشنهي التمارين,abdou052122#0,
"2024-08-13,15:13:55",vv_sr7,#0,,,https://cdn.discordapp.com/attachments/1227367017661595708/1272921082688700486/Capture_decran_2024-06-27_013020.jpg?ex=672e1ca3&is=672ccb23&hm=df132d6f9274c0344e627aba01a335e2582e09f19f11e8cacb117000c2fb4053&
"2024-08-13,15:14:33",_.69_.,#0,ن يك يماك يا هوفا لمتر م,,
"2024-08-13,15:15:03",abdou052122,#0,خليني نمسلك ترمتك,_.69_.#0,
"2024-08-13,15:15:07",cha_wew.,#0,<:uncannycat:1152013915954352148>,vv_sr7#0,
"2024-08-13,15:15:08",cha_wew.,#0,Wtf نتا فري شيباني,_.69_.#0,
"2024-08-13,15:15:09",rayer43,#0,جماعة وشنهي هي افضل التمارين باس يولي عندي عضلات بطن,,
"2024-08-13,15:15:09",cha_wew.,#0,<:gigachad:1150419236989186078>,vv_sr7#0,
"2024-08-13,15:15:17",sk.ii,#0,"شكون يعاني من بروز مؤخره وحاب لحل يكلمني 
خاوه منشنولي مترمين تع سرفر",,
"2024-08-13,15:15:21",_.69_.,#0,ياخو روح قود علي نجي ليك لدراكم نخليهم قاع حوامل,abdou052122#0,
"2024-08-13,15:15:25",cha_wew.,#0,Plank,rayer43#0,
"2024-08-13,15:15:32",rayer43,#0,اوكي,cha_wew.#0,
"2024-08-13,15:15:40",rayer43,#0,زيد,,
"2024-08-13,15:15:49",cha_wew.,#0,لي بومب,rayer43#0,
"2024-08-13,15:15:52",vv_sr7,#0,,,https://cdn.discordapp.com/attachments/1227367017661595708/1272921570276409414/FB_IMG_1718479318942.jpg?ex=672e1d18&is=672ccb98&hm=7884348ea81de699d9facdad875e6eb198d3bfb7b898eff8fb40917c46f7d20c&
"2024-08-13,15:15:57",_.69_.,#0,<@1081296261182935040> ني ك صباح مفيد تان,rayer43#0,
"2024-08-13,15:16:00",rayer43,#0,اوكي يعطيك الصحة,cha_wew.#0,
"2024-08-13,15:16:07",cha_wew.,#0,<:picardiacrying2:1152016067649081394>,vv_sr7#0,
"2024-08-13,15:16:09",_.69_.,#0,حامي :,vv_sr7#0,
"2024-08-13,15:16:14",vv_sr7,#0,,,https://cdn.discordapp.com/attachments/1227367017661595708/1272921662538383410/b79fd44bebc23aee.mp4?ex=672e1d2e&is=672ccbae&hm=fb76d51379ff02a922b8ffd0ce444f348b836261349ae1d385f1b804115bb802&
"2024-08-13,15:16:30",cha_wew.,#0,كاين ديك تاع تهبط وتطلع,rayer43#0,
"2024-08-13,15:16:37",cha_wew.,#0,نسيت اسمها,,
"2024-08-13,15:16:40",rayer43,#0,بوش اب,cha_wew.#0,
"2024-08-13,15:16:42",rayer43,#0,ياك؟,,
"2024-08-13,15:16:45",abdou052122,#0,ياخو ارواح بصح لا دارت لبرمة على الكسكاس راحت فيها بنت الناس🍑,_.69_.#0,
"2024-08-13,15:16:49",_.69_.,#0,مافهمتش ( حالت لي كان يهرب من كلاست ),vv_sr7#0,
"2024-08-13,15:17:00",cha_wew.,#0,ديك لي بومب,rayer43#0,
"2024-08-13,15:17:02",sk.ii,#0,شكون يحب لبانان,,
"2024-08-13,15:17:08",_.69_.,#0,انا,sk.ii#0,
"2024-08-13,15:17:14",vv_sr7,#0,غي ولد ق حبة سعودي,_.69_.#0,
"2024-08-13,15:17:17",sk.ii,#0,تشري لخيار,_.69_.#0,
"2024-08-13,15:17:19",vv_sr7,#0,ميمز,,
"2024-08-13,15:17:21",sk.ii,#0,ولا لا,,
"2024-08-13,15:17:21",rayer43,#0,لي تولي متكسل على ضهرك؟,cha_wew.#0,
"2024-08-13,15:17:36",cha_wew.,#0,ايه وترفع راسك,rayer43#0,
"2024-08-13,15:17:39",_.69_.,#0,وش دخل سعودي دادي 😔,vv_sr7#0,
"2024-08-13,15:17:46",vv_sr7,#0,,,https://cdn.discordapp.com/attachments/1227367017661595708/1272922050260111424/Capture_decran_2024-06-26_142628.jpg?ex=672e1d8a&is=672ccc0a&hm=4f7d588abd6f207883fc5b5d89fd4be90966f12da7758f7e629b24e410b82c67&
"2024-08-13,15:17:46",rayer43,#0,اوكي نعرفها,cha_wew.#0,
"2024-08-13,15:17:48",sk.ii,#0,<@1121366609131475050> تشري لخيار مني؟,_.69_.#0,
"2024-08-13,15:18:00",_.69_.,#0,اسمع عندي فكرة,sk.ii#0,
"2024-08-13,15:18:07",sk.ii,#0,قول تشري,_.69_.#0,
"2024-08-13,15:18:09",x7hs,#0,عندما قرأت رسالتك وضحكت، مرت مجموعة من الأحداث العصبية في جسمي. أولاً، انتقلت المعلومات البصرية من عيني إلى القشرة البصرية في الجزء الخلفي من دماغي، حيث تم تفسير ما أراه. بعد ذلك، أرسلت هذه المعلومات إلى القشرة الجبهية والصدغية لمعالجة وفهم الكلمات ومعانيها. عندما اكتشفت أن الرسالة تحتوي على شيء مضحك، قامت القشرة الأمامية بتحليل المزاح. ثم، أرسلت إشارات إلى اللوزة الدماغية لتحفيز مشاعر الفرح. هذه المشاعر أدت إلى تنشيط مراكز الضحك في المهاد والجذع الدماغي، مما جعل عضلات وجهي وصدرِي تتفاعل مع الضحك. أثناء ذلك، أفرز دماغي الدوبامين والإندورفينات، مما زاد من شعوري بالسعادة والراحة.,vv_sr7#0,
"2024-08-13,15:18:12",vv_sr7,#0,هو لي خدم هاد ميمز كي طي ز مه,_.69_.#0,
"2024-08-13,15:18:19",cha_wew.,#0,ولا تتكسل كامل وتهز كرعيك غير شوية,rayer43#0,
"2024-08-13,15:18:29",_.69_.,#0,<@489645596790226955> وش رايك نبعتك لمريكان ونديرلك عملية نبدلك لجنس تاعك وني كك تحب ولا لالا؟,sk.ii#0,
"2024-08-13,15:18:30",rayer43,#0,اوكي يعطيك الصحة,cha_wew.#0,
"2024-08-13,15:18:38",cha_wew.,#0,وتريح شحال تقدر,,
"2024-08-13,15:18:55",abdou052122,#0,ياخو اتكسل على ضهرك و طبق كرعيك و و اطلع وهبط بصح كرعيك يقدرو ثابتين,rayer43#0,
"2024-08-13,15:18:59",vv_sr7,#0,ياخو هادي مشي كومنتار هادي شات <:emoji_106:1191547968151617626>,x7hs#0,
"2024-08-13,15:19:09",rayer43,#0,يب نعرفها,abdou052122#0,
"2024-08-13,15:19:19",rayer43,#0,شايفها في اليوتيوب,,
"2024-08-13,15:19:35",abdou052122,#0,ديرها مليحة,rayer43#0,
"2024-08-13,15:19:39",x7hs,#0,Yoooo وش قاعد تهدر <:Dead_inside:1150410964659863592>,abdou052122#0,
"2024-08-13,15:19:42",rayer43,#0,اوكي يعطيك الصحة,abdou052122#0,
"2024-08-13,15:19:46",sk.ii,#0,مكلاه جربها في ختك,_.69_.#0,
"2024-08-13,15:19:54",vv_sr7,#0,,,https://cdn.discordapp.com/attachments/1227367017661595708/1272922585138724884/Capture_decran_2024-07-04_195612.jpg?ex=672e1e0a&is=672ccc8a&hm=60a29e8cb333a7cbab3c2e13685d1985e8076b0e201a262bbe25bf17700667dc&
"2024-08-13,15:19:54",x7hs,#0,Mtmnykch,vv_sr7#0,
"2024-08-13,15:19:55",cha_wew.,#0,<@994699786240397412> علا سبور,x7hs#0,
"2024-08-13,15:20:01",abdou052122,#0,بلا مزيا,rayer43#0,
"2024-08-13,15:20:08",sk.ii,#0,تولي تفعل فيك,,
"2024-08-13,15:20:10",rayer43,#0,👍,abdou052122#0,
"2024-08-13,15:20:12",x7hs,#0,متأكد؟ <:Dead_inside:1150410964659863592>,cha_wew.#0,
"2024-08-13,15:20:14",_.69_.,#0,ماعنديش ختي خليني نجربها فيك تولي اول طفل يتحول كامل 🫦,sk.ii#0,
"2024-08-13,15:20:25",sk.ii,#0,مك ماله,_.69_.#0,
"2024-08-13,15:20:29",vv_sr7,#0,,,https://cdn.discordapp.com/attachments/1227367017661595708/1272922731964268566/Snapinsta.app_video_7E415EFF107B2C94451AD477EE6E5FA9_video_dashinit.mp4?ex=672e1e2d&is=672cccad&hm=0c295f7243fe5f93f3602f737ede2facd8d95eca80c46a88e293078b548b7d3b&
"2024-08-13,15:20:32",cha_wew.,#0,امشي قود درك كنت نحكي معاه,x7hs#0,
"2024-08-13,15:20:40",x7hs,#0,"بالطبع، إليك قصيدة تتكون من كلمة ""قود"" فقط:

قود، قود، قود،  
قود، قود، قود،  
قود، قود، قود،  
قود، قود، قود.

سحر القود في القود،  
رونق القود على القود،  
نغمة القود، حلم القود،  
قصيدة قود، قصة القود.",cha_wew.#0,
"2024-08-13,15:20:42",abdou052122,#0,ياخو اعطيني ني ك ما تفهمش,_.69_.#0,
"2024-08-13,15:20:45",_.69_.,#0,وبعدها تخليني ني## كك كي نحولك 🫦,sk.ii#0,
"2024-08-13,15:21:00",0_gf,#0,,,https://cdn.discordapp.com/attachments/1227367017661595708/1272922863372075099/8fc0dee36eba6079.mp4?ex=672e1e4c&is=672ccccc&hm=00e43c6b8f1d22d750f560cba96a92014bd1c8c7a47e2854fe2d1beebec5321d&
"2024-08-13,15:21:09",cha_wew.,#0,"زكي فكرك 
نمي عقلك",x7hs#0,
"2024-08-13,15:21:29",vv_sr7,#0,,,https://cdn.discordapp.com/attachments/1227367017661595708/1272922986692874332/Capture_decran_2024-07-04_193542.jpg?ex=672e1e69&is=672ccce9&hm=5b032c3c082af226ebb253a96ba7db4b0471fc90247db5cdbd13fd15f852a0b9&
"2024-08-13,15:21:31",0_gf,#0,,vv_sr7#0,https://cdn.discordapp.com/attachments/1227367017661595708/1272922992753774743/IMG_20240709_084255.png?ex=672e1e6b&is=672ccceb&hm=bd3b812e51cc01068e2229e6a386aab7e0071f61a2eebff89335eb348df98d58&
"2024-08-13,15:21:37",sk.ii,#0,لا صور ترمتك وبني ط,_.69_.#0,
"2024-08-13,15:21:38",x7hs,#0,<:emoji_108:1191726847680069692>,cha_wew.#0,
"2024-08-13,15:21:38",_.69_.,#0,ناكل علاه لالا 🫦,0_gf#0,
"2024-08-13,15:21:51",rayer43,#0,<:uncannycat:1152013915954352148>,_.69_.#0,
"2024-08-13,15:21:54",cha_wew.,#0,وشبيك موسوس,x7hs#0,
"2024-08-13,15:22:01",_.69_.,#0,الامام حسين 😫,0_gf#0,
"2024-08-13,15:22:13",vv_sr7,#0,علي رضي الله عنه <:gigachad:1150419236989186078>,0_gf#0,
"2024-08-13,15:22:22",0_gf,#0,الشيعة زق,,
"2024-08-13,15:22:22",x7hs,#0,اياه شيعي,vv_sr7#0,
"2024-08-13,15:22:37",0_gf,#0,حافظ مش فاهم,x7hs#0,
"2024-08-13,15:22:37",_.69_.,#0,استغفر الله,x7hs#0,
"2024-08-13,15:22:53",cha_wew.,#0,<@994699786240397412> اكبر انسان موسوس شفتو في حياتي,x7hs#0,
"2024-08-13,15:23:05",_.69_.,#0,شكون؟,cha_wew.#0,
"2024-08-13,15:23:08",x7hs,#0,<:emoji_47:1151909990727163954>,cha_wew.#0,
"2024-08-13,15:23:12",vv_sr7,#0,ني ك ماتهم,x7hs#0,
"2024-08-13,15:23:20",cha_wew.,#0,<@994699786240397412> هاد الحية,_.69_.#0、x7hs#0,
"2024-08-13,15:23:23",vv_sr7,#0,ابناء متعة,,
"2024-08-13,15:23:27",rayer43,#0,علاه,cha_wew.#0,
"2024-08-13,15:23:34",_.69_.,#0,ابو ماجد؟,cha_wew.#0,
"2024-08-13,15:23:37",x7hs,#0,هاذي رسمة لوحد الشاعر من وحد البلاد ورى ايران مش علي و شيعة حابين يرجعوه هو,vv_sr7#0,
"2024-08-13,15:23:37",0_gf,#0,اخرتهم,vv_sr7#0,https://cdn.discordapp.com/attachments/1227367017661595708/1272923522829783101/meme.gif?ex=672e1ee9&is=672ccd69&hm=9100274e9c5df09dbf56798302d1fa02662928728e9834daac175e8a5bc81564&
"2024-08-13,15:23:49",x7hs,#0,W,vv_sr7#0,
"2024-08-13,15:23:54",cha_wew.,#0,كي كنت تهدر على التمارين بدا يتوسوس,rayer43#0,
"2024-08-13,15:23:58",kf1798,#0,<@1195134511546105958> بيتش,m7_.n8#0,
"2024-08-13,15:23:58",_.69_.,#0,اوه راني حاب نتشوى 😫🫦,0_gf#0,
"2024-08-13,15:24:02",cha_wew.,#0,ايه,_.69_.#0,
"2024-08-13,15:24:04",rayer43,#0,اها,cha_wew.#0,
"2024-08-13,15:24:04",vv_sr7,#0,علابالي شاعر يهودي,x7hs#0,
"2024-08-13,15:24:12",0_gf,#0,اسمع بركا ما تتقحبن,_.69_.#0,
"2024-08-13,15:24:14",x7hs,#0,حية ولا ميتة,cha_wew.#0,
"2024-08-13,15:24:20",cha_wew.,#0,حسابلو وضعيات X,rayer43#0,
"2024-08-13,15:24:21",0_gf,#0,ديجا ارواح chill 1 نقولك حادة,,
"2024-08-13,15:24:25",sk.ii,#0,ساحر,,
"2024-08-13,15:24:30",rayer43,#0,جايح وش تقول,cha_wew.#0,
"2024-08-13,15:24:33",vv_sr7,#0,قالك بلي يفتخرون بهم,0_gf#0,
"2024-08-13,15:24:46",sk.ii,#0,كس ام القرف<@1180425486720041032>,0_gf#0,
"2024-08-13,15:24:49",cha_wew.,#0,<@1081296261182935040> عندك الحق,rayer43#0、x7hs#0,
"2024-08-13,15:24:54",x7hs,#0,هز مازوخية تاعك و نيَّك بعيد,_.69_.#0,
"2024-08-13,15:24:55",0_gf,#0,نن الشيعة حمير الدين نتاعهم يدير تحديث كل سيمانة,vv_sr7#0,
"2024-08-13,15:25:08",0_gf,#0,nigga i dont do nothing,sk.ii#0,
"2024-08-13,15:25:09",sk.ii,#0,<@1169542240192974910> شاوي لحاس,cha_wew.#0,
"2024-08-13,15:25:13",kf1798,#0,زواج متعة يا نمي,0_gf#0,
"2024-08-13,15:25:14",vv_sr7,#0,نوووح الحنووون,0_gf#0,
"2024-08-13,15:25:19",x7hs,#0,خصك الز ب ؟,cha_wew.#0,
"2024-08-13,15:25:26",_.69_.,#0,🥰,kf1798#0,
"2024-08-13,15:25:26",x7hs,#0,ضحكت معاك شوي متتحلكش,,
"2024-08-13,15:25:31",cha_wew.,#0,Wtf مانيش شاوي,sk.ii#0,
"2024-08-13,15:25:34",kf1798,#0,وش خصك,_.69_.#0,
"2024-08-13,15:25:38",sk.ii,#0,القضيب ابونيت,,
"2024-08-13,15:25:43",_.69_.,#0,🫦,kf1798#0,
"2024-08-13,15:25:52",x7hs,#0,بصح شا نقلك يعرف يضرب البيبا روايال,sk.ii#0,
"2024-08-13,15:25:55",kf1798,#0,ترضع للرجال ؟؟؟ و تشربو ؟,_.69_.#0,
"2024-08-13,15:26:01",kf1798,#0,فيه بروتين,,
"2024-08-13,15:26:02",0_gf,#0,,,https://cdn.discordapp.com/attachments/1227367017661595708/1272924129774800927/Snapinsta.app_video_A44225B6E539EAD0485934B1DB1783AB_video_dashinit.mp4?ex=672e1f7a&is=672ccdfa&hm=257afc94eba47637d24dabd630271d6464178812494ee632583db28919c12c82&
"2024-08-13,15:26:06",_.69_.,#0,شحال في عمرك؟,kf1798#0,
"2024-08-13,15:26:12",cha_wew.,#0,🍑,x7hs#0,
"2024-08-13,15:26:19",rayer43,#0,فيديو فنان,0_gf#0,
"2024-08-13,15:26:24",kf1798,#0,من كتيبة باين عندك 30,_.69_.#0,
"2024-08-13,15:26:25",x7hs,#0,تاعك دايرة كيما هك ؟,cha_wew.#0,
"2024-08-13,15:26:33",sk.ii,#0,انا نق ش اوفيسيال,,
"2024-08-13,15:26:37",0_gf,#0,,rayer43#0,https://cdn.discordapp.com/attachments/1227367017661595708/1272924275996627016/FB_IMG_1716581184324.jpg?ex=672e1f9d&is=672cce1d&hm=caa76fec03bdfa05505f1d9e213417a664d7461d5e222bb0ba6fe1d1c18bc5f1&
"2024-08-13,15:26:44",_.69_.,#0,ارواح بريفي 😫,kf1798#0,
"2024-08-13,15:26:54",sk.ii,#0,انا نق ش,,
"2024-08-13,15:26:54",0_gf,#0,العبلي بيه,sk.ii#0,https://cdn.discordapp.com/attachments/1227367017661595708/1272924350508568607/image.png?ex=672e1fae&is=672cce2e&hm=87dcc09c311e88d61c89f2101c2dd84e059ab28c434373b6e058f410c3a5c076&
"2024-08-13,15:26:57",2jz.o7,#0,5$gift card play store for sell,,
"2024-08-13,15:26:57",rayer43,#0,Nigga <:NIGGA_omg:1150394296680329226>,0_gf#0,
"2024-08-13,15:27:07",sk.ii,#0,بصح انا لني ك,0_gf#0,
"2024-08-13,15:27:13",kf1798,#0,مانيش تاع بريفي يا نمي مزال عقلية تاع بريفي تمشي,_.69_.#0,
"2024-08-13,15:27:19",0_gf,#0,,sk.ii#0,https://cdn.discordapp.com/attachments/1227367017661595708/1272924452795060285/image.png?ex=672e1fc7&is=672cce47&hm=949fa6ec1497cd2047bfd3b59fd1926ae4312cf72bed6e9982576b526eef2011&
"2024-08-13,15:27:22",vv_sr7,#0,3tihali <:uncannycat:1152013915954352148>,2jz.o7#0,
"2024-08-13,15:27:27",kf1798,#0,<@1195134511546105958> اعتزلت ؟؟,m7_.n8#0,
"2024-08-13,15:27:28",cha_wew.,#0,نهدر علا تاعك راص طوطا,x7hs#0,
"2024-08-13,15:27:29",rayer43,#0,💀,0_gf#0,
"2024-08-13,15:27:31",vv_sr7,#0,nice feets,0_gf#0,
"2024-08-13,15:27:33",0_gf,#0,ولاد القح وصلوا للديسكورد,kf1798#0,
"2024-08-13,15:27:35",abdellah_x,#0,احشموا شوي بزايد,,
"2024-08-13,15:27:37",_.69_.,#0,علاه دير لي هكذا يا نمي راني جبتو,0_gf#0,
"2024-08-13,15:27:39",sk.ii,#0,انا لني ك ميفعلوش فيا,0_gf#0,
"2024-08-13,15:27:52",2jz.o7,#0,Nbi3 rani srx,vv_sr7#0,
"2024-08-13,15:27:53",rayer43,#0,<:juan:1150418197581922344>,_.69_.#0,
"2024-08-13,15:27:57",_xl7,#0,wtf,,
"2024-08-13,15:28:02",_xl7,#0,chat k zbi,,
"2024-08-13,15:28:02",sk.ii,#0,انا ني1ك مش عط1ي,,
"2024-08-13,15:28:04",0_gf,#0,,sk.ii#0,https://cdn.discordapp.com/attachments/1227367017661595708/1272924641895251979/image.png?ex=672e1ff4&is=672cce74&hm=6e14302bb356a7d1520dc39cd4e2987e9823545a7458ae64e235dc378467d3c0&
"2024-08-13,15:28:06",tanj_ir,#0,راني نطنن احشم 🥲,0_gf#0,
"2024-08-13,15:28:11",x7hs,#0,ز بي ؟,cha_wew.#0,
"2024-08-13,15:28:14",abdellah_x,#0,خلااااااص,,
"2024-08-13,15:28:14",kf1798,#0,تمنييك يا خو طغاو رجعو فيهم هورمونات تاع سخونات يحبو نم,0_gf#0,
"2024-08-13,15:28:15",0_gf,#0,فايحين يزح,,
"2024-08-13,15:28:16",cha_wew.,#0,تبيع نيترو,2jz.o7#0,
"2024-08-13,15:28:21",_.69_.,#0,🥰,abdellah_x#0,
"2024-08-13,15:28:26",2jz.o7,#0,Nitro m3ndich,cha_wew.#0,
"2024-08-13,15:28:32",2jz.o7,#0,Rani nbi3 steam,,
"2024-08-13,15:28:38",sk.ii,#0,تبيع نيترو <:NIGGA_omg:1150394296680329226>,2jz.o7#0,
"2024-08-13,15:28:42",cha_wew.,#0,<:9k:1189273274455179358> متفهمش,x7hs#0,
"2024-08-13,15:28:43",_xl7,#0,kayn nitro b 20m srx,cha_wew.#0,
"2024-08-13,15:28:43",sk.ii,#0,نشري,,
"2024-08-13,15:28:46",0_gf,#0,البروبلام يزح كانوا فل انستا و الفايسبوك دوك تحلبوا للديسكورد خصروا القعدة,kf1798#0,
"2024-08-13,15:28:46",2jz.o7,#0,W gift card play store ta3 5$ region usa,,
"2024-08-13,15:28:57",_xl7,#0,tchri zbi,sk.ii#0,
"2024-08-13,15:29:03",x7hs,#0,شكون يشري كونت كلاش اوف كلانس شيكور <:gigachad:1150419236989186078>,,
"2024-08-13,15:29:05",abdellah_x,#0,واقيلا فيروس,,
"2024-08-13,15:29:09",kf1798,#0,تسما نستنا العام جاي شحال دارو بدراهمنا ؟؟,2jz.o7#0,
"2024-08-13,15:29:12",cha_wew.,#0,20واش,_xl7#0,
"2024-08-13,15:29:21",2jz.o7,#0,M3ndich nitro doka,sk.ii#0,
"2024-08-13,15:29:26",rayer43,#0,شكون يشري واقي,x7hs#0,
"2024-08-13,15:29:26",kf1798,#0,كل يوم  جديد,0_gf#0,
"2024-08-13,15:29:29",sk.ii,#0,فقير عندي كوربلوكس في روبلوكس,_xl7#0,
"2024-08-13,15:29:29",_xl7,#0,millon,cha_wew.#0,
"2024-08-13,15:29:39",kf1798,#0,Million,,
"2024-08-13,15:29:40",cha_wew.,#0,<:9k:1189273274455179358>اهو ايك,_xl7#0,
"2024-08-13,15:29:44",2jz.o7,#0,20m hada gift machi link,_xl7#0,
"2024-08-13,15:29:49",_xl7,#0,diro fi trmtk w a93d 3lih,sk.ii#0,
"2024-08-13,15:29:52",x7hs,#0,وحد القح بة او يسبامي,,
"2024-08-13,15:29:53",sk.ii,#0,شكون يشري كونت روبلوكس قاوي,,
"2024-08-13,15:29:55",_xl7,#0,oui bayna,2jz.o7#0,
"2024-08-13,15:30:03",_xl7,#0,tnak mtchrich,cha_wew.#0,
"2024-08-13,15:30:05",rayer43,#0,وش فيه,sk.ii#0,
"2024-08-13,15:30:08",x7hs,#0,و نتا متشريش كونت كلاش اوف كلانس ؟,sk.ii#0,
"2024-08-13,15:30:09",cha_wew.,#0,ياه ايزن,kf1798#0,
"2024-08-13,15:30:16",2jz.o7,#0,Chkon lmb3r li mazalo ychri gift,_xl7#0,
"2024-08-13,15:30:19",kf1798,#0,دك يجي جوردي يديرلك دوغي ستيل بالبان,,
"2024-08-13,15:30:23",sk.ii,#0,كوربلوكس بزاف سكنات زائد 7000 محطوطه فيه,rayer43#0,
"2024-08-13,15:30:31",cha_wew.,#0,Okلقيت اوحد 140k,_xl7#0,
"2024-08-13,15:30:32",kf1798,#0,شكون نتا,cha_wew.#0,
"2024-08-13,15:30:35",rayer43,#0,اوكي نايس,sk.ii#0,
"2024-08-13,15:30:35",_xl7,#0,kayn,2jz.o7#0,
"2024-08-13,15:30:37",0_gf,#0,,,https://cdn.discordapp.com/attachments/1227367017661595708/1272925280800866465/Screenshot_-.png?ex=672e208c&is=672ccf0c&hm=9cb1676b8d8425f1a75b2de69b33a8c1b04d3206b6cd678f54d866cac13abee6&
"2024-08-13,15:30:42",x7hs,#0,باينة كامل تع باطل <:emoji_47:1151909990727163954>,sk.ii#0,
"2024-08-13,15:30:45",sk.ii,#0,دليل في بريفي اذا تشري,rayer43#0,
"2024-08-13,15:30:45",_xl7,#0,achri w akt 9awd,cha_wew.#0,
"2024-08-13,15:30:47",cha_wew.,#0,قبالي نتا,kf1798#0,
"2024-08-13,15:30:53",rayer43,#0,لالا يعطيك الصحة,sk.ii#0,
"2024-08-13,15:31:00",kf1798,#0,معنديش جنسية أنا مسلم برك,cha_wew.#0,
"2024-08-13,15:31:02",sk.ii,#0,🙂,rayer43#0,
"2024-08-13,15:31:10",rayer43,#0,🙂,sk.ii#0,
"2024-08-13,15:31:16",_xl7,#0,nta aizen ?,kf1798#0,
"2024-08-13,15:31:17",cha_wew.,#0,سقسيتك بكل احترام,_xl7#0,
"2024-08-13,15:31:23",kf1798,#0,ريح ما تسبامي يا نمي,,
"2024-08-13,15:31:30",_xl7,#0,mam ana 9otlk b i7tiram,cha_wew.#0,
"2024-08-13,15:31:30",x7hs,#0,"شيكور 
مام انا صحبوب<:emoji_47:1151909990727163954>",kf1798#0,
"2024-08-13,15:31:35",kf1798,#0,لالا كاين ايزن وحدوخر,_xl7#0,
"2024-08-13,15:31:35",sk.ii,#0,يوزر Bellaandharm,x7hs#0,
"2024-08-13,15:31:37",rayer43,#0,لي راه يسبامي ترمتو معمرة زن,,
"2024-08-13,15:31:47",cha_wew.,#0,Ok,_xl7#0,
"2024-08-13,15:31:49",_xl7,#0,ynik sowa ta3 ymak li rak tspami,,
"2024-08-13,15:31:50",2jz.o7,#0,Li 7ab ychri yji prv hawlik proof jbtha lbar7 mazal m activitha,,https://cdn.discordapp.com/attachments/1227367017661595708/1272925591904977060/Screenshot_2024-08-13-15-31-18-110_com.android.vending.jpg?ex=672e20d6&is=672ccf56&hm=ba9700e438f93d1d04c87dec2166a72c5e6b16e643b589419fd65d6baf5c656e&
"2024-08-13,15:32:00",cha_wew.,#0,اييييه,kf1798#0,
"2024-08-13,15:32:04",amirxlol_55368,#0,شكون يديها,,
"2024-08-13,15:32:10",sk.ii,#0,Washno hada,2jz.o7#0,
"2024-08-13,15:32:11",kf1798,#0,راحو قع زعماء القدم,x7hs#0,
"2024-08-13,15:32:14",rayer43,#0,وشنو,amirxlol_55368#0,
"2024-08-13,15:32:16",vv_sr7,#0,rah ti9a m.3ah,,
"2024-08-13,15:32:17",x7hs,#0,<@1000413597945569411> احشم ناعطيزك,_xl7#0、lucasuormahnocarchilos099#0,
"2024-08-13,15:32:19",_xl7,#0,lala nta aizen,kf1798#0,
"2024-08-13,15:32:22",2jz.o7,#0,Gift card play store 5$,sk.ii#0,
"2024-08-13,15:32:36",kf1798,#0,سقسي جوردي,_xl7#0,
"2024-08-13,15:32:41",cha_wew.,#0,شكون هادا لي يسبامي,,
"2024-08-13,15:32:49",sk.ii,#0,وش تجيبلي,2jz.o7#0,
"2024-08-13,15:32:50",amirxlol_55368,#0,رحت تسوير,rayer43#0,
"2024-08-13,15:32:52",x7hs,#0,<@1000413597945569411>,lucasuormahnocarchilos099#0、cha_wew.#0,
"2024-08-13,15:32:55",vv_sr7,#0,ايزن خرج صاي,kf1798#0,
"2024-08-13,15:32:55",_xl7,#0,jordy 9ali nta aizen 3lach rak ttmnik,kf1798#0,
"2024-08-13,15:32:58",x7hs,#0,طيحله بريفي,,
"2024-08-13,15:33:03",2jz.o7,#0,T9dr tch7an biha les jeux ta3 tlfn,sk.ii#0,
"2024-08-13,15:33:03",cha_wew.,#0,راص طوطا,x7hs#0,
"2024-08-13,15:33:12",x7hs,#0,طيحله طيحله بريفي,cha_wew.#0,
"2024-08-13,15:33:21",rayer43,#0,"<@1183808376375873557> 
هذا لي يسبامي",x7hs#0、vv_sr7#0,
"2024-08-13,15:33:23",sk.ii,#0,حاب نشري لعبة فريدي 4,2jz.o7#0,
"2024-08-13,15:33:30",vv_sr7,#0,nkmk,rayer43#0,
"2024-08-13,15:33:33",2jz.o7,#0,Ch7al tdir,sk.ii#0,
"2024-08-13,15:33:34",vv_sr7,#0,nkmk,,
"2024-08-13,15:33:34",x7hs,#0,و هاذا ثان <@1000413597945569411>,rayer43#0、lucasuormahnocarchilos099#0,
"2024-08-13,15:33:36",cha_wew.,#0,كل واش راه يقول,rayer43#0,
"2024-08-13,15:33:42",sk.ii,#0,كثر من خمسه,2jz.o7#0,
"2024-08-13,15:33:45",sk.ii,#0,حشوه,,
"2024-08-13,15:33:49",demon_slayer_tanjiro_kamado,#0,سلام,,
"2024-08-13,15:33:51",demon_slayer_tanjiro_kamado,#0,يدك فيه,,
"2024-08-13,15:33:51",vv_sr7,#0,rah ykdeb,cha_wew.#0,
"2024-08-13,15:33:51",rayer43,#0,جملة و فيها ايموجيات,cha_wew.#0,
"2024-08-13,15:33:52",2jz.o7,#0,Ana 3ndi 5$ brk,sk.ii#0,
"2024-08-13,15:33:59",rayer43,#0,بلع,vv_sr7#0,
"2024-08-13,15:34:02",vv_sr7,#0,nkmkk,rayer43#0,
"2024-08-13,15:34:05",rayer43,#0,راح هذاوين تسبامي,,
"2024-08-13,15:34:10",vv_sr7,#0,nkmk,rayer43#0,
"2024-08-13,15:34:10",rayer43,#0,يا العطاy,,
"2024-08-13,15:34:14",cha_wew.,#0,لي يسبامي GAY,,
"2024-08-13,15:34:15",rayer43,#0,نك مك,vv_sr7#0,
"2024-08-13,15:34:18",x7hs,#0,<@1000413597945569411> هاذا لي كان يسبامي طيحوله بريفي,lucasuormahnocarchilos099#0,
"2024-08-13,15:34:27",rayer43,#0,و هذا ثاني <@1183808376375873557>,x7hs#0、vv_sr7#0,
"2024-08-13,15:34:38",kf1798,#0,Aizen lokhr ya kho machi Ana zid sa9si,_xl7#0,
"2024-08-13,15:34:43",_xl7,#0,<@1000413597945569411> chof ya l3ziz ro7 nik 400 tiz mok,lucasuormahnocarchilos099#0,
"2024-08-13,15:34:47",0_gf,#0,<:tadcarlfachero36:1152016084430487552>,x7hs#0,https://cdn.discordapp.com/attachments/1227367017661595708/1272926330710659222/image.png?ex=672e2187&is=672cd007&hm=4b9ff6d26daba4bb0476c7a00064664aecd71aa945d4d3defd641f705b5edb2e&
"2024-08-13,15:34:47",cha_wew.,#0,امشو قودو قاع,,
"2024-08-13,15:34:48",vv_sr7,#0,nkmk,rayer43#0,
"2024-08-13,15:34:52",demon_slayer_tanjiro_kamado,#0,و هدا تاني <@1193610131724849227>,_xl7#0,
"2024-08-13,15:34:53",_xl7,#0,sa7a,kf1798#0,
"2024-08-13,15:34:55",amirxlol_55368,#0,وعلع تسبمي,vv_sr7#0,
"2024-08-13,15:34:58",x7hs,#0,لي ميطيحلهش بريفي ڨعرة و ضربوهوله سبع كحالش تع مالي,0_gf#0,
"2024-08-13,15:35:01",x7hs,#0,شيكور,0_gf#0,
"2024-08-13,15:35:03",rayer43,#0,بيه مقود,amirxlol_55368#0,
"2024-08-13,15:35:04",_xl7,#0,zbi raho yspami fi tramk,demon_slayer_tanjiro_kamado#0,
"2024-08-13,15:35:17",sk.ii,#0,"English or Spanish 
ليكتب  لول gay",,
"2024-08-13,15:35:22",kf1798,#0,جوردي راه وحده ني نشوف خلا تتطياح البوت ماهوش يخدم,vv_sr7#0,
"2024-08-13,15:35:26",0_gf,#0,<@1183808376375873557> nigga wanna get into emoji war ?,vv_sr7#0,
"2024-08-13,15:35:27",demon_slayer_tanjiro_kamado,#0,ختك,sk.ii#0,
"2024-08-13,15:35:29",2jz.o7,#0,<@1183808376375873557> 5las ya nmi 7bs,vv_sr7#0,
"2024-08-13,15:35:42",demon_slayer_tanjiro_kamado,#0,<@1183808376375873557> علاه تسبامي,vv_sr7#0,
"2024-08-13,15:35:44",sk.ii,#0,<@1102692285235347598> <@1264558495034769438> <@1180425486720041032>,0_gf#0、kf1798#0、demon_slayer_tanjiro_kamado#0,
"2024-08-13,15:35:52",rayer43,#0,بيه مقود,demon_slayer_tanjiro_kamado#0,
"2024-08-13,15:35:53",.zn3,#0,||Les Algeriens des star||,,
"2024-08-13,15:35:54",0_gf,#0,وش ضرك,sk.ii#0,
"2024-08-13,15:35:55",sk.ii,#0,Gays,,
"2024-08-13,15:35:59",vv_sr7,#0,@everyonenik mah li rah y9ol bli rani nspami,,
"2024-08-13,15:36:01",rayer43,#0,هاهو جا البطاطا,.zn3#0,
"2024-08-13,15:36:03",demon_slayer_tanjiro_kamado,#0,ما ل ز بي,sk.ii#0,
"2024-08-13,15:36:04",rayer43,#0,الزعيم,,
"2024-08-13,15:36:15",abdellah_x,#0,Please stop please stop,,
"2024-08-13,15:36:16",_xl7,#0,<:juan:1150418197581922344>  ykho allh yhdik 7bs spam,vv_sr7#0,
"2024-08-13,15:36:20",sk.ii,#0,متحول يامبزل,demon_slayer_tanjiro_kamado#0,
"2024-08-13,15:36:20",kf1798,#0,Mazalkom te3 li yktb lwl gay ?,sk.ii#0,
"2024-08-13,15:36:25",demon_slayer_tanjiro_kamado,#0,<:cum:1152013788653031434>,abdellah_x#0,
"2024-08-13,15:36:25",.zn3,#0,أنا وليدو الله يرحمو بابا راح فريطوملات 😔,rayer43#0,
"2024-08-13,15:36:29",x7hs,#0,طيح لهاذا بريفي <@1000413597945569411>,lucasuormahnocarchilos099#0、demon_slayer_tanjiro_kamado#0,
"2024-08-13,15:36:30",_xl7,#0,wj3k ? <:NIGGA_omg:1150394296680329226>,abdellah_x#0,
"2024-08-13,15:36:33",rayer43,#0,😔,.zn3#0,
"2024-08-13,15:36:40",demon_slayer_tanjiro_kamado,#0,روح تعطي,sk.ii#0,
"2024-08-13,15:36:46",0_gf,#0,يستاهلوا تبعثولهم فل بريفي,,https://cdn.discordapp.com/attachments/1227367017661595708/1272926831296647169/image.png?ex=672e21fe&is=672cd07e&hm=03324acf978055234844e4c288b6d965679f060271dcec266956a7b4db5d94f6&
"2024-08-13,15:36:49",demon_slayer_tanjiro_kamado,#0,صحا,x7hs#0,
"2024-08-13,15:36:50",0_gf,#0,4k,,
"2024-08-13,15:36:58",.zn3,#0,كان يحكيلي عليكم بلي كونتو حابين تزوجوه 😔,rayer43#0,
"2024-08-13,15:36:58",amirxlol_55368,#0,😭,.zn3#0,
"2024-08-13,15:37:00",x7hs,#0,I can't my dick won't stop,abdellah_x#0,
"2024-08-13,15:37:02",_xl7,#0,k zbi fi zoj,0_gf#0,
"2024-08-13,15:37:05",kf1798,#0,<@1191354977193570356> جهادي مزالك تخدم ؟؟,themask0239#0,
"2024-08-13,15:37:05",vv_sr7,#0,@everyone حبسو على ز بنا سبام,_xl7#0,
"2024-08-13,15:37:12",rayer43,#0,ياخو انا وش درت,0_gf#0,
"2024-08-13,15:37:18",0_gf,#0,ikr they like a sucks duo,_xl7#0,
"2024-08-13,15:37:20",demon_slayer_tanjiro_kamado,#0,ايه,vv_sr7#0,
"2024-08-13,15:37:35",_xl7,#0,ytnako,0_gf#0,
"2024-08-13,15:37:44",0_gf,#0,نرسل فضيحة ؟,,
"2024-08-13,15:37:50",amirxlol_55368,#0,براك ما تسبامي وخلاص,vv_sr7#0,
"2024-08-13,15:37:51",rayer43,#0,هم مشي انا,.zn3#0,
"2024-08-13,15:37:54",rayer43,#0,وي,0_gf#0,
"2024-08-13,15:38:02",0_gf,#0,فضيحة نتاعك نتا,rayer43#0,
"2024-08-13,15:38:03",x7hs,#0,"قلهم بلي هاذا لي يسبامي <@1000413597945569411> 
قلهم ثان لي ميطيحلهش ضربوهوله كحالش",lucasuormahnocarchilos099#0、vv_sr7#0,
"2024-08-13,15:38:11",vv_sr7,#0,حبس على ملة سبام,amirxlol_55368#0,
"2024-08-13,15:38:11",rayer43,#0,ياله حطها,0_gf#0,
"2024-08-13,15:38:11",kf1798,#0,يا خو سمعت فضيحة تاع شابة صباح جديدة دايرة بقوري واحد يصور و واحد يفعل فيها,0_gf#0,
"2024-08-13,15:38:16",.zn3,#0,معلاباليش كيفاه دارها مي قالولي انا وليدو,rayer43#0,
"2024-08-13,15:38:22",vv_sr7,#0,ني كماتهم,x7hs#0,
"2024-08-13,15:38:26",.zn3,#0,حكاولي كيفاه مات بكل شجاعة,,
"2024-08-13,15:38:28",vv_sr7,#0,يسبامو,,
"2024-08-13,15:38:43",demon_slayer_tanjiro_kamado,#0,مات بالطوطة,.zn3#0,
"2024-08-13,15:38:46",demon_slayer_tanjiro_kamado,#0,💀,,
"2024-08-13,15:38:48",rayer43,#0,وي,.zn3#0,
"2024-08-13,15:39:06",.zn3,#0,مات مقلي في الزيت 😔😔😔,demon_slayer_tanjiro_kamado#0,
"2024-08-13,15:39:11",_xl7,#0,li 7kto trmto 3la spam yro7 ysbami fi zro,,
"2024-08-13,15:39:14",0_gf,#0,هو ولا مشي هو,,https://cdn.discordapp.com/attachments/1227367017661595708/1272927453316386816/image.png?ex=672e2292&is=672cd112&hm=5783bc702e46d329a802bdb204f63c7e7027abe78ad877d280f1c16495783bf4&
"2024-08-13,15:39:16",0_gf,#0,هو هو,,
"2024-08-13,15:39:26",vv_sr7,#0,ني ك مك لي راه يسبامي,,
"2024-08-13,15:39:27",rayer43,#0,حارب بكل شجاعة 😔,.zn3#0,
"2024-08-13,15:39:29",kf1798,#0,<:Dead_inside:1150410964659863592> <:Dead_inside:1150410964659863592>,0_gf#0,
"2024-08-13,15:39:30",_xl7,#0,🗿 <:ahegao:1150410734057033738>,0_gf#0,
"2024-08-13,15:39:30",amirxlol_55368,#0,قتلوه بيها,.zn3#0,
"2024-08-13,15:39:31",rayer43,#0,ياو,0_gf#0,
"2024-08-13,15:39:40",_xl7,#0,<@1081296261182935040> dos prv kho <:cum:1152013788653031434>,rayer43#0,
"2024-08-13,15:39:41",demon_slayer_tanjiro_kamado,#0,شكون ؟,.zn3#0,
"2024-08-13,15:39:42",0_gf,#0,شكون لي راه يسبامي ؟,vv_sr7#0,
"2024-08-13,15:39:45",rayer43,#0,قاع مقتلش كيما هاك,,
"2024-08-13,15:39:50",0_gf,#0,ينكمك,,
"2024-08-13,15:39:53",.zn3,#0,بطاطا ماتشفالوش 😔,demon_slayer_tanjiro_kamado#0,
"2024-08-13,15:39:55",_xl7,#0,<@1000413597945569411> ya si zbi,lucasuormahnocarchilos099#0,
"2024-08-13,15:40:00",_xl7,#0,ya si 9loa,,
"2024-08-13,15:40:03",_xl7,#0,nik,,
"2024-08-13,15:40:08",_xl7,#0,7tchon ymak,,
"2024-08-13,15:40:09",.zn3,#0,😔,rayer43#0,
"2024-08-13,15:40:09",demon_slayer_tanjiro_kamado,#0,مات بالطوطة مالك,.zn3#0,
"2024-08-13,15:40:11",_xl7,#0,7bs,,
"2024-08-13,15:40:14",x7hs,#0,نق ش يقتل,_xl7#0,
"2024-08-13,15:40:14",vv_sr7,#0,واحد زام ل راه يبعت ايموجي على شكل ز ب,,
"2024-08-13,15:40:23",.zn3,#0,حكاولي راح فريطوملات 😔,demon_slayer_tanjiro_kamado#0,
"2024-08-13,15:40:26",amirxlol_55368,#0,كان شهيد في سبيل الباطاط,.zn3#0,
"2024-08-13,15:40:28",0_gf,#0,قلتلهم يديروني ادمن,,
"2024-08-13,15:40:29",0_gf,#0,محبوش,,
"2024-08-13,15:40:32",0_gf,#0,نروح ناكل,,
"2024-08-13,15:40:33",rayer43,#0,كاينة,amirxlol_55368#0,
"2024-08-13,15:40:34",.zn3,#0,كان يحكي كلماته الاخيرة هنا,,
"2024-08-13,15:40:34",_xl7,#0,3jbk ? <:cum:1152013788653031434>  hadak chkl ?,vv_sr7#0,
"2024-08-13,15:40:36",0_gf,#0,<@1191354977193570356>,themask0239#0,
"2024-08-13,15:40:38",rayer43,#0,بصحتك,0_gf#0,
"2024-08-13,15:40:42",0_gf,#0,واحد راه يسبامي,,
"2024-08-13,15:40:44",vv_sr7,#0,"واحد زام ل راه يبعت ايموجي على شكل ز ب

@Mozan
@LucMBLG ya si zbi",0_gf#0,
"2024-08-13,15:40:45",x7hs,#0,<@1000413597945569411>,lucasuormahnocarchilos099#0、vv_sr7#0,
"2024-08-13,15:40:45",0_gf,#0,بردوا,,
"2024-08-13,15:40:55",themask0239,#0,<@1180425486720041032> وي,0_gf#0,
"2024-08-13,15:40:59",0_gf,#0,<@1191354977193570356>,themask0239#0,
"2024-08-13,15:41:00",demon_slayer_tanjiro_kamado,#0,ز ب ي ز ب ي ز ب ي ز ب ي ز ب ي,,
"2024-08-13,15:41:00",.zn3,#0,ماتاكلش بطاطا 😔,0_gf#0,
"2024-08-13,15:41:02",_xl7,#0,<@1191354977193570356> rahi tnakt b spam arwa7 tchof m3ah,themask0239#0,
"2024-08-13,15:41:02",vv_sr7,#0,واحد زام ل راه يبعت ايموجي على شكل ز ب,,
"2024-08-13,15:41:03",demon_slayer_tanjiro_kamado,#0,ز ب ي ز ب ي ز ب ي ز ب ي,,
"2024-08-13,15:41:06",rayer43,#0,يا الكذاب هذا نتا,x7hs#0,
"2024-08-13,15:41:11",0_gf,#0,راهم يسبامو,themask0239#0,
"2024-08-13,15:41:13",themask0239,#0,<@1193610131724849227>  شكون ؟,_xl7#0,
"2024-08-13,15:41:20",vv_sr7,#0,"واحد زام ل راه يبعت ايموجي على شكل ز ب

@Mozan
@LucMBLG ya si zbi",themask0239#0,
"2024-08-13,15:41:20",_xl7,#0,<@1000413597945569411>,lucasuormahnocarchilos099#0、themask0239#0,
"2024-08-13,15:41:24",mk_diassss,#0,شكون حاب يدخل سيرفر هنتاي,,
"2024-08-13,15:41:24",x7hs,#0,حاب تلصقها فيا ؟,rayer43#0,
"2024-08-13,15:41:24",rayer43,#0,<@1183808376375873557>,themask0239#0、vv_sr7#0,
"2024-08-13,15:41:33",vv_sr7,#0,ىنكن,rayer43#0,
"2024-08-13,15:41:38",x7hs,#0,🗿,mk_diassss#0,
"2024-08-13,15:41:38",rayer43,#0,و كيفاه شفتك ملا؟,x7hs#0,
"2024-08-13,15:41:42",vv_sr7,#0,nikmok,rayer43#0,
"2024-08-13,15:41:44",.zn3,#0,خاوتي أيا نديرو شعار #كلنا_بطاطا في سبيل المرحوم بطاطا الله يحرمه 😔,,
"2024-08-13,15:41:45",vv_sr7,#0,kdab,,
"2024-08-13,15:41:49",themask0239,#0,<@1180425486720041032>,0_gf#0,
"2024-08-13,15:41:50",x7hs,#0,امشي قود,rayer43#0,
"2024-08-13,15:41:52",themask0239,#0,أعععع,,
"2024-08-13,15:41:52",vv_sr7,#0,KDAB,,
"2024-08-13,15:41:53",x7hs,#0,كذاب,,
"2024-08-13,15:41:54",demon_slayer_tanjiro_kamado,#0,<@1000413597945569411> <@1183808376375873557>,lucasuormahnocarchilos099#0、themask0239#0、vv_sr7#0,
"2024-08-13,15:41:58",.zn3,#0,يرحمه***,,
"2024-08-13,15:41:59",mk_diassss,#0,تدخل؟,x7hs#0,
"2024-08-13,15:41:59",rayer43,#0,بلع فمك يا العطاy,vv_sr7#0,
"2024-08-13,15:42:00",x7hs,#0,هاهو <@1000413597945569411>,lucasuormahnocarchilos099#0、themask0239#0,
"2024-08-13,15:42:00",vv_sr7,#0,Qnkmk,demon_slayer_tanjiro_kamado#0,
"2024-08-13,15:42:05",themask0239,#0,<@1264558495034769438>  وشيااااااا,demon_slayer_tanjiro_kamado#0,
"2024-08-13,15:42:06",vv_sr7,#0,kmk,rayer43#0,
"2024-08-13,15:42:10",amirxlol_55368,#0,يروح فريت طوملات ولا كوش لمهم كن شهيد😞,.zn3#0,
"2024-08-13,15:42:13",rayer43,#0,نك مك,vv_sr7#0,
"2024-08-13,15:42:15",demon_slayer_tanjiro_kamado,#0,و مك,vv_sr7#0,
"2024-08-13,15:42:23",demon_slayer_tanjiro_kamado,#0,وش ؟,themask0239#0,
"2024-08-13,15:42:29",themask0239,#0,# حبسو لنعريكم,,
"2024-08-13,15:42:29",x7hs,#0,"هاذا كان يسبامي <@1000413597945569411> 
طيحله بريفي معاك",lucasuormahnocarchilos099#0、themask0239#0,
"2024-08-13,15:42:39",vv_sr7,#0,<@1264558495034769438> <@1081296261182935040> نحطه ليكم في فخادكم,rayer43#0、demon_slayer_tanjiro_kamado#0,
"2024-08-13,15:42:46",rayer43,#0,جرب حط,vv_sr7#0,
"2024-08-13,15:42:48",rayer43,#0,ارواح,,
"2024-08-13,15:42:56",_xl7,#0,sai <@1183808376375873557> <@1081296261182935040>  7bs ya rbk,rayer43#0、vv_sr7#0,
"2024-08-13,15:42:57",vv_sr7,#0,بز ز بي,rayer43#0,
"2024-08-13,15:42:59",0_gf,#0,لاعبها مقود ؟,,
"2024-08-13,15:43:04",demon_slayer_tanjiro_kamado,#0,ارواح نن ي كك,vv_sr7#0,
"2024-08-13,15:43:07",0_gf,#0,نرسل ؟,,
"2024-08-13,15:43:08",vv_sr7,#0,nikmk,_xl7#0,
"2024-08-13,15:43:16",rayer43,#0,وي,0_gf#0,
"2024-08-13,15:43:17",.zn3,#0,"مانيش حاب نروح فريطوملات ولا جواز بطاطا ياخو 😔
اني حاب نتزوج ونشوف ولادي 😔",amirxlol_55368#0,
"2024-08-13,15:43:21",vv_sr7,#0,bzoz zbi,demon_slayer_tanjiro_kamado#0,
"2024-08-13,15:43:34",_xl7,#0,ana ?,vv_sr7#0,
"2024-08-13,15:43:36",demon_slayer_tanjiro_kamado,#0,بلع يا عطاY,vv_sr7#0,
"2024-08-13,15:43:49",mk_diassss,#0,راك معايا؟,vv_sr7#0,
"2024-08-13,15:43:50",x7hs,#0,# هاذا هو لي كان يسبامي بريفي تاعه مفتوح <@1000413597945569411>,lucasuormahnocarchilos099#0,
"2024-08-13,15:43:50",rayer43,#0,يا العطاy راك كنت تسبامي,vv_sr7#0,
"2024-08-13,15:43:52",0_gf,#0,,,https://cdn.discordapp.com/attachments/1227367017661595708/1272928619232231544/received_717022205935867.mp4?ex=672e23a8&is=672cd228&hm=058ec4419d229afcbbcabfb5bef10ceb00332d6585c13f0d94a8cd4ae1582d2f&
"2024-08-13,15:43:53",vv_sr7,#0,mosahli,demon_slayer_tanjiro_kamado#0,
"2024-08-13,15:43:57",demon_slayer_tanjiro_kamado,#0,نعاونك باش تجيب و لاد,.zn3#0,
"2024-08-13,15:44:04",rayer43,#0,و <@1183808376375873557>,x7hs#0、vv_sr7#0,
"2024-08-13,15:44:07",vv_sr7,#0,nikmkm,rayer43#0,
"2024-08-13,15:44:09",amirxlol_55368,#0,راك كلبتهولي بلع فمك,vv_sr7#0,
"2024-08-13,15:44:11",rayer43,#0,نك مك,vv_sr7#0,
"2024-08-13,15:44:12",.zn3,#0,انا ذكر 🥔,demon_slayer_tanjiro_kamado#0,
"2024-08-13,15:44:22",demon_slayer_tanjiro_kamado,#0,صحا,.zn3#0,
"2024-08-13,15:44:34",_xl7,#0,<@1191354977193570356> chof m3aa hada raho mn 9bil yjbdli fi yma drki niko <@1183808376375873557>,themask0239#0、vv_sr7#0,
"2024-08-13,15:44:35",x7hs,#0,مفيهاش مالا,.zn3#0,
"2024-08-13,15:44:47",abdellah_x,#0,احتشموا يأيها المسلمين,,
"2024-08-13,15:44:50",vv_sr7,#0,@everyone had zaml rah yspami <@1264558495034769438> <@1081296261182935040>,rayer43#0、demon_slayer_tanjiro_kamado#0,
"2024-08-13,15:44:58",demon_slayer_tanjiro_kamado,#0,ما تطيحش لمراهق مراهق مشي عطاy كيفك  <@1081296261182935040> <@1183808376375873557>,rayer43#0、vv_sr7#0,
"2024-08-13,15:45:02",.zn3,#0,جيبولي بطاطة بنت فاميليا 🥔,x7hs#0,
"2024-08-13,15:45:03",rayer43,#0,يا الكذاب,vv_sr7#0,
"2024-08-13,15:45:05",x7hs,#0,هاذا <@1000413597945569411>,lucasuormahnocarchilos099#0、vv_sr7#0,
"2024-08-13,15:45:06",rayer43,#0,هذا نتا,,
"2024-08-13,15:45:19",demon_slayer_tanjiro_kamado,#0,كذاب و ن ق ش,vv_sr7#0,
"2024-08-13,15:45:27",rayer43,#0,شفت ربي يهديه,demon_slayer_tanjiro_kamado#0,
"2024-08-13,15:45:28",abdellah_x,#0,لاتسبوا,,
"2024-08-13,15:45:29",vv_sr7,#0,@everyone <@1081296261182935040> سيرتو هاد ن قش,rayer43#0,
"2024-08-13,15:45:31",0_gf,#0,ذراري نتع نمي,,
"2024-08-13,15:45:33",amirxlol_55368,#0,يخو جيت مشي كع مليح,abdellah_x#0,
"2024-08-13,15:45:38",x7hs,#0,# لي تحتي قجبةةةةةة,,
"2024-08-13,15:45:43",mk_diassss,#0,يجماعا وش كاين,,
"2024-08-13,15:45:44",demon_slayer_tanjiro_kamado,#0,ايه,rayer43#0,
"2024-08-13,15:46:06",vv_sr7,#0,دراري نتاع نمي نتا و ياه,demon_slayer_tanjiro_kamado#0,
"2024-08-13,15:46:09",_xl7,#0,rahi mnika drari rhom yl3bo chat k zbi,mk_diassss#0,
"2024-08-13,15:46:20",rayer43,#0,و نتا يا ق7بة,vv_sr7#0,
"2024-08-13,15:46:25",vv_sr7,#0,هاداك ريكاردو,_xl7#0,
"2024-08-13,15:46:32",rayer43,#0,يا كذاب,vv_sr7#0,
"2024-08-13,15:46:37",demon_slayer_tanjiro_kamado,#0,مين حنا دراري روح تع ط ي يا الحاج,vv_sr7#0,
"2024-08-13,15:47:00",demon_slayer_tanjiro_kamado,#0,<@1183808376375873557> راهو يدير في ال سبام,mk_diassss#0、vv_sr7#0,
"2024-08-13,15:47:10",amirxlol_55368,#0,ي د ك ف ي ه,vv_sr7#0,
"2024-08-13,15:47:13",abdellah_x,#0,ما هذه الاسامي الغير مناسب بالمسلمين,,
"2024-08-13,15:47:25",demon_slayer_tanjiro_kamado,#0,كذاب تع نمي,vv_sr7#0,
"2024-08-13,15:47:30",vv_sr7,#0,<@1214967653370691624> هادو زوج راهم يسبامو <@1264558495034769438> <@1081296261182935040>,rayer43#0、jordyy.a3ttt#0、demon_slayer_tanjiro_kamado#0,
"2024-08-13,15:47:36",rayer43,#0,يا الكذاب,vv_sr7#0,
"2024-08-13,15:47:43",demon_slayer_tanjiro_kamado,#0,كذاب,vv_sr7#0,
"2024-08-13,15:47:44",rayer43,#0,احلف بلي راني كنت نسبامي,,
"2024-08-13,15:47:47",_xl7,#0,<@1214967653370691624> ya kho nrslk 3ibad f prv bani 7tchon ymahom,jordyy.a3ttt#0,
"2024-08-13,15:47:47",vv_sr7,#0,niklk mo,rayer43#0,
"2024-08-13,15:48:00",rayer43,#0,هيا احلف بلي راني كنت نسبامي,vv_sr7#0,
"2024-08-13,15:48:03",demon_slayer_tanjiro_kamado,#0,<@1214967653370691624> ارواح واحد راه يسبامي و يحصل فينا,jordyy.a3ttt#0,
"2024-08-13,15:48:13",amirxlol_55368,#0,بركا مطيح بل يمات,vv_sr7#0,
"2024-08-13,15:48:16",abdellah_x,#0,🇵🇸,,
"2024-08-13,15:48:21",x7hs,#0,متنساش <@1000413597945569411>,_xl7#0、lucasuormahnocarchilos099#0,
"2024-08-13,15:48:24",mk_diassss,#0,<@1214967653370691624> راهو يسبامي <@1183808376375873557>,jordyy.a3ttt#0、vv_sr7#0,
"2024-08-13,15:48:29",rayer43,#0,شوف راهو سكت كي قتلو احلف,amirxlol_55368#0,
"2024-08-13,15:48:29",demon_slayer_tanjiro_kamado,#0,برك ما تطيح باليمات يا رخيص,vv_sr7#0,
"2024-08-13,15:48:35",zakoxzako_61788,#0,الطنة,,
"2024-08-13,15:48:37",vv_sr7,#0,@everyone دك نمشي لجوردي فالبريفي باش يباني ولاد قحا ب,,
"2024-08-13,15:48:44",demon_slayer_tanjiro_kamado,#0,ايه نتا فري زعيم <:gigachad:1150419236989186078>,mk_diassss#0,
"2024-08-13,15:48:52",_xl7,#0,sai ni hdrt m3ah w rsltlo acc ta3 5 3ibad mna,x7hs#0,
"2024-08-13,15:49:00",rayer43,#0,روح ديرلو بيبا في بريفي,vv_sr7#0,
"2024-08-13,15:49:01",vv_sr7,#0,مطيحتيش بليمات قبيل يالفرخ,demon_slayer_tanjiro_kamado#0,
"2024-08-13,15:49:03",zakoxzako_61788,#0,الطنة الطنة الطنة الطنة الطنة الطنة,,
"2024-08-13,15:49:07",x7hs,#0,<@1000413597945569411> و هاذا متنساهش,lucasuormahnocarchilos099#0、vv_sr7#0,
"2024-08-13,15:49:12",rayer43,#0,"كي قتلك احلف قعدت ساكت
<@1183808376375873557>",vv_sr7#0,
"2024-08-13,15:49:20",rayer43,#0,يسما باينة,,
"2024-08-13,15:49:23",vv_sr7,#0,هو و <@994699786240397412>,x7hs#0,
"2024-08-13,15:49:25",demon_slayer_tanjiro_kamado,#0,يا الز بي تطيح باليمات و موراها يقول لا ؟ @everyone,vv_sr7#0,
"2024-08-13,15:49:26",_xl7,#0,drt scren lkaml hdrtkom r7to f zb zbi lkhawa,,
"2024-08-13,15:49:35",zakoxzako_61788,#0,علاه راكم تضاربو,,
"2024-08-13,15:49:39",zakoxzako_61788,#0,راني مطنن,,
"2024-08-13,15:49:48",zakoxzako_61788,#0,الطنة الطنة,,
"2024-08-13,15:49:54",_xl7,#0,ana ti7tli byma ya si zbi,vv_sr7#0,
"2024-08-13,15:49:54",rayer43,#0,كان واحد يسبامي و ضرك راهو محصلها فينا,zakoxzako_61788#0,
"2024-08-13,15:49:56",demon_slayer_tanjiro_kamado,#0,بلع فمك يا الفرخ العطاy,vv_sr7#0,
"2024-08-13,15:50:01",vv_sr7,#0,سمحلي غلطت,x7hs#0,
"2024-08-13,15:50:15",x7hs,#0,Bruh,vv_sr7#0,
"2024-08-13,15:50:15",demon_slayer_tanjiro_kamado,#0,ما تساعفوش السيد راهو مطنن,,
"2024-08-13,15:50:21",vv_sr7,#0,ز بي كبير على عايلتك,demon_slayer_tanjiro_kamado#0,
"2024-08-13,15:50:21",amirxlol_55368,#0,مطيحش بليمات,rayer43#0,
"2024-08-13,15:50:31",zakoxzako_61788,#0,عيطو للاونر يطيرو,rayer43#0,
"2024-08-13,15:50:36",demon_slayer_tanjiro_kamado,#0,تاعي يغطي حومتك,vv_sr7#0,
"2024-08-13,15:50:37",zakoxzako_61788,#0,الطنة,,
"2024-08-13,15:50:37",mk_diassss,#0,raho ja <@1214967653370691624>,jordyy.a3ttt#0,
"2024-08-13,15:50:39",rayer43,#0,راهو كونجي,zakoxzako_61788#0,
"2024-08-13,15:50:45",vv_sr7,#0,راني ماشي لجوردي,zakoxzako_61788#0,
"2024-08-13,15:50:51",rayer43,#0,اوكي,amirxlol_55368#0,
"2024-08-13,15:50:53",vv_sr7,#0,يبانيهمد,,
"2024-08-13,15:50:54",zakoxzako_61788,#0,احا,rayer43#0,
"2024-08-13,15:51:08",zakoxzako_61788,#0,و هي فرات خخخ,vv_sr7#0,
"2024-08-13,15:51:23",zakoxzako_61788,#0,المهم وشراكم,,
"2024-08-13,15:51:24",vv_sr7,#0,واه راه كثر در هنا,zakoxzako_61788#0,
"2024-08-13,15:51:29",rayer43,#0,لباس الحمد لله,zakoxzako_61788#0,
"2024-08-13,15:51:32",abdulrazzaq0639,#0,سلام,,
"2024-08-13,15:51:33",vv_sr7,#0,حمد الله,zakoxzako_61788#0,
"2024-08-13,15:51:34",rayer43,#0,وش راك,,
"2024-08-13,15:51:37",rayer43,#0,و عليكم السلام,abdulrazzaq0639#0,
"2024-08-13,15:51:42",demon_slayer_tanjiro_kamado,#0,كون جيت راجل تهدر معانا و تعرف بلي غلطت مشي تتكل على الناس هادي مش الرجلة,vv_sr7#0,
"2024-08-13,15:51:43",abdulrazzaq0639,#0,كي دايرا,rayer43#0,
"2024-08-13,15:51:47",vv_sr7,#0,😂,abdulrazzaq0639#0,
"2024-08-13,15:51:48",rayer43,#0,الحمد لله بخير,abdulrazzaq0639#0,
"2024-08-13,15:51:54",zakoxzako_61788,#0,الطرد و الحقرة,vv_sr7#0,
"2024-08-13,15:51:57",dreaml7rach,#0,بس بس,,
"2024-08-13,15:51:58",cha_wew.,#0,وليت <:tadcarlfachero36:1152016084430487552>,,
"2024-08-13,15:51:59",abdulrazzaq0639,#0,تخلطة ياخو شاكاين,vv_sr7#0,
"2024-08-13,15:52:04",abdulrazzaq0639,#0,شاكاين,cha_wew.#0,
"2024-08-13,15:52:04",vv_sr7,#0,🦮,abdulrazzaq0639#0,
"2024-08-13,15:52:07",demon_slayer_tanjiro_kamado,#0,سلام,cha_wew.#0,
"2024-08-13,15:52:08",rayer43,#0,<:tadcarlfachero36:1152016084430487552>,cha_wew.#0,
"2024-08-13,15:52:13",amirxlol_55368,#0,حمدو الله خو,abdulrazzaq0639#0,
"2024-08-13,15:52:14",zakoxzako_61788,#0,الحمد الله حبب,rayer43#0,
"2024-08-13,15:52:19",abdulrazzaq0639,#0,وانا متقوليش سلام رخيص,demon_slayer_tanjiro_kamado#0,
"2024-08-13,15:52:25",rayer43,#0,الحمد لله,zakoxzako_61788#0,
"2024-08-13,15:52:26",vv_sr7,#0,راهم يحصلو فيا بلي راني نسبامي,abdulrazzaq0639#0,
"2024-08-13,15:52:28",cha_wew.,#0,<:emoji_47:1151909990727163954>,rayer43#0,
"2024-08-13,15:52:31",demon_slayer_tanjiro_kamado,#0,سلام يا الرخيص,abdulrazzaq0639#0,
"2024-08-13,15:52:32",zakoxzako_61788,#0,ربي يدوم الحمد,,
"2024-08-13,15:52:34",abdulrazzaq0639,#0,راهي مخلطة تبانلي نضرب دورة ونرجع,amirxlol_55368#0,
"2024-08-13,15:52:36",cha_wew.,#0,سلام,abdulrazzaq0639#0,
"2024-08-13,15:52:43",abdulrazzaq0639,#0,يدك فيه,demon_slayer_tanjiro_kamado#0,
"2024-08-13,15:52:49",abdulrazzaq0639,#0,وعليكم السلام,cha_wew.#0,
"2024-08-13,15:52:50",demon_slayer_tanjiro_kamado,#0,مصهلي,abdulrazzaq0639#0,
"2024-08-13,15:52:56",zakoxzako_61788,#0,جيب جيب السيف جيب,vv_sr7#0,
"2024-08-13,15:52:58",abdulrazzaq0639,#0,بلع فمك,demon_slayer_tanjiro_kamado#0,
"2024-08-13,15:53:00",cha_wew.,#0,<@1264558495034769438> زدت اختصاصاتواحد اوخرين,demon_slayer_tanjiro_kamado#0,
"2024-08-13,15:53:08",amirxlol_55368,#0,اه ادرب دور ورجع,abdulrazzaq0639#0,
"2024-08-13,15:53:09",abdulrazzaq0639,#0,واه,cha_wew.#0,
"2024-08-13,15:53:23",abdulrazzaq0639,#0,تبانلي فكرة مليحة,amirxlol_55368#0,
"2024-08-13,15:53:24",vv_sr7,#0,حابين كاتانا ياك 😂,zakoxzako_61788#0,
"2024-08-13,15:53:28",midnightakram.,#0,<:KEKYou:1150418200027201566> <:juan:1150418197581922344>,,https://cdn.discordapp.com/attachments/1227367017661595708/1272931034857476106/Screenshot_2024-08-12-15-58-16-86_948cd9899890cbd5c2798760b2b95377.jpg?ex=672e25e8&is=672cd468&hm=285276197cf11845393e0bbb05a0e4e27ac40f0374a65cfd968dcfacf71e6897&
"2024-08-13,15:53:41",zakoxzako_61788,#0,كتانا تهدر,,
"2024-08-13,15:53:42",cha_wew.,#0,بصح نحا اختصاص واحد,abdulrazzaq0639#0,
"2024-08-13,15:53:43",amirxlol_55368,#0,اه,abdulrazzaq0639#0,
"2024-08-13,15:53:46",rayer43,#0,اتهلاو نجيكم ممبعد,,
"2024-08-13,15:53:54",vv_sr7,#0,نا كه هيدشوت,midnightakram.#0,
"2024-08-13,15:53:57",cha_wew.,#0,كان سراق الطوطات,abdulrazzaq0639#0,
"2024-08-13,15:54:00",demon_slayer_tanjiro_kamado,#0,اصبر,rayer43#0,
"2024-08-13,15:54:10",zakoxzako_61788,#0,نك للراص,vv_sr7#0,
"2024-08-13,15:54:12",cha_wew.,#0,<:juan:1150418197581922344>,vv_sr7#0,
"2024-08-13,15:54:17",amirxlol_55368,#0,اصبر يا طوط,rayer43#0,
"2024-08-13,15:54:22",rayer43,#0,يودي راني نرجع فيسع,demon_slayer_tanjiro_kamado#0,
"2024-08-13,15:54:30",cha_wew.,#0,مسهالو,vv_sr7#0,
"2024-08-13,15:54:34",zakoxzako_61788,#0,سرقلي قلوة,cha_wew.#0,
"2024-08-13,15:54:39",midnightakram.,#0,نيشان <:Jerry_Laugh:1150411385424072776> <a:Palestine:1089665522142027888>,vv_sr7#0,
"2024-08-13,15:54:40",demon_slayer_tanjiro_kamado,#0,اسمع لا راك رايح مصهلي و كسلهلي و روح<:gigachad:1150419236989186078> <:gigachad:1150419236989186078> <:gigachad:1150419236989186078> <:gigachad:1150419236989186078>,rayer43#0,
"2024-08-13,15:54:50",vv_sr7,#0,<:juan:1150418197581922344>,midnightakram.#0,
"2024-08-13,15:54:54",cha_wew.,#0,ماشي غير نتا <:picardiacrying2:1152016067649081394>,zakoxzako_61788#0,
"2024-08-13,15:55:05",vv_sr7,#0,<:juan:1150418197581922344> <:emoji_106:1191547968151617626>,cha_wew.#0,
"2024-08-13,15:55:06",rayer43,#0,يودي روح اتخيلها و خلاص,demon_slayer_tanjiro_kamado#0,
"2024-08-13,15:55:08",jordyy.a3ttt,#0,Sba7 zb,,
"2024-08-13,15:55:12",jordyy.a3ttt,#0,Wchrah sari,,
"2024-08-13,15:55:20",jordyy.a3ttt,#0,Khtk w ymak,nadhirbenx32#0,
"2024-08-13,15:55:26",cha_wew.,#0,دخل لادميت لي بلوكيتو,jordyy.a3ttt#0,
"2024-08-13,15:55:27",jordyy.a3ttt,#0,nta,,
"2024-08-13,15:55:28",zakoxzako_61788,#0,لقيت الكيس القلوي مثقوب,cha_wew.#0,
"2024-08-13,15:55:31",vv_sr7,#0,جيت راه كاين لي يسبامي,jordyy.a3ttt#0,
"2024-08-13,15:55:31",mk_diassss,#0,jdati,nadhirbenx32#0,
"2024-08-13,15:55:33",zakoxzako_61788,#0,و قلوة مكاش,,
"2024-08-13,15:55:34",jordyy.a3ttt,#0,No,cha_wew.#0,
"2024-08-13,15:55:36",amirxlol_55368,#0,حتا نت مشي وحدك😞,cha_wew.#0,
"2024-08-13,15:55:37",demon_slayer_tanjiro_kamado,#0,سبون جبوب كان كاين واحد يسبامي هاوالا <@1183808376375873557>,jordyy.a3ttt#0、vv_sr7#0,
"2024-08-13,15:55:45",jordyy.a3ttt,#0,Chkoun wlid lfamilia hada,vv_sr7#0,
"2024-08-13,15:55:48",mk_diassss,#0,صح,demon_slayer_tanjiro_kamado#0,
"2024-08-13,15:55:50",cha_wew.,#0,علاه واش درلك,jordyy.a3ttt#0,
"2024-08-13,15:56:05",zakoxzako_61788,#0,وليد لحباب,jordyy.a3ttt#0,
"2024-08-13,15:56:11",demon_slayer_tanjiro_kamado,#0,سبون جبوب كان كاين واحد يسبامي هاوالا <@1183808376375873557>,jordyy.a3ttt#0、vv_sr7#0,
"2024-08-13,15:56:12",jordyy.a3ttt,#0,<@1183808376375873557> nta rbk,vv_sr7#0,
"2024-08-13,15:56:13",cha_wew.,#0,كان ناس ملاح,,
"2024-08-13,15:56:18",mors9363,#0,س,,
"2024-08-13,15:56:21",jordyy.a3ttt,#0,DOKO YA 97BA,,
"2024-08-13,15:56:30",amirxlol_55368,#0,عندو لحق,demon_slayer_tanjiro_kamado#0,
"2024-08-13,15:56:31",jordyy.a3ttt,#0,DOKO NIKMOK,,
"2024-08-13,15:56:33",demon_slayer_tanjiro_kamado,#0,ايه و قاع الناس راهم شاهدين,jordyy.a3ttt#0,
"2024-08-13,15:56:38",mk_diassss,#0,<@1183808376375873557> يطيح بليمات و يسبامي,vv_sr7#0,
"2024-08-13,15:56:44",rayer43,#0,وي,demon_slayer_tanjiro_kamado#0,
"2024-08-13,15:56:48",jordyy.a3ttt,#0,Ttt,nadhirbenx32#0,
"2024-08-13,15:56:52",jordyy.a3ttt,#0,Tiramisu,,
"2024-08-13,15:56:54",rayer43,#0,و رانا قاع شفناه,,
"2024-08-13,15:56:58",vv_sr7,#0,متمن ييكش,jordyy.a3ttt#0,
"2024-08-13,15:57:03",demon_slayer_tanjiro_kamado,#0,<@1183808376375873557> هاوالا,vv_sr7#0,
"2024-08-13,15:57:03",cha_wew.,#0,<:cum:1152013788653031434>,nadhirbenx32#0,
"2024-08-13,15:57:10",abdulrazzaq0639,#0,جاكم عيسى,,
"2024-08-13,15:57:12",_xl7,#0,arsl tiz mo l vallhala,jordyy.a3ttt#0,
"2024-08-13,15:57:16",mk_diassss,#0,<@1214967653370691624> شوف تيكت تاعي <:Yes_Honey:1150411382869729290>,jordyy.a3ttt#0,
"2024-08-13,15:57:21",abdulrazzaq0639,#0,سبونج بوب لعريان كان يخدم,,
"2024-08-13,15:57:23",jordyy.a3ttt,#0,Nchlh,mk_diassss#0,
"2024-08-13,15:57:27",jordyy.a3ttt,#0,Brbi,,
"2024-08-13,15:57:29",abdulrazzaq0639,#0,خليه يريح,mk_diassss#0,
"2024-08-13,15:57:31",cha_wew.,#0,لي يسبامي وليد هريبة,,
"2024-08-13,15:57:45",rayer43,#0,كاينة,cha_wew.#0,
"2024-08-13,15:57:51",_xl7,#0,<@1214967653370691624> yaa shof m3a zbo,jordyy.a3ttt#0,
"2024-08-13,15:57:52",zaki69420,#0,🇼🇭,,
"2024-08-13,15:58:01",zakoxzako_61788,#0,يماه مليحة,cha_wew.#0,
"2024-08-13,15:58:04",abdulrazzaq0639,#0,وليد قحجة,cha_wew.#0,
"2024-08-13,15:58:14",jordyy.a3ttt,#0,كي جيت وليد فاميلية درتلك تايم,,
"2024-08-13,15:58:23",abdulrazzaq0639,#0,كاينة,jordyy.a3ttt#0,
"2024-08-13,15:58:27",rayer43,#0,زعيم <:gigachad:1150419236989186078>,jordyy.a3ttt#0,
"2024-08-13,15:58:28",rayer43,#0,<:gigachad:1150419236989186078>,,
"2024-08-13,15:58:31",cha_wew.,#0,يحب الطوطا فرشة هايل طري حلو سكر,abdulrazzaq0639#0,
"2024-08-13,15:58:38",cha_wew.,#0,ن. ك مو,,
"2024-08-13,15:58:47",0_gf,#0,شكون لي دا تايم,jordyy.a3ttt#0,
"2024-08-13,15:58:48",_xl7,#0,r7la ll lamldif,jordyy.a3ttt#0,
"2024-08-13,15:58:55",abdulrazzaq0639,#0,😂هيل ناه برو حميت علامن,cha_wew.#0,
"2024-08-13,15:58:56",jordyy.a3ttt,#0,Madame benz,0_gf#0,
"2024-08-13,15:58:56",abdulrazzaq0639,#0,<:juan:1150418197581922344>,,
"2024-08-13,15:59:13",cha_wew.,#0,علا لي يسبامي,abdulrazzaq0639#0,
"2024-08-13,15:59:15",0_gf,#0,طاغيه,jordyy.a3ttt#0,
"2024-08-13,15:59:17",_xl7,#0,tmnik byna hadak dirlh ban,jordyy.a3ttt#0,
"2024-08-13,15:59:19",zaki69420,#0,ن.ك م,,
"2024-08-13,15:59:21",amirxlol_55368,#0,حتا انا,jordyy.a3ttt#0,
"2024-08-13,15:59:25",0_gf,#0,,,
"2024-08-13,15:59:25",abdulrazzaq0639,#0,طاقيه,cha_wew.#0,
"2024-08-13,15:59:42",cha_wew.,#0,وين نعرف علا ترم تو,abdulrazzaq0639#0,
"2024-08-13,16:00:05",rayer43,#0,<@1183808376375873557>,vv_sr7#0、cha_wew.#0,
"2024-08-13,16:00:10",abdulrazzaq0639,#0,ماشي طيق تعرف مستقبل من تر، مات,cha_wew.#0,
"2024-08-13,16:00:32",_.69_.,#0,<@1210334819569897552> 🫦,abdulrazzaq0639#0,
"2024-08-13,16:00:43",abdulrazzaq0639,#0,رجع عيسى,_.69_.#0,
"2024-08-13,16:00:53",_.69_.,#0,نحبك 🥺,abdulrazzaq0639#0,
"2024-08-13,16:00:54",demon_slayer_tanjiro_kamado,#0,جماعة يجكم فيه,,
"2024-08-13,16:00:56",cha_wew.,#0,راح راص طوطا,rayer43#0,
"2024-08-13,16:00:56",zaki69420,#0,🇫 🇺 🇨 🇰,,
"2024-08-13,16:01:06",amirxlol_55368,#0,يدك فيه عود روح,abdulrazzaq0639#0,
"2024-08-13,16:01:08",cha_wew.,#0,<:cum:1152013788653031434>,zaki69420#0,
"2024-08-13,16:01:09",abdulrazzaq0639,#0,كياينى,cha_wew.#0,
"2024-08-13,16:01:10",demon_slayer_tanjiro_kamado,#0,عرف بلي راح يباندوه,cha_wew.#0,
"2024-08-13,16:01:22",abdulrazzaq0639,#0,😂,demon_slayer_tanjiro_kamado#0,
"2024-08-13,16:01:23",m3d.com,#0,جاتني الطنة <:uncannycat:1152013915954352148>,,
"2024-08-13,16:01:24",cha_wew.,#0,<:juan:1150418197581922344>,demon_slayer_tanjiro_kamado#0,
"2024-08-13,16:01:25",_.69_.,#0,نتا لمليح 🫦,nadhirbenx32#0,
"2024-08-13,16:01:35",abdulrazzaq0639,#0,تاع اوت ولا لا,m3d.com#0,
"2024-08-13,16:01:35",cha_wew.,#0,جاتني قبيلة,m3d.com#0,
"2024-08-13,16:01:40",m3d.com,#0,هيا,abdulrazzaq0639#0,
"2024-08-13,16:01:48",cha_wew.,#0,درك راحت,,
"2024-08-13,16:01:51",abdulrazzaq0639,#0,صعيبة ياخو <:Dead_inside:1150410964659863592>,m3d.com#0,
"2024-08-13,16:01:53",abdulrazzaq0639,#0,<:Dead_inside:1150410964659863592>,,
"2024-08-13,16:01:55",m3d.com,#0,راني 9 ايام بلا تكفات حاب نحبسو جاتني دوكا<:uncannycat:1152013915954352148>,cha_wew.#0,
"2024-08-13,16:01:58",amirxlol_55368,#0,توسوستلك,_.69_.#0,
"2024-08-13,16:02:06",rayer43,#0,أيا اتهلاو,,
"2024-08-13,16:02:09",cha_wew.,#0,كمل خو قاوم,m3d.com#0,
"2024-08-13,16:02:13",rayer43,#0,نرجعلكم ممبعد,,
"2024-08-13,16:02:18",abdulrazzaq0639,#0,متدخلش لديسكورد تجيك طنة,m3d.com#0,
"2024-08-13,16:02:20",m3d.com,#0,<:emoji_58:1246218762521411666>,,
"2024-08-13,16:02:24",cha_wew.,#0,ايا تهلا,rayer43#0,
"2024-08-13,16:02:30",m3d.com,#0,عكس بقيت فتيك خرجولي بزازل <:Dead_inside:1150410964659863592>,abdulrazzaq0639#0,
"2024-08-13,16:02:36",cha_wew.,#0,كاينة,,
"2024-08-13,16:02:38",amirxlol_55368,#0,الله لا يردك,rayer43#0,
"2024-08-13,16:02:39",abdulrazzaq0639,#0,😂برو,m3d.com#0,
"2024-08-13,16:02:47",abdulrazzaq0639,#0,يدك في فرناني,nadhirbenx32#0,
"2024-08-13,16:03:09",m3d.com,#0,<:moonpain:823699187556024370>,,
"2024-08-13,16:03:19",cha_wew.,#0,<:uncannycat:1152013915954352148>,,
"2024-08-13,16:03:20",abdulrazzaq0639,#0,فرناني متعرفهش خطير عليك,,
"2024-08-13,16:03:48",0_gf,#0,بلعوا لزوج,,
"2024-08-13,16:03:53",abdulrazzaq0639,#0,بونداقاني,nadhirbenx32#0,
"2024-08-13,16:03:53",0_gf,#0,ذر نتع ن_مي_ هذو,,
"2024-08-13,16:04:01",cha_wew.,#0,✅,0_gf#0,
"2024-08-13,16:04:11",abdulrazzaq0639,#0,<:9k:1189273274455179358>,,
"2024-08-13,16:04:22",amirxlol_55368,#0,يدك هيه,0_gf#0,
"2024-08-13,16:04:33",cha_wew.,#0,هو لي خترعها,nadhirbenx32#0,
"2024-08-13,16:04:39",0_gf,#0,تعلم تكتب,amirxlol_55368#0,
"2024-08-13,16:04:47",abdulrazzaq0639,#0,باخاطش هاذاك خو سيدي خلخل,nadhirbenx32#0,
"2024-08-13,16:05:03",amirxlol_55368,#0,نقلك وش تعلمت,0_gf#0,
"2024-08-13,16:05:04",0_gf,#0,,,https://cdn.discordapp.com/attachments/1227367017661595708/1272933951601770546/received_1440695519855186.jpg?ex=672e28a0&is=672cd720&hm=efc67fa9b672e268ff66aa8a49f3b68bc19a2964d0509693d9235a52b50065c9&
"2024-08-13,16:05:13",0_gf,#0,بلي نتا ولد قح ؟,amirxlol_55368#0,
"2024-08-13,16:05:26",abdulrazzaq0639,#0,تلعبولي بيه تامبعدا,,
"2024-08-13,16:05:27",cha_wew.,#0,<:NIGGA_omg:1150394296680329226>,0_gf#0,
"2024-08-13,16:05:29",m3d.com,#0,<:hhhh:1063470550300762142>,,
"2024-08-13,16:05:36",amirxlol_55368,#0,دور ونت تعرف🥵,,
"2024-08-13,16:05:47",m3d.com,#0,,,
"2024-08-13,16:06:01",0_gf,#0,لقيت خ_تك_ فوق مطرحي,amirxlol_55368#0,
"2024-08-13,16:06:05",0_gf,#0,الحقيقة المرة,,
"2024-08-13,16:06:06",0_gf,#0,خصارت الدراهم,,https://cdn.discordapp.com/attachments/1227367017661595708/1272934212466376744/image.png?ex=672e28de&is=672cd75e&hm=d2ef3df229e6574f0e2107f923f22e0fbc232c5ce97cef4926dae43b41eb90c4&
"2024-08-13,16:06:17",cha_wew.,#0,هوملاندر مازالو فيم بوي؟,,
"2024-08-13,16:06:30",cha_wew.,#0,<@1191354977193570356> <:uncannycat:1152013915954352148>,themask0239#0,
"2024-08-13,16:06:36",abdulrazzaq0639,#0,انيمي فاير انيمي واتشر انيمي سلاير تالوت ضلام,0_gf#0,
"2024-08-13,16:06:37",jordyy.a3ttt,#0,,,https://cdn.discordapp.com/attachments/1227367017661595708/1272934344930889779/VID_20240808004717.mp4?ex=672e28fd&is=672cd77d&hm=46e9b0cd30f7bd83faf875a9d7ed4641ae3029de12872cba4afa441834b8e384&
"2024-08-13,16:06:45",cha_wew.,#0,<:picardiacrying2:1152016067649081394>,nadhirbenx32#0,
"2024-08-13,16:06:54",abdulrazzaq0639,#0,نا اه,jordyy.a3ttt#0,
"2024-08-13,16:07:00",nafaabou,#0,Hi,,
"2024-08-13,16:07:11",cha_wew.,#0,<@1214967653370691624> دخل ترم ت لادمين لقديم,jordyy.a3ttt#0,
"2024-08-13,16:07:13",amirxlol_55368,#0,نا اهااااا,,
"2024-08-13,16:07:16",mors9363,#0,راني مضرور,,
"2024-08-13,16:07:19",abdulrazzaq0639,#0,روح,nadhirbenx32#0,
"2024-08-13,16:07:20",jordyy.a3ttt,#0,,nafaabou#0,https://cdn.discordapp.com/attachments/1227367017661595708/1272934524304752640/voice-message.ogg?ex=672e2928&is=672cd7a8&hm=16e75fcc196ff05447980c03aae397eb079b813675b9af67134293fdd9cc86a4&
"2024-08-13,16:07:24",cha_wew.,#0,Wassup,nafaabou#0,
"2024-08-13,16:07:27",0_gf,#0,نير اوتو ماتا,,https://cdn.discordapp.com/attachments/1227367017661595708/1272934552376967219/image.png?ex=672e292f&is=672cd7af&hm=194037b417e45137b1be98bfed6aaa162bd73358002d2f2dc3c1fca92be628f4&
"2024-08-13,16:07:38",abdulrazzaq0639,#0,😂,0_gf#0,
"2024-08-13,16:07:44",cha_wew.,#0,<:uncannycat:1152013915954352148>,jordyy.a3ttt#0,
"2024-08-13,16:07:44",jordyy.a3ttt,#0,Miamoré,0_gf#0,
"2024-08-13,16:07:45",abdulrazzaq0639,#0,لي فهم راك مطنن,,
"2024-08-13,16:07:54",0_gf,#0,مياو مياو مياو 😿,jordyy.a3ttt#0,
"2024-08-13,16:08:01",jordyy.a3ttt,#0,💔,0_gf#0,
"2024-08-13,16:08:07",cha_wew.,#0,<@1214967653370691624> دخل ترمت لادمين لقديم,jordyy.a3ttt#0,
"2024-08-13,16:08:16",amirxlol_55368,#0,مفهمتش لفو كال,jordyy.a3ttt#0,
"2024-08-13,16:08:19",0_gf,#0,smash,,https://cdn.discordapp.com/attachments/1227367017661595708/1272934772053905438/image.png?ex=672e2963&is=672cd7e3&hm=e20824a5a9ea9071091765dccb0d727cf332914245039d74e67f2672699578f1&
"2024-08-13,16:08:20",abdulrazzaq0639,#0,Makema <:branco3tromlei84:1152015859955531866>,,
"2024-08-13,16:08:23",jordyy.a3ttt,#0,,,https://cdn.discordapp.com/attachments/1227367017661595708/1272934787258253443/voice-message.ogg?ex=672e2967&is=672cd7e7&hm=e587da506740da361d9c9c1ad368c7ce49369075fc07c32a678a16d8d3f2a180&
"2024-08-13,16:08:33",cha_wew.,#0,كان قط,amirxlol_55368#0,
"2024-08-13,16:08:37",abdulrazzaq0639,#0,تمن تواني وين راحو,jordyy.a3ttt#0,
"2024-08-13,16:08:39",m3d.com,#0,<:hmm:1144061148958826556>,,
"2024-08-13,16:08:54",abdulrazzaq0639,#0,قوة قلا، وي ادمن,jordyy.a3ttt#0,
"2024-08-13,16:08:56",cha_wew.,#0,الله اعلم,abdulrazzaq0639#0,
"2024-08-13,16:09:08",abdulrazzaq0639,#0,يع، طو وقيلا,cha_wew.#0,
"2024-08-13,16:09:18",jordyy.a3ttt,#0,Bch niklk khtk w ymak,nadhirbenx32#0,
"2024-08-13,16:09:19",cha_wew.,#0,واقيل,abdulrazzaq0639#0,
"2024-08-13,16:09:28",abdulrazzaq0639,#0,<:Dead_inside:1150410964659863592> <:juan:1150418197581922344>,cha_wew.#0,
"2024-08-13,16:09:34",jordyy.a3ttt,#0,Azbi chkoun ychri compte steam full acces,,
"2024-08-13,16:09:36",cha_wew.,#0,<@1214967653370691624> دخل لادمين لقديم,jordyy.a3ttt#0,
"2024-08-13,16:09:42",jordyy.a3ttt,#0,Wllh ghir compte chikour,,
"2024-08-13,16:09:56",jordyy.a3ttt,#0,Wchno 🙂,nadhirbenx32#0,
"2024-08-13,16:09:56",abdulrazzaq0639,#0,شاك تقول علا ز، بي,jordyy.a3ttt#0,
"2024-08-13,16:10:07",jordyy.a3ttt,#0,قود nadhir,,
"2024-08-13,16:10:07",ProBot ✨,#5803,:rolling_eyes: - ** لا يمكنني العثور على هذا العضو **,,
"2024-08-13,16:10:09",cha_wew.,#0,<@1214967653370691624> دخل ماركو,jordyy.a3ttt#0,
"2024-08-13,16:10:19",jordyy.a3ttt,#0,Bye bye,,
"2024-08-13,16:10:21",midnightakram.,#0,<:KEKYou:1150418200027201566>,jordyy.a3ttt#0,
"2024-08-13,16:10:24",jordyy.a3ttt,#0,قود nadhirbenx32,,
"2024-08-13,16:10:25",cha_wew.,#0,<:KEKYou:1150418200027201566>,jordyy.a3ttt#0,
"2024-08-13,16:10:25",ProBot ✨,#5803,:rolling_eyes: - ** لا يمكنني العثور على هذا العضو **,,
"2024-08-13,16:10:28",abdulrazzaq0639,#0,<:juan:1150418197581922344>,jordyy.a3ttt#0,
"2024-08-13,16:10:37",midnightakram.,#0,<:Jerry_Laugh:1150411385424072776>,,
"2024-08-13,16:10:39",cha_wew.,#0,<:KEKYou:1150418200027201566>,jordyy.a3ttt#0,
"2024-08-13,16:10:44",jordyy.a3ttt,#0,Aywh,,
"2024-08-13,16:10:49",abdulrazzaq0639,#0,مليحلك نادير,,
"2024-08-13,16:10:51",jordyy.a3ttt,#0,NIKMATKM 🙂,,
"2024-08-13,16:10:58",cha_wew.,#0,<@1214967653370691624> دخل ماركو راص طوطا,jordyy.a3ttt#0,
"2024-08-13,16:11:03",abdulrazzaq0639,#0,نتا تاني يدك فيه,jordyy.a3ttt#0,
"2024-08-13,16:11:11",abdulrazzaq0639,#0,سمحلي ياخو,,
"2024-08-13,16:11:12",cha_wew.,#0,<@1214967653370691624> دخل ماركو,jordyy.a3ttt#0,
"2024-08-13,16:11:21",0_gf,#0,,,https://cdn.discordapp.com/attachments/1227367017661595708/1272935535437942854/image.png?ex=672e2a19&is=672cd899&hm=05d2f843620f81c6bf549de5e56bbdec41b40d9b88a8e0eb8faac8ac1b08ad7a&
"2024-08-13,16:11:21",0_gf,#0,ارحل,,
"2024-08-13,16:11:22",abdulrazzaq0639,#0,كلافي كتب روحه,jordyy.a3ttt#0,
"2024-08-13,16:11:22",amirxlol_55368,#0,<:juan:1150418197581922344> <:juan:1150418197581922344>,jordyy.a3ttt#0,
"2024-08-13,16:11:24",cha_wew.,#0,<@1214967653370691624> نحي لبان لماركو,jordyy.a3ttt#0,
"2024-08-13,16:11:26",0_gf,#0,ارحل,,
"2024-08-13,16:11:36",jordyy.a3ttt,#0,<@1183808376375873557>,vv_sr7#0,
"2024-08-13,16:11:43",abdulrazzaq0639,#0,ارحل,jordyy.a3ttt#0,
"2024-08-13,16:11:55",cha_wew.,#0,<@1214967653370691624> نخي لبان لادمين لقديم,jordyy.a3ttt#0,
"2024-08-13,16:12:07",abdulrazzaq0639,#0,حملة ارحل سبونجي,,
"2024-08-13,16:12:07",cha_wew.,#0,<@1214967653370691624> تحب الطوطا,jordyy.a3ttt#0,
"2024-08-13,16:12:10",0_gf,#0,ناكو ب بان,jordyy.a3ttt#0,
"2024-08-13,16:12:13",0_gf,#0,<:bruhcat2:984935431328116747>,,
"2024-08-13,16:12:25",cha_wew.,#0,<:picardiacrying2:1152016067649081394>,0_gf#0,
"2024-08-13,16:12:25",abdulrazzaq0639,#0,راك سيرو <:uncannycat:1152013915954352148>,0_gf#0,
"2024-08-13,16:12:25",jordyy.a3ttt,#0,,,https://cdn.discordapp.com/attachments/1227367017661595708/1272935804897067108/Screenshot_2024-08-12-20-26-28-38_40deb401b9ffe8e1df2f1cc5ba480b12.jpg?ex=672e2a59&is=672cd8d9&hm=d18b394852648fc1aa6c6d1cb72eeb651c7e1d7a896009c35081be7f165e85bd&
"2024-08-13,16:12:28",jordyy.a3ttt,#0,Antik hada ?,,
"2024-08-13,16:12:28",abdulrazzaq0639,#0,<:Dead_inside:1150410964659863592>,,
"2024-08-13,16:12:37",abdulrazzaq0639,#0,نو,jordyy.a3ttt#0,
"2024-08-13,16:12:46",0_gf,#0,جامو شفتوا,jordyy.a3ttt#0,
"2024-08-13,16:12:47",cha_wew.,#0,<@1214967653370691624> نحي لبان لماركو,jordyy.a3ttt#0,
"2024-08-13,16:12:50",0_gf,#0,روح سيي green book,,
"2024-08-13,16:13:04",0_gf,#0,green book is nice movi,,
"2024-08-13,16:13:11",cha_wew.,#0,<@1214967653370691624> راص طوطا نحي لبان لادمين لقديم,jordyy.a3ttt#0,
"2024-08-13,16:13:14",demon_slayer_tanjiro_kamado,#0,رادي نتبع الانمي تع نيار اوتوماتا,0_gf#0,
"2024-08-13,16:13:17",demon_slayer_tanjiro_kamado,#0,<:gigachad:1150419236989186078>,,
"2024-08-13,16:13:19",jordyy.a3ttt,#0,,,https://cdn.discordapp.com/attachments/1227367017661595708/1272936029195866215/Screenshot_2024-08-04-21-40-57-74_a74834d505918fcf15f301be6012aa67.jpg?ex=672e2a8f&is=672cd90f&hm=2ac8fb1ec0e4fcb8ec7e4c32a3465adef0e091739af18f65fd368e541d99eafe&
"2024-08-13,16:13:33",lm3sb_,#0,Sb7 lkhir ya zwml 🔞🥵🥵🌭,,
"2024-08-13,16:13:33",demon_slayer_tanjiro_kamado,#0,ف ال ز ب,jordyy.a3ttt#0,
"2024-08-13,16:13:36",0_gf,#0,,jordyy.a3ttt#0,https://cdn.discordapp.com/attachments/1227367017661595708/1272936101467783281/image.png?ex=672e2aa0&is=672cd920&hm=b183908a9c8ce81a2108f61cabc669a04fed5a3d5ecedf19f1738eba706d4e41&
"2024-08-13,16:13:38",cha_wew.,#0,<@1214967653370691624> نحي لبان للادمين لقديم,jordyy.a3ttt#0,
"2024-08-13,16:13:43",themask0239,#0,<@1214967653370691624> وي وش حالة,jordyy.a3ttt#0,
"2024-08-13,16:13:44",0_gf,#0,خرجلوا من السروال,,
"2024-08-13,16:13:45",abdulrazzaq0639,#0,سلام افروي,,
"2024-08-13,16:13:54",demon_slayer_tanjiro_kamado,#0,وات فاك,0_gf#0,
"2024-08-13,16:14:01",cha_wew.,#0,<@1214967653370691624> نحي لبان للادمين لقديم,jordyy.a3ttt#0,
"2024-08-13,16:14:01",0_gf,#0,حابب نولي ادمن,,
"2024-08-13,16:14:05",0_gf,#0,بسك راني نريح هنا بزا,,
"2024-08-13,16:14:06",0_gf,#0,ف,,
"2024-08-13,16:14:15",0_gf,#0,وزيد انا نحب البول,,
"2024-08-13,16:14:19",0_gf,#0,نستاهل نكون ادمن,,
"2024-08-13,16:14:23",abdulrazzaq0639,#0,نتا تطرد سيرفر,0_gf#0,
"2024-08-13,16:14:26",midnightakram.,#0,✨ القلاوي ✨,0_gf#0,
"2024-08-13,16:14:27",jordyy.a3ttt,#0,Bzzf ih,0_gf#0,
"2024-08-13,16:14:29",themask0239,#0,من سبونج إلى قط,jordyy.a3ttt#0,
"2024-08-13,16:14:35",0_gf,#0,,midnightakram.#0,
"2024-08-13,16:14:37",abdulrazzaq0639,#0,😂,themask0239#0,
"2024-08-13,16:14:39",0_gf,#0,,abdulrazzaq0639#0,
"2024-08-13,16:14:39",themask0239,#0,<@1188909935984115803> ويييي خويا أكرم,midnightakram.#0,
"2024-08-13,16:14:39",jordyy.a3ttt,#0,Ara chwiya 7lib,themask0239#0,
"2024-08-13,16:14:40",ablm69,#0,Wsuuup,,
"2024-08-13,16:14:42",lm3sb_,#0,<:emoji_104:1191547769664573450>,0_gf#0,
"2024-08-13,16:14:48",abdulrazzaq0639,#0,😂,0_gf#0,
"2024-08-13,16:14:49",0_gf,#0,البزول,lm3sb_#0,
"2024-08-13,16:14:50",amirxlol_55368,#0,ناكمن مشي ادمن,0_gf#0,
"2024-08-13,16:14:52",ablm69,#0,Mommy's home rn,,
"2024-08-13,16:14:53",cha_wew.,#0,من هوملاندر إلىfemboy,themask0239#0,
"2024-08-13,16:14:57",0_gf,#0,تعلم تكت,amirxlol_55368#0,
"2024-08-13,16:15:01",abdulrazzaq0639,#0,كاينة,amirxlol_55368#0,
"2024-08-13,16:15:05",ablm69,#0,A7ah,cha_wew.#0,
"2024-08-13,16:15:06",0_gf,#0,gimme some milk,ablm69#0,
"2024-08-13,16:15:06",themask0239,#0,,jordyy.a3ttt#0,https://cdn.discordapp.com/attachments/1227367017661595708/1272936479844208691/Picsart_24-08-13_09-37-51-140.jpg?ex=672e2afa&is=672cd97a&hm=2f0efd6a831708ba199bc93fcadd084ed2e33e94fe2bd7c3b0a7436fab3e938d&
"2024-08-13,16:15:07",jordyy.a3ttt,#0,Achrili gta f Steam wllh ghir ndirk admin,0_gf#0,
"2024-08-13,16:15:13",ablm69,#0,No,0_gf#0,
"2024-08-13,16:15:24",abdulrazzaq0639,#0,<:NIGGA_omg:1150394296680329226>,themask0239#0,
"2024-08-13,16:15:24",lm3sb_,#0,خطأ مطبعي☝️🔞🔞🥵🥵🌭,0_gf#0,
"2024-08-13,16:15:27",midnightakram.,#0,خويا العزيز <:fingersmirk:951902799967445082> ، راك مليح ؟,themask0239#0,
"2024-08-13,16:15:27",jordyy.a3ttt,#0,Ab3t original photo,themask0239#0,
"2024-08-13,16:15:28",0_gf,#0,نشريلك في ايبيك بسك دير 20 دولار لتم,jordyy.a3ttt#0,
"2024-08-13,16:15:30",jordyy.a3ttt,#0,Please,,
"2024-08-13,16:15:30",cha_wew.,#0,<@1214967653370691624> نحي لبان لماركو,jordyy.a3ttt#0,
"2024-08-13,16:15:39",ablm69,#0,Mat9oluch Homelander wla femboy,,
"2024-08-13,16:15:40",jordyy.a3ttt,#0,Lala fsteam,0_gf#0,
"2024-08-13,16:15:40",abdulrazzaq0639,#0,لا,cha_wew.#0,
"2024-08-13,16:15:46",0_gf,#0,,jordyy.a3ttt#0,
"2024-08-13,16:15:47",midnightakram.,#0,💀,themask0239#0,
"2024-08-13,16:15:48",jordyy.a3ttt,#0,Fsteam rah,,
"2024-08-13,16:15:49",jordyy.a3ttt,#0,Zp,,
"2024-08-13,16:15:51",jordyy.a3ttt,#0,20,,
"2024-08-13,16:15:55",abdulrazzaq0639,#0,نحي لبان وبلع ويدك فيه,jordyy.a3ttt#0,
"2024-08-13,16:15:57",cha_wew.,#0,تعرف شكون ماركو,abdulrazzaq0639#0,
"2024-08-13,16:15:58",themask0239,#0,,jordyy.a3ttt#0,https://cdn.discordapp.com/attachments/1227367017661595708/1272936694504488970/3ebb9e0e9cccc233a406919235dcb4cf.jpg?ex=672e2b2d&is=672cd9ad&hm=4991f02ef93e2b19df5eb6fe496f63943cf7f2e18cdc8ee05272757fdd329cc0&
"2024-08-13,16:16:04",amirxlol_55368,#0,انا نمد حليب خير منو<:co6aka:1150410498987274310>,themask0239#0,
"2024-08-13,16:16:05",abdulrazzaq0639,#0,لا,cha_wew.#0,
"2024-08-13,16:16:10",ablm69,#0,Hell nuh,themask0239#0,
"2024-08-13,16:16:14",ablm69,#0,I'm better,,
"2024-08-13,16:16:20",0_gf,#0,give me the name of this work,themask0239#0,
"2024-08-13,16:16:22",cha_wew.,#0,امشي قود راص طوطا,abdulrazzaq0639#0,
"2024-08-13,16:16:23",yacine_ss,#0,راني  الميساج لي نبعتوا ميساج يفاصوه يالزح,,
"2024-08-13,16:16:24",0_gf,#0,manga or what ?,,
"2024-08-13,16:16:25",jordyy.a3ttt,#0,F Steam rah 20.40$,0_gf#0,
"2024-08-13,16:16:26",abdulrazzaq0639,#0,انا افضل,ablm69#0,
"2024-08-13,16:16:26",themask0239,#0,راني مليح ونتا حبحب 🤭,midnightakram.#0,
"2024-08-13,16:16:30",themask0239,#0,راني مليح ونتا حبحب 🤭,,
"2024-08-13,16:16:31",ablm69,#0,Hell nuh,abdulrazzaq0639#0,
"2024-08-13,16:16:36",ablm69,#0,Win tskon ?,,
"2024-08-13,16:16:38",jordyy.a3ttt,#0,Original please wllh manbanik,themask0239#0,
"2024-08-13,16:16:38",abdulrazzaq0639,#0,بلع راص طواطي,cha_wew.#0,
"2024-08-13,16:16:39",0_gf,#0,nigga am jk i dont have money,jordyy.a3ttt#0,
"2024-08-13,16:16:44",midnightakram.,#0,حمد الله <:chad_muslim:915295412737425439>,themask0239#0,
"2024-08-13,16:16:47",cha_wew.,#0,<@1214967653370691624> راص طوطا نحي لبان للادمين لقديم,jordyy.a3ttt#0,
"2024-08-13,16:16:49",jordyy.a3ttt,#0,Nikk ban doka,0_gf#0,
"2024-08-13,16:16:53",jordyy.a3ttt,#0,Mn7ich,cha_wew.#0,
"2024-08-13,16:16:56",abdulrazzaq0639,#0,جلفة 😂,ablm69#0,
"2024-08-13,16:16:59",0_gf,#0,,jordyy.a3ttt#0,
"2024-08-13,16:16:59",themask0239,#0,هذي لي لقيتها,jordyy.a3ttt#0,
"2024-08-13,16:17:02",ablm69,#0,Hell nuh,abdulrazzaq0639#0,
"2024-08-13,16:17:07",cha_wew.,#0,نحي ني. ك مك,jordyy.a3ttt#0,
"2024-08-13,16:17:07",ablm69,#0,U are caping then,,
"2024-08-13,16:17:09",amirxlol_55368,#0,<:emoji_91:1188672059321094224>,,
"2024-08-13,16:17:19",abdulrazzaq0639,#0,😂تاناكينا مشمس ياخو,ablm69#0,
"2024-08-13,16:17:22",jordyy.a3ttt,#0,Ta3 zboba ☹️,themask0239#0,
"2024-08-13,16:17:25",cha_wew.,#0,عرفتو شكون اصلا,jordyy.a3ttt#0,
"2024-08-13,16:17:28",abdulrazzaq0639,#0,لكبار,jordyy.a3ttt#0,
"2024-08-13,16:17:29",ablm69,#0,Ana mansmarch 💀,,
"2024-08-13,16:17:36",ablm69,#0,Nskin 9odam b7ar,,
"2024-08-13,16:17:39",abdulrazzaq0639,#0,بيض,ablm69#0,
"2024-08-13,16:17:40",themask0239,#0,علبلي لقيتها معدلة زدت عدلتها 💀,jordyy.a3ttt#0,
"2024-08-13,16:17:40",jordyy.a3ttt,#0,تعاودها نزيد نكمل عليك نتا 🙂,cha_wew.#0,
"2024-08-13,16:17:52",ablm69,#0,Hakdak m5dom,abdulrazzaq0639#0,
"2024-08-13,16:17:52",jordyy.a3ttt,#0,Chkpp,themask0239#0,
"2024-08-13,16:18:00",abdulrazzaq0639,#0,😂راك تني، ك,jordyy.a3ttt#0,
"2024-08-13,16:18:13",amirxlol_55368,#0,لوكن نديراه وش درلي,jordyy.a3ttt#0,
"2024-08-13,16:18:14",cha_wew.,#0,<:9k:1189273274455179358>,jordyy.a3ttt#0,
"2024-08-13,16:18:19",abdulrazzaq0639,#0,برو 🥶,ablm69#0,
"2024-08-13,16:18:21",0_gf,#0,دعي منرقدش,,https://cdn.discordapp.com/attachments/1227367017661595708/1272937296701947965/image.png?ex=672e2bbd&is=672cda3d&hm=62805ea7bc22dbb26ff1f475a9c6733f2a2ffe9fb274646343a737f5bd054f97&
"2024-08-13,16:18:23",jordyy.a3ttt,#0,,,https://cdn.discordapp.com/attachments/1227367017661595708/1272937303647719466/Snapchat-1158571888.jpg?ex=672e2bbf&is=672cda3f&hm=528ca1854b7e663757d21c2be7a8b0933a1911b9118318228bbc73ad93c175ad&
"2024-08-13,16:18:24",themask0239,#0,<@1214967653370691624>  نسيت نقولك,jordyy.a3ttt#0,https://cdn.discordapp.com/attachments/1227367017661595708/1272937306898173982/f674fffdfc19b091df09a32f5a94316a.jpg?ex=672e2bbf&is=672cda3f&hm=118d6a793f32b61ff36e7559984c765113fc4c147ec91394a236f50b5ffc102c&
"2024-08-13,16:18:25",jordyy.a3ttt,#0,K777l,,
"2024-08-13,16:18:37",ablm69,#0,Homelander,themask0239#0,
"2024-08-13,16:18:38",abdulrazzaq0639,#0,تتناك معا هاذا انمي,0_gf#0,
"2024-08-13,16:18:41",cha_wew.,#0,نحي <@1214967653370691624> لبان,jordyy.a3ttt#0,
"2024-08-13,16:18:46",jordyy.a3ttt,#0,No,cha_wew.#0,
"2024-08-13,16:18:48",ablm69,#0,Whyyyyy,,
"2024-08-13,16:18:49",cha_wew.,#0,<@1214967653370691624> نحي لبان,jordyy.a3ttt#0,
"2024-08-13,16:18:53",ablm69,#0,Come back,,
"2024-08-13,16:18:54",jordyy.a3ttt,#0,No x2,cha_wew.#0,
"2024-08-13,16:18:58",0_gf,#0,dok ttab3o wa9il,cha_wew.#0,
"2024-08-13,16:19:01",cha_wew.,#0,<@1214967653370691624> نحي لبان,jordyy.a3ttt#0,
"2024-08-13,16:19:02",jordyy.a3ttt,#0,T3awdha ndirlk mute,,
"2024-08-13,16:19:03",ablm69,#0,Chkon rah ya7mina doka,,
"2024-08-13,16:19:09",jordyy.a3ttt,#0,Aya bl3 nikmok,,
"2024-08-13,16:19:13",amirxlol_55368,#0,نحيه,jordyy.a3ttt#0,
"2024-08-13,16:19:13",jordyy.a3ttt,#0,بلع <@1169542240192974910>,cha_wew.#0,
"2024-08-13,16:19:22",rayer43,#0,راني رجعت,,
"2024-08-13,16:19:25",abdulrazzaq0639,#0,نتا باني هاذا شياواو ز، بي,jordyy.a3ttt#0,
"2024-08-13,16:19:28",cha_wew.,#0,<:9k:1189273274455179358>,jordyy.a3ttt#0,
"2024-08-13,16:19:29",0_gf,#0,اخرج قود,rayer43#0,
"2024-08-13,16:19:33",themask0239,#0,وي حبحب نريقلهملك بلميوت,jordyy.a3ttt#0,
"2024-08-13,16:19:37",rayer43,#0,هدرت معاك؟,0_gf#0,
"2024-08-13,16:19:38",abdulrazzaq0639,#0,روح خالة راهي صعيبة,rayer43#0,
"2024-08-13,16:19:40",amirxlol_55368,#0,نحيه,jordyy.a3ttt#0,
"2024-08-13,16:19:42",cha_wew.,#0,<:9k:1189273274455179358>,jordyy.a3ttt#0,
"2024-08-13,16:19:43",midnightakram.,#0,يا خو درت اكتشاف <:co6aka:1150410498987274310> ، تعرف Google trends ?,themask0239#0,
"2024-08-13,16:19:47",rayer43,#0,علاه ؟,abdulrazzaq0639#0,
"2024-08-13,16:19:50",0_gf,#0,شات عام ويدك فيه,themask0239#0,
"2024-08-13,16:19:53",themask0239,#0,نن تعواش,midnightakram.#0,
"2024-08-13,16:19:56",abdulrazzaq0639,#0,روح درب دورو ورحع سمعلي,rayer43#0,
"2024-08-13,16:20:05",themask0239,#0,<@1188909935984115803>,midnightakram.#0,https://cdn.discordapp.com/attachments/1227367017661595708/1272937732515299388/Picsart_24-08-13_09-37-51-140.jpg?ex=672e2c25&is=672cdaa5&hm=26ee20d1f961638dffc71d670849f59474df778af9365f58f124f7c0e56bf1d3&
"2024-08-13,16:20:06",cha_wew.,#0,<@1214967653370691624> نحي لبان,jordyy.a3ttt#0,
"2024-08-13,16:20:06",abdulrazzaq0639,#0,نن,themask0239#0,
"2024-08-13,16:20:09",rayer43,#0,كاين مشكل؟,abdulrazzaq0639#0,
"2024-08-13,16:20:17",imawja,#0,<:5yzenk:859179514956611665>,themask0239#0,
"2024-08-13,16:20:19",themask0239,#0,<@1188909935984115803>,midnightakram.#0,https://cdn.discordapp.com/attachments/1227367017661595708/1272937791499665561/Video.Guru_20240813_135236084.mp4?ex=672e2c33&is=672cdab3&hm=d09388d17ab3406aa0063689f2abc15024f5bbb2c10873d8f4b81877c68fa66f&
"2024-08-13,16:20:20",midnightakram.,#0,,themask0239#0,https://cdn.discordapp.com/attachments/1227367017661595708/1272937794838204466/voice-message.ogg?ex=672e2c34&is=672cdab4&hm=89ebc553556e7a211b07691e49c8d85ead88e5737ca42efcd6ec36dcf20664e2&
"2024-08-13,16:20:27",amirxlol_55368,#0,اه كين,rayer43#0,
"2024-08-13,16:20:28",abdulrazzaq0639,#0,واه انك تقدر تحد فيدوهات في حط فيديو وقود,rayer43#0,
"2024-08-13,16:20:38",rayer43,#0,أيا نخرج,amirxlol_55368#0,
"2024-08-13,16:20:42",abdulrazzaq0639,#0,برو,midnightakram.#0,
"2024-08-13,16:20:45",rayer43,#0,مانيش حاب دواس,,
"2024-08-13,16:20:48",cha_wew.,#0,بابابا,midnightakram.#0,
"2024-08-13,16:20:57",abdulrazzaq0639,#0,مفهمتش,rayer43#0,
"2024-08-13,16:20:57",themask0239,#0,ارواح خاص خير هنا كاين موسوسين,midnightakram.#0,
"2024-08-13,16:21:05",cha_wew.,#0,<@1214967653370691624> نحي لبان,jordyy.a3ttt#0,
"2024-08-13,16:21:19",abdulrazzaq0639,#0,بورنو,themask0239#0,
"2024-08-13,16:21:20",midnightakram.,#0,شوف هاذو الولايات الجزائرية ليتفرجو فيها gay porn,themask0239#0,https://cdn.discordapp.com/attachments/1227367017661595708/1272938047780163705/Screenshot_2024-08-13-16-18-59-08_40deb401b9ffe8e1df2f1cc5ba480b12.jpg?ex=672e2c70&is=672cdaf0&hm=a6cf50364e374503cf6360f7c34f2348784d46aaffb10e394bea96fd1f38c1c7&
"2024-08-13,16:21:21",rayer43,#0,راه كاين دواس ولا وشنهي؟,abdulrazzaq0639#0,
"2024-08-13,16:21:27",amirxlol_55368,#0,اه,rayer43#0,
"2024-08-13,16:21:40",themask0239,#0,<@1169542240192974910>,cha_wew.#0,https://cdn.discordapp.com/attachments/1227367017661595708/1272938132232212612/Video.Guru_20240813_114017361.mp4?ex=672e2c84&is=672cdb04&hm=46fe0bf8a3f388c6a8d60e95ff2e8219a3f3d4dfdd6af3ff57b0437b08ec1167&
"2024-08-13,16:21:46",abdulrazzaq0639,#0,دواس شاهي,rayer43#0,
"2024-08-13,16:21:56",rayer43,#0,واو,abdulrazzaq0639#0,
"2024-08-13,16:22:16",abdulrazzaq0639,#0,هيهيهي,rayer43#0,
"2024-08-13,16:22:17",jordyy.a3ttt,#0,Timochnt 🫣,midnightakram.#0,
"2024-08-13,16:22:20",themask0239,#0,<@1188909935984115803> قتلكم,midnightakram.#0,
"2024-08-13,16:22:23",abdulrazzaq0639,#0,😂,jordyy.a3ttt#0,
"2024-08-13,16:22:24",chjra123,#0,<:uncannycat:1152013915954352148> علاه عين تيموشنت هي الاولى,midnightakram.#0,
"2024-08-13,16:22:35",abdulrazzaq0639,#0,واه نسكن تما,chjra123#0,
"2024-08-13,16:22:45",chjra123,#0,<:uncannycat:1152013915954352148>,abdulrazzaq0639#0,
"2024-08-13,16:22:48",midnightakram.,#0,فيهم gay كثر من بليدة <:juan:1150418197581922344>,chjra123#0,
"2024-08-13,16:22:49",themask0239,#0,راهم كهول كثر على نساء في عين تموشنت خويا العريان,jordyy.a3ttt#0,
"2024-08-13,16:22:53",abdulrazzaq0639,#0,والو بطلت,chjra123#0,
"2024-08-13,16:23:01",rayer43,#0,عاود شرب حليب افروي <:uncannycat:1152013915954352148>,themask0239#0,
"2024-08-13,16:23:06",chjra123,#0,وحنا كنا نحقرو في البليدة,midnightakram.#0,
"2024-08-13,16:23:06",amirxlol_55368,#0,بينا يا رص قلوي,chjra123#0,
"2024-08-13,16:23:08",0_gf,#0,,themask0239#0,https://cdn.discordapp.com/attachments/1227367017661595708/1272938500374790275/i_dont_give_a_shit.mp4?ex=672e2cdc&is=672cdb5c&hm=b028bb2d4f43ef654ff17087341a4abb9f889ab58d077f2794eac425e029dd09&
"2024-08-13,16:23:12",abdulrazzaq0639,#0,معندهمش اناث في تومنشت,,
"2024-08-13,16:23:25",themask0239,#0,# لزمنا عشرية سوداء جزء ثاني 2,midnightakram.#0,https://cdn.discordapp.com/attachments/1227367017661595708/1272938569408974908/20240727_102636.jpg?ex=672e2ced&is=672cdb6d&hm=6771386301d052735c243fc9bbae1a0aceeb574edc6586a12fbedbf7587f6a0a&
"2024-08-13,16:23:36",0_gf,#0,نورمالموا بليدة مركز اول مي يطبقوا ميتفرجوش,midnightakram.#0,
"2024-08-13,16:23:42",midnightakram.,#0,يا خو وش راك حبني نحوس ؟ <:co6aka:1150410498987274310>,themask0239#0,
"2024-08-13,16:23:53",abdulrazzaq0639,#0,اتفق بليدة مقودين,0_gf#0,
"2024-08-13,16:23:56",rayer43,#0,أيا اتهلو,,
"2024-08-13,16:23:59",themask0239,#0,<@1188909935984115803>  😫,midnightakram.#0,
"2024-08-13,16:24:00",0_gf,#0,نتا طري,,
"2024-08-13,16:24:07",rayer43,#0,أيا اتهلاو,,
"2024-08-13,16:24:10",amirxlol_55368,#0,خوس علىx,midnightakram.#0,
"2024-08-13,16:24:12",lm3sb_,#0,I got scammed ya W9,,
"2024-08-13,16:24:12",themask0239,#0,منعرفش,midnightakram.#0,
"2024-08-13,16:24:13",abdulrazzaq0639,#0,شكون نتا,0_gf#0,
"2024-08-13,16:24:15",0_gf,#0,femboys naked,midnightakram.#0,
"2024-08-13,16:24:17",abdellah_x,#0,لا العشرية السوداء نحن ضد الارهاب,,
"2024-08-13,16:24:23",midnightakram.,#0,اك,0_gf#0,
"2024-08-13,16:24:31",abdulrazzaq0639,#0,نحن نازية ياخو,abdellah_x#0,
"2024-08-13,16:24:41",abdellah_x,#0,حتى انا,,
"2024-08-13,16:24:46",themask0239,#0,# جنرلات هوما ليدارو عشرية ولاد قحاج,abdellah_x#0,
"2024-08-13,16:24:48",amirxlol_55368,#0,راك غلط فسرفر,abdellah_x#0,
"2024-08-13,16:24:55",abdulrazzaq0639,#0,مليح <:emoji_94:1188675536839507968> <:emoji_91:1188672059321094224>,abdellah_x#0,
"2024-08-13,16:25:04",themask0239,#0,<@1188909935984115803>,midnightakram.#0,https://cdn.discordapp.com/attachments/1227367017661595708/1272938986670915655/20240813_085649.jpg?ex=672e2d50&is=672cdbd0&hm=a597bad4d03f195957ae361a797a32d5c0ca5de62ba5dafa73cfd1a0ad1772c5&
"2024-08-13,16:25:06",abdulrazzaq0639,#0,لا نيشان,amirxlol_55368#0,
"2024-08-13,16:25:16",abdulrazzaq0639,#0,كاينة,themask0239#0,
"2024-08-13,16:26:02",amirxlol_55368,#0,راك تبين فيا بلي انا عبد مشي مليح,themask0239#0,
"2024-08-13,16:26:06",abdellah_x,#0,هدرتكم صعيب الواحد بفهمها,,
"2024-08-13,16:26:27",themask0239,#0,نن بلعكس نبغيك 😍,amirxlol_55368#0,
"2024-08-13,16:26:48",abdellah_x,#0,Gay,,
"2024-08-13,16:27:16",amirxlol_55368,#0,هدا🖕🏻,themask0239#0,
"2024-08-13,16:27:32",midnightakram.,#0,<:uncannycat:1152013915954352148>,0_gf#0,https://cdn.discordapp.com/attachments/1227367017661595708/1272939608795250710/Screenshot_2024-08-13-16-27-02-66_40deb401b9ffe8e1df2f1cc5ba480b12.jpg?ex=672e2de4&is=672cdc64&hm=3e1ce1ce27a7c3e30b302d934962dfcc0b6801d37851ea9b6984522328fc5202&
"2024-08-13,16:27:53",abdellah_x,#0,ام البواقي,,
"2024-08-13,16:27:56",0_gf,#0,<@1191354977193570356> يسكن في نعمة,midnightakram.#0、themask0239#0,
"2024-08-13,16:28:00",abdellah_x,#0,What,,
"2024-08-13,16:28:07",abdellah_x,#0,أم البواقي,,
"2024-08-13,16:28:13",themask0239,#0,علاوش هذو ?<@1188909935984115803>,midnightakram.#0,
"2024-08-13,16:28:42",amirxlol_55368,#0,ولد ولا طفلا,themask0239#0,
"2024-08-13,16:29:02",midnightakram.,#0,الولايات الجزائرية ليتفرجو femboys naked <:Dead_inside:1150410964659863592>,themask0239#0,
"2024-08-13,16:29:15",abdellah_x,#0,يالاطيف,,
"2024-08-13,16:29:22",midnightakram.,#0,<:NIGGA_omg:1150394296680329226>,0_gf#0,
"2024-08-13,16:29:25",abdellah_x,#0,04 راحت فيها,,
"2024-08-13,16:29:35",abdellah_x,#0,ظهرنا هك,,
"2024-08-13,16:29:43",amirxlol_55368,#0,كين لي يتورجوx,midnightakram.#0,
"2024-08-13,16:29:48",yanabbbb,#0,سلام شر mother fuck,,
"2024-08-13,16:31:22",midnightakram.,#0,وهران <:NIGGA_omg:1150394296680329226>,amirxlol_55368#0,https://cdn.discordapp.com/attachments/1227367017661595708/1272940571090092174/Screenshot_2024-08-13-16-30-59-51_40deb401b9ffe8e1df2f1cc5ba480b12.jpg?ex=672e2eca&is=672cdd4a&hm=22f0b073a43b95ae298e9327fb0a1e51bcff216db71dda7f3f71ea870dbc82cf&
"2024-08-13,16:31:51",amirxlol_55368,#0,ما تتميكش,midnightakram.#0,
"2024-08-13,16:32:31",yanabbbb,#0,نسبة تاعهم مئة بالمية<:Dead_inside:1150410964659863592> <:cum:1152013788653031434> <:uncannycat:1152013915954352148>,midnightakram.#0,
"2024-08-13,16:32:49",demon_slayer_tanjiro_kamado,#0,جماعة راني قاتل روحي بالانميات,,
"2024-08-13,16:32:56",demon_slayer_tanjiro_kamado,#0,سيختو الاتشي,,
"2024-08-13,16:34:00",amirxlol_55368,#0,رك حيب اقتل روحك بيه خير,,
"2024-08-13,16:34:11",0_gf,#0,,,https://cdn.discordapp.com/attachments/1227367017661595708/1272941280896352327/Snapinsta.app_video_B640AF09E629E4C9B8DE07A8F179F3A7_video_dashinit.mp4?ex=672e2f73&is=672cddf3&hm=8ef509acfb6e508bc470938338aa4252a3100726b2c4c28605f02c0b71d7b641&
"2024-08-13,16:34:39",amirxlol_55368,#0,يجري يا قحجا,,
"2024-08-13,16:42:54",lm3sb_,#0,Yz-b_iiii ana mnhom 🌭🌭🥵🔞🔞🌭🥵,midnightakram.#0,
"2024-08-13,16:43:26",yanabbbb,#0,<:uncannycat:1152013915954352148>,lm3sb_#0,
"2024-08-13,16:44:56",yanabbbb,#0,<@1014740479436390480> نتا من اي ولاية,lm3sb_#0,
"2024-08-13,16:46:05",midnightakram.,#0,<:emoji_104:1191547769664573450>,lm3sb_#0,
"2024-08-13,16:46:59",lm3sb_,#0,Whran l3ziz <:gigachad:1150419236989186078>,yanabbbb#0,
"2024-08-13,16:47:09",lm3sb_,#0,<:uncannycat:1152013915954352148> <:uncannycat:1152013915954352148>,midnightakram.#0,
"2024-08-13,16:48:14",yanabbbb,#0,اصبر شحال من نهار فات على لفيديو لخر لطلقها هوفا طوطا,,
"2024-08-13,16:51:11",_.69_.,#0,😘,,
"2024-08-13,16:51:54",yanabbbb,#0,Gay<:emoji_104:1191547769664573450>,_.69_.#0,
"2024-08-13,16:52:20",0_gf,#0,,,
"2024-08-13,16:53:05",yanabbbb,#0,كتبتلو اذا نتا قاي قالي ofc وش معناها,_.69_.#0,
"2024-08-13,16:53:25",_.69_.,#0,حمدلله جاهل 🥰,yanabbbb#0,
"2024-08-13,16:53:36",_.69_.,#0,راك فضحتني يا كلوه,,
"2024-08-13,16:54:29",midnightakram.,#0,"معنتها ""of course"" <a:ALG_AINTNOWAY:1044633334652866640>",yanabbbb#0,
"2024-08-13,16:54:55",yanabbbb,#0,كاينين ناس خير,midnightakram.#0,
"2024-08-13,16:55:08",demon_slayer_tanjiro_kamado,#0,جماعة راني رايح للبحر,,
"2024-08-13,16:55:10",yanabbbb,#0,اسكت ڨاي,_.69_.#0,
"2024-08-13,16:55:13",kudaymejubi,#0,Wa yanis,,
"2024-08-13,16:55:20",demon_slayer_tanjiro_kamado,#0,با ش ن ن يط,,
"2024-08-13,16:55:33",kudaymejubi,#0,<@1272318460768157801>,yanabbbb#0,
"2024-08-13,16:55:42",yanabbbb,#0,واش,kudaymejubi#0,
"2024-08-13,16:55:49",kudaymejubi,#0,D juba,yanabbbb#0,
"2024-08-13,16:55:49",ProBot ✨,#5803,🎉 أنت مؤهل للحصول على الراتب اليومي!,,
"2024-08-13,16:56:02",yanabbbb,#0,عمبالي,kudaymejubi#0,
"2024-08-13,16:56:35",yanabbbb,#0,راني لقيت واحد ڨاي روح <:emoji_87:1188671188390641724>,demon_slayer_tanjiro_kamado#0,
"2024-08-13,16:58:11",demon_slayer_tanjiro_kamado,#0,خصني شيرة م ترم ة مشي ج ا ي تع قا ع ك,yanabbbb#0,
"2024-08-13,16:58:15",themask0239,#0,<@1188909935984115803>,midnightakram.#0,https://cdn.discordapp.com/attachments/1227367017661595708/1272947335516786798/VID_20240813_165717.mp4?ex=672e3517&is=672ce397&hm=51ca83e774b828b4c70f962487178cffe214c5bd5eda06b41b876e7720c21f7d&
"2024-08-13,16:58:59",yanabbbb,#0,خلاص مالا روح للبحر ت،بن،ي،ط,demon_slayer_tanjiro_kamado#0,
"2024-08-13,16:59:21",demon_slayer_tanjiro_kamado,#0,نني ك مشي نبنيط,yanabbbb#0,
"2024-08-13,16:59:26",demon_slayer_tanjiro_kamado,#0,تحيا الن يك,,
"2024-08-13,16:59:51",yanabbbb,#0,روح أدي <@1191354977193570356>,themask0239#0、demon_slayer_tanjiro_kamado#0,
"2024-08-13,17:00:10",demon_slayer_tanjiro_kamado,#0,لا حليب افروي راجل,yanabbbb#0,
"2024-08-13,17:00:12",kudaymejubi,#0,"Bro life style <:cum:1152013788653031434> 🍫🍪🍩🍟

My life style 🍗🍚",themask0239#0,
"2024-08-13,17:00:25",yanabbbb,#0,<:NIGGA_omg:1150394296680329226>,demon_slayer_tanjiro_kamado#0,
"2024-08-13,17:00:42",demon_slayer_tanjiro_kamado,#0,MY LIFE STYLE <:cum:1152013788653031434> 🍑  <:cum:1152013788653031434> 🍑,kudaymejubi#0,
"2024-08-13,17:00:51",demon_slayer_tanjiro_kamado,#0,ني ك,,
"2024-08-13,17:00:54",demon_slayer_tanjiro_kamado,#0,و تبنييط,,
"2024-08-13,17:01:00",demon_slayer_tanjiro_kamado,#0,هادي حياتي,,
"2024-08-13,17:01:14",yanabbbb,#0,متخافش قريب يرجعو ليكول تروح تسرق وحدة,,
"2024-08-13,17:01:21",0_gf,#0,<@1191354977193570356> عطاولي بان بسكت هدرت الصح,themask0239#0,https://cdn.discordapp.com/attachments/1227367017661595708/1272948117062291476/image.png?ex=672e35d1&is=672ce451&hm=3fd1720acc357dd7ca64d845622f0f9065a0a0888828c1a5baddd8e0dc5d0d3a&
"2024-08-13,17:01:27",0_gf,#0,ولاد القح كثرو,,
"2024-08-13,17:01:38",demon_slayer_tanjiro_kamado,#0,ايه,,
"2024-08-13,17:01:42",demon_slayer_tanjiro_kamado,#0,عندك الحق,,
"2024-08-13,17:01:47",yanabbbb,#0,<@1264558495034769438> متخافش قريب يرجعو ليكول تروح تسرق وحدة,demon_slayer_tanjiro_kamado#0,
"2024-08-13,17:01:52",kudaymejubi,#0,Bro is going to hell,yanabbbb#0,
"2024-08-13,17:01:55",kudaymejubi,#0,☠️,,
"2024-08-13,17:02:30",yanabbbb,#0,<:uncannycat:1152013915954352148>,kudaymejubi#0,
"2024-08-13,17:02:56",kudaymejubi,#0,Machi nta,,
"2024-08-13,17:02:58",kudaymejubi,#0,Hada,,
"2024-08-13,17:03:03",kudaymejubi,#0,",",demon_slayer_tanjiro_kamado#0,
"2024-08-13,17:03:17",yanabbbb,#0,عمبالي,kudaymejubi#0,
"2024-08-13,17:08:02",yanabbbb,#0,مساكن رقدو,,
"2024-08-13,17:17:14",x7hs,#0,<@1000413597945569411>,lucasuormahnocarchilos099#0,
"2024-08-13,17:17:20",x7hs,#0,هاذا مزال هنا,,
"2024-08-13,17:20:46",yanabbbb,#0,<@1264558495034769438> لقيت وش تحوس ولا مزال,demon_slayer_tanjiro_kamado#0,
"2024-08-13,17:28:40",0_gf,#0,عقاب الي يخالف القوانين,,https://cdn.discordapp.com/attachments/1227367017661595708/1272954990717308950/20240705_122319.png?ex=672e3c38&is=672ceab8&hm=472c84955567a0518bf79e548d280b5d6be3897356ecdc536ccce9f18522d8d7&
"2024-08-13,17:29:07",rayer43,#0,راني رجعت,,
"2024-08-13,17:33:15",jordyy.a3ttt,#0,,,
"2024-08-13,17:33:40",jordyy.a3ttt,#0,Asm3,0_gf#0,
"2024-08-13,17:33:46",0_gf,#0,وي,,
"2024-08-13,17:34:11",jordyy.a3ttt,#0,Hadi tjini ghir fl mc mar3ftch kifacj ndirha f téléphone,,
"2024-08-13,17:34:14",jordyy.a3ttt,#0,.,0_gf#0,
"2024-08-13,17:34:33",m3d.com,#0,Mkanch w9il kayna ghir fl pc brk,,
"2024-08-13,17:34:39",jordyy.a3ttt,#0,Aww,m3d.com#0,
"2024-08-13,17:34:39",0_gf,#0,مشكيتش تقدر فل تيليفون,jordyy.a3ttt#0,
"2024-08-13,17:34:47",0_gf,#0,بلاك مكش مفعل الستاتو,,
"2024-08-13,17:34:51",0_gf,#0,نتع سبوتيفاي,,
"2024-08-13,17:34:56",0_gf,#0,روح للاعدادات تلقاها,,
"2024-08-13,17:35:00",jordyy.a3ttt,#0,97ba,w.me#0,
"2024-08-13,17:35:05",0_gf,#0,نتع سبوتيفاي مشي الديسكورد,,
"2024-08-13,17:35:23",0_gf,#0,,,
"2024-08-13,17:35:29",m3d.com,#0,Yup psq asla discord bzf swal7 kayn fi pc w mkanch f tlphn,jordyy.a3ttt#0,
"2024-08-13,17:35:34",m3d.com,#0,7ogra<:Dead_inside:1150410964659863592>,,
"2024-08-13,17:35:57",jordyy.a3ttt,#0,Ro7 t3ti makima ch3rha 7mr ya lmongol,w.me#0,
"2024-08-13,17:36:28",0_gf,#0,مونغولي,w.me#0,
"2024-08-13,17:36:31",0_gf,#0,شعرها حمر ماكيما,,
"2024-08-13,17:36:51",0_gf,#0,ني عجزان يزح,,https://cdn.discordapp.com/attachments/1227367017661595708/1272957053249523783/image.png?ex=672e3e23&is=672ceca3&hm=be16d78cfc2b106f22e16e8f0487054e4b2efc1cf7f27a219bceb06452706e82&
"2024-08-13,17:36:56",0_gf,#0,باغي نتكسل,,
"2024-08-13,17:37:06",jordyy.a3ttt,#0,Ayah,0_gf#0,
"2024-08-13,17:37:10",2jz.o7,#0,Bl3a9l matjbdoch,jordyy.a3ttt#0,
"2024-08-13,17:37:12",jordyy.a3ttt,#0,Femboy,,
"2024-08-13,17:37:19",0_gf,#0,<:BH_shy:1152516942838640640>,jordyy.a3ttt#0,
"2024-08-13,17:37:22",jordyy.a3ttt,#0,7bibna femboy,0_gf#0,
"2024-08-13,17:37:47",0_gf,#0,rate my games,jordyy.a3ttt#0,https://cdn.discordapp.com/attachments/1227367017661595708/1272957287044087828/image.png?ex=672e3e5b&is=672cecdb&hm=38ed0c4204cd389057f025f03bfdfd3506c9e81dd26ff9aab14fbe9a0d6186e6&
"2024-08-13,17:37:59",jordyy.a3ttt,#0,FEMBOY ULTRA,0_gf#0,
"2024-08-13,17:38:06",0_gf,#0,,jordyy.a3ttt#0,
"2024-08-13,17:38:17",jordyy.a3ttt,#0,Osu yzbi,,
"2024-08-13,17:38:20",jordyy.a3ttt,#0,Nktna,,
"2024-08-13,17:38:27",2jz.o7,#0,Nah ya zbi minecraft roblox free fire ya chkppp,0_gf#0,
"2024-08-13,17:38:28",jordyy.a3ttt,#0,Roblox,,
"2024-08-13,17:38:36",jordyy.a3ttt,#0,N3tiz,,
"2024-08-13,17:38:41",jordyy.a3ttt,#0,Nonono,w.me#0,
"2024-08-13,17:38:44",0_gf,#0,عندي ماب فيه سو_ة_,jordyy.a3ttt#0,
"2024-08-13,17:38:48",2jz.o7,#0,Nb3tok ttwerki b ban,w.me#0,
"2024-08-13,17:38:51",jordyy.a3ttt,#0,Nonono,0_gf#0,
"2024-08-13,17:38:56",0_gf,#0,rate,,https://cdn.discordapp.com/attachments/1227367017661595708/1272957577428336681/image.png?ex=672e3ea0&is=672ced20&hm=bcdb64dd38b10b0d9536f1cddd3005338223be06a582e24fdd95a7cda52b2500&
"2024-08-13,17:39:03",jordyy.a3ttt,#0,Yr7m 7chon* wchtdir b ea,0_gf#0,
"2024-08-13,17:39:10",0_gf,#0,i have roblox ass,jordyy.a3ttt#0,
"2024-08-13,17:39:23",jordyy.a3ttt,#0,Dok ndir invite ta3 Spotify tk7l,0_gf#0,
"2024-08-13,17:39:27",0_gf,#0,كي كنت بل بيسي نتع خالي كنت نلعب فيفا,jordyy.a3ttt#0,
"2024-08-13,17:39:31",0_gf,#0,بسك باطل فل غيم باس,,
"2024-08-13,17:39:33",0_gf,#0,24,,
"2024-08-13,17:39:33",2jz.o7,#0,Nmi ysm3 ghna ta3 reels,0_gf#0,
"2024-08-13,17:39:51",mk_diassss,#0,5/10,0_gf#0,
"2024-08-13,17:39:53",0_gf,#0,كحلوش نمي بلع,,
"2024-08-13,17:39:57",jordyy.a3ttt,#0,,,
"2024-08-13,17:40:03",jordyy.a3ttt,#0,<@1180425486720041032>,0_gf#0,
"2024-08-13,17:40:05",0_gf,#0,,,https://cdn.discordapp.com/attachments/1227367017661595708/1272957865413312616/image.png?ex=672e3ee5&is=672ced65&hm=5d2257b5eb7f8972dafc422958ebf38262938aa04f095026ad1ad9a202046561&
"2024-08-13,17:40:13",0_gf,#0,تخليني نشري كونت دروك,,
"2024-08-13,17:40:18",jordyy.a3ttt,#0,haycha m3ndoch premium,0_gf#0,
"2024-08-13,17:40:18",2jz.o7,#0,Shut ur ass,0_gf#0,
"2024-08-13,17:40:32",0_gf,#0,بلع,,
"2024-08-13,17:40:34",mk_diassss,#0,مقطع,0_gf#0,
"2024-08-13,17:40:40",0_gf,#0,,,https://cdn.discordapp.com/attachments/1227367017661595708/1272958009798037609/image.png?ex=672e3f07&is=672ced87&hm=fedede2d77b34a3e7523baba445451e944bac907d884359c572023ccbe410f3d&
"2024-08-13,17:40:44",jordyy.a3ttt,#0,https://tenor.com/view/love-you-i-love-you-so-much-gif-9738485642543617354,,
"2024-08-13,17:40:49",0_gf,#0,غنية نتع amv,,
"2024-08-13,17:40:51",jordyy.a3ttt,#0,ana w makima,,
"2024-08-13,17:41:04",redacity16_50706,#0,سلام خاوتي,,
"2024-08-13,17:41:12",jordyy.a3ttt,#0,nkmkmkmkmkmk,redacity16_50706#0,
"2024-08-13,17:41:20",redacity16_50706,#0,مابقاش و يولي سيت تاع x,jordyy.a3ttt#0,
"2024-08-13,17:41:30",jordyy.a3ttt,#0,antika,redacity16_50706#0,
"2024-08-13,17:41:35",jordyy.a3ttt,#0,1m credit ldkhla,,
"2024-08-13,17:41:35",0_gf,#0,,jordyy.a3ttt#0,https://cdn.discordapp.com/attachments/1227367017661595708/1272958241260965918/speed-3.gif?ex=672e3f3f&is=672cedbf&hm=c7f7ca2e7361349d482cea1f261965eca815cefac52ac70a671a875cdcf0b7f0&
"2024-08-13,17:41:41",redacity16_50706,#0,وشبيك طيح,jordyy.a3ttt#0,
"2024-08-13,17:41:42",jordyy.a3ttt,#0,a777777777,0_gf#0,
"2024-08-13,17:41:43",jordyy.a3ttt,#0,tnnt,,
"2024-08-13,17:42:03",rayer43,#0,راني رجعت,,
"2024-08-13,17:42:05",0_gf,#0,,jordyy.a3ttt#0,https://cdn.discordapp.com/attachments/1227367017661595708/1272958367412785192/image.png?ex=672e3f5d&is=672ceddd&hm=99c36da471dd6cd131409b8bcfdfff743311e598715a5b536281f8a01184182c&
"2024-08-13,17:42:08",2jz.o7,#0,Adrb tla 3la wtf2 f spotify,jordyy.a3ttt#0,
"2024-08-13,17:42:17",redacity16_50706,#0,We ليزوم,rayer43#0,
"2024-08-13,17:42:24",rayer43,#0,واش راك,redacity16_50706#0,
"2024-08-13,17:42:29",0_gf,#0,يزح شكون لي يسمع الفونك وهو ماهش يلعب,2jz.o7#0,
"2024-08-13,17:42:32",jordyy.a3ttt,#0,,,
"2024-08-13,17:42:34",redacity16_50706,#0,لاباس و انت,rayer43#0,
"2024-08-13,17:42:35",0_gf,#0,ويجي يهدر عليا,,
"2024-08-13,17:42:40",2jz.o7,#0,Machi phonk,0_gf#0,
"2024-08-13,17:42:42",rayer43,#0,الحمد لله بخير,redacity16_50706#0,
"2024-08-13,17:42:51",0_gf,#0,,2jz.o7#0,https://cdn.discordapp.com/attachments/1227367017661595708/1272958560602427455/image.png?ex=672e3f8b&is=672cee0b&hm=1141b1e6bf15ed6163de3d95b9ff70959f1b3e1911d9fde2ab7b89cf002cfb7b&
"2024-08-13,17:42:53",redacity16_50706,#0,ربي يدومها,rayer43#0,
"2024-08-13,17:42:53",2jz.o7,#0,M5lta chwiya chwiya,,
"2024-08-13,17:42:59",jordyy.a3ttt,#0,3ndi hadi,0_gf#0,
"2024-08-13,17:43:04",2jz.o7,#0,Machi 100% phonk,0_gf#0,
"2024-08-13,17:43:10",jordyy.a3ttt,#0,asm3 fetch me their souls,0_gf#0,
"2024-08-13,17:43:10",0_gf,#0,يعتبر,,
"2024-08-13,17:43:17",0_gf,#0,,,https://cdn.discordapp.com/attachments/1227367017661595708/1272958669792870433/image.png?ex=672e3fa5&is=672cee25&hm=624573b5d4e9074d4cfe5d97a3e0bad14d4e976029d4cad17d04b48ee5cae2e4&
"2024-08-13,17:43:17",jordyy.a3ttt,#0,arwa7 chill 1,0_gf#0,
"2024-08-13,17:43:28",0_gf,#0,اني تم,jordyy.a3ttt#0,
"2024-08-13,17:43:41",2jz.o7,#0,Tsm3 phonk ghir ki tl3b ya tbi,0_gf#0,
"2024-08-13,17:43:44",rayer43,#0,واش راكم,,
"2024-08-13,17:44:01",0_gf,#0,<:Moyai_Sus:1232558326680653844>  تحوسني نرقص عليها في لعراس ؟,2jz.o7#0,
"2024-08-13,17:44:04",2jz.o7,#0,Ya nmi had l3am kont jm3a wsbt 3la 8 nro7 7ta l bilcour wnik had lghna,,
"2024-08-13,17:44:12",gabrielkibou,#0,هههه,,
"2024-08-13,17:44:28",2jz.o7,#0,9otlk dirha f 3ars ?,0_gf#0,
"2024-08-13,17:44:37",rayer43,#0,واش راكم,,
"2024-08-13,17:44:54",0_gf,#0,نتا وش تحوسني ندري بيها مالا,2jz.o7#0,
"2024-08-13,17:44:58",0_gf,#0,الفونك طلع الادرينالين,,
"2024-08-13,17:45:02",0_gf,#0,غير مكاش,,
"2024-08-13,17:45:03",2jz.o7,#0,Twerki 3lihz,0_gf#0,
"2024-08-13,17:45:31",jordyy.a3ttt,#0,asm3333333333333333,,
"2024-08-13,17:45:35",jordyy.a3ttt,#0,<@1180425486720041032>,0_gf#0,
"2024-08-13,17:45:38",0_gf,#0,نتا كون جيت تحرك ترم_تك على كل دغة فل فونك,2jz.o7#0,https://cdn.discordapp.com/attachments/1227367017661595708/1272959262234251317/speed-3.gif?ex=672e4032&is=672ceeb2&hm=7a9f6aadfe4de630115347a5de681c91f3eff0dcf130886ed3c2094484f400cb&
"2024-08-13,17:45:38",jordyy.a3ttt,#0,a77777777777777777777777,,
"2024-08-13,17:45:39",2jz.o7,#0,Ana ki nl3b 'dir phonk mnwlich nsm3 jeux ytglbli,,
"2024-08-13,17:45:40",rayer43,#0,يا جماعة راني نقلكم واش راكم وشبيكم تحقرو,,
"2024-08-13,17:45:43",mk_diassss,#0,<@1214967653370691624>  راك فستلي asmr,jordyy.a3ttt#0,
"2024-08-13,17:46:10",jordyy.a3ttt,#0,tnak,mk_diassss#0,
"2024-08-13,17:46:27",0_gf,#0,<:tadcarlfachero36:1152016084430487552>,,
"2024-08-13,17:46:32",2jz.o7,#0,Rana ki nmi,rayer43#0,
"2024-08-13,17:46:39",rayer43,#0,الحمد لله,2jz.o7#0,
"2024-08-13,17:47:10",gabrielkibou,#0,قوم قريش يا ربك 🤣🤣🤣,,
"2024-08-13,17:48:04",0_gf,#0,<@1214967653370691624> دير الغنبة لي يبغيها اللورد,jordyy.a3ttt#0,
"2024-08-13,17:48:07",rayer43,#0,كاينة,gabrielkibou#0,
"2024-08-13,17:48:21",jordyy.a3ttt,#0,k7l hadi,0_gf#0,
"2024-08-13,17:48:27",0_gf,#0,alr,,
"2024-08-13,17:48:31",0_gf,#0,<a:BH_dance:1129315066773262458>,,
"2024-08-13,17:48:32",jordyy.a3ttt,#0,<:ahegao:1150410734057033738>,,
"2024-08-13,17:48:38",jordyy.a3ttt,#0,femboy,0_gf#0,
"2024-08-13,17:48:44",mk_diassss,#0,توحويح و لغنا,jordyy.a3ttt#0,
"2024-08-13,17:48:44",0_gf,#0,<a:Triangle:1150410587692601405>,,
"2024-08-13,17:48:55",jordyy.a3ttt,#0,shemale,0_gf#0,
"2024-08-13,17:49:02",jordyy.a3ttt,#0,https://tenor.com/view/vegeta-niggler-gif-16125175346136483358,,
"2024-08-13,17:49:13",0_gf,#0,<a:dance:1268248990890201191>,jordyy.a3ttt#0,
"2024-08-13,17:49:23",jordyy.a3ttt,#0,asm3333333,,
"2024-08-13,17:49:29",0_gf,#0,ني نسمع,,
"2024-08-13,17:49:32",jordyy.a3ttt,#0,a7777777777777,,
"2024-08-13,17:49:40",jordyy.a3ttt,#0,a7777777777777777777,,
"2024-08-13,17:49:40",0_gf,#0,craaazy,,
"2024-08-13,17:49:53",jordyy.a3ttt,#0,a7777777777777777777777777777777777777777777777777777777777777777777777777777777777777777777777777777777777777777,,
"2024-08-13,17:49:54",0_gf,#0,nta ya nami tnnt 3la rl gonya,,
"2024-08-13,17:50:05",jordyy.a3ttt,#0,yes,0_gf#0,
"2024-08-13,17:50:08",0_gf,#0,,,
"2024-08-13,17:50:09",jordyy.a3ttt,#0,asm33333333333333333,,
"2024-08-13,17:50:21",jordyy.a3ttt,#0,winrah dante,0_gf#0,
"2024-08-13,17:50:23",rayer43,#0,يودي وش كاين,,
"2024-08-13,17:50:24",abdulrazzaq0639,#0,سلام,,
"2024-08-13,17:50:30",0_gf,#0,يرضع,jordyy.a3ttt#0,
"2024-08-13,17:50:31",rayer43,#0,و عليكم السلام,abdulrazzaq0639#0,
"2024-08-13,17:50:38",0_gf,#0,<:tadcarlfachero36:1152016084430487552>,ak_miro#0,
"2024-08-13,17:50:42",abdulrazzaq0639,#0,انا تاني يدك فيه,ak_miro#0,
"2024-08-13,17:50:45",mk_diassss,#0,ادخل تسمع غنى,ak_miro#0,
"2024-08-13,17:51:20",abdulrazzaq0639,#0,رحت نتا,rayer43#0,
"2024-08-13,17:51:21",kudaymejubi,#0,B3th nude,jordyy.a3ttt#0,
"2024-08-13,17:51:35",abdulrazzaq0639,#0,باتمان,kudaymejubi#0,
"2024-08-13,17:51:50",kudaymejubi,#0,Had l serv wella multi verse,,
"2024-08-13,17:52:20",kudaymejubi,#0,Kayen bob batman hitler  we ghetto tanjiro,,
"2024-08-13,17:52:27",abdulrazzaq0639,#0,kudaymejubi عله اسمك مبدل,,
"2024-08-13,17:52:58",kudaymejubi,#0,Dart had l ism ki kont 3endy 11 sna douka bghit n bedlou,,
"2024-08-13,17:53:07",abdulrazzaq0639,#0,غيتو متلاقيتاهاش,kudaymejubi#0,
"2024-08-13,17:53:25",abdulrazzaq0639,#0,ملبح شعال عندك,kudaymejubi#0,
"2024-08-13,17:53:28",abdulrazzaq0639,#0,عام,,
"2024-08-13,17:53:37",jordyy.a3ttt,#0,https://tenor.com/view/but-i%E2%80%99m-not-original-gif-4077672862622552877,,
"2024-08-13,17:53:38",kudaymejubi,#0,15,abdulrazzaq0639#0,
"2024-08-13,17:53:39",0_gf,#0,freajy,,
"2024-08-13,17:53:42",0_gf,#0,ky,,
"2024-08-13,17:53:48",abdulrazzaq0639,#0,14,kudaymejubi#0,
"2024-08-13,17:53:54",kudaymejubi,#0,Nta,abdulrazzaq0639#0,
"2024-08-13,17:53:59",abdulrazzaq0639,#0,واه,kudaymejubi#0,
"2024-08-13,17:54:06",kudaymejubi,#0,Ellah yibarek,,
"2024-08-13,17:54:21",abdulrazzaq0639,#0,يبارك فيك,kudaymejubi#0,
"2024-08-13,17:54:21",rayer43,#0,هاني هنا,abdulrazzaq0639#0,
"2024-08-13,17:54:35",abdulrazzaq0639,#0,🫡,rayer43#0,
"2024-08-13,17:56:31",abdulrazzaq0639,#0,غنية تاع اي,,
"2024-08-13,17:56:35",abdulrazzaq0639,#0,😂,,
"2024-08-13,17:56:46",abdulrazzaq0639,#0,ارواح,rayer43#0,
"2024-08-13,17:56:53",rayer43,#0,وين,abdulrazzaq0639#0,
"2024-08-13,17:56:59",abdulrazzaq0639,#0,روح,,
"2024-08-13,17:57:01",0_gf,#0,فوق نمي,,
"2024-08-13,17:57:06",abdulrazzaq0639,#0,روح,0_gf#0,
"2024-08-13,17:58:23",0_gf,#0,اغنية من 2013,,
"2024-08-13,17:58:42",abdulrazzaq0639,#0,حمر,ak_miro#0,
"2024-08-13,17:58:57",abdulrazzaq0639,#0,<:emoji_92:1188672114484580362>,,
"2024-08-13,17:59:01",mk_diassss,#0,هههه,,
"2024-08-13,17:59:08",abdulrazzaq0639,#0,😂,ak_miro#0,
"2024-08-13,17:59:18",abdulrazzaq0639,#0,تناكت ياخو,,
"2024-08-13,17:59:27",rayer43,#0,<:juan:1150418197581922344>,ak_miro#0,
"2024-08-13,17:59:40",abdulrazzaq0639,#0,غنية تاع اي,ak_miro#0,
"2024-08-13,17:59:57",abdulrazzaq0639,#0,واه قاع جبدوه كي ماكنتش هنا,ak_miro#0,
"2024-08-13,18:00:12",abdulrazzaq0639,#0,مليح ياه,ak_miro#0,
"2024-08-13,18:00:19",abdulrazzaq0639,#0,واه قاع,ak_miro#0,
"2024-08-13,18:00:31",abdulrazzaq0639,#0,نقول بالي درت عليك,ak_miro#0,
"2024-08-13,18:00:34",0_gf,#0,اسمع,ak_miro#0,
"2024-08-13,18:00:40",0_gf,#0,,,https://cdn.discordapp.com/attachments/1227367017661595708/1272963046364418119/image.png?ex=672e43b8&is=672cf238&hm=60f611b4504ac246b089fd361240f96913356c74a21052b93be445ba5c8f7d9b&
"2024-08-13,18:00:41",0_gf,#0,ادرك هنا,,
"2024-08-13,18:01:00",abdulrazzaq0639,#0,وت,,
"2024-08-13,18:01:03",mk_diassss,#0,<:juan:1150418197581922344>,0_gf#0,
"2024-08-13,18:01:12",0_gf,#0,,ak_miro#0,https://cdn.discordapp.com/attachments/1227367017661595708/1272963180473221200/image.png?ex=672e43d8&is=672cf258&hm=a02b9803af73c89533dc1e46e840b5b0a19bd7163c8d429762e0ffd5fe4207ed&
"2024-08-13,18:01:28",abdulrazzaq0639,#0,وتحطه فوق نار,0_gf#0,
"2024-08-13,18:01:31",m7_.n8,#0,,,https://cdn.discordapp.com/attachments/1227367017661595708/1272963260932427777/IMG_20240309_145304_357.jpg?ex=672e43eb&is=672cf26b&hm=7d0e46016bd4225fa84092709633e045bcfa25e1888f6c48a1efc55873a7c791&
"2024-08-13,18:01:36",abdulrazzaq0639,#0,وتخليه يدور,,
"2024-08-13,18:01:47",abdulrazzaq0639,#0,رجع جوردن,m7_.n8#0,
"2024-08-13,18:01:51",0_gf,#0,وحد السيد فل 10 من سبتمبر 2001,m7_.n8#0,
"2024-08-13,18:02:05",m7_.n8,#0,,abdulrazzaq0639#0,https://cdn.discordapp.com/attachments/1227367017661595708/1272963401324302489/image0.gif?ex=672e440d&is=672cf28d&hm=7271db894035352561963eb10cc9cb2169022e22eff39e0f17b7d31a18983f1e&
"2024-08-13,18:02:19",abdulrazzaq0639,#0,راك تسمع غنية تاع اي ياي ياي,m7_.n8#0,
"2024-08-13,18:02:21",m7_.n8,#0,11سبتمبر,0_gf#0,
"2024-08-13,18:02:39",abdulrazzaq0639,#0,19 اوت بعيد انا,m7_.n8#0,
"2024-08-13,18:02:43",0_gf,#0,11 كان فل طيارة,m7_.n8#0,
"2024-08-13,18:02:51",0_gf,#0,10 كان يشوف فل برج,,
"2024-08-13,18:02:56",0_gf,#0,بل قود,abdulrazzaq0639#0,
"2024-08-13,18:02:57",m7_.n8,#0,🗿,abdulrazzaq0639#0,
"2024-08-13,18:03:10",m7_.n8,#0,اسامة مكانش فالطيارة,0_gf#0,
"2024-08-13,18:03:10",abdulrazzaq0639,#0,برج تاع ختك,0_gf#0,
"2024-08-13,18:03:23",m7_.n8,#0,اسامة مات ف2011,,
"2024-08-13,18:03:28",m7_.n8,#0,فباكستان,,
"2024-08-13,18:03:28",rayer43,#0,مكانش كاش موضوع زين,,
"2024-08-13,18:03:29",abdulrazzaq0639,#0,😂,m7_.n8#0,
"2024-08-13,18:03:34",abdulrazzaq0639,#0,لا,rayer43#0,
"2024-08-13,18:03:40",0_gf,#0,,abdulrazzaq0639#0,https://cdn.discordapp.com/attachments/1227367017661595708/1272963800299208796/Snapinsta.app_video_B640AF09E629E4C9B8DE07A8F179F3A7_video_dashinit.mp4?ex=672e446c&is=672cf2ec&hm=36e21b215e22fba411a7f7bf28beed88717c10021d09916c7c6757902f6e1405&
"2024-08-13,18:03:40",rayer43,#0,واو,abdulrazzaq0639#0,
"2024-08-13,18:03:46",abdulrazzaq0639,#0,جوردن جبد موضوع سري,,
"2024-08-13,18:03:54",m7_.n8,#0,وش رايك فالاشاعرة؟,rayer43#0,
"2024-08-13,18:04:21",m7_.n8,#0,,0_gf#0,https://cdn.discordapp.com/attachments/1227367017661595708/1272963970470248539/image0.gif?ex=672e4495&is=672cf315&hm=e43c162013743e9aff16b349e70b48407028cb89599af7f57b03509eb3b4f75c&
"2024-08-13,18:04:33",abdulrazzaq0639,#0,موضوع سري ماشي هاذا<:uncannycat:1152013915954352148>,m7_.n8#0,
"2024-08-13,18:04:43",hexy_yt,#0,.,,
"2024-08-13,18:04:44",abdulrazzaq0639,#0,تع لبارح ياخو,,
"2024-08-13,18:04:54",0_gf,#0,,m7_.n8#0,https://cdn.discordapp.com/attachments/1227367017661595708/1272964112116092978/speed-3.gif?ex=672e44b6&is=672cf336&hm=b7b436e953bb82f9efbb6668507d61026044ffffde8bef428219f19dc93a0870&
"2024-08-13,18:05:04",abdulrazzaq0639,#0,تلاقيتلق المحجبة تاعك,,
"2024-08-13,18:05:05",m7_.n8,#0,على النسا والزواج؟,abdulrazzaq0639#0,
"2024-08-13,18:05:09",rayer43,#0,يبان شيكولا,0_gf#0,
"2024-08-13,18:05:20",abdulrazzaq0639,#0,ريكاردو<:uncannycat:1152013915954352148>,m7_.n8#0,
"2024-08-13,18:05:25",hexy_yt,#0,لالا اجبدو لمرتك المستقبلية,ak_miro#0,
"2024-08-13,18:05:30",rayer43,#0,وي,abdulrazzaq0639#0,
"2024-08-13,18:05:32",hexy_yt,#0,ان شاء الله تتزوج,,
"2024-08-13,18:05:38",abdulrazzaq0639,#0,امين,hexy_yt#0,
"2024-08-13,18:05:43",abdulrazzaq0639,#0,امين,rayer43#0,
"2024-08-13,18:05:51",abdulrazzaq0639,#0,روح للخاص,ak_miro#0,
"2024-08-13,18:05:55",hexy_yt,#0,لا لا لا اضن الا اذا تحب قطوطا,ak_miro#0,
"2024-08-13,18:05:56",rayer43,#0,وشنهي,abdulrazzaq0639#0,
"2024-08-13,18:06:04",m7_.n8,#0,,,https://cdn.discordapp.com/attachments/1227367017661595708/1272964404471795844/FB_IMG_17196480751021262.jpg?ex=672e44fc&is=672cf37c&hm=f1485c8d876c13695aa08b6a4455744222256d51cbdfddcc799dc1eaae257510&
"2024-08-13,18:06:11",abdulrazzaq0639,#0,علاه نورنال تولي تفرعها 25ساعة,ak_miro#0,
"2024-08-13,18:06:25",mk_diassss,#0,<:Yes_Honey:1150411382869729290> انا نقعد مع يدي,ak_miro#0,
"2024-08-13,18:06:38",abdulrazzaq0639,#0,في توالات <:Dead_inside:1150410964659863592>,mk_diassss#0,
"2024-08-13,18:06:46",abdulrazzaq0639,#0,ولا دوش,mk_diassss#0,
"2024-08-13,18:07:07",abdulrazzaq0639,#0,برو قلت منتزوش شادير بالكاسك,ak_miro#0,
"2024-08-13,18:07:19",rayer43,#0,نتا تبنيط في الجيم واقيلا؟,ak_miro#0,
"2024-08-13,18:07:21",abdulrazzaq0639,#0,بغل دري متعرفش تكاسكي,ak_miro#0,
"2024-08-13,18:07:42",abdulrazzaq0639,#0,كاين تبنيط وكايت كاسك,,
"2024-08-13,18:07:44",m7_.n8,#0,كنت نبنيط بصابون طرف <:emoji_47:1151909990727163954>,ak_miro#0,
"2024-08-13,18:08:06",abdulrazzaq0639,#0,تعرفوا غي تبنيط,m7_.n8#0,
"2024-08-13,18:08:08",mk_diassss,#0,انا بسيراج,m7_.n8#0,
"2024-08-13,18:08:15",rayer43,#0,بشحال,ak_miro#0,
"2024-08-13,18:08:17",abdulrazzaq0639,#0,اه,ak_miro#0,
"2024-08-13,18:08:23",m7_.n8,#0,حبست,abdulrazzaq0639#0,
"2024-08-13,18:08:23",abdulrazzaq0639,#0,دير بزاوجة,,
"2024-08-13,18:08:36",abdulrazzaq0639,#0,لا قصدي كان وخدوخر,m7_.n8#0,
"2024-08-13,18:08:38",m7_.n8,#0,كنت نبنيط بروح الملح,mk_diassss#0,
"2024-08-13,18:08:42",abdulrazzaq0639,#0,<:Dead_inside:1150410964659863592>,,
"2024-08-13,18:08:49",mk_diassss,#0,<:Yes_Honey:1150411382869729290>,m7_.n8#0,
"2024-08-13,18:09:04",m7_.n8,#0,ز بي ذاب<:picardiacrying2:1152016067649081394>,,
"2024-08-13,18:09:07",abdulrazzaq0639,#0,انا نبنيط ونكاسكي بنفس وقت,,
"2024-08-13,18:09:16",abdulrazzaq0639,#0,تاعي نقرض,m7_.n8#0,
"2024-08-13,18:09:20",mk_diassss,#0,<:Yes_Honey:1150411382869729290>,m7_.n8#0,
"2024-08-13,18:09:39",abdulrazzaq0639,#0,ديتها لسبيطار جابولي جوني يسقملي ز ب ي,,
"2024-08-13,18:10:03",hexy_yt,#0,جهازي كرش من وش راه شاف منكم<:Dead_inside:1150410964659863592>,,
"2024-08-13,18:10:16",abdulrazzaq0639,#0,مليح,ak_miro#0,
"2024-08-13,18:10:32",abdulrazzaq0639,#0,😂,w.me#0,
"2024-08-13,18:10:48",0_gf,#0,<:emoji_104:1191547769664573450>,,
"2024-08-13,18:11:27",m7_.n8,#0,,,https://cdn.discordapp.com/attachments/1227367017661595708/1272965760011993221/ba91482ff7bb333653c1322695be37e4.jpg?ex=672e463f&is=672cf4bf&hm=509ce8f544162fc9daeb5ee9c4fac1d458c936d05fde88e0d35bbc4f2bbcd746&
"2024-08-13,18:11:27",abdulrazzaq0639,#0,يبنيط في اي بلاسة سراق لبنات,,
"2024-08-13,18:11:35",abdulrazzaq0639,#0,😂,w.me#0,
"2024-08-13,18:11:54",abdulrazzaq0639,#0,اللية سابعت ز ب ي في قروب,m7_.n8#0,
"2024-08-13,18:12:04",0_gf,#0,نعطيكم نكتة ؟,,
"2024-08-13,18:12:10",abdulrazzaq0639,#0,لا,0_gf#0,
"2024-08-13,18:12:15",0_gf,#0,لازم متكونش ن_قش_ باه تفهمها,,
"2024-08-13,18:12:22",hexy_yt,#0,علاه ؟,m7_.n8#0,
"2024-08-13,18:12:38",mk_diassss,#0,قولها,0_gf#0,
"2024-08-13,18:12:59",0_gf,#0,قالك اربع المانيين راحوا لمطعم ولقاو كرسي واحد قلبوه,mk_diassss#0,
"2024-08-13,18:12:59",m7_.n8,#0,تبون مسلم او كافر؟,hexy_yt#0,
"2024-08-13,18:13:13",abdulrazzaq0639,#0,😂,0_gf#0,
"2024-08-13,18:13:25",abdulrazzaq0639,#0,يهودي,m7_.n8#0,
"2024-08-13,18:13:30",mk_diassss,#0,قود,0_gf#0,
"2024-08-13,18:13:35",m7_.n8,#0,دليلك؟,abdulrazzaq0639#0,
"2024-08-13,18:13:35",abdulrazzaq0639,#0,قود,ak_miro#0,
"2024-08-13,18:13:43",abdulrazzaq0639,#0,لا مسيحي,m7_.n8#0,
"2024-08-13,18:13:49",abdelghaniissolah_75341,#0,نمي اكبر نم فالڨروب,,
"2024-08-13,18:13:49",m7_.n8,#0,دليلك,abdulrazzaq0639#0,
"2024-08-13,18:13:51",abdulrazzaq0639,#0,راح لالمانيا,m7_.n8#0,
"2024-08-13,18:13:56",abdulrazzaq0639,#0,بلاده,,
"2024-08-13,18:14:12",hexy_yt,#0,مش عارف في زوج واقيل,m7_.n8#0,
"2024-08-13,18:14:17",abdulrazzaq0639,#0,واحد رسل بورنو دروك,,
"2024-08-13,18:14:18",m7_.n8,#0,هل هذا الفعل كفر؟,abdulrazzaq0639#0,
"2024-08-13,18:14:25",abdulrazzaq0639,#0,واه,m7_.n8#0,
"2024-08-13,18:14:31",m7_.n8,#0,حسبت تكفر من لا يحكم بشريعة الله,hexy_yt#0,
"2024-08-13,18:14:37",abdulrazzaq0639,#0,الماني بلد معادي للاسلام,,
"2024-08-13,18:15:12",m7_.n8,#0,هات دليلك من القران والسنة واقوال العلماء,abdulrazzaq0639#0,
"2024-08-13,18:15:27",abdulrazzaq0639,#0,قالي واحد شيعي,m7_.n8#0,
"2024-08-13,18:15:41",hexy_yt,#0,لا لا برك راه صلا قدام الامام وحد النهار,m7_.n8#0,
"2024-08-13,18:15:51",abdelghaniissolah_75341,#0,الشيعة نمهم صغير مديرش عليهم,,
"2024-08-13,18:15:58",m7_.n8,#0,مهاجم وهمي ss,hexy_yt#0,
"2024-08-13,18:16:03",abdulrazzaq0639,#0,شكون نمهم كبير,abdelghaniissolah_75341#0,
"2024-08-13,18:16:07",m7_.n8,#0,🗿,abdulrazzaq0639#0,
"2024-08-13,18:16:14",abdelghaniissolah_75341,#0,حنا,,
"2024-08-13,18:16:20",abdulrazzaq0639,#0,حبسو تكياح دقيقة عديتوني,,
"2024-08-13,18:16:30",abdulrazzaq0639,#0,سمعت واحد يطيح وليت نطيح,,
"2024-08-13,18:16:34",hexy_yt,#0,ويناه. انا ؟,m7_.n8#0,
"2024-08-13,18:16:44",abdulrazzaq0639,#0,لا نحن,hexy_yt#0,
"2024-08-13,18:16:50",abdulrazzaq0639,#0,باين بلي نتا,hexy_yt#0,
"2024-08-13,18:16:51",m7_.n8,#0,تبون,hexy_yt#0,
"2024-08-13,18:16:59",abdelghaniissolah_75341,#0,نتا باين نمك مجهري,abdulrazzaq0639#0,
"2024-08-13,18:17:21",abdulrazzaq0639,#0,لا نمي جاي من عصر ديناصورات,abdelghaniissolah_75341#0,
"2024-08-13,18:17:39",abdelghaniissolah_75341,#0,يتسما نتا كحلوش؟,,
"2024-08-13,18:17:44",abdulrazzaq0639,#0,قتلت ديناصور ديتله نمه ولسقته في تاعي,,
"2024-08-13,18:17:49",hexy_yt,#0,وش درت,abdulrazzaq0639#0,
"2024-08-13,18:18:12",abdulrazzaq0639,#0,معلاباليش هو راه يهدر معاك ونتا تقله شكون تترشق بيا,hexy_yt#0,
"2024-08-13,18:18:23",abdelghaniissolah_75341,#0,ارواح تنحي لقطن في باتنة,,
"2024-08-13,18:18:33",hexy_yt,#0,. . .,abdulrazzaq0639#0,
"2024-08-13,18:18:38",abdulrazzaq0639,#0,باش,abdelghaniissolah_75341#0,
"2024-08-13,18:18:46",0_gf,#0,كثرو القحاب,,
"2024-08-13,18:18:49",abdulrazzaq0639,#0,<:Dead_inside:1150410964659863592>,hexy_yt#0,
"2024-08-13,18:18:55",0_gf,#0,<@1210334819569897552> اركبلي فوقوا,abdulrazzaq0639#0,
"2024-08-13,18:19:02",hexy_yt,#0,وش ثاني ؟,abdulrazzaq0639#0,
"2024-08-13,18:19:04",abdelghaniissolah_75341,#0,وين مرناش نلقاو,0_gf#0,
"2024-08-13,18:19:05",abdulrazzaq0639,#0,هذا رخيس مترودوش عليه,0_gf#0,
"2024-08-13,18:19:11",rayer43,#0,راني رجعت,,
"2024-08-13,18:19:25",abdulrazzaq0639,#0,ارواح متهدرش معا وحد رخيص راه تحتي,rayer43#0,
"2024-08-13,18:19:28",0_gf,#0,<@1210334819569897552> هاك وحدة,abdulrazzaq0639#0、abdelghaniissolah_75341#0,
"2024-08-13,18:19:32",rayer43,#0,ويناه,abdulrazzaq0639#0,
"2024-08-13,18:19:53",abdulrazzaq0639,#0,فوقك,rayer43#0,
"2024-08-13,18:19:57",sabo013,#0,وييي,,
"2024-08-13,18:20:02",rayer43,#0,اها,abdulrazzaq0639#0,
"2024-08-13,18:20:03",abdulrazzaq0639,#0,وي,sabo013#0,
"2024-08-13,18:20:14",abdulrazzaq0639,#0,فهمت <:gigachad:1150419236989186078>,rayer43#0,
"2024-08-13,18:20:33",abdulrazzaq0639,#0,كحلة كيما تاع واحد فوقي,0_gf#0,
"2024-08-13,18:20:37",sabo013,#0,ترحيب مرنك سموك,0_gf#0,
"2024-08-13,18:20:49",0_gf,#0,ذي طريقتي,,
"2024-08-13,18:20:51",0_gf,#0,للاسف,,
"2024-08-13,18:21:04",0_gf,#0,<@1142168831570231366> ولكم,sabo013#0,https://cdn.discordapp.com/attachments/1227367017661595708/1272968178074652784/8fa5f6e6519785ab.mp4?ex=672e4880&is=672cf700&hm=3054214f41e2c9f39d3118102d5e89873d39133362a0317f2ba10bcd52abaa16&
"2024-08-13,18:21:11",sabo013,#0,نورمال خو,0_gf#0,
"2024-08-13,18:21:15",abdelghaniissolah_75341,#0,"انا نياك من القبة 
شرفنا بولايتك",,
"2024-08-13,18:21:15",0_gf,#0,جا السبع,,
"2024-08-13,18:21:27",abdulrazzaq0639,#0,ختك,abdelghaniissolah_75341#0,
"2024-08-13,18:21:30",0_gf,#0,دي حكايتك وروح,,
"2024-08-13,18:21:39",abdelghaniissolah_75341,#0,طيز يماك,abdulrazzaq0639#0,
"2024-08-13,18:21:42",mk_diassss,#0,جلفة,abdelghaniissolah_75341#0,
"2024-08-13,18:21:47",0_gf,#0,علبالنا معيطلكش,ak_miro#0,
"2024-08-13,18:21:47",abdulrazzaq0639,#0,حتشون,abdelghaniissolah_75341#0,
"2024-08-13,18:21:58",abdulrazzaq0639,#0,نتا تاني,mk_diassss#0,
"2024-08-13,18:22:02",0_gf,#0,وين نبحروا,ak_miro#0,
"2024-08-13,18:22:02",abdulrazzaq0639,#0,<:NIGGA_omg:1150394296680329226>,,
"2024-08-13,18:22:08",0_gf,#0,نبحر في ورقلة انا,,
"2024-08-13,18:22:09",abdulrazzaq0639,#0,في بول,0_gf#0,
"2024-08-13,18:22:23",mk_diassss,#0,وشنو انا تاني,abdulrazzaq0639#0,
"2024-08-13,18:22:26",0_gf,#0,<@1158860326289297458> ختوا تخدم فل حمام,abdulrazzaq0639#0、ak_miro#0,
"2024-08-13,18:22:40",abdulrazzaq0639,#0,في طليق بحر نتا طليق تاعي ياه,0_gf#0,
"2024-08-13,18:22:53",abdulrazzaq0639,#0,نتا تاني نياك,mk_diassss#0,
"2024-08-13,18:23:02",m7_.n8,#0,ورقلة فيها بحر,0_gf#0,https://cdn.discordapp.com/attachments/1227367017661595708/1272968674860335204/Screenshot_2024-06-16_005029.png?ex=672e48f6&is=672cf776&hm=f55e25b35e62852bfcc02f939b7c95ec9d32ea0d1345200c3171f8f53bc57027&
"2024-08-13,18:23:16",0_gf,#0,اه غلطة هذيك جانات,m7_.n8#0,
"2024-08-13,18:23:16",abdulrazzaq0639,#0,<:juan:1150418197581922344>,m7_.n8#0,
"2024-08-13,18:23:18",mk_diassss,#0,حنا قاع نياكين,abdulrazzaq0639#0,
"2024-08-13,18:23:23",0_gf,#0,ورقلة فيها اودية وغابات,,
"2024-08-13,18:23:41",abdulrazzaq0639,#0,واه مكاش علابالي نتا نياك من جلفة مشكلة جلفة,mk_diassss#0,
"2024-08-13,18:23:53",abdulrazzaq0639,#0,انا تاني من نياك من جلفة,,
"2024-08-13,18:23:55",abdelghaniissolah_75341,#0,نياك متمرس من القبة,,
"2024-08-13,18:25:49",0_gf,#0,انا نحوي الغاي لي يكتب تحتي,,
"2024-08-13,18:25:55",0_gf,#0,<:tadcarlfachero36:1152016084430487552>,,
"2024-08-13,18:25:58",abdulrazzaq0639,#0,غاي,,
"2024-08-13,18:26:03",abdelghaniissolah_75341,#0,Guy,,
"2024-08-13,18:26:04",rayer43,#0,قاي,0_gf#0,
"2024-08-13,18:26:05",0_gf,#0,لحمر ولا لزرق ؟,ak_miro#0,
"2024-08-13,18:26:05",mk_diassss,#0,gay boy,0_gf#0,
"2024-08-13,18:26:10",abdulrazzaq0639,#0,غاي,0_gf#0,
"2024-08-13,18:26:14",m3d.com,#0,<a:HY_Gay:1116497325439848458>,,
"2024-08-13,18:26:16",rayer43,#0,قاي,0_gf#0,
"2024-08-13,18:26:18",abdulrazzaq0639,#0,غاي,,
"2024-08-13,18:26:22",m3d.com,#0,قاي,,
"2024-08-13,18:26:26",sabo013,#0,قا ديم حالت كيفاه ولات,,
"2024-08-13,18:26:28",abdulrazzaq0639,#0,غاي,,
"2024-08-13,18:26:29",m3d.com,#0,,,
"2024-08-13,18:26:38",0_gf,#0,,ak_miro#0,https://cdn.discordapp.com/attachments/1227367017661595708/1272969578200174653/115ca75757389f48dc3a587a9f110ace.png?ex=672e49ce&is=672cf84e&hm=c882eed194058d68a4ca9f158adfd3a07e70699418f3a79a1af729a12022e48d&
"2024-08-13,18:26:38",abdulrazzaq0639,#0,غاي,,
"2024-08-13,18:26:46",abdulrazzaq0639,#0,غاي,0_gf#0,
"2024-08-13,18:26:46",0_gf,#0,يل مليح,,
"2024-08-13,18:26:48",abdulrazzaq0639,#0,غاي,,
"2024-08-13,18:26:56",abdulrazzaq0639,#0,غاي,0_gf#0,
"2024-08-13,18:26:57",0_gf,#0,<:9k:1189273274455179358>,ak_miro#0,
"2024-08-13,18:26:57",rayer43,#0,يا الغاي,,
"2024-08-13,18:27:03",abdulrazzaq0639,#0,غاي,0_gf#0,
"2024-08-13,18:27:04",sabo013,#0,,,
"2024-08-13,18:27:12",mk_diassss,#0,<:Yes_Honey:1150411382869729290>,,
"2024-08-13,18:27:17",abdulrazzaq0639,#0,غاي سموك تشاني,,
"2024-08-13,18:27:28",0_gf,#0,<@1210334819569897552> <@1081296261182935040> تحوسوني ندير @يماتكم ؟,rayer43#0、abdulrazzaq0639#0,
"2024-08-13,18:27:32",abdulrazzaq0639,#0,غاي بلع خرج,0_gf#0,
"2024-08-13,18:27:42",m3d.com,#0,<:uncannycat:1152013915954352148>,,
"2024-08-13,18:27:44",abdulrazzaq0639,#0,غاي خرج,,
"2024-08-13,18:27:48",rayer43,#0,بلع يا القاي,0_gf#0,
"2024-08-13,18:27:58",abdelghaniissolah_75341,#0,قاي,0_gf#0,
"2024-08-13,18:28:16",0_gf,#0,,,https://cdn.discordapp.com/attachments/1227367017661595708/1272969990177554452/86ff5dbd6290125b.mp4?ex=672e4a30&is=672cf8b0&hm=f59c89dee9bc32938ceabb499d27e4d062b0a2b6d98c6812868f94ae0dfdbb7f&
"2024-08-13,18:28:19",abdulrazzaq0639,#0,صحا,ak_miro#0,
"2024-08-13,18:28:20",abdelghaniissolah_75341,#0,نمو صغير مسكين,ak_miro#0,
"2024-08-13,18:28:26",m3d.com,#0,مالقري ضحى بروحو يخو,,
"2024-08-13,18:28:35",rayer43,#0,نسامحوه؟,ak_miro#0,
"2024-08-13,18:28:38",sabo013,#0,,,
"2024-08-13,18:28:43",abdulrazzaq0639,#0,كاينة تسامحوه ولا لا,m3d.com#0,
"2024-08-13,18:28:46",m3d.com,#0,سامحوه في وجه التضحية,,
"2024-08-13,18:28:53",raku_9,#0,"خاوتي واحد صاحبي قال انا عمري 13 
درتلو ريبورت تبانا كونت ديالو",,
"2024-08-13,18:28:56",sabo013,#0,ضحا بروحو باش حنا نهدرو نسامحوه,,
"2024-08-13,18:28:57",0_gf,#0,عادي انا غاي شكون لي حاب يشوف تصويرتي عريان ؟,,
"2024-08-13,18:29:04",abdulrazzaq0639,#0,صاحا,m3d.com#0,
"2024-08-13,18:29:06",0_gf,#0,مكاش ؟,,
"2024-08-13,18:29:10",mk_diassss,#0,انا,0_gf#0,
"2024-08-13,18:29:11",abdulrazzaq0639,#0,تلاقينا غاي,raku_9#0,
"2024-08-13,18:29:19",raku_9,#0,ملور,0_gf#0,
"2024-08-13,18:29:19",rayer43,#0,قاع,0_gf#0,
"2024-08-13,18:29:20",sabo013,#0,,,
"2024-08-13,18:29:25",m3d.com,#0,اقلب الكاميرا,,
"2024-08-13,18:29:31",0_gf,#0,,mk_diassss#0,https://cdn.discordapp.com/attachments/1227367017661595708/1272970306193199196/image.png?ex=672e4a7b&is=672cf8fb&hm=015733e3015e3e2da098adb39c824ffa49300f8768aa642d6beb73c0d68ca399&
"2024-08-13,18:29:37",0_gf,#0,نن face to face,raku_9#0,
"2024-08-13,18:29:43",m3d.com,#0,من جيهة ظهرك,,
"2024-08-13,18:29:58",abdulrazzaq0639,#0,تحت ضهرك,m3d.com#0,
"2024-08-13,18:30:02",rayer43,#0,أيا اتهلاو,,
"2024-08-13,18:30:07",mk_diassss,#0,<:Yes_Honey:1150411382869729290> <:cum:1152013788653031434> 💦 🦶 *,0_gf#0,
"2024-08-13,18:30:26",m3d.com,#0,تبع سرسور الظهر تلقا الزهر<a:emoji_85:1188620238388994118>,abdulrazzaq0639#0,
"2024-08-13,18:30:30",abdulrazzaq0639,#0,لي يزيد يهرد غاي ومكاش لي يسامحه,,
"2024-08-13,18:30:32",abdelghaniissolah_75341,#0,👨🏿‍⚕️,,
"2024-08-13,18:30:48",m3d.com,#0,<:hmm:1144061148958826556>,,
"2024-08-13,18:30:50",abdulrazzaq0639,#0,غاي,w.me#0,
"2024-08-13,18:31:06",mk_diassss,#0,YOO DIO SAMA,w.me#0,
"2024-08-13,18:31:13",raku_9,#0,<:NIGGA_omg:1150394296680329226>,,
"2024-08-13,18:31:36",abdelghaniissolah_75341,#0,<:gigachad:1150419236989186078>,,
"2024-08-13,18:31:39",m3d.com,#0,كم تمنيت لو كنت سنجاب🐿️ في غابات استراليا أقضي حياتي بين الأشجار أتغذى على ثمار البلوط🌰 همي الوحيد البحث عن شجرة تكون مناسبة لبناء بيت فيها زوجتي سنجوبة صاحبة الابتسامة الجميلة و أطفالي السناجب وأعيش في أمن وسلام بعيداً عن هذه المخلوقات التي إجتاحت كوكب الأرض هيا نذهب يا سنجابتي🐿️🚶,,
"2024-08-13,18:32:04",abdelghaniissolah_75341,#0,نمي كبير عليك,m3d.com#0,
"2024-08-13,18:32:15",mk_diassss,#0,طنة<:Yes_Honey:1150411382869729290>,m3d.com#0,
"2024-08-13,18:32:16",0_gf,#0,انا نبنيط بل سناجب,m3d.com#0,
"2024-08-13,18:32:19",raku_9,#0,<@1158860326289297458>  ابعثلو ستيكر تع توم,m3d.com#0、ak_miro#0,
"2024-08-13,18:32:24",m3d.com,#0,<:hmm:1144061148958826556> <:hmm:1144061148958826556>,,
"2024-08-13,18:32:46",abdelghaniissolah_75341,#0,<:tomfrownface59:1152013900150218822>,,
"2024-08-13,18:32:47",0_nu,#0,يدكم فيه,,
"2024-08-13,18:33:03",0_nu,#0,ماعدا <@1158860326289297458> <@1180425486720041032>,0_gf#0、ak_miro#0,
"2024-08-13,18:33:04",m3d.com,#0,<:Dead_inside:1150410964659863592>,,
"2024-08-13,18:33:19",0_nu,#0,<:9k:1189273274455179358>  يدكم فيه,,
"2024-08-13,18:33:20",0_nu,#0,كامل,,
"2024-08-13,18:33:24",0_nu,#0,بلا روتور,,
"2024-08-13,18:33:28",m3d.com,#0,<:7kaytk:1271235351566094480>,,
"2024-08-13,18:33:35",0_nu,#0,نخليكم ديرو ويتيام فيتاس,,
"2024-08-13,18:33:47",abdelghaniissolah_75341,#0,ادي حكايتك و قود,,
"2024-08-13,18:33:53",0_nu,#0,يدك فيه,w.me#0,
"2024-08-13,18:33:55",raku_9,#0,ما عندكش نتا اصلا باش نمسوه,0_nu#0,
"2024-08-13,18:34:10",0_nu,#0,ارمي يدك مك خاسر والو,raku_9#0,
"2024-08-13,18:34:11",m3d.com,#0,,,
"2024-08-13,18:34:11",abdulrazzaq0639,#0,رجعت,,
"2024-08-13,18:34:18",0_nu,#0,خخخخ,w.me#0,
"2024-08-13,18:34:19",raku_9,#0,ملور,0_nu#0,
"2024-08-13,18:34:25",0_nu,#0,انا غني في ذا الكونت,,
"2024-08-13,18:34:32",abdulrazzaq0639,#0,مليح,0_nu#0,
"2024-08-13,18:34:33",0_nu,#0,عندي 11 مليون,,
"2024-08-13,18:34:40",0_nu,#0,شكون هدر معاك ؟,,
"2024-08-13,18:34:51",abdulrazzaq0639,#0,سلفلي مليون,,
"2024-08-13,18:34:57",raku_9,#0,اعطيني 3 نشري مدامة,0_nu#0,
"2024-08-13,18:35:14",abdulrazzaq0639,#0,🫡<:KEKYou:1150418200027201566> <:emoji_47:1151909990727163954>,raku_9#0,
"2024-08-13,18:35:37",abdulrazzaq0639,#0,علاه كاين 12 مليون,w.me#0,
"2024-08-13,18:35:54",mk_diassss,#0,ااااه على هدو شوارب,ak_miro#0,
"2024-08-13,18:35:55",0_nu,#0,*h kjh dùvd,ak_miro#0,
"2024-08-13,18:36:10",0_nu,#0,بببب,,
"2024-08-13,18:36:10",dumbo726,#0,Edging to hoova pic  rn,ak_miro#0,
"2024-08-13,18:36:57",mk_diassss,#0,<@1191354977193570356> كش حليب,themask0239#0,
"2024-08-13,18:37:12",m3d.com,#0,حليب عزوز ولا حليب دانية,,
"2024-08-13,18:37:14",m3d.com,#0,<:uncannycat:1152013915954352148>,,
"2024-08-13,18:37:17",2jz.o7,#0,"Li 5soh robux 3ndi carte google play 5$ 
Ni nbi3 fiha
Tch7an biha ga3 les jeux",,
"2024-08-13,18:37:32",abdulrazzaq0639,#0,جماعة شكون عنده موضوع شباب,,
"2024-08-13,18:37:44",dumbo726,#0,البزازل,abdulrazzaq0639#0,
"2024-08-13,18:37:49",mk_diassss,#0,على رجلين,abdulrazzaq0639#0,
"2024-08-13,18:37:51",abdulrazzaq0639,#0,ترامي,dumbo726#0,
"2024-08-13,18:37:56",m3d.com,#0,حليب دانية وقيل لحليب ايفروي تع الفراز,,
"2024-08-13,18:37:57",abdulrazzaq0639,#0,زكوكا,mk_diassss#0,
"2024-08-13,18:38:08",rohta3ti,#0,على x,abdulrazzaq0639#0,
"2024-08-13,18:38:09",raku_9,#0,"حليب دانية 😋 
حليب عزوز <:uncannycat:1152013915954352148>",m3d.com#0,
"2024-08-13,18:38:12",abdulrazzaq0639,#0,نهدرو على افروي,m3d.com#0,
"2024-08-13,18:38:18",dumbo726,#0,Yum,abdulrazzaq0639#0,
"2024-08-13,18:38:33",abdulrazzaq0639,#0,بيضين ولا غوزز,dumbo726#0,
"2024-08-13,18:38:34",2jz.o7,#0,<@1195134511546105958> wch ya 5o 7wawk 2jour mabntch,m7_.n8#0,
"2024-08-13,18:38:37",abdulrazzaq0639,#0,غوززز,,
"2024-08-13,18:38:42",m3d.com,#0,"مهم حليب روزي
مش تع عزوز<:uncannycat:1152013915954352148>",abdulrazzaq0639#0,
"2024-08-13,18:39:00",dumbo726,#0,Pink to add to the intimacy,abdulrazzaq0639#0,
"2024-08-13,18:39:13",abdulrazzaq0639,#0,صخا نبغي حليب بيض <:uncannycat:1152013915954352148> <:uncannycat:1152013915954352148>,m3d.com#0,
"2024-08-13,18:39:24",rohta3ti,#0,جماعة انا نكتب جملة بالانجليزية نتوما كملوها نشوف المستوى تاعكم,,
"2024-08-13,18:39:29",m3d.com,#0,كاين زوج<:hmm:1144061148958826556>,abdulrazzaq0639#0,
"2024-08-13,18:39:38",abdulrazzaq0639,#0,افروي بيض بالغوووز <:uncannycat:1152013915954352148> <:uncannycat:1152013915954352148>,,
"2024-08-13,18:39:47",2jz.o7,#0,Ghost yl3b cod,rohta3ti#0,
"2024-08-13,18:39:50",abdulrazzaq0639,#0,جيبلي في زوج,m3d.com#0,
"2024-08-13,18:39:58",abdulrazzaq0639,#0,روح راني معاك,ak_miro#0,
"2024-08-13,18:40:05",m3d.com,#0,اوو تحب حليب عزوز ؟<:uncannycat:1152013915954352148>,abdulrazzaq0639#0,
"2024-08-13,18:40:12",rohta3ti,#0,ih,2jz.o7#0,
"2024-08-13,18:40:19",dumbo726,#0,Femboy rose,,
"2024-08-13,18:40:20",abdulrazzaq0639,#0,واه <:uncannycat:1152013915954352148>,m3d.com#0,
"2024-08-13,18:40:24",abdulrazzaq0639,#0,,,https://cdn.discordapp.com/attachments/1227367017661595708/1272973045396672572/voice-message.ogg?ex=672da448&is=672c52c8&hm=1f9876e1c8ac09f0095305ed7e8af0343e38fe422d3cbe2f2a4e383231e01d6a&
"2024-08-13,18:40:40",m3d.com,#0,بليدي ؟<:hmm:1144061148958826556>,abdulrazzaq0639#0,
"2024-08-13,18:40:44",dumbo726,#0,:0 milk,w.me#0,
"2024-08-13,18:40:59",dumbo726,#0,The femboy spawn point,m3d.com#0,
"2024-08-13,18:41:04",abdulrazzaq0639,#0,وجهك 🙂,m3d.com#0,
"2024-08-13,18:41:20",2jz.o7,#0,<@1169250247847972887> bitch win rak,_flitox.#0,
"2024-08-13,18:41:24",m3d.com,#0,<:hmm:1144061148958826556>,,
"2024-08-13,18:41:38",abdulrazzaq0639,#0,يدكم فيه عيطوا لافروي يعطيكم حليب,,
"2024-08-13,18:41:59",_flitox.,#0,Oui,2jz.o7#0,
"2024-08-13,18:42:04",rohta3ti,#0,تحيا حليب الزيزة,abdulrazzaq0639#0,
"2024-08-13,18:42:17",dumbo726,#0,Steroids,rohta3ti#0,
"2024-08-13,18:42:18",2jz.o7,#0,7anzni kach wa7d f chat,_flitox.#0,
"2024-08-13,18:42:19",abdulrazzaq0639,#0,<:Dead_inside:1150410964659863592> نتا تبغيه,rohta3ti#0,
"2024-08-13,18:42:24",_flitox.,#0,Msitha lkhtk 🗿,w.me#0,
"2024-08-13,18:42:34",rohta3ti,#0,gh,dumbo726#0,
"2024-08-13,18:42:34",abdulrazzaq0639,#0,<:uncannycat:1152013915954352148>,,
"2024-08-13,18:42:37",abdulrazzaq0639,#0,<:emoji_104:1191547769664573450>,,
"2024-08-13,18:42:40",_flitox.,#0,Twlt ya hbb,2jz.o7#0,
"2024-08-13,18:42:56",_flitox.,#0,Nkmk,w.me#0,
"2024-08-13,18:43:00",rohta3ti,#0,بنين <:ahegao:1150410734057033738>,abdulrazzaq0639#0,
"2024-08-13,18:43:13",_flitox.,#0,Tnak,w.me#0,
"2024-08-13,18:43:15",2jz.o7,#0,Chat fo7a ya nmi mli ynodo ghir bzola trma hada wch kayn ya nmi lwl fihom yjibo chfaf,_flitox.#0,
"2024-08-13,18:43:22",_flitox.,#0,9awed,w.me#0,
"2024-08-13,18:43:33",abdulrazzaq0639,#0,<:uncannycat:1152013915954352148>,,
"2024-08-13,18:43:42",dumbo726,#0,I saw what you deleted,,
"2024-08-13,18:43:53",abdulrazzaq0639,#0,نبغي حليب تاع سو، ة غوز بنين,rohta3ti#0,
"2024-08-13,18:44:02",dumbo726,#0,I see everything <@1210334819569897552>,abdulrazzaq0639#0,
"2024-08-13,18:44:15",rohta3ti,#0,هداك ما,abdulrazzaq0639#0,
"2024-08-13,18:44:18",abdulrazzaq0639,#0,ني، ك مك,w.me#0,
"2024-08-13,18:44:33",abdulrazzaq0639,#0,بنيننن🥵😋,rohta3ti#0,
"2024-08-13,18:44:37",2jz.o7,#0,Tnakt fik,w.me#0,
"2024-08-13,18:44:41",_flitox.,#0,<@1214967653370691624> yazbi ara role khli zbi nik dnya ara ya97ja ara rahi tnakt,jordyy.a3ttt#0,
"2024-08-13,18:44:44",abdulrazzaq0639,#0,شيههه,w.me#0,
"2024-08-13,18:45:02",dumbo726,#0,Ok...the fuck?,,
"2024-08-13,18:45:20",2jz.o7,#0,Ghir zwaml ga3 t7bo tchofo zboba,,
"2024-08-13,18:45:24",rohta3ti,#0,كل شيء فالمرء لذيذ الا بيطانها💀,abdulrazzaq0639#0,
"2024-08-13,18:45:26",_flitox.,#0,Yakhu ydbr raso,2jz.o7#0,
"2024-08-13,18:45:34",abdulrazzaq0639,#0,🌿,rohta3ti#0,
"2024-08-13,18:45:44",_flitox.,#0,Bni mn9ch,,
"2024-08-13,18:45:53",2jz.o7,#0,Lik l9lawi lmute mymchich,,
"2024-08-13,18:45:58",_flitox.,#0,Yakhu chkon nta yazbi ra7 njbdlk zbi 🗿,w.me#0,
"2024-08-13,18:46:06",rohta3ti,#0,,abdulrazzaq0639#0,
"2024-08-13,18:46:33",dumbo726,#0,تدهورت,ak_miro#0,
"2024-08-13,18:46:40",abdulrazzaq0639,#0,غوززز,rohta3ti#0,
"2024-08-13,18:46:47",abdulrazzaq0639,#0,غوز ربك,ak_miro#0,
"2024-08-13,18:47:03",raku_9,#0,و ربي علاه ؟,abdulrazzaq0639#0,
"2024-08-13,18:47:10",abdulrazzaq0639,#0,بلع ربك,raku_9#0,
"2024-08-13,18:47:16",rohta3ti,#0,كاين غي تشني,abdulrazzaq0639#0,
"2024-08-13,18:47:29",_flitox.,#0,# Ihhhhhh sa7 nsito f 7atchon ymak jibholi 3la ydk ki tkon Jay Bach nikk,w.me#0,
"2024-08-13,18:47:36",abdulrazzaq0639,#0,نتا مطيحش,raku_9#0,
"2024-08-13,18:47:41",raku_9,#0,يسب ربي وش خليت لروحك,abdulrazzaq0639#0,
"2024-08-13,18:47:51",abdulrazzaq0639,#0,نتا مطيحش,raku_9#0,
"2024-08-13,18:48:08",_flitox.,#0,Mama ana kalitlo khto 9damo,ak_miro#0,
"2024-08-13,18:48:11",raku_9,#0,ياخو طيح كيما بغيت بصح ربي خط احمر,abdulrazzaq0639#0,
"2024-08-13,18:48:39",abdulrazzaq0639,#0,نتا مانرافاكش واحد طيحتله برب,raku_9#0,
"2024-08-13,18:48:40",dumbo726,#0,Nik zbi ga3,w.me#0,
"2024-08-13,18:48:41",rohta3ti,#0,سيرفر خرا,,
"2024-08-13,18:48:52",dumbo726,#0,Nktolha ymaha,,
"2024-08-13,18:49:07",abdulrazzaq0639,#0,قول,raku_9#0,
"2024-08-13,18:49:10",raku_9,#0,ديرولو ريبورت,,
"2024-08-13,18:49:17",abdulrazzaq0639,#0,واه,raku_9#0,
"2024-08-13,18:49:32",abdulrazzaq0639,#0,علاه شادرت انا,,
"2024-08-13,18:49:38",raku_9,#0,ما طيحش الرب و صايي,abdulrazzaq0639#0,
"2024-08-13,18:49:44",abdulrazzaq0639,#0,صحا,raku_9#0,
"2024-08-13,18:49:51",dumbo726,#0,W7na nchofo m3ahom ?,w.me#0,
"2024-08-13,18:50:01",rohta3ti,#0,نم ي نتا كلب,w.me#0,
"2024-08-13,18:50:16",m7_.n8,#0,,,https://cdn.discordapp.com/attachments/1227367017661595708/1272975528827027616/image0.gif?ex=672da698&is=672c5518&hm=1e65e1a136c600d82ac5aed0e4354e63e134d4e12b99d31e61300aec5d72bee9&
"2024-08-13,18:50:32",abdulrazzaq0639,#0,الو,m7_.n8#0,
"2024-08-13,18:50:57",2jz.o7,#0,Ro7 nkmk,w.me#0,
"2024-08-13,18:50:58",rohta3ti,#0,هذا جاست تاع ن قوشا,w.me#0,
"2024-08-13,18:50:58",dumbo726,#0,<:uncannycat:1152013915954352148>,,
"2024-08-13,18:51:27",dumbo726,#0,تدهورت الحاج,ak_miro#0,
"2024-08-13,18:51:30",m7_.n8,#0,,2jz.o7#0,https://cdn.discordapp.com/attachments/1227367017661595708/1272975836072378462/image0.gif?ex=672da6e2&is=672c5562&hm=418b8e254999118af25947d2ab015090575f0858ab8f85646ace1d84a53a733a&
"2024-08-13,18:51:31",rohta3ti,#0,<:emoji_106:1191547968151617626>,,
"2024-08-13,18:51:42",abdulrazzaq0639,#0,جوردن مشاك تكتب علاه,m7_.n8#0,
"2024-08-13,18:51:46",2jz.o7,#0,Bl3 nkmk tzid thdr tsm3 ymak,w.me#0,
"2024-08-13,18:52:03",m7_.n8,#0,Calm down,2jz.o7#0,
"2024-08-13,18:52:09",2jz.o7,#0,Rani nhdr m3a 7tchon ymak wnkmk,w.me#0,
"2024-08-13,18:52:22",abdulrazzaq0639,#0,كنت خاسب حواوك ولا ختاطفوك,m7_.n8#0,
"2024-08-13,18:52:23",2jz.o7,#0,Akot ya zbi zwaml yb3ot f zboba jay t9oli skot,m7_.n8#0,
"2024-08-13,18:52:27",rohta3ti,#0,🤝,w.me#0,
"2024-08-13,18:52:37",2jz.o7,#0,Ya rbk yhdro ghir f tlfn,,
"2024-08-13,18:52:51",2jz.o7,#0,Lokan kont rajl mtsl3ch ymk,w.me#0,
"2024-08-13,18:52:56",dumbo726,#0,<:NIGGA_omg:1150394296680329226>,,
"2024-08-13,18:53:04",abdulrazzaq0639,#0,حوحوك جوردن,,
"2024-08-13,18:53:11",abdulrazzaq0639,#0,حوك,,
"2024-08-13,18:53:12",2jz.o7,#0,W ro7 nkmk 3eme fois,,
"2024-08-13,18:53:23",m7_.n8,#0,صاي اقفل تر متك,2jz.o7#0,https://cdn.discordapp.com/attachments/1227367017661595708/1272976310154690671/1207665437718880256.gif?ex=672da753&is=672c55d3&hm=be17a201464adc29c36731b74c85b06fe6dc5a246bf4d8e387fb3d7f7955c76c&
"2024-08-13,18:53:27",2jz.o7,#0,Wnik mokk antik doka aya athla,,
"2024-08-13,18:53:34",abdulrazzaq0639,#0,حواوك ولا لا ههدر,m7_.n8#0,
"2024-08-13,18:53:45",m7_.n8,#0,؟,abdulrazzaq0639#0,
"2024-08-13,18:54:00",abdulrazzaq0639,#0,قالولي حواوك,m7_.n8#0,
"2024-08-13,18:54:16",m7_.n8,#0,تناك,abdulrazzaq0639#0,
"2024-08-13,18:54:26",abdulrazzaq0639,#0,كاينة ولا لا,m7_.n8#0,
"2024-08-13,18:54:31",2jz.o7,#0,Yaw tntfholi wro7 nikmok 5eme fois,w.me#0,
"2024-08-13,18:54:38",abdulrazzaq0639,#0,جابلنا دليل سموك,m7_.n8#0,
"2024-08-13,18:54:51",2jz.o7,#0,Pussy ta3 zbi 3la bdlt l s tkwv ro7k bli 9a7ba ?,w.me#0,
"2024-08-13,18:55:03",2jz.o7,#0,Tntfo,w.me#0,
"2024-08-13,18:55:11",dumbo726,#0,Calm down y'all,,
"2024-08-13,18:55:18",dumbo726,#0,It's all love here,,
"2024-08-13,18:55:34",abdulrazzaq0639,#0,شكون معا قرار ان مراة لازم متتنفسش,,
"2024-08-13,18:55:39",2jz.o7,#0,Askot pussy f9nalk bli 7tchon ml asm brk,w.me#0,
"2024-08-13,18:55:40",dumbo726,#0,How much ?,ak_miro#0,
"2024-08-13,18:55:49",rohta3ti,#0,🙂,,
"2024-08-13,18:55:53",dumbo726,#0,You're so sexist smh,abdulrazzaq0639#0,
"2024-08-13,18:56:18",dumbo726,#0,Sold,ak_miro#0,
"2024-08-13,18:56:23",abdulrazzaq0639,#0,معاه ولا لا انا لا مراة لازم تقعد في بيتها ماتتنفس لابورطابل لا والو,dumbo726#0,
"2024-08-13,18:56:53",rohta3ti,#0,لازم تعطي وتسيق برك وطيب,abdulrazzaq0639#0,
"2024-08-13,18:56:56",dumbo726,#0,Am all for that,abdulrazzaq0639#0,
"2024-08-13,18:57:03",abdulrazzaq0639,#0,تعطي وش,rohta3ti#0,
"2024-08-13,18:57:05",2jz.o7,#0,Ray tbanli sratlk lik wrak t9lb lhdra,w.me#0,
"2024-08-13,18:57:11",abdulrazzaq0639,#0,ختك تعطي,rohta3ti#0,
"2024-08-13,18:57:15",rohta3ti,#0,السعادة,abdulrazzaq0639#0,
"2024-08-13,18:57:24",abdulrazzaq0639,#0,اه,rohta3ti#0,
"2024-08-13,18:57:42",2jz.o7,#0,Rak tkwv ro7k bach yjok zwml ynikok,w.me#0,
"2024-08-13,18:58:01",2jz.o7,#0,Stfu nta tan,ak_miro#0,
"2024-08-13,18:58:19",rohta3ti,#0,معنديش ختي اوليد الق حبة,abdulrazzaq0639#0,
"2024-08-13,18:58:42",abdulrazzaq0639,#0,راني نسقسي فيك نتا قلتلي كفلة تعطي قتلك تبغي ختك تعطي,,
"2024-08-13,18:58:51",2jz.o7,#0,Rak t3wd wch sra lymak hada makan w9lbt lhdra,w.me#0,
"2024-08-13,18:59:20",2jz.o7,#0,Zid nta tan ntfo whrani ta3 zbi 😂,ak_miro#0,
"2024-08-13,18:59:25",rohta3ti,#0,كي يكون راجلها,abdulrazzaq0639#0,
"2024-08-13,18:59:37",2jz.o7,#0,7lbtni ymak kifah nikha,w.me#0,
"2024-08-13,18:59:43",abdulrazzaq0639,#0,انا حتى لو راجلها منشوفهمش,rohta3ti#0,
"2024-08-13,18:59:55",dumbo726,#0,الكثير من الأمهات,,
"2024-08-13,19:00:01",abdulrazzaq0639,#0,علابالي بلي نحويهم في زوج,,
"2024-08-13,19:00:03",rohta3ti,#0,حقها,abdulrazzaq0639#0,
"2024-08-13,19:00:21",abdulrazzaq0639,#0,بسح ماشي تكون كل يوم,rohta3ti#0,
"2024-08-13,19:00:54",2jz.o7,#0,At3lm tripondi f tlfn mt9drch tgabl,w.me#0,
"2024-08-13,19:00:59",dumbo726,#0,Khwati l beef hada 3lash bda ?,,
"2024-08-13,19:01:08",2jz.o7,#0,F sa7 pussy ktr mn haka,,
"2024-08-13,19:01:10",rohta3ti,#0,لا يؤمن احدكم حتى يحب لاخيه ما يحب لنفسه,abdulrazzaq0639#0,
"2024-08-13,19:01:27",0_gf,#0,ميوتيتو ؟,2jz.o7#0,
"2024-08-13,19:01:29",raku_9,#0,واحد سيد بعث ديالو,dumbo726#0,
"2024-08-13,19:01:34",2jz.o7,#0,T9dr tro7 chof kach dir wla tnik mok,w.me#0,
"2024-08-13,19:01:35",abdulrazzaq0639,#0,نتا كي بتعرف بلي ناكها,rohta3ti#0,
"2024-08-13,19:01:47",0_gf,#0,<:tadcarlfachero36:1152016084430487552>,,
"2024-08-13,19:01:50",0_gf,#0,لعزيز,,
"2024-08-13,19:01:57",dumbo726,#0,Ok thanks,raku_9#0,
"2024-08-13,19:02:03",rohta3ti,#0,نتا تحب دخلو كل يوم او راجل ختك علاه لالا,abdulrazzaq0639#0,
"2024-08-13,19:02:24",2jz.o7,#0,Mns7a9ch role bach n7wi,ak_miro#0,
"2024-08-13,19:02:25",abdulrazzaq0639,#0,علاه انا بندخلو كل يوم,rohta3ti#0,
"2024-08-13,19:02:32",2jz.o7,#0,Lokan haka rako dito mute bin zoj,,
"2024-08-13,19:02:37",0_gf,#0,بصح تتحوى باه تدي رول,2jz.o7#0,
"2024-08-13,19:02:47",0_gf,#0,<:tadcarlfachero36:1152016084430487552>,,
"2024-08-13,19:02:49",rohta3ti,#0,فطور الصباح,abdulrazzaq0639#0,
"2024-08-13,19:03:02",rohta3ti,#0,<:cum:1152013788653031434>,,
"2024-08-13,19:03:07",abdulrazzaq0639,#0,لا غي في ليل,,
"2024-08-13,19:03:21",2jz.o7,#0,Nt7wa m3a mok nwli f plast hoova machi ghir admin memes,0_gf#0,
"2024-08-13,19:03:26",rohta3ti,#0,في زوج,abdulrazzaq0639#0,
"2024-08-13,19:03:27",abdulrazzaq0639,#0,نعنقا نبوسها صحا ماشي غي دخلو,,
"2024-08-13,19:03:31",dumbo726,#0,Flil khir oui,abdulrazzaq0639#0,
"2024-08-13,19:03:33",2jz.o7,#0,Dija 7na n7bso zwml bach mytnakch serveur,,
"2024-08-13,19:03:39",2jz.o7,#0,Hadi 3la jal hoova brk,,
"2024-08-13,19:03:46",2jz.o7,#0,Raho y5ls chwiya mno,,
"2024-08-13,19:03:52",abdulrazzaq0639,#0,فضلمة,dumbo726#0,
"2024-08-13,19:03:53",0_gf,#0,ويما علاه يل عبد نتع ز_بي_ كي تذيقلك متجبدتش يمات لخرين,2jz.o7#0,
"2024-08-13,19:03:58",0_gf,#0,وزيد يما مشي كي م_ك_,,
"2024-08-13,19:04:04",0_gf,#0,كاين ديفيرونص,,
"2024-08-13,19:04:04",rohta3ti,#0,كاين المخدة روح بوسها,abdulrazzaq0639#0,
"2024-08-13,19:04:06",dumbo726,#0,Sensation,abdulrazzaq0639#0,
"2024-08-13,19:04:13",abdulrazzaq0639,#0,انا نق، ش راني نتفرج بوكنو هيرو دروك ونهدر معاكم,,
"2024-08-13,19:04:33",0_gf,#0,server قالو سورفور فرونسي نتع ن_مي_,2jz.o7#0,
"2024-08-13,19:04:37",rohta3ti,#0,x?,abdulrazzaq0639#0,
"2024-08-13,19:04:38",2jz.o7,#0,Hada wch t7bo ntoma ajbdo lghachi ki tsm3ohom tdi9lkom 9adr ro7k y9adrok,0_gf#0,
"2024-08-13,19:04:47",abdulrazzaq0639,#0,لا كتر,rohta3ti#0,
"2024-08-13,19:04:53",0_gf,#0,اسمع نقولك حاجة ؟,,
"2024-08-13,19:05:01",2jz.o7,#0,Yaw ydk fih bik b ay logha rak tchofni nktb biha,0_gf#0,
"2024-08-13,19:05:09",0_gf,#0,# ارجع خدم ي_نق_ش <:emoji_104:1191547769664573450>,,
"2024-08-13,19:05:13",rohta3ti,#0,الموقع,abdulrazzaq0639#0,
"2024-08-13,19:05:36",abdulrazzaq0639,#0,سري كتر من دارك ويب,rohta3ti#0,
"2024-08-13,19:05:44",0_gf,#0,يدك فيه,,
"2024-08-13,19:05:50",0_gf,#0,كحلوش نم_يم_,,
"2024-08-13,19:05:52",2jz.o7,#0,5dma charifa ki nik zwaml m3blkch biha ndiroha ltmnyik,0_gf#0,
"2024-08-13,19:06:05",0_gf,#0,غسل ترمتك بعدها نهدرو,2jz.o7#0,
"2024-08-13,19:06:09",rohta3ti,#0,وعلاه حسود قاع هكا,abdulrazzaq0639#0,
"2024-08-13,19:06:14",0_gf,#0,كحلة من الخرا مش من لون البشرة,,
"2024-08-13,19:06:25",abdulrazzaq0639,#0,ارواح خاص,rohta3ti#0,
"2024-08-13,19:06:28",2jz.o7,#0,Trmtk lbida hiya li chaba,0_gf#0,
"2024-08-13,19:06:39",0_gf,#0,ارواح chill kmk,2jz.o7#0,
"2024-08-13,19:06:56",2jz.o7,#0,Nta ta3 nik machi ta3 chill,0_gf#0,
"2024-08-13,19:07:20",0_gf,#0,خايف  ؟,2jz.o7#0,
"2024-08-13,19:07:55",_dxg5,#0,سلام عليكم,,
"2024-08-13,19:07:58",0_gf,#0,,,https://cdn.discordapp.com/attachments/1227367017661595708/1272979983245115412/image.png?ex=672daabe&is=672c593e&hm=3c7a6620f0870f25b186370747659a7a78b95a0ca0ec250bea0e78ff9a1ff25c&
"2024-08-13,19:08:01",2jz.o7,#0,Ya zbi mazalk t7ws 3liya,0_gf#0,
"2024-08-13,19:08:02",0_gf,#0,داير كي ز_ك_,,
"2024-08-13,19:08:06",_dxg5,#0,<:DK_Expand_Dong:1150410899581050950>,,
"2024-08-13,19:08:11",0_gf,#0,,,https://cdn.discordapp.com/attachments/1227367017661595708/1272980035703279759/image.png?ex=672daacb&is=672c594b&hm=6bd9bba8ddb7981d62067fa8d87671223c65071e552b6352d962f983d30ba4ef&
"2024-08-13,19:08:14",2jz.o7,#0,Pfp ta3 tfla tzid t7lha ?,0_gf#0,
"2024-08-13,19:08:32",0_gf,#0,طفلة ومشي كحلوش,2jz.o7#0,
"2024-08-13,19:08:40",2jz.o7,#0,Ya rbk wch 9al,0_gf#0,
"2024-08-13,19:08:46",0_gf,#0,,,https://cdn.discordapp.com/attachments/1227367017661595708/1272980183464280195/image.png?ex=672daaee&is=672c596e&hm=963a35c685cb25759aa1faea915078e4aa5450703098331431aa6c5db9879b55&
"2024-08-13,19:08:55",0_gf,#0,نتا تحب الكحلوش <:tadcarlfachero36:1152016084430487552>,2jz.o7#0,
"2024-08-13,19:09:17",2jz.o7,#0,Lk7lach s7abna wntoma bnat lnik,0_gf#0,
"2024-08-13,19:09:20",dumbo726,#0,@ياخو شوف هيا عندك الحق مقودة واحد يبعث عفسا كيما هديك ف سيرفر public ناس ڨع تشوف بصح لوكان شفتها هكاك اخرج اخطيك من لخماج (مانيش نحاوز فيك) بصح تقعد يطيحلك و تطيحلو و هو يجبدلك فدار عيب .معليش اخطيك منو و تربح صلو على النبي,,
"2024-08-13,19:09:37",0_gf,#0,مصاحب الكحلوش باه باه ميفورصيكش فل ن_يك_,2jz.o7#0,
"2024-08-13,19:09:37",dumbo726,#0,<@1142540508183416883>,2jz.o7#0,
"2024-08-13,19:10:11",0_gf,#0,يضحك على روحوا,,
"2024-08-13,19:10:16",2jz.o7,#0,Ya 5o bs7 hoova howa li 9alhom 7bso tmnyk hada,dumbo726#0,
"2024-08-13,19:10:16",0_gf,#0,ن_قش_,,
"2024-08-13,19:10:28",2jz.o7,#0,Ni nd7k 3lik 3la balk,0_gf#0,
"2024-08-13,19:10:31",zaudeooo_15311,#0,خاوتي نايضة معركة النكاح وما تقولوليش,,
"2024-08-13,19:10:45",0_gf,#0,نتا هو النكتة يل كحلوش,2jz.o7#0,
"2024-08-13,19:10:58",2jz.o7,#0,Ana nokta wnta nika,0_gf#0,
"2024-08-13,19:11:01",0_gf,#0,نبيعك عندي,,https://cdn.discordapp.com/attachments/1227367017661595708/1272980750832238672/VID_40240515_123418_653.mp4?ex=672dab75&is=672c59f5&hm=7e508841d559d520b4a4042c5688b4701e9e2cc8d00e72d12cda9593843ebbde&
"2024-08-13,19:11:07",dumbo726,#0,هاهم محبسوش ياخو وش رح دير ...اخطيك و خلاص,2jz.o7#0,
"2024-08-13,19:11:19",dumbo726,#0,مول سيرفر يفريها,,
"2024-08-13,19:11:26",dumbo726,#0,تربح,,
"2024-08-13,19:11:27",0_gf,#0,nika fi trmtk,2jz.o7#0,
"2024-08-13,19:11:37",0_gf,#0,ارواح,,https://cdn.discordapp.com/attachments/1227367017661595708/1272980899402874950/image.png?ex=672dab99&is=672c5a19&hm=9981070e95df2c1ca65c699bae3336b427eb625fed7f04c1a54657959f9435c1&
"2024-08-13,19:11:41",0_gf,#0,تسمع يماك برك,,
"2024-08-13,19:11:47",2jz.o7,#0,Nta nika f 7yatk,0_gf#0,
"2024-08-13,19:12:03",0_gf,#0,خايف ؟,2jz.o7#0,
"2024-08-13,19:12:07",2jz.o7,#0,Aya kol wa7d y9wd,,
"2024-08-13,19:12:25",0_gf,#0,هخلاص مشي تعطي,,
"2024-08-13,19:12:40",0_gf,#0,ارواح انا ونتا في chill 2,,
"2024-08-13,19:12:58",2jz.o7,#0,Ya 5o ana mnd5lch nty7lk manich 3aych bra ya ras trma m9wd nta nty7 l zaml kima nta 9dam baba,0_gf#0,
"2024-08-13,19:13:04",0_gf,#0,ياخو,2jz.o7#0,
"2024-08-13,19:13:05",0_gf,#0,ياخو,,
"2024-08-13,19:13:07",0_gf,#0,ياخو,,
"2024-08-13,19:13:15",0_gf,#0,مشي ن_يك_ ترمتك,,
"2024-08-13,19:13:26",mr.jojygg,#0,<:cum:1152013788653031434>,,
"2024-08-13,19:13:26",2jz.o7,#0,Ntfholi ya 5i,0_gf#0,
"2024-08-13,19:13:51",0_gf,#0,خدموك تقطف القطن من قبل ؟,2jz.o7#0,
"2024-08-13,19:14:01",2jz.o7,#0,7tha lro7k balak tskt 9samna,ak_miro#0,
"2024-08-13,19:14:21",2jz.o7,#0,Nn hadi mazalha 3ndkom brk,0_gf#0,
"2024-08-13,19:14:36",0_gf,#0,اييه قولي كحلوش اوروبي,2jz.o7#0,
"2024-08-13,19:14:41",0_gf,#0,طري,,
"2024-08-13,19:14:44",mr.jojygg,#0,أرواح ربك,2jz.o7#0,
"2024-08-13,19:15:16",2jz.o7,#0,Nta tan 5ask l7ar ?,mr.jojygg#0,
"2024-08-13,19:15:23",2jz.o7,#0,Nmi jay bih bs7abo,,
"2024-08-13,19:15:27",0_gf,#0,الحار راه في ترمتك,2jz.o7#0,
"2024-08-13,19:15:31",2jz.o7,#0,Y9wd f discord,,
"2024-08-13,19:15:50",0_gf,#0,<:tadcarlfachero36:1152016084430487552> كعبة,2jz.o7#0,
"2024-08-13,19:16:07",2jz.o7,#0,Arwa7 rbk arwa7 rbk,ak_miro#0,
"2024-08-13,19:16:22",0_gf,#0,كحلوش ن,,
"2024-08-13,19:16:22",2jz.o7,#0,Ya rbk rak 5ayf tch9a yak,,
"2024-08-13,19:16:56",2jz.o7,#0,Rak 5ayf tch9a wla 5ayf nikk,,
"2024-08-13,19:16:59",2jz.o7,#0,9ol,,
"2024-08-13,19:17:15",mr.jojygg,#0,بعتلك الروبو,2jz.o7#0,
"2024-08-13,19:17:22",mr.jojygg,#0,شوفو شباب,,
"2024-08-13,19:17:25",2jz.o7,#0,Beb el oud tji ?,ak_miro#0,
"2024-08-13,19:17:38",2jz.o7,#0,Ok,,
"2024-08-13,19:17:56",2jz.o7,#0,Ki td5l omb3d sahl,,
"2024-08-13,19:18:05",0_gf,#0,علاه هو يجي ليك,,
"2024-08-13,19:18:08",whodvl.,#0,..,,
"2024-08-13,19:18:09",0_gf,#0,فقير لذي الدرجة نتا ؟,,
"2024-08-13,19:18:13",2jz.o7,#0,Al7a9 lblida brk omb3d nhdro,,
"2024-08-13,19:18:14",0_gf,#0,معندكش دراهم ترونسبور ؟,,
"2024-08-13,19:18:48",2jz.o7,#0,Nn machi 3la drahm brk 3aychin m w9t franca ltma,0_gf#0,
"2024-08-13,19:19:11",2jz.o7,#0,Sm3t sotk nta l9ahwi lhnaya,ak_miro#0,
"2024-08-13,19:19:24",0_gf,#0,بلع ن_يك_ ترمتك نتا,2jz.o7#0,
"2024-08-13,19:19:25",0_gf,#0,كذاب,,
"2024-08-13,19:19:27",2jz.o7,#0,"Asm3 asm3 mt9olich stfu 😂😂 
Ya nmi bobo",,
"2024-08-13,19:19:28",0_gf,#0,غليط,,
"2024-08-13,19:19:45",2jz.o7,#0,Ya 5o ma7bitch tamn tnak,0_gf#0,
"2024-08-13,19:20:00",2jz.o7,#0,9otlk stfu nta wlit tghli ki 7aba bid,ak_miro#0,
"2024-08-13,19:20:00",0_gf,#0,مقطع يزح,2jz.o7#0,
"2024-08-13,19:20:07",0_gf,#0,خايف تجي فويس ؟,,
"2024-08-13,19:20:26",2jz.o7,#0,Nikmo mani 7ab njbdo lokan nji voicr,0_gf#0,
"2024-08-13,19:20:37",0_gf,#0,ارواح,2jz.o7#0,
"2024-08-13,19:20:39",0_gf,#0,خايف ؟,,
"2024-08-13,19:20:44",0_gf,#0,كحلوش سبي,,
"2024-08-13,19:20:49",2jz.o7,#0,F3ayl ta3 n9ocha wnjbdo 9dam nas,,
"2024-08-13,19:21:10",mr.jojygg,#0,يدك فيه,2jz.o7#0,
"2024-08-13,19:21:25",2jz.o7,#0,Rnk m3ahom nta tan,mr.jojygg#0,
"2024-08-13,19:21:54",2jz.o7,#0,Nhdrlk b lahja dyalk,,
"2024-08-13,19:22:00",2jz.o7,#0,Balak tfhm,,
"2024-08-13,19:22:15",vem_3,#0,قحاب,,
"2024-08-13,19:22:21",2jz.o7,#0,Rani 7awkom bin 3 tsnaw fiya ya za7i,ak_miro#0,
"2024-08-13,19:22:27",0z.f,#0,هذا سيرفر ملي تدخل فيه ونتا تضارب<:uncannycat:1152013915954352148>,,
"2024-08-13,19:22:47",0z.f,#0,مكاش منها<:NIGGA_omg:1150394296680329226>,vem_3#0,
"2024-08-13,19:22:55",vem_3,#0,ما تخربش فزينجيرو لا نييكك,ak_miro#0,
"2024-08-13,19:23:00",2jz.o7,#0,Wch lhayl da5l kol yom tbdl profil,vem_3#0,
"2024-08-13,19:23:12",vem_3,#0,تحلبولي ياخو,2jz.o7#0,
"2024-08-13,19:23:13",0_gf,#0,# تخيل باباك يجيبك غلطة,,
"2024-08-13,19:23:23",vem_3,#0,لا ما نديرش يدي فزكك,ak_miro#0,
"2024-08-13,19:23:26",vem_3,#0,المهم,,
"2024-08-13,19:23:30",0z.f,#0,طغاو عليك يالزنجي <@1142540508183416883> <:Dead_inside:1150410964659863592>,w.me#0、2jz.o7#0,
"2024-08-13,19:23:38",0_gf,#0,# تخيل يماك بيضة وباباك بيض ونتا كحل,,
"2024-08-13,19:23:42",2jz.o7,#0,Chof nta brk dak lprofil li dayro 9a7ba wmachi haka,0_gf#0,
"2024-08-13,19:23:53",2jz.o7,#0,Bach nik zwml 3la biha rani wlit k7al,0_gf#0,
"2024-08-13,19:24:03",vem_3,#0,ايا راه يشر عليك <@1142540508183416883> <:way61:1152013922229043310>,0_gf#0、2jz.o7#0,
"2024-08-13,19:24:05",0z.f,#0,طاب فالفور برك<:juan:1150418197581922344>,0_gf#0,
"2024-08-13,19:24:12",midnightakram.,#0,<:kermit_sip:1126256547304054864>,,
"2024-08-13,19:24:17",0_gf,#0,لا لا مكنت عليه,vem_3#0,
"2024-08-13,19:24:17",2jz.o7,#0,Ya wdi rani dayr 1v4 ya r7mk 😂,0z.f#0,
"2024-08-13,19:24:17",vem_3,#0,ريح عاقل وليدو ماتطيحش مربب,ak_miro#0,
"2024-08-13,19:24:21",0_gf,#0,كنت على واحد وخداخر,,
"2024-08-13,19:24:22",vem_3,#0,هممم,0_gf#0,
"2024-08-13,19:24:28",0z.f,#0,هما بوندا وانا وحدي<:juan:1150418197581922344>,2jz.o7#0,
"2024-08-13,19:24:37",0_gf,#0,# كنت على وحد الن_قش_ اسموا يبدا ب <@1142540508183416883>,2jz.o7#0,
"2024-08-13,19:24:51",vem_3,#0,راني معاك<:tadcarlfachero36:1152016084430487552>,2jz.o7#0,
"2024-08-13,19:24:54",0z.f,#0,كنت نجيبلهم جوني باه نولي 2vs30,,
"2024-08-13,19:24:56",2jz.o7,#0,Sokti mami sgm profil wnjawbk mli7,0_gf#0,
"2024-08-13,19:25:03",m0ka6,#0,slm,,
"2024-08-13,19:25:04",vem_3,#0,قلتلكم عشوائي,ak_miro#0,
"2024-08-13,19:25:15",2jz.o7,#0,Ya wdi lokan brk ram hna li tbanaw hado jdd ga3 mtsm3homch,vem_3#0,
"2024-08-13,19:25:16",0_gf,#0,تعرف شكون هذا ؟,2jz.o7#0,https://cdn.discordapp.com/attachments/1227367017661595708/1272984334365884519/2e108913798d3364717a25308e9475e6.webp?ex=672daecc&is=672c5d4c&hm=0cf076ff3101f4698c88e2c7889070c9e2dd3f6793e7eef84ed62b5c5d1c6fe9&
"2024-08-13,19:25:25",0z.f,#0,نهدر نهدر,0_gf#0,
"2024-08-13,19:25:25",2jz.o7,#0,Hada babak,0_gf#0,
"2024-08-13,19:25:25",vem_3,#0,نو نحب نييك قحاج كيما نتا ما نقدرش نصبر,ak_miro#0,
"2024-08-13,19:25:38",0_gf,#0,ذا لي ح_واك_ فل غايلة,2jz.o7#0,
"2024-08-13,19:25:43",vem_3,#0,يب كثرو القحاج,2jz.o7#0,
"2024-08-13,19:25:45",0_gf,#0,مكانش علبالي لي بابا فعل فيك,,
"2024-08-13,19:25:56",2jz.o7,#0,Raho yban m7wi,0_gf#0,
"2024-08-13,19:26:06",vem_3,#0,كحل ما قدرش يهدر يبعث دي فوطو,ak_miro#0,
"2024-08-13,19:26:14",vem_3,#0,ما قتلكش قلي كاش تتناك,w.me#0,
"2024-08-13,19:26:24",2jz.o7,#0,Wlh ga3 5rjo,vem_3#0,
"2024-08-13,19:26:44",0z.f,#0,يالزنجي ياخو اخرج من سيرفر يرحم يماك فشلتنا القلاوي<:uncannycat:1152013915954352148>,2jz.o7#0,
"2024-08-13,19:26:48",vem_3,#0,دونو مزالو هنا وقيلا مي ما يدخلش,2jz.o7#0,
"2024-08-13,19:26:52",jordyy.a3ttt,#0,Ahah,0z.f#0,
"2024-08-13,19:27:01",0z.f,#0,ماشي قالولك ارحل؟,jordyy.a3ttt#0,
"2024-08-13,19:27:01",2jz.o7,#0,Arwa7 rak jit,jordyy.a3ttt#0,
"2024-08-13,19:27:05",0_gf,#0,<@1142540508183416883> عندي هدرتك ونتا تتقحبن,2jz.o7#0,
"2024-08-13,19:27:08",jordyy.a3ttt,#0,Ah zanjiro hada y9olk hka,,
"2024-08-13,19:27:12",vem_3,#0,ياخو ماكنتش عليك اصلا شكون قلك جاوب🗿,ak_miro#0,
"2024-08-13,19:27:20",vem_3,#0,ايييه نسيت عشوائي,,
"2024-08-13,19:27:25",jordyy.a3ttt,#0,Wch wlido,0z.f#0,
"2024-08-13,19:27:29",jordyy.a3ttt,#0,7bit tkbr,,
"2024-08-13,19:27:30",vem_3,#0,قتلك ما نديرش يدي فزكك,ak_miro#0,
"2024-08-13,19:27:30",2jz.o7,#0,Ya 5o ra'i dayr 1v4 ww bani hada <@980192437727268944> yb3t f zboba,w.me#0、jordyy.a3ttt#0,
"2024-08-13,19:27:47",jordyy.a3ttt,#0,Ok,2jz.o7#0,
"2024-08-13,19:28:00",0z.f,#0,حبيت نولي صاحبك<:juan:1150418197581922344>,jordyy.a3ttt#0,
"2024-08-13,19:28:03",raku_9,#0,راه فيها,,
"2024-08-13,19:28:04",jordyy.a3ttt,#0,Azbi wtf,ak_miro#0,
"2024-08-13,19:28:22",0z.f,#0,وريهالي<:juan:1150418197581922344>,0_gf#0,
"2024-08-13,19:28:23",0_gf,#0,هو ولا مشي هو,jordyy.a3ttt#0,https://cdn.discordapp.com/attachments/1227367017661595708/1272985120944554050/image.png?ex=672daf87&is=672c5e07&hm=d446bbe93f14ef5b9c9bc22b8005fd6609d8f1c68060be4c9cc11019a415c8c7&
"2024-08-13,19:28:35",0_gf,#0,هو علبالي,,
"2024-08-13,19:28:45",0z.f,#0,هو<:juan:1150418197581922344>,0_gf#0,
"2024-08-13,19:29:10",0_gf,#0,خخخخ,0z.f#0,
"2024-08-13,19:29:12",2jz.o7,#0,Mli7 kml nayklk mok lhada daraja,0_gf#0,
"2024-08-13,19:29:27",vem_3,#0,gg <@1142540508183416883> 🗿,0_gf#0、2jz.o7#0,
"2024-08-13,19:29:35",0z.f,#0,كيفاه ديرها<:uncannycat:1152013915954352148>,0_gf#0,
"2024-08-13,19:29:56",2jz.o7,#0,<@1180425486720041032> dir photo shop lro7k balak twli rajl,0_gf#0,
"2024-08-13,19:30:05",vem_3,#0,f12 وقوايد غير مهمة🗿,0z.f#0,
"2024-08-13,19:30:20",0_gf,#0,هولا مشي هو,vem_3#0,https://cdn.discordapp.com/attachments/1227367017661595708/1272985610495463434/image.png?ex=672daffc&is=672c5e7c&hm=6b61aa888be779acf2d93e0822c63186be7cbe2acdc4da1bf664f8b6c6757b39&
"2024-08-13,19:30:25",0z.f,#0,صح كيفاه نسيتها<:juan:1150418197581922344>,vem_3#0,
"2024-08-13,19:31:07",vem_3,#0,انا خاطيني راكم 1v1 لما يجي القحجة لي فشيل نييكو برك,0_gf#0,
"2024-08-13,19:31:11",2jz.o7,#0,<@1180425486720041032> 😂😂 li machi 9adr 3la ch9ah ybda y9wd,0_gf#0,
"2024-08-13,19:31:12",vem_3,#0,اذا ماخربش انا خاطيني,,
"2024-08-13,19:32:03",0_gf,#0,انا قتلك اذا هو ولا لا,vem_3#0,
"2024-08-13,19:32:06",0_gf,#0,باش ميكذبنيش,,
"2024-08-13,19:32:12",0_gf,#0,نتا لي مكش قادر,2jz.o7#0,
"2024-08-13,19:32:16",vem_3,#0,واش راك تكتب يانمي,,
"2024-08-13,19:32:22",vem_3,#0,🗿,ak_miro#0,
"2024-08-13,19:32:28",0_gf,#0,يدير رياكشن,,https://cdn.discordapp.com/attachments/1227367017661595708/1272986145281544202/image.png?ex=672db07b&is=672c5efb&hm=42359b9a5745e932737fa9121c1f0699a96e1d1681fc2fb3dac2172003b5cc90&
"2024-08-13,19:32:30",0_gf,#0,دراري ليك,,
"2024-08-13,19:32:34",2jz.o7,#0,Mala 3lah mat9ablch w7dk wdir discord bach trnk,0_gf#0,
"2024-08-13,19:32:48",2jz.o7,#0,Chkon bdl lktiba wdar screen wraho yb3t ??,0_gf#0,
"2024-08-13,19:32:58",0_gf,#0,نتا حاكملي غي على الفوطو ؟,2jz.o7#0,
"2024-08-13,19:33:01",0_gf,#0,اهدر حاجة خلاف,,
"2024-08-13,19:33:03",0_gf,#0,من الساع ن,,
"2024-08-13,19:33:09",0_gf,#0,ونتا الفوطو الفوطز,,
"2024-08-13,19:33:11",2jz.o7,#0,Hadi hiya nta rak t9ol 3la reaction,0_gf#0,
"2024-08-13,19:33:25",2jz.o7,#0,Chkon raho darha 2 fois ana wla nta,0_gf#0,
"2024-08-13,19:33:48",vem_3,#0,خلاص قحباتي سماطت,,
"2024-08-13,19:33:52",vem_3,#0,انا نروح,,
"2024-08-13,19:33:57",0_gf,#0,بلع كمك,vem_3#0,
"2024-08-13,19:34:20",0z.f,#0,<@1180425486720041032>  ديرلو وهو يقول زيدلي حليب ايفروي,0_gf#0,
"2024-08-13,19:34:26",2jz.o7,#0,Asm3 si zbi dok nbda nsm3lk ymak haka rak 7ab ?,0_gf#0,
"2024-08-13,19:34:27",vem_3,#0,تعاود كمك هذي نييكك,0_gf#0,
"2024-08-13,19:34:33",vem_3,#0,العب بعيد,,
"2024-08-13,19:34:42",0_gf,#0,ياخو نتا ن_قش_,2jz.o7#0,
"2024-08-13,19:34:50",2jz.o7,#0,M5dom ml bzazel,0z.f#0,
"2024-08-13,19:34:50",0_gf,#0,كمك,vem_3#0,
"2024-08-13,19:35:00",vem_3,#0,ايه تحب تتناك,0_gf#0,
"2024-08-13,19:35:04",vem_3,#0,مكاش بروبلام,,
"2024-08-13,19:35:11",vem_3,#0,قضيبي متوفر ليلا ونهارا,,
"2024-08-13,19:35:14",vem_3,#0,دوري قودي,,
"2024-08-13,19:35:18",2jz.o7,#0,Ya 5o chkon mo9bil 9ali mtjbdch lymat doka rak dir fiha fhm ro7k 7mar wla wach,0_gf#0,
"2024-08-13,19:36:03",0_gf,#0,,0z.f#0,https://cdn.discordapp.com/attachments/1227367017661595708/1272987049930002493/image.png?ex=672db153&is=672c5fd3&hm=4dd1dfc1b9c69e2bc5d52acea74e0740ca17224d922aa77102c365fc429cd6f6&
"2024-08-13,19:36:13",0z.f,#0,تاع ختك<:ahegao:1150410734057033738>,2jz.o7#0,
"2024-08-13,19:36:17",ablm69,#0,Wsup,,
"2024-08-13,19:36:18",2jz.o7,#0,Bzotlk bnina mankdboch,0_gf#0,
"2024-08-13,19:36:27",raku_9,#0,هاو جا الفيمبوي,,
"2024-08-13,19:36:30",0z.f,#0,نسيت الايفروي<:Dead_inside:1150410964659863592>,0_gf#0,
"2024-08-13,19:36:35",2jz.o7,#0,7ab tro7 m3ahom ? Makontch 3lik bs7 ila rak twli m3ahom sahl,0z.f#0,
"2024-08-13,19:36:54",0_gf,#0,هو يحوس على حليبك,0z.f#0,
"2024-08-13,19:36:57",0z.f,#0,وسير تقود<:juan:1150418197581922344>,2jz.o7#0,
"2024-08-13,19:37:08",0_gf,#0,<:tadcarlfachero36:1152016084430487552>,,
"2024-08-13,19:37:11",vem_3,#0,وليدو روحو مزالك صغير العشوائية لي فيك يا نمييييي,ak_miro#0,
"2024-08-13,19:37:11",0z.f,#0,حليبي يخدم كلش<:juan:1150418197581922344>,0_gf#0,
"2024-08-13,19:37:13",ablm69,#0,Wsup homies,,
"2024-08-13,19:37:16",2jz.o7,#0,Ani jay lik bach tntfo,0z.f#0,
"2024-08-13,19:37:26",0_gf,#0,<@1185181827833532547> نتا تبركا ماتشكم ولا لا,vem_3#0,
"2024-08-13,19:37:33",vem_3,#0,give me نييكك,ablm69#0,
"2024-08-13,19:37:40",ablm69,#0,NO,,
"2024-08-13,19:37:41",0z.f,#0,يرحم باباك اخرج<:risitas_gaming:1150418204779348060>,2jz.o7#0,
"2024-08-13,19:37:43",0_gf,#0,يمامي ارسليلي بزازل,ablm69#0,
"2024-08-13,19:37:50",ablm69,#0,Hell nuh,0_gf#0,
"2024-08-13,19:37:50",raku_9,#0,<:uncannycat:1152013915954352148> خلاص,,
"2024-08-13,19:37:59",0z.f,#0,لالا الرجلين خيير<:ahegao:1150410734057033738>,0_gf#0,
"2024-08-13,19:38:00",vem_3,#0,اغلق قاعك راني نهدر معاه نتا واش دخلك؟و تقلي ماتشكمش؟🗿,0_gf#0,
"2024-08-13,19:38:09",vem_3,#0,whyyyyy,ablm69#0,
"2024-08-13,19:38:12",2jz.o7,#0,3awd 9ol salam w5rj kima d5lt mo9bil,0z.f#0,
"2024-08-13,19:38:21",0_gf,#0,ني نشوفك تشكم للادمن نتا,vem_3#0,
"2024-08-13,19:38:26",0_gf,#0,why not,ablm69#0,
"2024-08-13,19:38:31",ablm69,#0,I'm not gaaaaaay,vem_3#0,
"2024-08-13,19:38:33",0z.f,#0,نضحكو ولا كيفاه<:emoji_47:1151909990727163954>,2jz.o7#0,
"2024-08-13,19:38:37",mk_diassss,#0,كاش نودز,ablm69#0,
"2024-08-13,19:38:40",2jz.o7,#0,Ya zbi admin memes lokan rani admin rani banitkom ya za7,0_gf#0,
"2024-08-13,19:38:50",2jz.o7,#0,Hadoma y3rfoni 9bl manwli admin ya chkp,,
"2024-08-13,19:38:50",ablm69,#0,Chilllllll,mk_diassss#0,
"2024-08-13,19:38:53",0_gf,#0,bla bla bla,2jz.o7#0,https://cdn.discordapp.com/attachments/1227367017661595708/1272987760319270962/image.png?ex=672db1fd&is=672c607d&hm=4a0d8f3ad2a8fdffe79f4be64375aeffc0840e4b9f2309b890e5a5f6f4d7c01c&
"2024-08-13,19:38:57",raku_9,#0,Your pfp says it all,ablm69#0,
"2024-08-13,19:39:03",mk_diassss,#0,<:Yes_Honey:1150411382869729290> <:cum:1152013788653031434>,0_gf#0,
"2024-08-13,19:39:07",2jz.o7,#0,Manich nd7k fik 3la balk,0z.f#0,
"2024-08-13,19:39:08",ablm69,#0,Ughhhhhhh,raku_9#0,
"2024-08-13,19:39:14",vem_3,#0,زينجيرو مشي ادمين + هو صاحبي حاجة ما تخصكش,0_gf#0,
"2024-08-13,19:39:25",vem_3,#0,pfp🗿,ablm69#0,
"2024-08-13,19:39:30",0z.f,#0,<@1142540508183416883> 100% بليدي ويسمع ديدين وحاس روحو طاغي علينا<:juan:1150418197581922344>,2jz.o7#0,
"2024-08-13,19:39:35",ablm69,#0,W pfp,vem_3#0,
"2024-08-13,19:39:37",ablm69,#0,Kirara,,
"2024-08-13,19:39:38",0_gf,#0,عادي عادي نتا مازلت ن_قش_,vem_3#0,
"2024-08-13,19:39:44",mk_diassss,#0,you want to join hentai server?,ablm69#0,
"2024-08-13,19:39:50",2jz.o7,#0,"Ya rbk 9alo blidi wnsm3 didin 😂
Jibtha m tizk hadi ?",0z.f#0,
"2024-08-13,19:39:54",ablm69,#0,Disgusting,mk_diassss#0,
"2024-08-13,19:40:00",mk_diassss,#0,WHAT!,ablm69#0,
"2024-08-13,19:40:08",ablm69,#0,Wlh ghir yghilfoni,mk_diassss#0,
"2024-08-13,19:40:08",0z.f,#0,من ختك هي قاتلي<:juan:1150418197581922344>,2jz.o7#0,
"2024-08-13,19:40:14",ablm69,#0,Bzaf disgusting,,
"2024-08-13,19:40:22",vem_3,#0,مالصابح ونتا ن_قش ن_قش تلفتلك الهدرة ولا واش؟,0_gf#0,
"2024-08-13,19:40:26",0_gf,#0,"عيب عليك علبالك 
كيف تقارن ن_قش_ ب كعبة من البليدة",0z.f#0,
"2024-08-13,19:40:29",0_gf,#0,راك طيحت للكعب,,
"2024-08-13,19:40:32",0_gf,#0,يسبي,,
"2024-08-13,19:40:33",0_gf,#0,احشم,,
"2024-08-13,19:40:35",ablm69,#0,3labalek wachno li machi disgusting?,,
"2024-08-13,19:40:36",0z.f,#0,<@1142540508183416883> كحلوش مزنجر وختو عندها وحدة غوزز<:ahegao:1150410734057033738>,2jz.o7#0,
"2024-08-13,19:40:39",2jz.o7,#0,Ya 5o 9ol ymak win jaya bab el oud ila jaya fblida wla plasa w7do5ra mongol 9ahwi mb 7omto m5rjch,0z.f#0,
"2024-08-13,19:40:43",mk_diassss,#0,wchno?,ablm69#0,
"2024-08-13,19:40:43",raku_9,#0,مليح خاصة تبدل pfp برك تولي فور,ablm69#0,
"2024-08-13,19:40:44",midnightakram.,#0,خوتي وش راه صاري <:NIGGA_omg:1150394296680329226>,,
"2024-08-13,19:40:45",ablm69,#0,Vaporion rull 36,,
"2024-08-13,19:40:46",0_gf,#0,معجبكش الحال ؟,vem_3#0,
"2024-08-13,19:40:51",vem_3,#0,<:way61:1152013922229043310>,ablm69#0,
"2024-08-13,19:40:51",ablm69,#0,<:Dead_inside:1150410964659863592> <:Dead_inside:1150410964659863592>,,
"2024-08-13,19:41:13",0_gf,#0,,ablm69#0,https://cdn.discordapp.com/attachments/1227367017661595708/1272988347995783310/image.png?ex=672db289&is=672c6109&hm=3068ae0d570c299e24fb4683581b37e68c6e5437e2055a4bc998a06346d5c0e0&
"2024-08-13,19:41:17",0z.f,#0,منيتك يازح  راك تخلع فيا بباب الواد<:juan:1150418197581922344>,2jz.o7#0,
"2024-08-13,19:41:19",mk_diassss,#0,wtf,ablm69#0,
"2024-08-13,19:41:20",abdulrazzaq0639,#0,يدك فيه غاع,,
"2024-08-13,19:41:27",0_gf,#0,<:KEKYou:1150418200027201566>,,
"2024-08-13,19:41:28",ablm69,#0,<:uncannycat:1152013915954352148> <:uncannycat:1152013915954352148> <:uncannycat:1152013915954352148>,mk_diassss#0,
"2024-08-13,19:41:38",2jz.o7,#0,Ana k7al m zbi nta k7l m 7tchonk,0z.f#0,
"2024-08-13,19:41:45",vem_3,#0,القحجة كبرت وولات تجاوب+ اوكي اوكي ما عجبنيش جيب هدرة جديدة ولا اسكت,0_gf#0,
"2024-08-13,19:41:48",zaudeooo_15311,#0,ياخو مش عمبالي قلت راك خارج من السيرفر,abdulrazzaq0639#0,
"2024-08-13,19:41:49",mk_diassss,#0,so you like furrys porn,ablm69#0,
"2024-08-13,19:41:54",0_gf,#0,# تخيل يماك بيضا و باباك بيض ونتا كحل,,
"2024-08-13,19:41:58",0_gf,#0,النيغرو دار فعلتوا,,
"2024-08-13,19:41:59",raku_9,#0,"نكتها 
حويتها 
درتلها 7x6 
ضربتهالها من لور 
حرقتلها طيز يماتها",ablm69#0,
"2024-08-13,19:42:04",abdulrazzaq0639,#0,لا كنت نجيب فيه وصاي,zaudeooo_15311#0,
"2024-08-13,19:42:07",0z.f,#0,باب الواد كي ندخلها كامل يهبطو ريسانهم قولي علاه<:juan:1150418197581922344>,2jz.o7#0,
"2024-08-13,19:42:10",ablm69,#0,Tfk,raku_9#0,
"2024-08-13,19:42:11",midnightakram.,#0,<:NIGGA_omg:1150394296680329226>,0_gf#0,
"2024-08-13,19:42:14",zaudeooo_15311,#0,شيييت مان,abdulrazzaq0639#0,
"2024-08-13,19:42:17",0_gf,#0,# قالتلهم يماه كثرت القهوة كي كان في كرشي,,
"2024-08-13,19:42:19",2jz.o7,#0,Hhh ya 9a7ja chkon t3rf win y7to zbl hado homa li y3rfok,ak_miro#0,
"2024-08-13,19:42:21",0_gf,#0,قهوي,,
"2024-08-13,19:42:32",abdulrazzaq0639,#0,قعدت 25 ساعة في نهار 😂,zaudeooo_15311#0,
"2024-08-13,19:42:34",2jz.o7,#0,Ychfolk trma,0z.f#0,
"2024-08-13,19:42:34",0z.f,#0,M3lich k7el machi kima ta3 khtok ghozz💋<:ahegao:1150410734057033738>,2jz.o7#0,
"2024-08-13,19:42:34",vem_3,#0,ندلها copy ونخليها لوقت الحاجة<:way61:1152013922229043310>,raku_9#0,
"2024-08-13,19:42:37",midnightakram.,#0,Are you <a:AniGay:1202969053291872317> ?,ablm69#0,
"2024-08-13,19:42:39",raku_9,#0,الهنتاي ابرك <:Dead_inside:1150410964659863592> <:uncannycat:1152013915954352148>,ablm69#0,
"2024-08-13,19:42:46",2jz.o7,#0,Mathdrch wnta 3ndk 7tchon,0z.f#0,
"2024-08-13,19:42:54",zaudeooo_15311,#0,25 ساعة ونتا تجيب فيه <:uncannycat:1152013915954352148>,abdulrazzaq0639#0,
"2024-08-13,19:42:58",0z.f,#0,نجوز مع ختك لخطراش باه ميشوفلكش فيها قولي صحا<:juan:1150418197581922344>,2jz.o7#0,
"2024-08-13,19:42:58",abdulrazzaq0639,#0,هنتاي تاع ون بيس <:uncannycat:1152013915954352148>,raku_9#0,
"2024-08-13,19:43:01",vem_3,#0,بعد مساسطك على الفيمب تاعي,midnightakram.#0,
"2024-08-13,19:43:07",0_gf,#0,الكحلوش be like,,
"2024-08-13,19:43:11",0_gf,#0,,,https://cdn.discordapp.com/attachments/1227367017661595708/1272988845427654688/image.png?ex=672db2ff&is=672c617f&hm=4b3e1f768692028bd16a886e2d8452066f381668418f77f3b3169e7efd123e27&
"2024-08-13,19:43:12",0z.f,#0,3lh nta wch 3ndk,2jz.o7#0,
"2024-08-13,19:43:15",ablm69,#0,NO,midnightakram.#0,
"2024-08-13,19:43:16",2jz.o7,#0,"Rani 9otlk ychofolk trma wnta zid 5rjha 
Rahi kbira 3la rask trmtk",0z.f#0,
"2024-08-13,19:43:21",midnightakram.,#0,<:9k:1189273274455179358>,vem_3#0,
"2024-08-13,19:43:23",abdulrazzaq0639,#0,نهار في 24 انا جبته 25 كتر منهار,zaudeooo_15311#0,
"2024-08-13,19:43:31",0z.f,#0,وشبيه هذا<:juan:1150418197581922344>,2jz.o7#0,
"2024-08-13,19:43:37",vem_3,#0,اقعدي عليه<:emoji_101:1191547625883828325>,midnightakram.#0,
"2024-08-13,19:43:40",mk_diassss,#0,you got boobs?<:gigachad:1150419236989186078>,ablm69#0,
"2024-08-13,19:43:40",0_gf,#0,ترمتوا بدات تحكو,0z.f#0,
"2024-08-13,19:43:46",raku_9,#0,"ياخو زدت عليها لا لا
العن الشيطان",0z.f#0,
"2024-08-13,19:43:47",ablm69,#0,Tfk no,mk_diassss#0,
"2024-08-13,19:43:48",zaudeooo_15311,#0,بصح اسمحلي نتا معندكش طوطا,abdulrazzaq0639#0,
"2024-08-13,19:43:52",2jz.o7,#0,7ws f tbonk tl9a zbi,0z.f#0,
"2024-08-13,19:43:59",mk_diassss,#0,mala 3ndk tota brk,ablm69#0,
"2024-08-13,19:44:09",abdulrazzaq0639,#0,عندي ديناصور ياو 😂,zaudeooo_15311#0,
"2024-08-13,19:44:13",ablm69,#0,I'm a gym bro 🤭,mk_diassss#0,
"2024-08-13,19:44:16",midnightakram.,#0,وشنو هذا العلم لراك دايره في البروفيل <:hmmeyes:951902799585771641>,ablm69#0,
"2024-08-13,19:44:17",ablm69,#0,Come to daddy Now,,
"2024-08-13,19:44:23",2jz.o7,#0,Ya 9a7ba nadt f ga3 serveur,,
"2024-08-13,19:44:24",abdulrazzaq0639,#0,عندي طواطي تاع اخطبوط ياو,zaudeooo_15311#0,
"2024-08-13,19:44:35",ablm69,#0,Trap 🪤,midnightakram.#0,
"2024-08-13,19:44:36",kora.___.san,#0,السلام عليكم,,
"2024-08-13,19:44:40",zaudeooo_15311,#0,نتا متقدرليش بطوطا نتاعي,abdulrazzaq0639#0,
"2024-08-13,19:44:44",vem_3,#0,الفيمبويز كامل يروحو للجيم نورمال,ablm69#0,
"2024-08-13,19:44:47",mk_diassss,#0,🐀,ablm69#0,
"2024-08-13,19:44:50",ablm69,#0,Wa3likom salam,kora.___.san#0,
"2024-08-13,19:44:51",abdulrazzaq0639,#0,راص طوطا,kora.___.san#0,
"2024-08-13,19:44:52",raku_9,#0,يبان طفلة بصح هو طفل,midnightakram.#0,
"2024-08-13,19:44:56",midnightakram.,#0,Zbi fi فمك <:sh:1152016071147147319>,vem_3#0,
"2024-08-13,19:45:03",ablm69,#0,Ik,vem_3#0,
"2024-08-13,19:45:08",zaudeooo_15311,#0,نكحت كل الاجناس,,
"2024-08-13,19:45:14",kora.___.san,#0,واش ولد حومتي عيسى راه مسلم عليك,abdulrazzaq0639#0,
"2024-08-13,19:45:17",vem_3,#0,كيفاش يكون فمي فحاجة ما تقزيستيش,midnightakram.#0,
"2024-08-13,19:45:19",midnightakram.,#0,<:gigachad:1191422522130968658>,ablm69#0,
"2024-08-13,19:45:21",abdulrazzaq0639,#0,بلعكس,zaudeooo_15311#0,
"2024-08-13,19:45:23",vem_3,#0,سير تقود حبي,,
"2024-08-13,19:45:40",zaudeooo_15311,#0,علاه العكس,abdulrazzaq0639#0,
"2024-08-13,19:45:57",0z.f,#0,<:Dead_inside:1150410964659863592> محبش يحشم,raku_9#0,
"2024-08-13,19:46:00",kora.___.san,#0,اي نتا سولجربوي تاعنا ؟؟,ak_miro#0,
"2024-08-13,19:46:02",raku_9,#0,مزيا لي خلاصت,,
"2024-08-13,19:46:03",0_gf,#0,,,https://cdn.discordapp.com/attachments/1227367017661595708/1272989566524985437/received_1440695519855186.jpg?ex=672db3ab&is=672c622b&hm=882abc7e4ca14f4243e0bfddcac1e02d577826a249b42809a43495cf273b77fd&
"2024-08-13,19:46:09",abdulrazzaq0639,#0,عيسى دجال ولا عيسى مسيح,kora.___.san#0,
"2024-08-13,19:46:22",abdulrazzaq0639,#0,نكحوك قاع,zaudeooo_15311#0,
"2024-08-13,19:46:23",0_gf,#0,<@1142540508183416883> وين هربت ؟,2jz.o7#0,
"2024-08-13,19:46:31",raku_9,#0,"مديرش عليه
 لي يطيحلك ما تقيموش ديرها قاعدة",0z.f#0,
"2024-08-13,19:46:35",abdulrazzaq0639,#0,للتوالت يبنيط,0_gf#0,
"2024-08-13,19:46:36",2jz.o7,#0,Ro7 nkmk mazalk t7ws 3liya 😂😂,0_gf#0,
"2024-08-13,19:46:38",0_gf,#0,# الاساطير تقول راح تحت فخاذ يماه,,
"2024-08-13,19:46:49",0_gf,#0,زامل,abdulrazzaq0639#0,
"2024-08-13,19:46:53",2jz.o7,#0,Lala f5ad mok,0_gf#0,
"2024-08-13,19:46:57",0_gf,#0,مش بعتش من زكك,2jz.o7#0,
"2024-08-13,19:47:00",abdulrazzaq0639,#0,يكاسكي صايي حقيقة,0_gf#0,
"2024-08-13,19:47:00",vem_3,#0,على ترمتك,abdulrazzaq0639#0,
"2024-08-13,19:47:04",0_gf,#0,يدك فيه,2jz.o7#0,
"2024-08-13,19:47:16",0_gf,#0,,,https://cdn.discordapp.com/attachments/1227367017661595708/1272989873954885763/43fe7df29f544ee4.mov?ex=672db3f4&is=672c6274&hm=bff311014e3ddb3464f4805dc5e75ca988153cfe9051b043c3c46bfc0aaccefd&
"2024-08-13,19:47:17",abdulrazzaq0639,#0,لا على ترامكم,vem_3#0,
"2024-08-13,19:47:25",raku_9,#0,"<@1180425486720041032> <@1142540508183416883> ياخو عمبالكم تقول ذراري صغار 
العنو الشيطان صايي",0_gf#0、2jz.o7#0,
"2024-08-13,19:47:29",0_gf,#0,ايا البوت مسحلوا هدرتوا,,
"2024-08-13,19:47:31",0_gf,#0,مسكين,,
"2024-08-13,19:47:36",abdulrazzaq0639,#0,كاينة,raku_9#0,
"2024-08-13,19:47:45",0_gf,#0,<@282859044593598464> ليزوم,ProBot ✨#5803,
"2024-08-13,19:47:50",2jz.o7,#0,Raho y7ws 3la zbi,raku_9#0,
"2024-08-13,19:47:57",0z.f,#0,Wrilhom ki 9alk nmdlk tnik khti brk wrili rjlik<:juan:1150418197581922344>,0_gf#0,
"2024-08-13,19:47:59",vem_3,#0,نمي خليهم يتنايكو واش خسرت,raku_9#0,
"2024-08-13,19:48:03",vem_3,#0,المتعة,,
"2024-08-13,19:48:28",0_gf,#0,,,https://cdn.discordapp.com/attachments/1227367017661595708/1272990172102787092/image.png?ex=672db43c&is=672c62bc&hm=010b430deccffda03370ba6c9a771a9b160d95434bdd61fdb68dba87460dd6a8&
"2024-08-13,19:48:30",0_gf,#0,هو ولا مشي هو,,
"2024-08-13,19:48:32",abdulrazzaq0639,#0,شاه حابني هنا رجال ناقصين بزاف,,
"2024-08-13,19:48:39",2jz.o7,#0,Mazalk tbdl mn discord,0_gf#0,
"2024-08-13,19:48:39",raku_9,#0,وشمن متعة يرحم باباك واحد يطيح لأم و الأخت للوخر,vem_3#0,
"2024-08-13,19:48:46",vem_3,#0,روح نتا يكثرو,abdulrazzaq0639#0,
"2024-08-13,19:48:56",0_gf,#0,ذي هدرتك,2jz.o7#0,
"2024-08-13,19:48:57",2jz.o7,#0,9ablni bhdrtk <@1180425486720041032> machi bwach rak tbdl,0_gf#0,
"2024-08-13,19:49:01",0_gf,#0,انا لاتيلك حتى نبدل ؟,,
"2024-08-13,19:49:02",abdulrazzaq0639,#0,لا ينقصة كتر,,
"2024-08-13,19:49:06",vem_3,#0,وانا نتفرج عليكم تتنايكو من بعد نروح نلعب هولو نايت,raku_9#0,
"2024-08-13,19:49:13",vem_3,#0,متعة,,
"2024-08-13,19:49:14",0_gf,#0,قابلتك بواش راك تقول,2jz.o7#0,
"2024-08-13,19:49:15",0_gf,#0,يل طري,,
"2024-08-13,19:49:21",0_gf,#0,شيكولة ذايبة,,
"2024-08-13,19:49:21",2jz.o7,#0,Ya wdi rak 7atfni fo9 l3arch wtsiyi dir  ay 7aja,0_gf#0,
"2024-08-13,19:49:22",midnightakram.,#0,,vem_3#0,https://cdn.discordapp.com/attachments/1227367017661595708/1272990401606848522/Huh_60.mp4?ex=672db472&is=672c62f2&hm=91205323ba9f02cbba59f606be5b87355d34da2be441e22ffa01c708f3431b7d&
"2024-08-13,19:49:30",0z.f,#0,خلاص روح تقود راك ريحت معانا بزاف ياولد<:juan:1150418197581922344>,2jz.o7#0,
"2024-08-13,19:49:30",raku_9,#0,ما تقيموش يكره و يحبس <:vergonha:1150411417711804456>,2jz.o7#0,
"2024-08-13,19:49:33",0_gf,#0,راك تسمع ؟,2jz.o7#0,
"2024-08-13,19:49:36",vem_3,#0,نتا كي تشوف قضيبي :,midnightakram.#0,
"2024-08-13,19:49:57",2jz.o7,#0,Ya 5o 9wd nta mhdrtch m3a 9samk sktna,0z.f#0,
"2024-08-13,19:49:57",0z.f,#0,<@1142540508183416883> مص,2jz.o7#0,
"2024-08-13,19:50:01",0_gf,#0,# يماك راه تعيطلك ازرب,,
"2024-08-13,19:50:05",2jz.o7,#0,Swtk bnina,0z.f#0,
"2024-08-13,19:50:11",0z.f,#0,ياعمري<:ahegao:1150410734057033738>,2jz.o7#0,
"2024-08-13,19:50:29",0_gf,#0,زعما شوفوني درت اونلاين,,https://cdn.discordapp.com/attachments/1227367017661595708/1272990679710175282/image.png?ex=672db4b5&is=672c6335&hm=9b9f7346b338edaca5e812cfb722f1710103024d82bad5cc33d1d0e516f885d8&
"2024-08-13,19:50:29",2jz.o7,#0,3jbk dyali rak tryg 3lih,0z.f#0,
"2024-08-13,19:50:30",raku_9,#0,<:vergonha:1150411417711804456>,,
"2024-08-13,19:50:32",0_gf,#0,دك فيه,,
"2024-08-13,19:50:44",0z.f,#0,Machi kima ta3 khtok l7lowa<:KEKYou:1150418200027201566>,2jz.o7#0,
"2024-08-13,19:50:48",midnightakram.,#0,نتا عندك قضيب أصلا ؟ <:juan:1150418197581922344>,vem_3#0,
"2024-08-13,19:50:53",raku_9,#0,"صحا هو غلط
بصح بزاف",ak_miro#0,
"2024-08-13,19:50:59",kora.___.san,#0,<:emoji_47:1151909990727163954> <:emoji_47:1151909990727163954> <:emoji_47:1151909990727163954>,,
"2024-08-13,19:51:06",2jz.o7,#0,Rak dirha w7dk ya chkp yr7m ymak dir 7aja tsl7 wskot,0_gf#0,
"2024-08-13,19:51:23",2jz.o7,#0,Tntf bhdrtk hadi,0z.f#0,
"2024-08-13,19:51:35",0_gf,#0,# ن_يكلك يماك تساعدك هاذي _,2jz.o7#0,
"2024-08-13,19:51:39",just_miloud,#0,نبشركم جماعة جبتو,,
"2024-08-13,19:51:50",vem_3,#0,يب ومن كثر ما تقبتك بيه فقدت الذاكرة,midnightakram.#0,
"2024-08-13,19:51:57",2jz.o7,#0,Ya wdi dir 7aja tsl7 mn ghir mtls9 f zbi mok 9atlk 9wd 5lih ynikni,0_gf#0,
"2024-08-13,19:52:01",0_gf,#0,درتو البارح,ak_miro#0,https://cdn.discordapp.com/attachments/1227367017661595708/1272991064982290512/image.png?ex=672db510&is=672c6390&hm=5a5d75a3625feae7e759d6858f42703eee3fdebd7c013f47a614abed0a835a13&
"2024-08-13,19:52:20",2jz.o7,#0,Zid 5rj m serveur wa7d mys79k hnaya,ak_miro#0,
"2024-08-13,19:52:38",2jz.o7,#0,Serveur l fem boys li rak da5lo,0_gf#0,
"2024-08-13,19:52:40",0_gf,#0,<@1158860326289297458> سمعلوا فوكال شباب الله يرحم والديك,ak_miro#0、2jz.o7#0,
"2024-08-13,19:52:52",2jz.o7,#0,Jib jib wa7d y7ami 3lik,0_gf#0,
"2024-08-13,19:52:54",midnightakram.,#0,,vem_3#0,https://cdn.discordapp.com/attachments/1227367017661595708/1272991288215605278/VID_37011230_123457_795.mp4?ex=672db546&is=672c63c6&hm=8cc731255559fd2569b87bb7044e8d96f7a27bf00184f7e29d5f21c472dc556a&
"2024-08-13,19:52:54",0_gf,#0,وعلاه راك تعس في ز_بي_ وش ضرك,2jz.o7#0,
"2024-08-13,19:53:11",0z.f,#0,الوحيد لي يسحق واحد يحامي عليه هو نتا<:juan:1150418197581922344>,2jz.o7#0,
"2024-08-13,19:53:16",0z.f,#0,شعب كامل يكرهك,,
"2024-08-13,19:53:19",0z.f,#0,يماك ومتحبكش,,
"2024-08-13,19:53:21",0z.f,#0,<:juan:1150418197581922344>,,
"2024-08-13,19:53:27",2jz.o7,#0,Ya 5o lokan ns7a9 wa7d manich dayr 1v4 lhnaya,0z.f#0,
"2024-08-13,19:53:33",0_gf,#0,,2jz.o7#0,https://cdn.discordapp.com/attachments/1227367017661595708/1272991453668184155/VID_37011230_123457_795.mp4?ex=672db56d&is=672c63ed&hm=ec431a97cd68594dc2f946417eab15e2761676338f8388f16140bedb17b8de84&
"2024-08-13,19:53:39",jovial_flamingo_95831,#0,صباح خير,,
"2024-08-13,19:53:41",kora.___.san,#0,اي الا  حليب افروي احترم نفسك,2jz.o7#0,
"2024-08-13,19:53:45",0z.f,#0,المشكل رانا كامل مهبطينلك السروال<:juan:1150418197581922344>,2jz.o7#0,
"2024-08-13,19:53:45",0_gf,#0,# يماه تحبني كثر منو,0z.f#0,
"2024-08-13,19:53:50",ablm69,#0,<:juan:1150418197581922344> <:juan:1150418197581922344> <:juan:1150418197581922344>,0_gf#0,
"2024-08-13,19:53:55",2jz.o7,#0,Wch ndir bikom hhh ya za7 trma d5l l disord ns7a9 tiz mo y7bni,0z.f#0,
"2024-08-13,19:53:56",0z.f,#0,علاه يماه تحبو؟<:juan:1150418197581922344>,0_gf#0,
"2024-08-13,19:54:03",0_gf,#0,<:juan:1150418197581922344> ذ,0z.f#0,
"2024-08-13,19:54:05",2jz.o7,#0,tmsoh,0z.f#0,
"2024-08-13,19:54:12",jovial_flamingo_95831,#0,صباح خير خوتي,,
"2024-08-13,19:54:27",ablm69,#0,<:emoji_109:1259887162296635402>,,
"2024-08-13,19:54:33",0_gf,#0,"# راه يبكي ني نسمع فيه يعيط منا 
كيفاه عرفت ؟ 
ٍاني راقد مع يماه <:tadcarlfachero36:1152016084430487552>",,
"2024-08-13,19:54:44",ablm69,#0,Ir7al hoova,,
"2024-08-13,19:54:49",2jz.o7,#0,Ahh ya l9whi had lhdra kbira 3lik,ak_miro#0,
"2024-08-13,19:55:01",0_gf,#0,غنيلو و اديلو,ak_miro#0,
"2024-08-13,19:55:06",2jz.o7,#0,Sktna nkmk sktna,0_gf#0,
"2024-08-13,19:55:08",0z.f,#0,زيد وريلهم كي قالك هاك جيبو عليا<:juan:1150418197581922344>,0_gf#0,
"2024-08-13,19:55:13",mk_diassss,#0,ارحل <@1214967653370691624>,jordyy.a3ttt#0、ablm69#0,
"2024-08-13,19:55:20",0z.f,#0,داقتلو<:KEKYou:1150418200027201566>,2jz.o7#0,
"2024-08-13,19:55:31",ablm69,#0,Take a break zanjiro 🍗🍉,,
"2024-08-13,19:55:35",2jz.o7,#0,Rani lati blo5r nkml m3ah 3la biha 9otlo skot,0z.f#0,
"2024-08-13,19:55:44",0z.f,#0,عندي دواء يرجعو قبالة,mk_diassss#0,
"2024-08-13,19:55:50",2jz.o7,#0,Rani nftr bihom,ablm69#0,
"2024-08-13,19:55:59",ablm69,#0,Kima l3ada,2jz.o7#0,
"2024-08-13,19:56:23",0z.f,#0,W zby dessert<:juan:1150418197581922344>,2jz.o7#0,
"2024-08-13,19:56:27",0_gf,#0,,0z.f#0,https://cdn.discordapp.com/attachments/1227367017661595708/1272992182151811072/image.png?ex=672db61b&is=672c649b&hm=4eada4e1ab2d75a38864d3fb4a3de853435c5a650b65b1e02b8bde00ff14a740&
"2024-08-13,19:56:39",2jz.o7,#0,3lah 3ndk ?,0z.f#0,
"2024-08-13,19:56:42",raku_9,#0,<:vergonha:1150411417711804456>,,
"2024-08-13,19:56:49",0z.f,#0,K7louch w kbir<:ahegao:1150410734057033738>,2jz.o7#0,
"2024-08-13,19:56:55",raku_9,#0,قودو روحو تصلوا,,
"2024-08-13,19:57:12",2jz.o7,#0,"T3rf threesome 4 9a7bat wrajl 
Ntoma l9a7bat lhnaya makach kifah tdoro 3liya",ak_miro#0,
"2024-08-13,19:57:13",midnightakram.,#0,<:chad_muslim:915295412737425439>,raku_9#0,
"2024-08-13,19:57:18",amirxlol_55368,#0,وش كين,,
"2024-08-13,19:57:27",2jz.o7,#0,Chikour,raku_9#0,
"2024-08-13,19:57:31",0_gf,#0,<@870217361733591050> مجريتش بيه غضاتوا,0z.f#0,https://cdn.discordapp.com/attachments/1227367017661595708/1272992452827156491/image.png?ex=672db65b&is=672c64db&hm=58f88a95bf4be7e7a27f02a0eb05671095aaaa8141e0e04c68587c62012cdeec&
"2024-08-13,19:57:40",0_gf,#0,# يغار من يماه,,
"2024-08-13,19:57:47",0_gf,#0,<:juan:1150418197581922344>,,
"2024-08-13,19:57:48",2jz.o7,#0,Mazalk tbdl ??,0_gf#0,
"2024-08-13,19:57:57",0_gf,#0,بلع تعطي,2jz.o7#0,
"2024-08-13,19:57:57",0z.f,#0,كي تجي دالتو خليه يشبع<:Jerry_Laugh:1150411385424072776>,0_gf#0,
"2024-08-13,19:58:08",0z.f,#0,3tt,2jz.o7#0,
"2024-08-13,19:58:15",0_gf,#0,<:tadcarlfachero36:1152016084430487552>,,
"2024-08-13,19:58:20",0_gf,#0,تخيل سيرفر كامل يكرهك,,
"2024-08-13,19:58:23",2jz.o7,#0,Skt nta trmtk rahi mfto7a bzf,0_gf#0,
"2024-08-13,19:58:23",0_gf,#0,ونتا ادمن فيه,,
"2024-08-13,19:58:24",0_gf,#0,عيب عيب,,
"2024-08-13,19:58:53",0_gf,#0,# يا لكحل كاين حاجة اسمها استحمام اذا معلبالكش,2jz.o7#0,
"2024-08-13,19:58:58",2jz.o7,#0,Ya 5o server rak dayrlo 9ima ktr m 7yatk 3la biha fem boy,0_gf#0,
"2024-08-13,19:59:01",0_gf,#0,# وكاين حاجة اسمها اغتسال,,
"2024-08-13,19:59:11",0z.f,#0,يهدر هكا وهو من بليدة<:juan:1150418197581922344>,2jz.o7#0,
"2024-08-13,19:59:17",2jz.o7,#0,Okk mra ljaya li n7wik nghslk,0_gf#0,
"2024-08-13,19:59:18",0_gf,#0,# كاين جامع كاين ربي حط داك التيليفون,,
"2024-08-13,19:59:20",0z.f,#0,يسمع اقوال الجوكر ويقولك حنوني<:juan:1150418197581922344>,,
"2024-08-13,19:59:40",0_gf,#0,<:tadcarlfachero36:1152016084430487552>,,
"2024-08-13,19:59:41",mk_diassss,#0,<@1142540508183416883> calmi ro7k yal ka7loch,2jz.o7#0,
"2024-08-13,19:59:41",2jz.o7,#0,Ro7 t3lm lplays win jayin yal 9ahwi,0z.f#0,
"2024-08-13,19:59:45",0_gf,#0,عمروا 13,,
"2024-08-13,19:59:48",0_gf,#0,shame,,
"2024-08-13,20:00:10",2jz.o7,#0,Hadi 5tk 9otlha 13 bach n9dr nmchi m3aha,0_gf#0,
"2024-08-13,20:00:18",0z.f,#0,شحال كيوت البليديين<:ahegao:1150410734057033738>,2jz.o7#0,
"2024-08-13,20:00:23",0_gf,#0,كعبة,2jz.o7#0,
"2024-08-13,20:00:24",0z.f,#0,سيغتو كي تضارب معاهم<:juan:1150418197581922344>,,
"2024-08-13,20:00:35",2jz.o7,#0,Madi9lkch tryg 3la zbi msba7,0z.f#0,
"2024-08-13,20:00:45",vem_3,#0,باك,,
"2024-08-13,20:00:51",vem_3,#0,روحو تصلو بيتشز,,
"2024-08-13,20:00:55",vem_3,#0,مزالكم هنا مضاربين,,
"2024-08-13,20:01:05",0z.f,#0,نريڤ على تاع يماك تالمون حلوة<:ahegao:1150410734057033738>,2jz.o7#0,
"2024-08-13,20:01:09",2jz.o7,#0,Ya 5o ana manich mn blida ila nta trma f mo5k 9oli bach nsa3fk,0z.f#0,
"2024-08-13,20:01:28",0z.f,#0,من تيسمسيلت<:juan:1150418197581922344>,2jz.o7#0,
"2024-08-13,20:01:38",0z.f,#0,الكهول تاعهم جايين شغل بسيط تاع سبونج بوب,,
"2024-08-13,20:01:38",2jz.o7,#0,Yak 9otli tji l bab el oud wnta mt3rfch win jaya,ak_miro#0,
"2024-08-13,20:02:09",2jz.o7,#0,Rani 9otlk ana mnin m7bitch tfhm atnak,ak_miro#0,
"2024-08-13,20:02:10",0z.f,#0,<@1142540508183416883> وين تسكن؟,2jz.o7#0,
"2024-08-13,20:02:25",2jz.o7,#0,Yaw alger f bab el oud ya za7,0z.f#0,
"2024-08-13,20:02:36",2jz.o7,#0,Ra7t ll cabarit tchof ymak win t5dm,ak_miro#0,
"2024-08-13,20:02:37",0z.f,#0,كيفاه<:juan:1150418197581922344>,2jz.o7#0,
"2024-08-13,20:02:43",vem_3,#0,ياخو مححسني نتا عايش فالمريخ ياك كامل عايشيين فالدزاير ومنيوكة علينا,ak_miro#0,
"2024-08-13,20:02:48",0z.f,#0,نتا من  باب الواد<:juan:1150418197581922344>,,
"2024-08-13,20:02:53",vem_3,#0,ماتطيحوش مقودين,,
"2024-08-13,20:02:57",0z.f,#0,نتا تاع براقي,,
"2024-08-13,20:02:59",0z.f,#0,كاليتوس,,
"2024-08-13,20:03:03",0z.f,#0,ماشي باب الواد,,
"2024-08-13,20:03:06",0z.f,#0,راهي كبيرة عليك<:juan:1150418197581922344>,,
"2024-08-13,20:03:10",2jz.o7,#0,Hado rjal 3lik ya chkp,0z.f#0,
"2024-08-13,20:03:25",mk_diassss,#0,يدكم فيه بيس,,
"2024-08-13,20:03:31",2jz.o7,#0,Sr9ok nta mala,ak_miro#0,
"2024-08-13,20:03:33",0z.f,#0,Mtmnikch<:juan:1150418197581922344>,2jz.o7#0,
"2024-08-13,20:03:49",2jz.o7,#0,Ya 5o ad5l l alger wro7 lkol plasa wchof kifah,0z.f#0,
"2024-08-13,20:03:59",midnightakram.,#0,يا خو انا اكتشفت بلي أكثر ناس يتفرجو gay porn هما عين تموشنت مش بليدة <:knuckles:958323144890916925>,ak_miro#0,
"2024-08-13,20:04:13",0_gf,#0,ريحة التمنقيش لي فل صورة,,https://cdn.discordapp.com/attachments/1227367017661595708/1272994135573401611/image.png?ex=672db7ed&is=672c666d&hm=d2df35ca2d55411ad37bd2c168e733b439b24afb7b6e1279d6017cbd45fddaa5&
"2024-08-13,20:04:19",2jz.o7,#0,Mkach wa7d mal9ach wch yhdr ktr mnk wch d5l sri9a f bab el oud hna nta 9olk,ak_miro#0,
"2024-08-13,20:04:37",2jz.o7,#0,Rak mli7 ki 7lbtk ga3 haka,0_gf#0,
"2024-08-13,20:04:57",0_gf,#0,# راك مليح منين تريح ؟,2jz.o7#0,
"2024-08-13,20:04:57",0z.f,#0,راه حاس روحو طاغي علينا<:juan:1150418197581922344>,0_gf#0,
"2024-08-13,20:04:58",2jz.o7,#0,Nbol 3la mok mazal flil hada win lmghrb,ak_miro#0,
"2024-08-13,20:05:12",2jz.o7,#0,Ih chof nta li 3rdanlk t9ba,0_gf#0,
"2024-08-13,20:05:13",0_gf,#0,كون يطغى على ختوا يكون مليح,0z.f#0,
"2024-08-13,20:05:15",midnightakram.,#0,<:knuckles:958323144890916925>,,
"2024-08-13,20:05:31",0z.f,#0,نتا ماماك مزالها تقولك روح تبول قبل ما ترقد<:juan:1150418197581922344>,2jz.o7#0,
"2024-08-13,20:05:37",2jz.o7,#0,Hada bach tfhm nta,ak_miro#0,
"2024-08-13,20:05:44",0_gf,#0,ذا هو قدام الشوابين,,https://cdn.discordapp.com/attachments/1227367017661595708/1272994517519175690/speed-3.gif?ex=672db848&is=672c66c8&hm=64699a95b80b51b7fe961973d3eb4568d12b50324313823a32f5c6c81222f320&
"2024-08-13,20:05:52",0z.f,#0,ايا وليدو راك طولت وقت الرقاد متنساش تروح تبول,2jz.o7#0,
"2024-08-13,20:06:20",2jz.o7,#0,Samy skot 3lina asm cute bzf,0z.f#0,
"2024-08-13,20:06:23",themask0239,#0,<@1180425486720041032>,0_gf#0,https://cdn.discordapp.com/attachments/1227367017661595708/1272994681864851539/Video.Guru_20240813_183331117.mp4?ex=672db86f&is=672c66ef&hm=50600ea0338ef7064f6438ef169edc567691ec98693e1e091f72a0476009543e&
"2024-08-13,20:06:42",0_gf,#0,<@1142540508183416883> 7ashara mot,2jz.o7#0,https://cdn.discordapp.com/attachments/1227367017661595708/1272994761531326535/VID_37011230_123457_795.mp4?ex=672db882&is=672c6702&hm=ea6aba89caa6eeee6e3d4c0e89a84c65113770743f7dd618d027567f73c8ad31&
"2024-08-13,20:06:44",2jz.o7,#0,Asmk samy wthdr 3ib 3lik,,
"2024-08-13,20:06:58",2jz.o7,#0,Charmota askti,0_gf#0,
"2024-08-13,20:07:03",themask0239,#0,<@1158860326289297458>,ak_miro#0,https://cdn.discordapp.com/attachments/1227367017661595708/1272994851583164457/Video.Guru_20240813_183502829.mp4?ex=672db897&is=672c6717&hm=d0bbf880375681d313f4df461249111438387f75ea8022402f8675697c8a8b3a&
"2024-08-13,20:07:28",0_gf,#0,ذا هو لي داه للغابة,ak_miro#0,https://cdn.discordapp.com/attachments/1227367017661595708/1272994955467558992/d038a314aecea238c71dac2032d6a821.png?ex=672db8b0&is=672c6730&hm=bdd1aa423e166b048854897e0405fb6b7ef54762fcbf244944afb5b1424764ae&
"2024-08-13,20:07:29",0z.f,#0,واش اسمك نتا؟,2jz.o7#0,
"2024-08-13,20:07:32",0_gf,#0,ولا ذا هو شيكور يماه,,
"2024-08-13,20:07:32",themask0239,#0,<@1142540508183416883> زنجوري وش حالة,2jz.o7#0,
"2024-08-13,20:07:35",2jz.o7,#0,Ih ya 5o ana ndiro l tmnyik hada dayrli soldirr boy wnta 9lwa bou,ak_miro#0,
"2024-08-13,20:07:38",0_gf,#0,لابيها خرج كحل,,
"2024-08-13,20:07:42",2jz.o7,#0,Rani dayr 1v4,themask0239#0,
"2024-08-13,20:07:45",0z.f,#0,راهي مريحة قدامي واحد اسبانيولية زلة<:ahegao:1150410734057033738>,,
"2024-08-13,20:07:48",0z.f,#0,صورتها,,
"2024-08-13,20:08:02",0z.f,#0,زنجي<:juan:1150418197581922344>,ak_miro#0,
"2024-08-13,20:08:06",0_gf,#0,<@1158860326289297458> حنا نفوتوا بيه الوقت وهو يقلك 1v4,ak_miro#0、2jz.o7#0,
"2024-08-13,20:08:06",themask0239,#0,😳 واو,2jz.o7#0,
"2024-08-13,20:08:07",2jz.o7,#0,Swt mok ana 5ok mn ymak,ak_miro#0,
"2024-08-13,20:08:11",ycncorleone,#0,صورهالنا,0z.f#0,
"2024-08-13,20:08:18",midnightakram.,#0,واش دار ؟ علاه ڨلبتو عليه ؟ <:knuckles:958323144890916925>,ak_miro#0,
"2024-08-13,20:08:19",0z.f,#0,بريفي,ycncorleone#0,
"2024-08-13,20:08:24",2jz.o7,#0,Ya 5o ana li rani njwz lwa9t,0_gf#0,
"2024-08-13,20:08:27",0_gf,#0,خخخخ,,
"2024-08-13,20:08:41",2jz.o7,#0,3ndi ch7al md5ltch l discord ga3,,
"2024-08-13,20:08:53",2jz.o7,#0,Rani nchof fik kol yom t3ti w7dk,,
"2024-08-13,20:09:07",0z.f,#0,ارواح بريفي نبعثلك حاجة,0_gf#0,
"2024-08-13,20:09:11",vem_3,#0,خطيك,2jz.o7#0,
"2024-08-13,20:09:15",2jz.o7,#0,Yfwt lwa9t whowa ysna fiya f chill wyb3t les vocal,ak_miro#0,
"2024-08-13,20:09:16",0_gf,#0,# خدمت وفريت صوالحي ولاخر دار الحديد وكمل نتا لي ترمتك ولات مسطحة كقر من صدر ختك بسبت القعاد,2jz.o7#0,
"2024-08-13,20:09:40",0_gf,#0,لا لا حرام عليك,ak_miro#0,
"2024-08-13,20:09:41",2jz.o7,#0,Rani 9otlk 9a3d nfwt lwa9t 3la biha d5lt lyoma l serveur,0_gf#0,
"2024-08-13,20:09:52",0_gf,#0,سورفور,2jz.o7#0,
"2024-08-13,20:09:57",0_gf,#0,كحلوش يهدر فرونسي,,
"2024-08-13,20:10:00",0_gf,#0,فرويتي,,
"2024-08-13,20:10:28",2jz.o7,#0,Ki tbdl pfp ahdr 3la l frwiti wtmn9icv,0_gf#0,
"2024-08-13,20:10:38",0_gf,#0,حاكملي غير ال pfp,2jz.o7#0,
"2024-08-13,20:10:41",0z.f,#0,بعثتلك فيديو فالبريفي<:ahegao:1150410734057033738>,0_gf#0,
"2024-08-13,20:10:51",0z.f,#0,متتوسىسش<:juan:1150418197581922344>,,
"2024-08-13,20:10:54",2jz.o7,#0,Nta rak 7akm 3l l asm,0_gf#0,
"2024-08-13,20:11:13",vem_3,#0,"وليت قحجة🗿 
بدل الاسم راك اهانة لسكورب",0z.f#0,
"2024-08-13,20:11:29",2jz.o7,#0,Ya zbi lokan ndrb 3lik tla nta lwl li nl9ak k7al,,
"2024-08-13,20:11:33",lilmusta33,#0,.,,
"2024-08-13,20:11:51",vem_3,#0,نياك ايزن,lilmusta33#0,
"2024-08-13,20:11:52",2jz.o7,#0,Ya sbi 7sblk k7al f sa7 😂 mskin ydir 3la discord ki ychof nas,,
"2024-08-13,20:12:04",lilmusta33,#0,Ah,vem_3#0,
"2024-08-13,20:12:05",0z.f,#0,ياخو واحد الزلة راهي قدامي<:ahegao:1150410734057033738>,vem_3#0,
"2024-08-13,20:12:25",2jz.o7,#0,Asm3 aizen howa li 5rj yak,vem_3#0,
"2024-08-13,20:12:25",vem_3,#0,والو🗿,lilmusta33#0,
"2024-08-13,20:12:30",0_gf,#0,احححح ابيض,0z.f#0,
"2024-08-13,20:12:30",vem_3,#0,idk,2jz.o7#0,
"2024-08-13,20:12:41",2jz.o7,#0,Kan yd5l omb3d mabanch ga3,vem_3#0,
"2024-08-13,20:12:42",m7_.n8,#0,,,https://cdn.discordapp.com/attachments/1227367017661595708/1272996273481584801/IMG_20240309_145304_357.jpg?ex=672db9ea&is=672c686a&hm=bc54570c0ab8476cf59796b5941e2f12d506f40ee5ca2a047f8b455e59b86af0&
"2024-08-13,20:12:44",0z.f,#0,لابسة تنورة<:Dead_inside:1150410964659863592>,0_gf#0,
"2024-08-13,20:12:45",vem_3,#0,<:way61:1152013922229043310>,0z.f#0,
"2024-08-13,20:12:46",0_gf,#0,prv,ak_miro#0,
"2024-08-13,20:12:55",vem_3,#0,يتناك,2jz.o7#0,
"2024-08-13,20:12:57",2jz.o7,#0,Chi5 jerry,m7_.n8#0,
"2024-08-13,20:13:10",2jz.o7,#0,Kayn mok fih y3jbk,ak_miro#0,
"2024-08-13,20:13:16",2jz.o7,#0,Athla,ak_miro#0,
"2024-08-13,20:13:40",m7_.n8,#0,خخخ عندو قرن ملي خرج,2jz.o7#0,
"2024-08-13,20:13:44",0z.f,#0,<@1180425486720041032> يادرا<:juan:1150418197581922344>,0_gf#0,
"2024-08-13,20:13:52",2jz.o7,#0,Ok ok ro7 try7 ndirlk pause wj3atk d3wa,ak_miro#0,
"2024-08-13,20:13:54",0_gf,#0,قوة,0z.f#0,
"2024-08-13,20:14:09",0z.f,#0,تنورة<:ahegao:1150410734057033738>,0_gf#0,
"2024-08-13,20:14:24",2jz.o7,#0,Ya 5o wchbih lmznjr ta3 mask wl profil hadak,m7_.n8#0,
"2024-08-13,20:14:28",2jz.o7,#0,9ali nta 9otlo dirha,,
"2024-08-13,20:14:53",m7_.n8,#0,اي واحد يكون داعشي يولي فيمبوي,2jz.o7#0,
"2024-08-13,20:15:44",2jz.o7,#0,Nta 7mar,ak_miro#0,
"2024-08-13,20:15:56",2jz.o7,#0,Wlh madrt  walo,ak_miro#0,
"2024-08-13,20:15:59",2jz.o7,#0,Bs7 ro7 brk,,
"2024-08-13,20:16:02",0_gf,#0,ملقيت وش تقول,2jz.o7#0,
"2024-08-13,20:16:04",0_gf,#0,قالوا حمار,,
"2024-08-13,20:16:07",0_gf,#0,بيهم يزح,,
"2024-08-13,20:16:10",0_gf,#0,قتل روحك,,
"2024-08-13,20:16:16",m7_.n8,#0,,2jz.o7#0,https://cdn.discordapp.com/attachments/1227367017661595708/1272997169191845949/Screenshot_2024-07-14-23-57-24-74.jpg?ex=672dbac0&is=672c6940&hm=f98e474d429cf823b554fb3abd04baa5a2a1c4447da439e86f409b178b130933&
"2024-08-13,20:16:29",2jz.o7,#0,M9owt d3chiya yt7wl,m7_.n8#0,
"2024-08-13,20:16:35",0z.f,#0,علاه خيرت لجوني هذيك التصويرة<:juan:1150418197581922344>,m7_.n8#0,
"2024-08-13,20:17:00",2jz.o7,#0,Bs7 9ali nta 9otlo dirha challenge,m7_.n8#0,
"2024-08-13,20:17:11",m7_.n8,#0,النق ش ميحكمش فمو خلاص🗿,0z.f#0,
"2024-08-13,20:17:28",0z.f,#0,<@1180425486720041032> جات واحدة قدامي لابسة روبة ميني<:Dead_inside:1150410964659863592>,0_gf#0,
"2024-08-13,20:17:39",m7_.n8,#0,يكذب,2jz.o7#0,
"2024-08-13,20:17:47",0_gf,#0,انا كاين علبالك شكون ؟,0z.f#0,
"2024-08-13,20:17:47",0z.f,#0,شفت تاعك قارنتها بتاعو لقيتها تشبه<:juan:1150418197581922344>,m7_.n8#0,
"2024-08-13,20:17:49",m7_.n8,#0,تصرا,2jz.o7#0,
"2024-08-13,20:18:06",0z.f,#0,زنجيرو<:juan:1150418197581922344>,0_gf#0,
"2024-08-13,20:18:14",m7_.n8,#0,<@1185181827833532547>,0z.f#0、vem_3#0,https://cdn.discordapp.com/attachments/1227367017661595708/1272997664736284692/image0.gif?ex=672dbb36&is=672c69b6&hm=e8e14fc076ec187d8937139bb1c6736ba8bff92c91962354a2504b780eec6b5a&
"2024-08-13,20:18:14",2jz.o7,#0,M3lih nhdr m3ah ytsgm,m7_.n8#0,
"2024-08-13,20:18:28",0_gf,#0,لا لا ختو,0z.f#0,
"2024-08-13,20:18:39",m7_.n8,#0,يتناك,2jz.o7#0,
"2024-08-13,20:18:48",vem_3,#0,نمي هو سقساني واش ندير,m7_.n8#0,
"2024-08-13,20:18:51",vem_3,#0,انا لا اكذب,,
"2024-08-13,20:18:59",vem_3,#0,ديجا نتا جيت تهدر,,
"2024-08-13,20:19:26",m7_.n8,#0,🗿,vem_3#0,
"2024-08-13,20:19:33",m7_.n8,#0,وتف,vem_3#0,
"2024-08-13,20:19:39",2jz.o7,#0,U Still sucking my dick poor bitch,0_gf#0,
"2024-08-13,20:19:56",vem_3,#0,قصدي جيت لهذا السيرفر تهدر,m7_.n8#0,
"2024-08-13,20:19:57",vem_3,#0,المهم,,
"2024-08-13,20:19:57",0_gf,#0,you speak eng now ?,2jz.o7#0,
"2024-08-13,20:20:02",2jz.o7,#0,Rako dayrin 7amla ta3 ta7awol l fem boy,vem_3#0,
"2024-08-13,20:20:02",0_gf,#0,serveur خخخ,,
"2024-08-13,20:20:05",0_gf,#0,lmoa,,
"2024-08-13,20:20:09",m7_.n8,#0,وش دخل,vem_3#0,
"2024-08-13,20:20:22",vem_3,#0,لما جيت شافو الفوطو اياها الغبي,m7_.n8#0,
"2024-08-13,20:20:24",2jz.o7,#0,Lokan o moin ghalta lbobo yd7k 3la 7aja s7i7a ya 5i na9s,0_gf#0,
"2024-08-13,20:20:24",0.xk,#0,yaaaa,,
"2024-08-13,20:20:40",2jz.o7,#0,Nhdrlk bach t7b ya nigger,0_gf#0,
"2024-08-13,20:20:53",m7_.n8,#0,,vem_3#0,https://cdn.discordapp.com/attachments/1227367017661595708/1272998330603016303/image0.gif?ex=672dbbd5&is=672c6a55&hm=5643a156d3dd8b0c11dd92c1e1ff4528a292e48ecb661292c9ac03998fa24a9f&
"2024-08-13,20:21:01",vem_3,#0,باش نطيحو الفيمبويز كرهنا مالنساء<:way61:1152013922229043310>,2jz.o7#0,
"2024-08-13,20:21:03",0_gf,#0,نهدر بلغت الجسم اتعرى و ارواح نعطيك حليب,2jz.o7#0,
"2024-08-13,20:21:04",0z.f,#0,<@1180425486720041032> راني بعثتلك مولات الميني<:juan:1150418197581922344>,0_gf#0,
"2024-08-13,20:21:24",2jz.o7,#0,7lib ziza n7bo ntnak 3lih a3sr chwiya wmdli,0_gf#0,
"2024-08-13,20:21:29",vem_3,#0,ما نقدرش نبعث فوطو يا نمي<:emoji_84:1188620191576367134>,m7_.n8#0,
"2024-08-13,20:21:34",0z.f,#0,مولات التنورة ولا الميني<:juan:1150418197581922344>,ak_miro#0,
"2024-08-13,20:21:37",0z.f,#0,صورتهم لزوج,,
"2024-08-13,20:21:45",0_gf,#0,احححح,0z.f#0,
"2024-08-13,20:21:55",2jz.o7,#0,Tchri 5$ google play <:tadcarlfachero36:1152016084430487552>,m7_.n8#0,
"2024-08-13,20:22:02",m7_.n8,#0,ليوم نقتل الادمن,vem_3#0,https://cdn.discordapp.com/attachments/1227367017661595708/1272998622358802452/image0.gif?ex=672dbc1a&is=672c6a9a&hm=a318583b167e53112abe3cfb4e9e5cdb4d542430d382939be6185b29405d647b&
"2024-08-13,20:22:05",0_gf,#0,ايه ارواح تدي من عندي الزيز مدامك رايح مص,2jz.o7#0,
"2024-08-13,20:22:16",0_gf,#0,بسك نتا عبد,vem_3#0,
"2024-08-13,20:22:49",hiiloo8044,#0,<@1180425486720041032> أريد أن أنكحك يا صديقي,0_gf#0,
"2024-08-13,20:22:52",m7_.n8,#0,نديها بلاش🥰,2jz.o7#0,
"2024-08-13,20:22:59",vem_3,#0,نمي لما كنت انا هنا نتا كنت تقول لماماك راني كملت,0_gf#0,
"2024-08-13,20:23:03",2jz.o7,#0,T5lsni b tramk ??,m7_.n8#0,
"2024-08-13,20:23:10",midnightakram.,#0,<:knuckles:958323144890916925>,hiiloo8044#0,
"2024-08-13,20:23:12",vem_3,#0,نييكو,m7_.n8#0,
"2024-08-13,20:23:13",m7_.n8,#0,يخلصك انس,2jz.o7#0,
"2024-08-13,20:23:16",0_gf,#0,ارواح بريفي نرسلولك,hiiloo8044#0,
"2024-08-13,20:23:21",vem_3,#0,خخخ,hiiloo8044#0,
"2024-08-13,20:23:26",0z.f,#0,نديرها نديرها<:juan:1150418197581922344>,0_gf#0,
"2024-08-13,20:23:30",2jz.o7,#0,Li yji ydirk tmnyika,0_gf#0,
"2024-08-13,20:23:36",vem_3,#0,مص,m7_.n8#0,
"2024-08-13,20:23:44",2jz.o7,#0,Chkon pookie ?,m7_.n8#0,
"2024-08-13,20:23:54",m3d.com,#0,"وسع وسع شكون جا ؟
لي حواك <:pololo:1033856467893231636>",,
"2024-08-13,20:24:07",0_gf,#0,الرخيص ل رخيص,ak_miro#0,
"2024-08-13,20:24:08",0_gf,#0,خخخ,,
"2024-08-13,20:24:21",2jz.o7,#0,Mad5lch ro7k brk t9dr tro7,ak_miro#0,
"2024-08-13,20:24:30",m3d.com,#0,<a:HY_Amongus_twerk:1168923680429051934>,,
"2024-08-13,20:24:39",midnightakram.,#0,خوتي وش نحوس في Google trends ? <:co6aka:1150410498987274310>,,
"2024-08-13,20:24:52",midnightakram.,#0,أعطوني افكار,,
"2024-08-13,20:25:01",m7_.n8,#0,<@1185181827833532547>,2jz.o7#0、vem_3#0,
"2024-08-13,20:25:02",vem_3,#0,اذا راك عليا اطلع اقرا الفوق برك واذا ماكش عليا ستيل نييكك ريح عاقل,ak_miro#0,
"2024-08-13,20:25:16",midnightakram.,#0,<:sus:1166818524199661678>,m3d.com#0,
"2024-08-13,20:25:22",vem_3,#0,<:way61:1152013922229043310>,m7_.n8#0,
"2024-08-13,20:25:41",2jz.o7,#0,Wlh m9wdna 3la balk tdiro hoova yrb7 tn7ih hoova y5sr,ak_miro#0,
"2024-08-13,20:25:55",m3d.com,#0,"حوتة جات ترقد وش قالولها؟
|| تسبحين على خير || <:uncannycat:1152013915954352148>",,
"2024-08-13,20:25:58",vem_3,#0,يب النييك صعيب و نتي ما تحمليش,ak_miro#0,
"2024-08-13,20:26:02",vem_3,#0,المهم,,
"2024-08-13,20:26:26",midnightakram.,#0,<:yalcringe_AGK:884851953933365259>,m3d.com#0,
"2024-08-13,20:26:37",m7_.n8,#0,ركب جملة مفيدة,ak_miro#0,
"2024-08-13,20:26:49",m3d.com,#0,,midnightakram.#0,
"2024-08-13,20:26:52",0z.f,#0,لا يالعباس كرنج<:Dead_inside:1150410964659863592>,m3d.com#0,
"2024-08-13,20:27:10",a7_b.,#0,درت كونت نحكم فيه لي بيدو,,
"2024-08-13,20:27:12",a7_b.,#0,ضك نبدا بهوفا,,
"2024-08-13,20:27:17",vem_3,#0,عشوائي خطيك منو,m7_.n8#0,
"2024-08-13,20:27:30",midnightakram.,#0,<:co6aka:1150410498987274310>,a7_b.#0,
"2024-08-13,20:27:41",vem_3,#0,كاش فيمبويز؟,,
"2024-08-13,20:27:45",vem_3,#0,<:way61:1152013922229043310>,,
"2024-08-13,20:27:48",vem_3,#0,ولا مومي,,
"2024-08-13,20:27:52",m7_.n8,#0,<@1185181827833532547>,vem_3#0,
"2024-08-13,20:27:56",2jz.o7,#0,<@1158860326289297458>,,
"2024-08-13,20:27:57",jordyy.a3ttt,#0,<@1180425486720041032>,0_gf#0、vem_3#0,
"2024-08-13,20:28:02",vem_3,#0,راك غلطت فالمنشن,m7_.n8#0,
"2024-08-13,20:28:03",0z.f,#0,كاين ختك بالمعجون<:Dead_inside:1150410964659863592>,vem_3#0,
"2024-08-13,20:28:09",m7_.n8,#0,نن,vem_3#0,
"2024-08-13,20:28:09",vem_3,#0,كحلة,jordyy.a3ttt#0,
"2024-08-13,20:28:12",2jz.o7,#0,Zid 7wih,jordyy.a3ttt#0,
"2024-08-13,20:28:13",0z.f,#0,7tchoun bel m3joun<:Dead_inside:1150410964659863592>,,
"2024-08-13,20:28:17",vem_3,#0,sad,m7_.n8#0,
"2024-08-13,20:28:20",0_gf,#0,,jordyy.a3ttt#0,https://cdn.discordapp.com/attachments/1227367017661595708/1273000204760645753/abbe58134030a876.mp4?ex=672dbd94&is=672c6c14&hm=0ec5a0b1ae79d5adb5e44baf35b310417be4ad7740fdd3c0c7674a2a4ec47422&
"2024-08-13,20:28:30",m3d.com,#0,الفيم بويز بداو يطغو ولاو يلعبو فالورنت و يديرو تطقيم مع لبنات,,
"2024-08-13,20:28:34",midnightakram.,#0,الولايات الجزائرية ليتفرجو فيها femboy pron <:juan:1150418197581922344>,vem_3#0,https://cdn.discordapp.com/attachments/1227367017661595708/1273000265548693629/Screenshot_2024-08-13-16-27-02-66_40deb401b9ffe8e1df2f1cc5ba480b12.jpg?ex=672dbda2&is=672c6c22&hm=44da6d60a0bf6e6cd7029bb817e846b2f850b729694083445cf37865368795a1&
"2024-08-13,20:28:35",0z.f,#0,Biggie yaah<:Dead_inside:1150410964659863592>,0_gf#0,
"2024-08-13,20:28:39",m7_.n8,#0,امزح نتا راجل,vem_3#0,
"2024-08-13,20:28:40",jordyy.a3ttt,#0,Khawti,,
"2024-08-13,20:28:43",vem_3,#0,ماعنديش هات المعجون برك,0z.f#0,
"2024-08-13,20:28:46",jordyy.a3ttt,#0,Lmadamat twro,,
"2024-08-13,20:28:55",jordyy.a3ttt,#0,Rahm yraijiwli B 😭,,
"2024-08-13,20:28:55",vem_3,#0,ik,m7_.n8#0,
"2024-08-13,20:28:59",2jz.o7,#0,Ya r7mk ghir li naykthom s5ana,midnightakram.#0,
"2024-08-13,20:29:00",m3d.com,#0,زحححح بلعباس <:Dead_inside:1150410964659863592>,midnightakram.#0,
"2024-08-13,20:29:06",jordyy.a3ttt,#0,Wch m3ntha,,
"2024-08-13,20:29:17",jordyy.a3ttt,#0,3awno zbi,,
"2024-08-13,20:29:34",2jz.o7,#0,Rahi td7k wkant f moment mrnk,jordyy.a3ttt#0,
"2024-08-13,20:29:34",vem_3,#0,وتفك عين دفلى 5 + وين راهي البليدة,midnightakram.#0,
"2024-08-13,20:29:36",jordyy.a3ttt,#0,Rahm yd7ko wla ybko wla yw7w7o,,
"2024-08-13,20:29:41",0z.f,#0,"ديرو على تاعك باه تجي 
7tchoun bel m3joun
<:juan:1150418197581922344>",vem_3#0,
"2024-08-13,20:29:42",a7_b.,#0,<@1214967653370691624>ضيفني لا نفك,jordyy.a3ttt#0,
"2024-08-13,20:29:53",a7_b.,#0,ariana.101z,,
"2024-08-13,20:29:56",m3d.com,#0,بليدة متفروش فيمبوي بورن يتفرجو ماكتر,,
"2024-08-13,20:29:56",vem_3,#0,خخخخ,0z.f#0,
"2024-08-13,20:29:57",m3d.com,#0,قدوتهم اميقو,,
"2024-08-13,20:29:59",m3d.com,#0,<:uncannycat:1152013915954352148>,,
"2024-08-13,20:30:04",0_gf,#0,@ak_miro,,
"2024-08-13,20:30:07",0_gf,#0,<:bruhcat2:984935431328116747>,,
"2024-08-13,20:30:09",0_gf,#0,خرج,,
"2024-08-13,20:30:13",jordyy.a3ttt,#0,Aww,2jz.o7#0,
"2024-08-13,20:30:14",2jz.o7,#0,T7wa ban,0_gf#0,
"2024-08-13,20:30:21",jordyy.a3ttt,#0,9ltha mzlni n7bk,,
"2024-08-13,20:30:22",0z.f,#0,تقولي اميڤو نقولك عندي الفيديو<:juan:1150418197581922344>,m3d.com#0,
"2024-08-13,20:30:27",0_gf,#0,صح شكيمتك كي خبرتني,2jz.o7#0,
"2024-08-13,20:30:29",jordyy.a3ttt,#0,Dartli 😭,,
"2024-08-13,20:30:34",jordyy.a3ttt,#0,Tnakt,,
"2024-08-13,20:30:34",m3d.com,#0,شكون متفرجوش خخخ,0z.f#0,
"2024-08-13,20:30:37",m3d.com,#0,,,
"2024-08-13,20:30:44",midnightakram.,#0,يا خو انا بفضل Google trends إكتشفت بلي تاع عين تموشنت gay كثر من بليدة <:uncannycat:1152013915954352148>,vem_3#0,
"2024-08-13,20:30:45",2jz.o7,#0,Rani n9olk brk bach mttnakch nta tan,0_gf#0,
"2024-08-13,20:30:48",0z.f,#0,<:ahegao:1150410734057033738>,m3d.com#0,
"2024-08-13,20:30:57",0z.f,#0,كي تضرب مع بليدي,,
"2024-08-13,20:31:00",a7_b.,#0,,jordyy.a3ttt#0,
"2024-08-13,20:31:00",vem_3,#0,صحا هات نييكك,midnightakram.#0,
"2024-08-13,20:31:00",0z.f,#0,شحال كيوت,,
"2024-08-13,20:31:02",0_gf,#0,<:tadcarlfachero36:1152016084430487552>  نتا وش ضرك,2jz.o7#0,
"2024-08-13,20:31:10",jordyy.a3ttt,#0,Wa7d lmadama 9ltlha mzlni n7bk reajatli b 😭,,
"2024-08-13,20:31:13",jordyy.a3ttt,#0,Fhmo zbi,,
"2024-08-13,20:31:17",0z.f,#0,يازح مزال متعبش,0_gf#0,
"2024-08-13,20:31:20",0z.f,#0,عمبالي راح<:juan:1150418197581922344>,,
"2024-08-13,20:31:21",jordyy.a3ttt,#0,Yaw nik,,
"2024-08-13,20:31:23",m3d.com,#0,"مره تضاربت مع بليدي هنا فديس 
بعتلي ترمتو بلا سبة <:uncannycat:1152013915954352148>",0z.f#0,
"2024-08-13,20:31:30",jordyy.a3ttt,#0,Ahah,m3d.com#0,
"2024-08-13,20:31:32",midnightakram.,#0,إمشي تعطي <:sh:1152016071147147319>,vem_3#0,
"2024-08-13,20:31:33",m3d.com,#0,بصح مخرجتش مش تاعو تع مدامتو<:uncannycat:1152013915954352148> <:uncannycat:1152013915954352148>,,
"2024-08-13,20:31:35",jordyy.a3ttt,#0,Ab3tlna nchofo,,
"2024-08-13,20:31:37",0z.f,#0,وقيل راني عرفتو<:juan:1150418197581922344>,m3d.com#0,
"2024-08-13,20:31:42",vem_3,#0,<:emoji_84:1188620191576367134>,midnightakram.#0,
"2024-08-13,20:31:51",m3d.com,#0,خلاص وقيل نحا ديسكورد درتلو عقدة شهرتو في سيرفرات,0z.f#0,
"2024-08-13,20:31:54",2jz.o7,#0,Wch ml bnat wlit ltram ta3 drari,jordyy.a3ttt#0,
"2024-08-13,20:32:04",a7_b.,#0,ابدا الvillan arc,jordyy.a3ttt#0,
"2024-08-13,20:32:06",jordyy.a3ttt,#0,😭😭😭,2jz.o7#0,
"2024-08-13,20:32:11",m7_.n8,#0,ميعرفكش<:picardiacrying2:1152016067649081394>,vem_3#0,
"2024-08-13,20:32:16",2jz.o7,#0,<:uncannycat:1152013915954352148>,jordyy.a3ttt#0,
"2024-08-13,20:32:22",jordyy.a3ttt,#0,Wchbik,2jz.o7#0,
"2024-08-13,20:32:25",yanabbbb,#0,مساء شر mother fuck,,
"2024-08-13,20:32:26",vem_3,#0,كان يعرفني يمدلي نييكو<:emoji_84:1188620191576367134>,m7_.n8#0,
"2024-08-13,20:32:31",2jz.o7,#0,Rak td7k wla tbki,jordyy.a3ttt#0,
"2024-08-13,20:32:39",jordyy.a3ttt,#0,Angel devil,vem_3#0,
"2024-08-13,20:32:50",vem_3,#0,<:emoji_84:1188620191576367134>,jordyy.a3ttt#0,
"2024-08-13,20:32:50",0z.f,#0,<@1030515269904367616>  ياخو شحال في عمرك<:Dead_inside:1150410964659863592>,m3d.com#0,
"2024-08-13,20:32:57",m3d.com,#0,مينور <:hmm:1144061148958826556>,0z.f#0,
"2024-08-13,20:32:58",0_gf,#0,,,https://cdn.discordapp.com/attachments/1227367017661595708/1273001373570564166/VID_37011230_123457_795.mp4?ex=672dbeaa&is=672c6d2a&hm=18e108b389513e59890b08d10bcb295aaa8dd9ee91f4876aac24853741147eac&
"2024-08-13,20:33:00",m3d.com,#0,16,,
"2024-08-13,20:33:06",0z.f,#0,وجهك كيوت<:ahegao:1150410734057033738>,m3d.com#0,
"2024-08-13,20:33:10",m7_.n8,#0,,vem_3#0,https://cdn.discordapp.com/attachments/1227367017661595708/1273001422035751045/image0.gif?ex=672dbeb6&is=672c6d36&hm=cfefda3fb827bb8c295c921f18f6f1ceb1aff27cc9f32bfa3684d4b4456df622&
"2024-08-13,20:33:12",jordyy.a3ttt,#0,Very cute,,
"2024-08-13,20:33:14",midnightakram.,#0,أنس هذا نتا ؟! <:knuckles:958323144890916925>,vem_3#0,
"2024-08-13,20:33:23",vem_3,#0,شكون انس,midnightakram.#0,
"2024-08-13,20:33:28",m3d.com,#0,لازم تفهم العقلية ندبرو طاطا <:hmm:1144061148958826556>,0z.f#0,
"2024-08-13,20:33:32",2jz.o7,#0,Ya wdi ga3 sghar li f serveyr kayn ghir ana jordy w flitox,m3d.com#0,
"2024-08-13,20:33:34",m3d.com,#0,ديجا بعتتلي وحدة في تيك,,
"2024-08-13,20:33:37",0z.f,#0,<@1113039134093746207> صاحبي واش راه يدير هنا<:juan:1150418197581922344>,mehdi.b6#0,
"2024-08-13,20:33:38",jordyy.a3ttt,#0,,,https://cdn.discordapp.com/attachments/1227367017661595708/1273001541372084295/Screenshot_2024-08-13-20-23-51-28_50ef9f5a0f3fc24b6f0ffc8843167fe4.jpg?ex=672dbed2&is=672c6d52&hm=b83fd5ad99cf760ed726cba2cc37704e7a2782e550d1d0099acf924a30898d8e&
"2024-08-13,20:33:41",jordyy.a3ttt,#0,Yes baby,,
"2024-08-13,20:33:43",vem_3,#0,تعال ابوس تيزك خاص,m7_.n8#0,
"2024-08-13,20:33:47",midnightakram.,#0,<:knuckles:958323144890916925>,vem_3#0,
"2024-08-13,20:33:54",2jz.o7,#0,3ndk xbox,jordyy.a3ttt#0,
"2024-08-13,20:33:58",jordyy.a3ttt,#0,No,2jz.o7#0,
"2024-08-13,20:33:58",m3d.com,#0,"العمر ميهمنيش بزاف 
كي وليت نلقا في عمرو 9 سنين و يكبس فتيك خلاص نسيت العمر<:uncannycat:1152013915954352148>",2jz.o7#0,
"2024-08-13,20:34:00",jordyy.a3ttt,#0,💔,,
"2024-08-13,20:34:05",m7_.n8,#0,تعال,vem_3#0,https://cdn.discordapp.com/attachments/1227367017661595708/1273001652982648894/image0.gif?ex=672dbeed&is=672c6d6d&hm=cb29e2daddc25754867230aefade03965ae3dcb730a6c29cbfa871d1cce27a0c&
"2024-08-13,20:34:21",vem_3,#0,لا خلاص مانبوسش<:tyler36:1152013906726899795>,m7_.n8#0,
"2024-08-13,20:34:29",2jz.o7,#0,Mala yes baby 3lah,jordyy.a3ttt#0,
"2024-08-13,20:34:29",yanabbbb,#0,ندمت,vem_3#0,
"2024-08-13,20:34:41",jordyy.a3ttt,#0,No baby,2jz.o7#0,
"2024-08-13,20:35:01",0z.f,#0,فكروني كيفاه نعرف لفل تاعي في السيرفر<:juan:1150418197581922344>,,
"2024-08-13,20:35:06",vem_3,#0,كان تاست برك,yanabbbb#0,
"2024-08-13,20:35:10",jordyy.a3ttt,#0,Nro7 nms bzazl wnji,,
"2024-08-13,20:35:13",2jz.o7,#0,Asm3 ro7 tvoti m3aya 9alk fla fac 7aywlo ymodo 2mlayn lchehar,jordyy.a3ttt#0,
"2024-08-13,20:35:15",vem_3,#0,دلي بلوجوب,0z.f#0,
"2024-08-13,20:35:28",jordyy.a3ttt,#0,Asm3 wch khyrt,2jz.o7#0,
"2024-08-13,20:35:28",m3d.com,#0,حاب نبعت تصاور ارا رول ميمر <:emoji_58:1246218762521411666>,,
"2024-08-13,20:35:29",midnightakram.,#0,شوف في البروفيل ديالك,0z.f#0,
"2024-08-13,20:35:35",jordyy.a3ttt,#0,St 😂😂😂😂😂😂😂😂,,
"2024-08-13,20:35:37",jordyy.a3ttt,#0,??,,
"2024-08-13,20:35:41",2jz.o7,#0,Informatic usthb,jordyy.a3ttt#0,
"2024-08-13,20:35:44",midnightakram.,#0,<:KEKYou:1150418200027201566>,m3d.com#0,
"2024-08-13,20:35:49",jordyy.a3ttt,#0,9iww,2jz.o7#0,
"2024-08-13,20:35:50",m7_.n8,#0,🗿,vem_3#0,
"2024-08-13,20:35:56",0z.f,#0,وشنوه الامر تاع البرو بوت,midnightakram.#0,
"2024-08-13,20:35:59",2jz.o7,#0,Nikmo marnai mntmnyk,jordyy.a3ttt#0,
"2024-08-13,20:36:02",jordyy.a3ttt,#0,Ch7al dit,2jz.o7#0,
"2024-08-13,20:36:06",jordyy.a3ttt,#0,10?,,
"2024-08-13,20:36:11",2jz.o7,#0,13 wlmath 5dmt,jordyy.a3ttt#0,
"2024-08-13,20:36:18",m3d.com,#0,# ادمن تكت <:mio:1211761206629502986>,,
"2024-08-13,20:36:24",m3d.com,#0,,,
"2024-08-13,20:36:24",2jz.o7,#0,7mar y9ra bach ndi 10,jordyy.a3ttt#0,
"2024-08-13,20:36:25",jordyy.a3ttt,#0,Yakho 3labalk bli mkch khdma fhad swal7,2jz.o7#0,
"2024-08-13,20:36:26",midnightakram.,#0,معلباليش <:Maroc:1071821714603905144>,0z.f#0,
"2024-08-13,20:36:37",jordyy.a3ttt,#0,Ro7 st,,
"2024-08-13,20:36:41",2jz.o7,#0,M9wd ntaa,jordyy.a3ttt#0,
"2024-08-13,20:36:51",2jz.o7,#0,Nkrha had l3fays,jordyy.a3ttt#0,
"2024-08-13,20:36:51",0z.f,#0,<@1214967653370691624> ريبوندي عليا في التكت<:uncannycat:1152013915954352148>,jordyy.a3ttt#0,
"2024-08-13,20:36:52",jordyy.a3ttt,#0,Azbi mni srx,2jz.o7#0,
"2024-08-13,20:37:01",m7_.n8,#0,<:NIGGA_omg:1150394296680329226>,,https://cdn.discordapp.com/attachments/1227367017661595708/1273002392912138412/Screenshot_2024-06-16-20-01-03-485_com.facebook.lite.png?ex=672dbf9d&is=672c6e1d&hm=2d2ccbe46cf99ca5a7d593637d2a21a04d160087015478f34b164ffda602010c&
"2024-08-13,20:37:10",2jz.o7,#0,Bs7 3la 7sab wch t5yr ts5sos,jordyy.a3ttt#0,
"2024-08-13,20:37:15",yanabbbb,#0,سبونج بوب نتا هو لادمين,jordyy.a3ttt#0,
"2024-08-13,20:37:18",midnightakram.,#0,<:juan:1150418197581922344>,m7_.n8#0,
"2024-08-13,20:37:19",2jz.o7,#0,Kayn bzf 3fys,,
"2024-08-13,20:37:23",jordyy.a3ttt,#0,Yakho deja informatique t9ra math ☠️☠️☠️,2jz.o7#0,
"2024-08-13,20:37:44",2jz.o7,#0,Machi bzf psq 9smoha mi t9smt,jordyy.a3ttt#0,
"2024-08-13,20:37:54",2jz.o7,#0,Math w7dha,,
"2024-08-13,20:37:57",jordyy.a3ttt,#0,Science kont ?,2jz.o7#0,
"2024-08-13,20:37:58",2jz.o7,#0,Info w7dha,,
"2024-08-13,20:38:04",2jz.o7,#0,Math elem ya 3tay,jordyy.a3ttt#0,
"2024-08-13,20:38:14",jordyy.a3ttt,#0,Ya zbooo,2jz.o7#0,
"2024-08-13,20:38:20",jordyy.a3ttt,#0,Mn9ch,,
"2024-08-13,20:38:28",2jz.o7,#0,3lah 😂,jordyy.a3ttt#0,
"2024-08-13,20:38:35",2jz.o7,#0,Math mo3amil 7,,
"2024-08-13,20:38:37",jordyy.a3ttt,#0,7sbtli scintifik,,
"2024-08-13,20:38:39",2jz.o7,#0,Tl3t biha,,
"2024-08-13,20:38:40",jordyy.a3ttt,#0,💔,,
"2024-08-13,20:38:45",jordyy.a3ttt,#0,Kima wa7d mongol,,
"2024-08-13,20:38:54",m3d.com,#0,ادمن فاشل ميردش تكت<:emoji_58:1246218762521411666>,,
"2024-08-13,20:39:04",2jz.o7,#0,Nt3cha wnkml ngsro,jordyy.a3ttt#0,
"2024-08-13,20:39:07",0z.f,#0,علاه اسمه العريان<:Dead_inside:1150410964659863592>,m3d.com#0,
"2024-08-13,20:39:16",jordyy.a3ttt,#0,Rani congé,m3d.com#0,
"2024-08-13,20:39:30",m7_.n8,#0,<:juan:1150418197581922344>,0z.f#0,
"2024-08-13,20:39:33",jordyy.a3ttt,#0,Hoova marahch ykhls fiya,,
"2024-08-13,20:39:34",0z.f,#0,مدلي رتبة ميمر<:Dead_inside:1150410964659863592>,jordyy.a3ttt#0,
"2024-08-13,20:39:38",0z.f,#0,قالولي باطل<:juan:1150418197581922344>,,
"2024-08-13,20:39:45",jordyy.a3ttt,#0,3 snin bla makhlsni no9ch,,
"2024-08-13,20:39:52",jordyy.a3ttt,#0,💔,,
"2024-08-13,20:39:57",m3d.com,#0,البس قشك لعزيز و نوض تخدم<:hmm:1144061148958826556>,jordyy.a3ttt#0,
"2024-08-13,20:40:03",0_gf,#0,,,https://cdn.discordapp.com/attachments/1227367017661595708/1273003153310355497/meme.gif?ex=672dc053&is=672c6ed3&hm=cd1fb14b2081bdcdb79c17d14306721e593f7d40c3bbffb8f60ced188d37212e&
"2024-08-13,20:40:08",midnightakram.,#0,يخلصوك باش تكون أدمين <:702623479245307944:1150411530660237343>,jordyy.a3ttt#0,
"2024-08-13,20:40:13",jordyy.a3ttt,#0,Yes,midnightakram.#0,
"2024-08-13,20:40:19",jordyy.a3ttt,#0,5$ week,,
"2024-08-13,20:40:24",m3d.com,#0,<:hmm:1144061148958826556> <:hmm:1144061148958826556>,,
"2024-08-13,20:40:25",jordyy.a3ttt,#0,Sik ki n7sboha,,
"2024-08-13,20:40:28",jordyy.a3ttt,#0,Tji,,
"2024-08-13,20:40:30",0z.f,#0,نتا كي تروح تخدم علاه راك تخدم؟,midnightakram.#0,
"2024-08-13,20:40:37",vem_3,#0,dreams,jordyy.a3ttt#0,
"2024-08-13,20:40:55",jordyy.a3ttt,#0,Tji 510$,,
"2024-08-13,20:41:01",0z.f,#0,<@1214967653370691624> مدلي رتبة ميمر<:Dead_inside:1150410964659863592>,jordyy.a3ttt#0,
"2024-08-13,20:41:02",m7_.n8,#0,,,https://cdn.discordapp.com/attachments/1227367017661595708/1273003404360417310/image0.gif?ex=672dc08e&is=672c6f0e&hm=c22cf9e2bd860be10dfb05e8d8d354a792f375463c7031ccff8673fdba5f779f&
"2024-08-13,20:41:04",jordyy.a3ttt,#0,Mdhmli ga3 steam gift card,,
"2024-08-13,20:41:11",m3d.com,#0,نفتح فو كونت نقولك اني حامل<:uncannycat:1152013915954352148>,jordyy.a3ttt#0,
"2024-08-13,20:41:17",0z.f,#0,بديت نحس بلي نتا جوني<:juan:1150418197581922344>,m7_.n8#0,
"2024-08-13,20:41:17",vem_3,#0,<:tadcarlfachero36:1152016084430487552>,m7_.n8#0,
"2024-08-13,20:41:19",midnightakram.,#0,تدي القلاوي <:knuckles:958323144890916925>,0z.f#0,
"2024-08-13,20:41:30",0z.f,#0,قالولي مجانية<:uncannycat:1152013915954352148>,midnightakram.#0,
"2024-08-13,20:41:34",jordyy.a3ttt,#0,طيحي البيبي,m3d.com#0,
"2024-08-13,20:41:36",0_gf,#0,smash,m7_.n8#0,
"2024-08-13,20:41:36",0z.f,#0,نحب انا,,
"2024-08-13,20:41:38",0z.f,#0,المجاني,,
"2024-08-13,20:41:51",jordyy.a3ttt,#0,Ayo,0_gf#0,
"2024-08-13,20:42:03",jordyy.a3ttt,#0,Smoke,,
"2024-08-13,20:42:10",jordyy.a3ttt,#0,3ndk c. P ?,,
"2024-08-13,20:42:20",0_gf,#0,نميييي,,https://cdn.discordapp.com/attachments/1227367017661595708/1273003730941513859/image.png?ex=672dc0dc&is=672c6f5c&hm=652965d6795f7c0ce9935cfd8aba47a2afb76a707b1df4c4cc0066ec94ae5de8&
"2024-08-13,20:42:31",0_gf,#0,قصدك ccp ?,jordyy.a3ttt#0,
"2024-08-13,20:42:36",jordyy.a3ttt,#0,Lala,0_gf#0,
"2024-08-13,20:42:38",jordyy.a3ttt,#0,C,,
"2024-08-13,20:42:39",jordyy.a3ttt,#0,P,,
"2024-08-13,20:42:47",0_gf,#0,yf is that,,
"2024-08-13,20:42:50",0_gf,#0,tf,,
"2024-08-13,20:43:15",midnightakram.,#0,<:PepePoint74:1152016056244781086>,,https://cdn.discordapp.com/attachments/1227367017661595708/1273003962412302386/Screenshot_2024-08-03-21-26-20-35_f9ee0578fe1cc94de7482bd41accb329.jpg?ex=672dc113&is=672c6f93&hm=1e7b0b958de1e915b6a6671c67d300fa9c396b64215370eee4ebb6c0bd94c8b9&
"2024-08-13,20:43:17",m7_.n8,#0,,,https://cdn.discordapp.com/attachments/1227367017661595708/1273003970130083911/image0.gif?ex=672dc115&is=672c6f95&hm=d161cd1c58372cd05afb7f442108dba2caca3d62728e9433e16e5c5d2c109f7e&
"2024-08-13,20:43:23",jordyy.a3ttt,#0,,,https://cdn.discordapp.com/attachments/1227367017661595708/1273003995555692696/Screenshot_2024-06-07-13-58-05-789_com.zhiliaoapp.musically-edit.jpg?ex=672dc11b&is=672c6f9b&hm=e99c0b08de3b953cd44d737717525a17b60d9889dc017fcfc2a05df39dd61b18&
"2024-08-13,20:43:27",jordyy.a3ttt,#0,Barkouli,,
"2024-08-13,20:43:29",m7_.n8,#0,خخخ شكون مزال يحب حماس,midnightakram.#0,
"2024-08-13,20:43:37",m7_.n8,#0,<:NIGGA_omg:1150394296680329226>,jordyy.a3ttt#0,
"2024-08-13,20:43:40",0_gf,#0,,,https://cdn.discordapp.com/attachments/1227367017661595708/1273004067127427181/are_you_hight.mp4?ex=672dc12c&is=672c6fac&hm=44fb93c4ca406edb87d147169b3805ed6439a05f651c7bf03720e962c99444d2&
"2024-08-13,20:43:45",midnightakram.,#0,انا <:sh:1152016071147147319>,m7_.n8#0,
"2024-08-13,20:43:55",0z.f,#0,Wall hack<:juan:1150418197581922344>,midnightakram.#0,
"2024-08-13,20:43:58",m7_.n8,#0,مزالك متعرفش برك,midnightakram.#0,
"2024-08-13,20:44:16",midnightakram.,#0,قول وش كاين ؟ <:knuckles:958323144890916925>,m7_.n8#0,
"2024-08-13,20:44:29",m7_.n8,#0,حماس من الاخوان,midnightakram.#0,
"2024-08-13,20:44:39",m7_.n8,#0,حماس حركة ليست باسلامية,,
"2024-08-13,20:44:50",m3d.com,#0,بابا شعرا مايتزوجني حسبتلو ودرتلو تلفون <:uncannycat:1152013915954352148>,,
"2024-08-13,20:45:16",midnightakram.,#0,كاتبين في غوغل بلي اسلامية <:knuckles:958323144890916925>,m7_.n8#0,
"2024-08-13,20:45:24",m3d.com,#0,جيت نتبارتاجي عاشيت فالحوا,,
"2024-08-13,20:45:28",m7_.n8,#0,شكون يدي الهدرة من قوقل,midnightakram.#0,
"2024-08-13,20:45:39",abdouma_chiko,#0,الإخوة جوزو chell 2,midnightakram.#0,
"2024-08-13,20:45:56",014455_,#0,وشراكم,,
"2024-08-13,20:46:12",m3d.com,#0,حمدلله و نتا,,
"2024-08-13,20:46:14",m3d.com,#0,<:hmm:1144061148958826556>,,
"2024-08-13,20:46:18",midnightakram.,#0,بسح مجاهدين <:tadcarlfachero36:1152016084430487552>,m7_.n8#0,
"2024-08-13,20:46:54",abdouma_chiko,#0,ياخو كيفاه حب يرتبطلك عندي بلاي 4 او محبش,m3d.com#0,
"2024-08-13,20:46:55",m7_.n8,#0,خخخ,midnightakram.#0,
"2024-08-13,20:47:18",m3d.com,#0,وشنو لي يرتبط؟,abdouma_chiko#0,
"2024-08-13,20:47:22",midnightakram.,#0,,,https://cdn.discordapp.com/attachments/1227367017661595708/1273004995863904256/makesweet-9ob7jl.gif?ex=672dc20a&is=672c708a&hm=51b1583301e389a78ea691b6f36a717e062e1f0ec249280b877a9708a783a07a&
"2024-08-13,20:47:46",abdouma_chiko,#0,باش جيب هدا لي راه فوق البروفيل تاعك,m3d.com#0,
"2024-08-13,20:48:04",m3d.com,#0,هاذي باطل بلا بلاي <:hmm:1144061148958826556>,abdouma_chiko#0,
"2024-08-13,20:48:29",abdouma_chiko,#0,شفت انا واحد قالك لازم تربطو بل بلاي تاعك ولا منعرف واش كان يهدر,m3d.com#0,
"2024-08-13,20:48:33",midnightakram.,#0,زيد فهمني ، اعطيني المعرفة <:knuckles:958323144890916925>,m7_.n8#0,
"2024-08-13,20:48:37",m3d.com,#0,هذيك قديمة بصح نحوها دوكا,,
"2024-08-13,20:48:46",abdouma_chiko,#0,اا اك,m3d.com#0,
"2024-08-13,20:48:49",m3d.com,#0,دوكا دارو كويست جديد تع gta online,,
"2024-08-13,20:49:22",m7_.n8,#0,ابحث عن حقيقة الاخوان المسلمين,midnightakram.#0,
"2024-08-13,20:49:34",midnightakram.,#0,اك,m7_.n8#0,
"2024-08-13,20:49:47",m7_.n8,#0,وشوف قول الالباني,,
"2024-08-13,20:54:10",2jz.o7,#0,The witcher tmchilk antik wla pc dyalk yty7lk,jordyy.a3ttt#0,
"2024-08-13,20:57:40",2jz.o7,#0,Ya 5o ymtlo l islam tan ki ram ydaf3o 3la bladhom,m7_.n8#0,
"2024-08-13,21:02:31",jovial_flamingo_95831,#0,ايييييي ز بي,,
"2024-08-13,21:04:03",yanabbbb,#0,وش راكم,,
"2024-08-13,21:05:13",0_gf,#0,,,
"2024-08-13,21:06:55",014455_,#0,اهلا بيكم,,
"2024-08-13,21:07:13",014455_,#0,هكا يكونو لقروبات تع الدزريين,,
"2024-08-13,21:07:19",014455_,#0,تطياح وتمنييك,,
"2024-08-13,21:08:00",014455_,#0,بلع تقود,yanabbbb#0,
"2024-08-13,21:08:04",014455_,#0,جايح,,
"2024-08-13,21:08:07",014455_,#0,كافي,,
"2024-08-13,21:08:44",yanabbbb,#0,واو متعرفش تڨسر<:juan:1150418197581922344>,014455_#0,
"2024-08-13,21:08:53",014455_,#0,قداه عمرك,,
"2024-08-13,21:09:27",014455_,#0,؟؟,,
"2024-08-13,21:09:40",014455_,#0,نتا تبان 17 نتا,,
"2024-08-13,21:09:54",014455_,#0,تبان 2012,,
"2024-08-13,21:10:10",yanabbbb,#0,علاش كذاب,014455_#0,
"2024-08-13,21:10:33",014455_,#0,كفاه,yanabbbb#0,
"2024-08-13,21:10:59",yanabbbb,#0,جامي قاع شفت تصويرة بش تهدر,014455_#0,
"2024-08-13,21:11:22",2jz.o7,#0,F serveur hoova brk li tl9a hado,014455_#0,
"2024-08-13,21:11:36",2jz.o7,#0,Lo5rin tkol ban,,
"2024-08-13,21:11:41",014455_,#0,نتا تاني اهدر عربي,2jz.o7#0,
"2024-08-13,21:12:02",2jz.o7,#0,3lah,014455_#0,
"2024-08-13,21:12:12",014455_,#0,؟,2jz.o7#0,
"2024-08-13,21:12:26",014455_,#0,باه نفهم,2jz.o7#0,
"2024-08-13,21:12:55",014455_,#0,وين هربت,,
"2024-08-13,21:13:14",2jz.o7,#0,Rani nbi3 fles compte,,
"2024-08-13,21:13:21",2jz.o7,#0,F serveur shop,,
"2024-08-13,21:13:33",014455_,#0,اهدر عربي متزيدش فيها,,
"2024-08-13,21:13:33",yanabbbb,#0,شحال للواحد,2jz.o7#0,
"2024-08-13,21:13:48",2jz.o7,#0,5ask steam ?,yanabbbb#0,
"2024-08-13,21:14:09",yanabbbb,#0,عندك تع اكس بوكس,2jz.o7#0,
"2024-08-13,21:14:21",2jz.o7,#0,Nah m3ndich doka,yanabbbb#0,
"2024-08-13,21:14:49",2jz.o7,#0,<:gigachad:1150419236989186078>,yanabbbb#0,
"2024-08-13,21:15:12",yanabbbb,#0,<:gigachad:1150419236989186078> <:gigachad:1150419236989186078> <:emoji_105:1191547895724380263>,2jz.o7#0,
"2024-08-13,21:15:24",2jz.o7,#0,انا ابيع في سيرفر لبيع الحسابات,014455_#0,
"2024-08-13,21:15:32",2jz.o7,#0,كحسابات ستيم,,
"2024-08-13,21:16:01",2jz.o7,#0,"و بطاقة غوغل بلاي 5$ 
تشتغل فقط ف حساب امريكي",,
"2024-08-13,21:17:21",yanabbbb,#0,وين راح <@1267968698732384312>,014455_#0,
"2024-08-13,21:23:49",0_gf,#0,بديت نندم كي درت بوست,,
"2024-08-13,21:23:53",0_gf,#0,الناس كاملة خرجت وتبانات,,
"2024-08-13,21:24:05",raku_9,#0,انا خاصني حساب فيه لعبة nier automata,2jz.o7#0,
"2024-08-13,21:24:39",yanabbbb,#0,شكون لادمين هنا,0_gf#0,
"2024-08-13,21:24:46",0_gf,#0,انا,,
"2024-08-13,21:24:54",demon_slayer_tanjiro_kamado,#0,سرام,,
"2024-08-13,21:24:57",demon_slayer_tanjiro_kamado,#0,يدكم فيه,,
"2024-08-13,21:24:58",0_gf,#0,طاين تيليغرام,raku_9#0,
"2024-08-13,21:25:00",2jz.o7,#0,<@1214967653370691624>,jordyy.a3ttt#0、yanabbbb#0,
"2024-08-13,21:25:11",0_gf,#0,تيليغرام فاش خسر معاك ؟,,
"2024-08-13,21:25:12",2jz.o7,#0,Okk dok nchoflk ila kayn,raku_9#0,
"2024-08-13,21:25:14",demon_slayer_tanjiro_kamado,#0,علاه دي اللعبة,raku_9#0,
"2024-08-13,21:25:40",raku_9,#0,شكون لي تباناو,0_gf#0,
"2024-08-13,21:25:50",0_gf,#0,بيكو و امير,raku_9#0,
"2024-08-13,21:25:50",raku_9,#0,باسك شيكورة,demon_slayer_tanjiro_kamado#0,
"2024-08-13,21:25:56",2jz.o7,#0,Telegram yt7lk linkat wnta ttna5 bles pub hadok w9adr tdi ch3ar wla maymchich,0_gf#0,
"2024-08-13,21:26:00",0_gf,#0,هذو اكثر ناس كانوا يهدرو,,
"2024-08-13,21:26:17",yanabbbb,#0,<@1169542240192974910>,raku_9#0、cha_wew.#0,
"2024-08-13,21:26:20",0_gf,#0,شتك تنيييك نتا قالو لينكات ؟,2jz.o7#0,
"2024-08-13,21:26:31",demon_slayer_tanjiro_kamado,#0,انا راح نبدا نتفرج الانمي تاعها,raku_9#0,
"2024-08-13,21:26:45",2jz.o7,#0,Ya za7i chghol jami d5lt l telegram bach nchof les comptz,0_gf#0,
"2024-08-13,21:26:55",demon_slayer_tanjiro_kamado,#0,و انت علابالي تلعبها باش تشوف شي صوالح <:emoji_89:1188671634509398046>,raku_9#0,
"2024-08-13,21:26:57",demon_slayer_tanjiro_kamado,#0,<:emoji_89:1188671634509398046>,,
"2024-08-13,21:27:00",0_gf,#0,,,https://cdn.discordapp.com/attachments/1227367017661595708/1273014969771888751/image.png?ex=672dcb54&is=672c79d4&hm=197b0d2f0c0479e5f0c1913c31c89fce482a836a1747b4151214ef4ba8419935&
"2024-08-13,21:27:03",0_gf,#0,هذو رجعهم pub,,
"2024-08-13,21:27:18",2jz.o7,#0,Asm3 ila ta3 porn ana m3ndich hado,raku_9#0,
"2024-08-13,21:27:27",raku_9,#0,مشي بورن,2jz.o7#0,
"2024-08-13,21:27:30",2jz.o7,#0,Ya za7i kayn li y7to link,0_gf#0,
"2024-08-13,21:27:53",0_gf,#0,نتا مترم,2jz.o7#0,
"2024-08-13,21:27:57",0_gf,#0,انا جامي صادفوني,,
"2024-08-13,21:28:06",2jz.o7,#0,Kol chenl wkifah,0_gf#0,
"2024-08-13,21:28:15",2jz.o7,#0,Kayn li y7t compte direct kayn li y7to link,,
"2024-08-13,21:28:16",raku_9,#0,تو بي الا هبطت الكاميرا باش تشوفها من تحت تدزك و تقلك احشم,demon_slayer_tanjiro_kamado#0,
"2024-08-13,21:28:42",demon_slayer_tanjiro_kamado,#0,علابالي,raku_9#0,
"2024-08-13,21:28:57",2jz.o7,#0,M3ndich had les game ana,raku_9#0,
"2024-08-13,21:29:03",2jz.o7,#0,Ta3 anime,,
"2024-08-13,21:29:12",2jz.o7,#0,Dija byna dyaro bach tbnyt 3la 2b,,
"2024-08-13,21:29:21",raku_9,#0,<:Dead_inside:1150410964659863592>,,
"2024-08-13,21:29:34",raku_9,#0,لا الجو اسطوري,2jz.o7#0,
"2024-08-13,21:29:41",2jz.o7,#0,Chof game w7do5r ila 5sk 9oli,,
"2024-08-13,21:30:01",2jz.o7,#0,Mm 7sbli s5nt 3la 2b,raku_9#0,
"2024-08-13,21:30:26",raku_9,#0,هو شوف بالاك <:emoji_47:1151909990727163954>,2jz.o7#0,
"2024-08-13,21:30:30",demon_slayer_tanjiro_kamado,#0,الجو شباب,2jz.o7#0,
"2024-08-13,21:31:05",2jz.o7,#0,Al3b elden ring bach tnik lpc,,
"2024-08-13,21:31:11",raku_9,#0,"مي صح جو شباب لعبتو زوج دقايق كراك 
عاود محيتها قلت نشريها",,
"2024-08-13,21:31:12",vem_3,#0,ياخو,2jz.o7#0,
"2024-08-13,21:31:15",vem_3,#0,تعادل,,
"2024-08-13,21:31:21",2jz.o7,#0,F chess,,
"2024-08-13,21:31:21",vem_3,#0,ما خسرتش,,
"2024-08-13,21:31:25",vem_3,#0,<:tadcarlfachero36:1152016084430487552>,,
"2024-08-13,21:31:26",0_gf,#0,موتوا يزح,,
"2024-08-13,21:31:30",0_gf,#0,موتوا,,
"2024-08-13,21:31:31",vem_3,#0,يس<:tadcarlfachero36:1152016084430487552>,2jz.o7#0,
"2024-08-13,21:31:33",2jz.o7,#0,Chikour,vem_3#0,
"2024-08-13,21:31:33",0_gf,#0,يدكم فيه,,
"2024-08-13,21:31:35",0_gf,#0,وموتوا,,
"2024-08-13,21:31:38",vem_3,#0,<:tadcarlfachero36:1152016084430487552>,2jz.o7#0,
"2024-08-13,21:31:46",vem_3,#0,خلاص قود,0_gf#0,
"2024-08-13,21:31:53",demon_slayer_tanjiro_kamado,#0,ز بي مالك <@1180425486720041032>,0_gf#0,
"2024-08-13,21:31:53",yanabbbb,#0,علاش,0_gf#0,
"2024-08-13,21:31:53",powerful_rabbit_27116,#0,السلام عليكم,,
"2024-08-13,21:31:55",2jz.o7,#0,Kayn wa7d f serveur li yl3b antik bs7 wa9il 5rj,vem_3#0,
"2024-08-13,21:32:03",demon_slayer_tanjiro_kamado,#0,روح قود,0_gf#0,
"2024-08-13,21:32:08",demon_slayer_tanjiro_kamado,#0,سلام,powerful_rabbit_27116#0,
"2024-08-13,21:32:14",0_gf,#0,<:tadcarlfachero36:1152016084430487552> عطاو بان لمدامتي,demon_slayer_tanjiro_kamado#0,
"2024-08-13,21:32:22",2jz.o7,#0,و عليكم السلام,powerful_rabbit_27116#0,
"2024-08-13,21:32:24",ycncorleone,#0,يزح علاه منقدرش نبعت ليفوطو ؟,,
"2024-08-13,21:32:24",0_gf,#0,راني ندير فل مظاهرات,,
"2024-08-13,21:32:31",demon_slayer_tanjiro_kamado,#0,سمحلي خو,0_gf#0,
"2024-08-13,21:32:35",0_gf,#0,,ycncorleone#0,https://cdn.discordapp.com/attachments/1227367017661595708/1273016374549024889/speed-3.gif?ex=672dcca3&is=672c7b23&hm=273f78983d459ee25a702123928d633935fa70572eaa7a118ee6900ee1f4c3f0&
"2024-08-13,21:32:38",demon_slayer_tanjiro_kamado,#0,<:NIGGA_omg:1150394296680329226>,0_gf#0,
"2024-08-13,21:32:55",raku_9,#0,وين ؟,0_gf#0,
"2024-08-13,21:33:10",demon_slayer_tanjiro_kamado,#0,مادامتك مترما ؟,0_gf#0,
"2024-08-13,21:33:12",demon_slayer_tanjiro_kamado,#0,<:emoji_89:1188671634509398046>,,
"2024-08-13,21:33:19",0_gf,#0,<:shhhh:1215620470431285318>,demon_slayer_tanjiro_kamado#0,
"2024-08-13,21:33:32",demon_slayer_tanjiro_kamado,#0,🗿,0_gf#0,
"2024-08-13,21:33:33",yanabbbb,#0,درك يسرقهالك,0_gf#0,
"2024-08-13,21:33:46",demon_slayer_tanjiro_kamado,#0,نسرقهالو ؟,yanabbbb#0,
"2024-08-13,21:34:01",2jz.o7,#0,Pookie ta3 nmi chfto yl3b red dead 2 raho kbr,vem_3#0,
"2024-08-13,21:35:29",vem_3,#0,وينتا هذي؟ قلي ماحبتش تدخل,2jz.o7#0,
"2024-08-13,21:35:35",yanabbbb,#0,ادا كانت عندها لارداف,demon_slayer_tanjiro_kamado#0,
"2024-08-13,21:35:52",demon_slayer_tanjiro_kamado,#0,ايه مين يرقد,yanabbbb#0,
"2024-08-13,21:35:55",demon_slayer_tanjiro_kamado,#0,<:emoji_89:1188671634509398046>,,
"2024-08-13,21:35:57",2jz.o7,#0,Chto sba7 bli raho da5l f jeux afichatli fl profil dyalo,vem_3#0,
"2024-08-13,21:36:03",vem_3,#0,ولد القحجة قتلو طلع براول نلعبو قلي نو وراح طلع ريد ديد تاع 100gb🗿,,
"2024-08-13,21:36:17",raku_9,#0,شيكور,vem_3#0,
"2024-08-13,21:36:23",raku_9,#0,ريد ديد تستاهل,,
"2024-08-13,21:36:42",2jz.o7,#0,Brawlhala tglbo l3bt chwiya hadik multiversus,vem_3#0,
"2024-08-13,21:36:44",yanabbbb,#0,مشكيتش يرقد راهو يدير فالمظاهرات,demon_slayer_tanjiro_kamado#0,
"2024-08-13,21:37:41",demon_slayer_tanjiro_kamado,#0,راح نحيلو كلش القل ا وي 🍒  الز  ب🍆    و الب زا زل تع مادامتو و س و تها و التر ا م تاعها 🍑 🍑,yanabbbb#0,
"2024-08-13,21:38:00",demon_slayer_tanjiro_kamado,#0,راح نخويهم,,
"2024-08-13,21:38:04",vem_3,#0,وين راحت الصداقة<:emoji_84:1188620191576367134>,raku_9#0,
"2024-08-13,21:38:20",demon_slayer_tanjiro_kamado,#0,راهي في زكك,vem_3#0,
"2024-08-13,21:38:30",demon_slayer_tanjiro_kamado,#0,<:emoji_89:1188671634509398046>,,
"2024-08-13,21:38:34",2jz.o7,#0,Ya sbi wch 3jbk f brawlhala ghir tspammi fiha bach trb7,vem_3#0,
"2024-08-13,21:38:40",vem_3,#0,نمييي,,
"2024-08-13,21:38:40",yanabbbb,#0,بيع وش سرقت وخلي لمهم<:emoji_89:1188671634509398046>,demon_slayer_tanjiro_kamado#0,
"2024-08-13,21:38:43",vem_3,#0,بوت تقبة,,
"2024-08-13,21:38:57",m7_.n8,#0,كسمك وكسم الصداقة,vem_3#0,
"2024-08-13,21:39:06",demon_slayer_tanjiro_kamado,#0,نبيع ال 🍆  و ال 🍒 و انخلي الباقي,yanabbbb#0,
"2024-08-13,21:39:09",demon_slayer_tanjiro_kamado,#0,<:emoji_89:1188671634509398046>,,
"2024-08-13,21:39:10",vem_3,#0,نو انا محترف مانسباميش ||شريت ايموغي ||,2jz.o7#0,
"2024-08-13,21:39:17",vem_3,#0,زعلت,m7_.n8#0,
"2024-08-13,21:39:25",2jz.o7,#0,Mala makalh ndirha bach tnikni fiha,vem_3#0,
"2024-08-13,21:39:36",raku_9,#0,احشم,m7_.n8#0,
"2024-08-13,21:39:39",yanabbbb,#0,اسم على مسما<:uncannycat:1152013915954352148>,demon_slayer_tanjiro_kamado#0,
"2024-08-13,21:39:39",2jz.o7,#0,<:Dead_inside:1150410964659863592> <:Dead_inside:1150410964659863592>,m7_.n8#0,
"2024-08-13,21:39:47",m7_.n8,#0,تناك,vem_3#0,https://cdn.discordapp.com/attachments/1227367017661595708/1273018187247521833/image0.gif?ex=672dce53&is=672c7cd3&hm=63fa84d6f02fa22720a01d1292ec330d75cec61d0c19b8bbbca942b919f7d9f6&
"2024-08-13,21:40:05",2jz.o7,#0,Tbanli kol wa7d yrj3 profil l9dim dyalo,,
"2024-08-13,21:40:09",vem_3,#0,ونييكك فورت تاني<:way61:1152013922229043310>,2jz.o7#0,
"2024-08-13,21:40:14",m7_.n8,#0,<@1185181827833532547> اهدر معاه,raku_9#0、vem_3#0,https://cdn.discordapp.com/attachments/1227367017661595708/1273018300032614566/image0.gif?ex=672dce6e&is=672c7cee&hm=da463310d5859af7d14ea65c700696451c127e26ddbf519f41c8d3e470157d17&
"2024-08-13,21:40:20",2jz.o7,#0,Hhh tnik ch3ar,vem_3#0,
"2024-08-13,21:40:22",vem_3,#0,كسمك,m7_.n8#0,
"2024-08-13,21:40:27",demon_slayer_tanjiro_kamado,#0,تعجب,m7_.n8#0,
"2024-08-13,21:40:30",demon_slayer_tanjiro_kamado,#0,<:ahegao:1150410734057033738>,,
"2024-08-13,21:40:40",demon_slayer_tanjiro_kamado,#0,😍,,
"2024-08-13,21:40:44",vem_3,#0,كسمك ||هو مشي نتا <@540935504917692457> ||,raku_9#0、m7_.n8#0,
"2024-08-13,21:40:44",2jz.o7,#0,7abs 3lina l femboy shit hadi,m7_.n8#0,
"2024-08-13,21:40:49",yanabbbb,#0,لقينا ضحية اخرى,demon_slayer_tanjiro_kamado#0,
"2024-08-13,21:41:05",vem_3,#0,<:way61:1152013922229043310>,2jz.o7#0,
"2024-08-13,21:41:06",demon_slayer_tanjiro_kamado,#0,<:emoji_89:1188671634509398046>,yanabbbb#0,
"2024-08-13,21:41:21",yanabbbb,#0,<:emoji_89:1188671634509398046> <:cheekibreeki:1152015874446868510>,demon_slayer_tanjiro_kamado#0,
"2024-08-13,21:41:29",2jz.o7,#0,<@1185181827833532547> <@1195134511546105958> <@1191354977193570356> rj3o profil l9dim dyalkom,vem_3#0、themask0239#0、m7_.n8#0,
"2024-08-13,21:41:38",demon_slayer_tanjiro_kamado,#0,رادي نحيلها ال بزولل,yanabbbb#0,
"2024-08-13,21:41:44",demon_slayer_tanjiro_kamado,#0,البزووول,,
"2024-08-13,21:41:44",vem_3,#0,جيب البروفاي القديم ديالي,2jz.o7#0,
"2024-08-13,21:41:48",vem_3,#0,كل ثانية نبدلو,,
"2024-08-13,21:41:55",vem_3,#0,انا وننسى روحي,,
"2024-08-13,21:41:56",2jz.o7,#0,Zbi dir jhony w9ws,vem_3#0,
"2024-08-13,21:42:10",yanabbbb,#0,تقعد تلعب بيهم قبل مترقد,demon_slayer_tanjiro_kamado#0,
"2024-08-13,21:42:11",vem_3,#0,ناااه اكي خير<:tadcarlfachero36:1152016084430487552>,2jz.o7#0,
"2024-08-13,21:42:23",demon_slayer_tanjiro_kamado,#0,ما نرقدش,yanabbbb#0,
"2024-08-13,21:42:26",2jz.o7,#0,Wrojiya 3lah mala,vem_3#0,
"2024-08-13,21:42:28",demon_slayer_tanjiro_kamado,#0,😂,,
"2024-08-13,21:42:36",yanabbbb,#0,واش هوا حسابك لقديم,vem_3#0,
"2024-08-13,21:43:22",vem_3,#0,idk,yanabbbb#0,
"2024-08-13,21:44:32",yanabbbb,#0,وميتلر وين راه,,
"2024-08-13,21:44:55",yanabbbb,#0,شريت منو صابون ومجبهوليش,,
"2024-08-13,21:46:16",rayer43,#0,سلام,,
"2024-08-13,21:46:53",yanabbbb,#0,رجع لاسطورة,rayer43#0,
"2024-08-13,21:47:11",rayer43,#0,واش راك,yanabbbb#0,
"2024-08-13,21:47:34",yanabbbb,#0,لباس,rayer43#0,
"2024-08-13,21:47:39",yanabbbb,#0,ونتا,,
"2024-08-13,21:47:42",rayer43,#0,الحمد لله,yanabbbb#0,
"2024-08-13,21:48:04",yanabbbb,#0,🫡,rayer43#0,
"2024-08-13,21:48:32",yanabbbb,#0,خو تعرف ميتلر,rayer43#0,
"2024-08-13,21:48:37",rayer43,#0,وي,yanabbbb#0,
"2024-08-13,21:48:49",yanabbbb,#0,باناوه,rayer43#0,
"2024-08-13,21:48:55",rayer43,#0,صح,yanabbbb#0,
"2024-08-13,21:48:56",yanabbbb,#0,ولا نو,,
"2024-08-13,21:48:57",rayer43,#0,علاه,,
"2024-08-13,21:49:11",yanabbbb,#0,معمباليش,rayer43#0,
"2024-08-13,21:49:31",yanabbbb,#0,شريت منو صابون تع ياهود ملحقليس,,
"2024-08-13,21:50:22",rayer43,#0,اصبر نشوف,yanabbbb#0,
"2024-08-13,21:50:55",rayer43,#0,<@1225386043319128087>,x_bzd_x#0,
"2024-08-13,21:51:00",rayer43,#0,هاهو,,
"2024-08-13,21:51:51",abdoullah_10,#0,Fuck pour moment,,
"2024-08-13,21:52:00",yanabbbb,#0,صحيت ليزوم<:gigachad:1150419236989186078>,rayer43#0,
"2024-08-13,21:52:26",rayer43,#0,صحا,yanabbbb#0,
"2024-08-13,21:52:33",abdoullah_10,#0,Yo,,
"2024-08-13,21:52:59",yanabbbb,#0,Yo,abdoullah_10#0,
"2024-08-13,21:53:32",demon_slayer_tanjiro_kamado,#0,يدكم فيه,,
"2024-08-13,21:53:42",demon_slayer_tanjiro_kamado,#0,خوتي لعزاز عندي خبر مهم,,
"2024-08-13,21:53:53",yanabbbb,#0,واش هو,demon_slayer_tanjiro_kamado#0,
"2024-08-13,21:54:15",demon_slayer_tanjiro_kamado,#0,هو راني ن يكت شيرة في البحر,,
"2024-08-13,21:54:49",demon_slayer_tanjiro_kamado,#0,هو راني ن يكت شيرة في البحر,yanabbbb#0,
"2024-08-13,21:54:54",rayer43,#0,بصحتك,demon_slayer_tanjiro_kamado#0,
"2024-08-13,21:55:08",demon_slayer_tanjiro_kamado,#0,🤝,rayer43#0,
"2024-08-13,21:55:19",yanabbbb,#0,<:tadcarlfachero36:1152016084430487552>,demon_slayer_tanjiro_kamado#0,
"2024-08-13,21:55:50",demon_slayer_tanjiro_kamado,#0,الsowa تاعها حلوت,,
"2024-08-13,21:56:00",demon_slayer_tanjiro_kamado,#0,و بنينة,,
"2024-08-13,21:56:03",demon_slayer_tanjiro_kamado,#0,و زينا,,
"2024-08-13,21:56:05",demon_slayer_tanjiro_kamado,#0,و شابة,,
"2024-08-13,21:56:07",abdoullah_10,#0,,,https://cdn.discordapp.com/attachments/1227367017661595708/1273022297107730502/voice-message.ogg?ex=672dd227&is=672c80a7&hm=4c558466a4ce010151ea947e26b536771608a43d734f3021c8644ddd7933a8a6&
"2024-08-13,21:56:09",demon_slayer_tanjiro_kamado,#0,و عريضة,,
"2024-08-13,21:56:19",demon_slayer_tanjiro_kamado,#0,و مزيانة,,
"2024-08-13,21:56:24",demon_slayer_tanjiro_kamado,#0,و بنت حرام,,
"2024-08-13,21:56:32",rayer43,#0,خصك برك تولي مزيتة,,
"2024-08-13,21:56:36",demon_slayer_tanjiro_kamado,#0,و ما تلبس والو,,
"2024-08-13,21:57:01",demon_slayer_tanjiro_kamado,#0,صوت تع nic واقيلا,abdoullah_10#0,
"2024-08-13,21:57:15",abdoullah_10,#0,<@1264558495034769438> <@1264558495034769438> <@1264558495034769438>,demon_slayer_tanjiro_kamado#0,
"2024-08-13,21:57:18",demon_slayer_tanjiro_kamado,#0,هي اصلا مزيتة,rayer43#0,
"2024-08-13,21:57:22",demon_slayer_tanjiro_kamado,#0,مالك,abdoullah_10#0,
"2024-08-13,21:57:28",rayer43,#0,واو,demon_slayer_tanjiro_kamado#0,
"2024-08-13,21:57:32",rayer43,#0,أيا بصحتك,,
"2024-08-13,21:57:34",abdoullah_10,#0,Jjfdkdfnro,,
"2024-08-13,21:57:46",demon_slayer_tanjiro_kamado,#0,<@1272559206490443881> <@1272559206490443881> <@1272559206490443881>,abdoullah_10#0,
"2024-08-13,21:58:15",abdoullah_10,#0,اسمع انا كحلوش و شهواني,,
"2024-08-13,21:58:32",0_gf,#0,<:BH_bruh:1162738392958767104>,,
"2024-08-13,21:58:45",demon_slayer_tanjiro_kamado,#0,انا بيض و شهواني,abdoullah_10#0,
"2024-08-13,21:58:53",demon_slayer_tanjiro_kamado,#0,المهم رايح نعمر انميات,,
"2024-08-13,21:58:55",demon_slayer_tanjiro_kamado,#0,شا نعمر,,
"2024-08-13,21:59:20",demon_slayer_tanjiro_kamado,#0,اتشي واقيلا,,
"2024-08-13,21:59:49",rayer43,#0,أيا اتهلاو,,
"2024-08-13,21:59:53",rayer43,#0,راني نعسان,,
"2024-08-13,21:59:56",rayer43,#0,تصبحو على خير,,
"2024-08-13,22:00:01",0_gf,#0,روج قود,rayer43#0,
"2024-08-13,22:00:01",0_gf,#0,,,https://cdn.discordapp.com/attachments/1227367017661595708/1273023278474068131/giant-cockroach-escaping-speedrun-bedrun-cockroach-ucd.mov?ex=672dd311&is=672c8191&hm=d26ea2df6b2804ddacf68c919a14fed63f01255559df296049e8b94e033daa47&
"2024-08-13,22:00:08",rayer43,#0,ياخو قود,0_gf#0,
"2024-08-13,22:00:17",itzwassim09,#0,ahah,abdoullah_10#0,
"2024-08-13,22:00:18",0_gf,#0,ا نشاء الله يجي بق الفراش يعضك,,
"2024-08-13,22:00:31",rayer43,#0,نشوفو,0_gf#0,
"2024-08-13,22:00:46",0_gf,#0,,rayer43#0,https://cdn.discordapp.com/attachments/1227367017661595708/1273023467662479461/speed-3.gif?ex=672dd33e&is=672c81be&hm=bef11f22f452f36fae7d4a756cd614dd58c88c6235104c16ef63091ad87e7eed&
"2024-08-13,22:00:57",rayer43,#0,<:thinker:1152013890847264788>,0_gf#0,
"2024-08-13,22:01:01",rayer43,#0,10/10,,
"2024-08-13,22:01:26",abdoullah_10,#0,ريكاردو لي يخدم لي باس,,
"2024-08-13,22:01:38",rayer43,#0,أيا اتهلاو,,
"2024-08-13,22:01:43",rayer43,#0,وقت الرقاد مع لوسادة الطويلة,,
"2024-08-13,22:02:11",raku_9,#0,خاوتي شكون يتفكر واحد اسمو نسيم كان قديم فاليوتيوب يحط انميات,,
"2024-08-13,22:02:30",abdoullah_10,#0,روح قود,,
"2024-08-13,22:02:40",x_bzd_x,#0,ouii,rayer43#0,
"2024-08-13,22:03:04",rayer43,#0,واحد كان يحوس عليك,x_bzd_x#0,
"2024-08-13,22:03:24",rayer43,#0,هاهو <@1225386043319128087>,yanabbbb#0、x_bzd_x#0,
"2024-08-13,22:03:33",x_bzd_x,#0,kemletena l contiti,yanabbbb#0,
"2024-08-13,22:03:35",x_bzd_x,#0,be3nah gro,,
"2024-08-13,22:03:39",x_bzd_x,#0,wkmel,,
"2024-08-13,22:03:46",x_bzd_x,#0,ma3lich zid sbor 7ta ghodwa,,
"2024-08-13,22:03:50",x_bzd_x,#0,🧼,,
"2024-08-13,22:05:01",0_gf,#0,اعطونا كاش انيم,,
"2024-08-13,22:05:03",0_gf,#0,يكون مليح,,
"2024-08-13,22:05:07",0_gf,#0,غعرني الفيد,,
"2024-08-13,22:05:21",salim0429_39263,#0,<@1264558495034769438> ydk fih,demon_slayer_tanjiro_kamado#0,
"2024-08-13,22:05:26",chlorophyte_enjoyer,#0,One piece,0_gf#0,
"2024-08-13,22:05:41",0_gf,#0,ني عجزان نتفرج الارك نتع ايغ هيد,chlorophyte_enjoyer#0,
"2024-08-13,22:06:13",0_gf,#0,نتفرج ذا ؟,,https://cdn.discordapp.com/attachments/1227367017661595708/1273024838935515168/image.png?ex=672dd485&is=672c8305&hm=2f8a1d78f1d8e4fe75573bdd4a330f0a09393d6f2c79d46598efebfd1bb717ff&
"2024-08-13,22:08:22",chlorophyte_enjoyer,#0,سيء,0_gf#0,
"2024-08-13,22:08:27",chlorophyte_enjoyer,#0,نحرق؟,,
"2024-08-13,22:10:01",demon_slayer_tanjiro_kamado,#0,لوسادة الطويلة العريضة المترة,rayer43#0,
"2024-08-13,22:10:02",demon_slayer_tanjiro_kamado,#0,لا راك حاب انمي اتشي شوف TO LOVE RU و لا GIRLS BRAVO و لا KISS X SIS و لا راك باغي انمي عادي شوف ONE PIECE و لا NARUTO,0_gf#0,
"2024-08-13,22:10:53",demon_slayer_tanjiro_kamado,#0,ساعفني تفرج ONE PIECE و GIRLS BRAVO,,
"2024-08-13,22:10:55",rayer43,#0,وسادة طويلة تكفي,demon_slayer_tanjiro_kamado#0,
"2024-08-13,22:11:03",demon_slayer_tanjiro_kamado,#0,صحا,rayer43#0,
"2024-08-13,22:11:23",rayer43,#0,عندك نتا ثاني وسادة طويلة ؟,demon_slayer_tanjiro_kamado#0,
"2024-08-13,22:11:44",0_gf,#0,بديت في تاور اوف غود,,https://cdn.discordapp.com/attachments/1227367017661595708/1273026229812858920/image.png?ex=672dd5d0&is=672c8450&hm=02fdb9234898c8192f5de9a4f1b00ebbf35e4b56dde335e7b24d1901f1fd2de7&
"2024-08-13,22:11:46",demon_slayer_tanjiro_kamado,#0,لا,rayer43#0,
"2024-08-13,22:11:54",demon_slayer_tanjiro_kamado,#0,لا راك حاب انمي اتشي شوف TO LOVE RU و لا GIRLS BRAVO و لا KISS X SIS و لا راك باغي انمي عادي شوف ONE PIECE و لا NARUTO,0_gf#0,
"2024-08-13,22:11:58",0_gf,#0,,,https://cdn.discordapp.com/attachments/1227367017661595708/1273026287484665866/image.png?ex=672dd5de&is=672c845e&hm=74f062756baee4a92f7a8424d7f2b57c1108c449f56e0602f59af5aa18f37e4d&
"2024-08-13,22:12:01",rayer43,#0,للاسف,demon_slayer_tanjiro_kamado#0,
"2024-08-13,22:12:04",0_gf,#0,متفرجهم كامل,demon_slayer_tanjiro_kamado#0,
"2024-08-13,22:12:13",0_gf,#0,kiss x sis was legend,,
"2024-08-13,22:12:18",ymah0059,#0,Vinland saga,0_gf#0,
"2024-08-13,22:12:19",rayer43,#0,صح؟,0_gf#0,
"2024-08-13,22:13:00",ymah0059,#0,Bongu stray dogs>>,0_gf#0,
"2024-08-13,22:13:02",raku_9,#0,<@1180425486720041032> تفرج مونوغاتاري,0_gf#0,
"2024-08-13,22:13:09",demon_slayer_tanjiro_kamado,#0,ايه تع كيتا و اكوني و ريكوني,0_gf#0,
"2024-08-13,22:14:05",demon_slayer_tanjiro_kamado,#0,تفرجت TEMPLE ؟,0_gf#0,
"2024-08-13,22:14:09",ymah0059,#0,<@1180425486720041032> t7awsi H anime?,0_gf#0,
"2024-08-13,22:14:18",0z.f,#0,<:way61:1152013922229043310>,,
"2024-08-13,22:14:24",demon_slayer_tanjiro_kamado,#0,انا تاني نحوس,ymah0059#0,
"2024-08-13,22:14:28",demon_slayer_tanjiro_kamado,#0,🙂,,
"2024-08-13,22:14:55",ymah0059,#0,Prison school metferjou?,demon_slayer_tanjiro_kamado#0,
"2024-08-13,22:15:13",ymah0059,#0,انيم فالقمة,,
"2024-08-13,22:15:22",ymah0059,#0,Tjibou f l7al9a lwla,,
"2024-08-13,22:15:24",ymah0059,#0,😂,,
"2024-08-13,22:15:51",0_gf,#0,تفرجتوا في نتفلكس,ymah0059#0,
"2024-08-13,22:15:54",0_gf,#0,ملحمة فينلاند,,
"2024-08-13,22:16:11",ymah0059,#0,Anime hayel,0_gf#0,
"2024-08-13,22:16:16",ymah0059,#0,Makench kifou,,
"2024-08-13,22:16:28",0_gf,#0,high school dxd ويدكم فيه,,
"2024-08-13,22:16:33",0_gf,#0,<:tadcarlfachero36:1152016084430487552>,,
"2024-08-13,22:16:39",ymah0059,#0,Na3tik des animes khir?,,
"2024-08-13,22:16:48",ymah0059,#0,Jay theme ta3 horror chwi,,
"2024-08-13,22:16:49",0_gf,#0,nuh,,
"2024-08-13,22:16:52",0_gf,#0,نرجع نتفرج,,
"2024-08-13,22:16:54",0_gf,#0,سياااا,,
"2024-08-13,22:17:10",ymah0059,#0,Aya 9wdi,,
"2024-08-13,22:17:36",demon_slayer_tanjiro_kamado,#0,لا بصح سامه بيه و شايف فيديوهات عليه,ymah0059#0,
"2024-08-13,22:17:54",raku_9,#0,راهو طفل,ymah0059#0,
"2024-08-13,22:18:01",demon_slayer_tanjiro_kamado,#0,من الاخر انمي VERMEIL IN GOLD افضل انمي اتشي <@1215456572910866444> <@1180425486720041032>,0_gf#0、ymah0059#0,
"2024-08-13,22:18:02",ymah0059,#0,Nenes7ak tetfarjou,demon_slayer_tanjiro_kamado#0,
"2024-08-13,22:18:15",demon_slayer_tanjiro_kamado,#0,صحا,ymah0059#0,
"2024-08-13,22:18:20",ymah0059,#0,Ma3lich ya3gob tani 😂,raku_9#0,
"2024-08-13,22:18:34",ymah0059,#0,W 3andek Aibeya The Animation,demon_slayer_tanjiro_kamado#0,
"2024-08-13,22:18:46",ymah0059,#0,Animation ta3ou m9wda bs7 blurry,,
"2024-08-13,22:19:07",ymah0059,#0,Rani na7kilek H anime machi itchi,demon_slayer_tanjiro_kamado#0,
"2024-08-13,22:19:45",raku_9,#0,<:uncannycat:1152013915954352148>,ymah0059#0,
"2024-08-13,22:19:53",demon_slayer_tanjiro_kamado,#0,وات فاك,ymah0059#0,
"2024-08-13,22:19:58",demon_slayer_tanjiro_kamado,#0,انا خصني انمي اتشي,,
"2024-08-13,22:20:03",demon_slayer_tanjiro_kamado,#0,يبردلي قلبي,,
"2024-08-13,22:20:11",raku_9,#0,بريزون سكول ماشي هنتاي,,
"2024-08-13,22:20:14",jordyy.a3ttt,#0,rani 7ab anime fih sex,demon_slayer_tanjiro_kamado#0,
"2024-08-13,22:20:20",fouad_br,#0,السلام عليكم,,
"2024-08-13,22:20:24",ymah0059,#0,اتفرج العينتاي و خليك من الاتشي,demon_slayer_tanjiro_kamado#0,
"2024-08-13,22:20:31",ymah0059,#0,الهينتاي*,,
"2024-08-13,22:20:39",raku_9,#0,احشم تدي ذنوب باطل,ymah0059#0,
"2024-08-13,22:20:43",ymah0059,#0,و عليكم السلام,fouad_br#0,
"2024-08-13,22:20:45",demon_slayer_tanjiro_kamado,#0,روح تفرج OVERFLOW,jordyy.a3ttt#0,
"2024-08-13,22:20:55",jordyy.a3ttt,#0,ybyno swal7 ?,demon_slayer_tanjiro_kamado#0,
"2024-08-13,22:20:59",ymah0059,#0,Prison school w 9wd,jordyy.a3ttt#0,
"2024-08-13,22:21:05",demon_slayer_tanjiro_kamado,#0,لا عندي فايت 100 حلقة تع انمي هنتاي,ymah0059#0,
"2024-08-13,22:21:13",aneskedd32,#0,سلام عليكم,,
"2024-08-13,22:21:17",ymah0059,#0,Yaaaa spong bob 9esoholek?,jordyy.a3ttt#0,
"2024-08-13,22:21:27",demon_slayer_tanjiro_kamado,#0,لا,jordyy.a3ttt#0,
"2024-08-13,22:21:34",jordyy.a3ttt,#0,MADRNA WALO,demon_slayer_tanjiro_kamado#0,
"2024-08-13,22:21:37",demon_slayer_tanjiro_kamado,#0,يبان ز ب و مضبب,jordyy.a3ttt#0,
"2024-08-13,22:21:37",jordyy.a3ttt,#0,LAZM YKONO YBANO,,
"2024-08-13,22:21:38",ymah0059,#0,و عليكم السلام,aneskedd32#0,
"2024-08-13,22:21:41",abdoullah_10,#0,,,https://cdn.discordapp.com/attachments/1227367017661595708/1273028733153968198/voice-message.ogg?ex=672dd825&is=672c86a5&hm=a14e477ff9908d264254f8cce9c0d632bceaeb3985ae400c132ab0993210b929&
"2024-08-13,22:21:46",jordyy.a3ttt,#0,N7BO YBAN,demon_slayer_tanjiro_kamado#0,
"2024-08-13,22:21:49",jordyy.a3ttt,#0,A77777,,
"2024-08-13,22:21:50",fouad_br,#0,راح نتفرجو حفضك,demon_slayer_tanjiro_kamado#0,
"2024-08-13,22:21:50",jordyy.a3ttt,#0,TNNT,,
"2024-08-13,22:21:53",demon_slayer_tanjiro_kamado,#0,اصبر نحوسلك على واحد,jordyy.a3ttt#0,
"2024-08-13,22:22:01",raku_9,#0,روح اغسل وجهك,jordyy.a3ttt#0,
"2024-08-13,22:22:16",raku_9,#0,حكماتك طنة,,
"2024-08-13,22:22:31",fouad_br,#0,طنة اوت,,
"2024-08-13,22:22:36",demon_slayer_tanjiro_kamado,#0,<@1214967653370691624> ادخل بريفي,jordyy.a3ttt#0,
"2024-08-13,22:22:57",jordyy.a3ttt,#0,CHKON 3NDO SERVERS TA3 POR NO,,
"2024-08-13,22:23:11",demon_slayer_tanjiro_kamado,#0,انا عندي تع هنتاي,jordyy.a3ttt#0,
"2024-08-13,22:23:14",demon_slayer_tanjiro_kamado,#0,و السيرفر تاعي,,
"2024-08-13,22:23:16",jordyy.a3ttt,#0,AB333333333333333T,demon_slayer_tanjiro_kamado#0,
"2024-08-13,22:23:24",demon_slayer_tanjiro_kamado,#0,ادخل بريفي,jordyy.a3ttt#0,
"2024-08-13,22:25:21",themask0239,#0,سلام عليكم,,
"2024-08-13,22:25:39",demon_slayer_tanjiro_kamado,#0,سلام,themask0239#0,
"2024-08-13,22:26:12",ymah0059,#0,Makench condia?,themask0239#0,
"2024-08-13,22:26:24",abdoullah_10,#0,"<@1264558495034769438>  
حنا غير تاع سبور يا المكبوت",demon_slayer_tanjiro_kamado#0,
"2024-08-13,22:26:43",demon_slayer_tanjiro_kamado,#0,ادخل في جوجل و كتب هنتاي تايم /kakushi-dere/,themask0239#0,
"2024-08-13,22:26:51",demon_slayer_tanjiro_kamado,#0,مل ز ب ك,abdoullah_10#0,
"2024-08-13,22:27:07",demon_slayer_tanjiro_kamado,#0,بلع قاعك شويا,abdoullah_10#0,
"2024-08-13,22:28:02",themask0239,#0,نن لايوجد,ymah0059#0,
"2024-08-13,22:28:14",ymah0059,#0,مادرناش مال,themask0239#0,
"2024-08-13,22:28:34",raku_9,#0,احشم,demon_slayer_tanjiro_kamado#0,
"2024-08-13,22:28:59",0z.f,#0,كاينة وحدة لابسة ميني قدامي من مقبيل وهي مريحة قدامي<:juan:1150418197581922344>,,
"2024-08-13,22:29:18",ymah0059,#0,كذاب,0z.f#0,
"2024-08-13,22:29:23",ymah0059,#0,صور باه نتأكدو,,
"2024-08-13,22:29:30",0z.f,#0,صورتها مقبيل,ymah0059#0,
"2024-08-13,22:29:35",0z.f,#0,معنديش رتبة<:Dead_inside:1150410964659863592>,,
"2024-08-13,22:29:36",ymah0059,#0,كذاب,,
"2024-08-13,22:29:42",ymah0059,#0,وري باه نتأكدو,,
"2024-08-13,22:29:47",0z.f,#0,باه تجيبو عليها,,
"2024-08-13,22:30:03",0z.f,#0,في خاطرك برك,,
"2024-08-13,22:30:08",0z.f,#0,شييك بريفي,,
"2024-08-13,22:30:11",ymah0059,#0,Nn aasking for a friend,,
"2024-08-13,22:30:38",2jz.o7,#0,Ara tcho time out,jordyy.a3ttt#0,
"2024-08-13,22:31:14",ymah0059,#0,سكورب زاعيم 🫡 <@870217361733591050>,0z.f#0,
"2024-08-13,22:31:20",m3d17,#0,حبسنا تمنقيش تع ميوت من سيرفرات وليت ناكلهم من ديسكورد,,
"2024-08-13,22:31:22",m3d17,#0,<:Dead_inside:1150410964659863592>,,
"2024-08-13,22:31:28",m3d17,#0,<@1030515269904367616> هذا حسابي لول,m3d.com#0,
"2024-08-13,22:31:28",demon_slayer_tanjiro_kamado,#0,ادخل بريفي,0z.f#0,
"2024-08-13,22:31:40",demon_slayer_tanjiro_kamado,#0,<@870217361733591050> ادخل بريفي,0z.f#0,
"2024-08-13,22:31:47",aimou_dz4685,#0,ابعتلونا البزول تع الصغارات,,
"2024-08-13,22:31:57",0z.f,#0,My dress up derling wla prison school,jordyy.a3ttt#0,
"2024-08-13,22:32:02",0_gf,#0,سيرفرك كي كبي,themask0239#0,
"2024-08-13,22:32:03",blood02151,#0,<:NIGGA_omg:1150394296680329226>,,
"2024-08-13,22:32:12",0z.f,#0,خسارة عليك<:juan:1150418197581922344>,ymah0059#0,
"2024-08-13,22:32:14",0_gf,#0,<a:skull:1211673713519628328>,,
"2024-08-13,22:32:16",0z.f,#0,يحب يشوف,demon_slayer_tanjiro_kamado#0,
"2024-08-13,22:32:19",blood02151,#0,وت فاك,,
"2024-08-13,22:32:26",ymah0059,#0,R4uk R4uk go away rizz up kids another day,aimou_dz4685#0,
"2024-08-13,22:32:27",0z.f,#0,ميني يلمع بالعقاش<:juan:1150418197581922344>,,
"2024-08-13,22:32:37",demon_slayer_tanjiro_kamado,#0,ايه ادخل بريفي,0z.f#0,
"2024-08-13,22:32:40",0z.f,#0,درنا eyes contact<:uncannycat:1152013915954352148>,,
"2024-08-13,22:32:42",abderrahman.026,#0,سلام عليكم,,
"2024-08-13,22:32:45",ymah0059,#0,Ro7i tferji vinland saga,0_gf#0,
"2024-08-13,22:32:58",aimou_dz4685,#0,ابعتلنا ترمتم,ymah0059#0,
"2024-08-13,22:32:59",aimou_dz4685,#0,ك,,
"2024-08-13,22:33:07",0z.f,#0,لازم فرند,demon_slayer_tanjiro_kamado#0,
"2024-08-13,22:33:08",blood02151,#0,<:Dead_inside:1150410964659863592>,,
"2024-08-13,22:33:23",abderrahman.026,#0,كيراكم دايرين,,
"2024-08-13,22:33:25",demon_slayer_tanjiro_kamado,#0,اصبر,0z.f#0,
"2024-08-13,22:33:32",0z.f,#0,ياخو لقيتها تشوف فيا<:juan:1150418197581922344>,,
"2024-08-13,22:33:59",demon_slayer_tanjiro_kamado,#0,روح ادخل درك بريفي,0z.f#0,
"2024-08-13,22:34:04",0z.f,#0,والله غير كانت غايسة فيا<:NIGGA_omg:1150394296680329226>,,
"2024-08-13,22:34:09",0z.f,#0,مغناطيس فتيات<:juan:1150418197581922344>,,
"2024-08-13,22:34:38",ymah0059,#0,Nn machi lahna lahna 3ib,aimou_dz4685#0,
"2024-08-13,22:34:45",abderrahman.026,#0,"ياخو 
||نتا  دريك يسحقك||",demon_slayer_tanjiro_kamado#0,
"2024-08-13,22:35:04",abderrahman.026,#0,meme rizz,0z.f#0,
"2024-08-13,22:35:15",ymah0059,#0,اسمع اديها تشرب قهوة,0z.f#0,
"2024-08-13,22:35:29",ymah0059,#0,و علمها اليوغا,,
"2024-08-13,22:35:32",ymah0059,#0,في دارها,,
"2024-08-13,22:35:42",0z.f,#0,راني قدام بار,,
"2024-08-13,22:35:47",0z.f,#0,نجيبلها كاس فودكا؟,,
"2024-08-13,22:35:49",blood02151,#0,نصاح لجذب فتايت,,
"2024-08-13,22:36:05",abderrahman.026,#0,"قول 
ابدعنا",blood02151#0,
"2024-08-13,22:36:09",ymah0059,#0,لبسها حفاضات,0z.f#0,
"2024-08-13,22:36:23",ymah0059,#0,<:cheekibreeki:1152015874446868510>,,
"2024-08-13,22:36:28",blood02151,#0,يخو اسمع منهم انا فريها,abderrahman.026#0,
"2024-08-13,22:36:42",0_gf,#0,<a:BH_dance:1129315066773262458>,,
"2024-08-13,22:36:44",abderrahman.026,#0,صحا,blood02151#0,
"2024-08-13,22:36:48",0z.f,#0,معنديش,ymah0059#0,
"2024-08-13,22:36:52",0z.f,#0,عندي غير تاع بن تن,,
"2024-08-13,22:36:54",ymah0059,#0,اسمع شوفلنها بنت خالت عمتها الصغيرة جدا,blood02151#0,
"2024-08-13,22:37:09",blood02151,#0,فاك <:Dead_inside:1150410964659863592>,ymah0059#0,
"2024-08-13,22:37:11",ymah0059,#0,وشمن فضائي متحول ليه؟,0z.f#0,
"2024-08-13,22:37:24",0z.f,#0,ماشي متحول<:Dead_inside:1150410964659863592>,ymah0059#0,
"2024-08-13,22:37:26",ymah0059,#0,لا كان هاداك لي عندو 4 يدين لبسهولها,,
"2024-08-13,22:37:32",ymah0059,#0,و مانيش على الحفاضات,,
"2024-08-13,22:37:48",aimou_dz4685,#0,Stripchat,,
"2024-08-13,22:38:27",aimou_dz4685,#0,<:co6aka:1150410498987274310>,,
"2024-08-13,22:38:28",blood02151,#0,يخو صغير قاع مكسيموم لانعرفها فعمرها 15,ymah0059#0,
"2024-08-13,22:38:58",ymah0059,#0,ماكش راجل,,
"2024-08-13,22:39:03",ymah0059,#0,ماكش سيغما,,
"2024-08-13,22:39:09",blood02151,#0,هههههه,,
"2024-08-13,22:39:09",ymah0059,#0,ماكش الفا ولف,,
"2024-08-13,22:39:14",ymah0059,#0,راك منفي منا,,
"2024-08-13,22:39:20",ymah0059,#0,اخرج من السيرفر,,
"2024-08-13,22:39:32",ymah0059,#0,انا نعرف وحدة مازالها في قلاوي باباها,,
"2024-08-13,22:39:44",blood02151,#0,هه<:juan:1150418197581922344> <:juan:1150418197581922344>,,
"2024-08-13,22:39:56",ymah0059,#0,لاه راك تضحك؟,,
"2024-08-13,22:40:01",ymah0059,#0,حاطني قلت نكتة؟,,
"2024-08-13,22:40:12",ymah0059,#0,نزيد نعقبك نتا تاني؟,,
"2024-08-13,22:40:15",blood02151,#0,تهدرو على سغما و نتوما ديرنها كحلة,,
"2024-08-13,22:41:07",0z.f,#0,نجيبلها كاس فودكا<:juan:1150418197581922344>,,
"2024-08-13,22:41:10",ymah0059,#0,ما تهدرش على سيغما و نتا ماتعاشرش صغار,,
"2024-08-13,22:41:23",ymah0059,#0,و جيبو على الكاس,0z.f#0,
"2024-08-13,22:41:28",ymah0059,#0,و خليها تشربو,,
"2024-08-13,22:41:33",0z.f,#0,مام الكاس يشهي,ymah0059#0,
"2024-08-13,22:41:38",0z.f,#0,جاي صغير ومبنيون,,
"2024-08-13,22:41:50",0z.f,#0,راهي راحت يازح هذا واش حبيتو<:juan:1150418197581922344>,,
"2024-08-13,22:41:52",ymah0059,#0,و نتا جايبو عليه ولا وحدو؟,,
"2024-08-13,22:42:06",ymah0059,#0,كون انا منك نتبعها,0z.f#0,
"2024-08-13,22:42:51",blood02151,#0,نصاح من جحيم هذي ولا واشن,,
"2024-08-13,22:42:52",0z.f,#0,دخلت للبار<:juan:1150418197581922344>,ymah0059#0,
"2024-08-13,22:43:04",0z.f,#0,استنى والله نروح موراها,,
"2024-08-13,22:43:05",ymah0059,#0,تبعها و اقعد قدامها و قلها هاكدا,,
"2024-08-13,22:43:27",ymah0059,#0,Madame raki 3ayana? Wech rayek tedi قسط من الراحة fou9a,,
"2024-08-13,22:43:36",ymah0059,#0,كي تقولك ايه هايا نروحو,,
"2024-08-13,22:44:00",ymah0059,#0,تقولك بصح ماكانش شومبرا فوقا,,
"2024-08-13,22:44:12",ymah0059,#0,قولها شكون قالك راني نحكي على الشومبرة,,
"2024-08-13,22:44:16",ymah0059,#0,و اجبدهولها,,
"2024-08-13,22:44:25",0z.f,#0,ماشي دزايرية<:juan:1150418197581922344>,ymah0059#0,
"2024-08-13,22:44:26",ymah0059,#0,طريقة مثالية 100%,,
"2024-08-13,22:44:38",ymah0059,#0,قولهالها بالفرونسي,0z.f#0,
"2024-08-13,22:44:48",ymah0059,#0,ولا بالباكيستانية,,
"2024-08-13,22:44:48",0z.f,#0,اسبانيولية<:juan:1150418197581922344>,,
"2024-08-13,22:44:57",0z.f,#0,مقبيل داتلي بلاصتي وكوفت روحها<:juan:1150418197581922344>,,
"2024-08-13,22:45:00",blood02151,#0,طريق مثالية لجهنم,ymah0059#0,
"2024-08-13,22:45:07",blood02151,#0,هههه<:KEKYou:1150418200027201566> <:juan:1150418197581922344>,,
"2024-08-13,22:45:08",0z.f,#0,-♾️/aura,,
"2024-08-13,22:45:15",ymah0059,#0,قولها رونالدو ماركا هاتريك على الاسبان و انا نماركي هاتريك عليك,,
"2024-08-13,22:45:23",ymah0059,#0,+1M aura,,
"2024-08-13,22:45:31",0z.f,#0,ماشي لازم هاتريك,ymah0059#0,
"2024-08-13,22:45:37",0z.f,#0,دات شمباني<:juan:1150418197581922344>,,
"2024-08-13,22:45:44",0z.f,#0,وزادتلو كوكا,,
"2024-08-13,22:46:03",ymah0059,#0,شونو هادا؟,,
"2024-08-13,22:46:04",0z.f,#0,كيفاه كانت غايسة فيا بصح يازح<:NIGGA_omg:1150394296680329226>,,
"2024-08-13,22:46:14",0z.f,#0,Chmapania<:juan:1150418197581922344>,ymah0059#0,
"2024-08-13,22:46:15",ymah0059,#0,ما تقاطعش خلينا منها,,
"2024-08-13,22:46:20",ymah0059,#0,و زيد كبيرة,,
"2024-08-13,22:46:27",ymah0059,#0,حنا نحبو الصغار برك,,
"2024-08-13,22:47:20",0z.f,#0,سخون كثر مني<:juan:1150418197581922344>,,
"2024-08-13,22:47:33",ymah0059,#0,<@870217361733591050> <@1235888887847456846> قالك وش الفرق بين القطار و الطفال الصغار؟,0z.f#0,
"2024-08-13,22:47:43",0z.f,#0,ماشي صغيرة,ymah0059#0,
"2024-08-13,22:47:48",0z.f,#0,تبان 19سنة,,
"2024-08-13,22:47:49",0z.f,#0,<:juan:1150418197581922344>,,
"2024-08-13,22:47:54",0z.f,#0,تبان قدي<:NIGGA_omg:1150394296680329226>,,
"2024-08-13,22:47:59",ymah0059,#0,القطار لازمك تيكي باه تركبو و الولاد الصغار لازمك حلوى باه تركبهم,,
"2024-08-13,22:48:23",ymah0059,#0,خلينا منها,0z.f#0,
"2024-08-13,22:49:45",0z.f,#0,Tofla raht w nta ab9a tetmnik,,
"2024-08-13,22:49:58",0z.f,#0,نتلاقا بيها غدوة متخممش,,
"2024-08-13,22:50:09",0z.f,#0,نلقاها لابسة دوبياس نورمال<:juan:1150418197581922344>,,
"2024-08-13,22:52:26",ymah0059,#0,البس بوكسور تاع سبيدرمان ذوك تشوف كيفاه تهبط على ركايبها,,
"2024-08-13,22:52:34",ymah0059,#0,ابس سليب خير,,
"2024-08-13,22:52:40",ymah0059,#0,باه تكون SIGMA,,
"2024-08-13,22:52:50",ymah0059,#0,الرجال يلبسو سليب فرماجة,,
"2024-08-13,22:54:38",ilies0374,#0,+1000Aura,ymah0059#0,
"2024-08-13,22:55:52",demon_slayer_tanjiro_kamado,#0,سلام,,
"2024-08-13,22:55:56",demon_slayer_tanjiro_kamado,#0,يدكم فيه,,
"2024-08-13,22:57:10",demon_slayer_tanjiro_kamado,#0,<@1255997155311882297>,ilies0374#0,
"2024-08-13,22:57:31",demon_slayer_tanjiro_kamado,#0,يدك فيه نتا تحب لبنات و انا نسرقهم,,
"2024-08-13,22:57:38",demon_slayer_tanjiro_kamado,#0,😂,,
"2024-08-13,22:58:01",ymah0059,#0,نتوما تحبو البنات و تسرقوهم و نسرق الحفاضات تاعهم و نركبهم <@1264558495034769438> <@1255997155311882297>,ilies0374#0、demon_slayer_tanjiro_kamado#0,
"2024-08-13,22:58:03",ilies0374,#0,نسيت باش نكتب و القطط,demon_slayer_tanjiro_kamado#0,
"2024-08-13,22:58:33",demon_slayer_tanjiro_kamado,#0,اودي روح تحيا لبنات,ymah0059#0,
"2024-08-13,22:58:36",demon_slayer_tanjiro_kamado,#0,تع انمي,,
"2024-08-13,22:58:47",demon_slayer_tanjiro_kamado,#0,فيهم وحد الخير,,
"2024-08-13,22:58:51",ymah0059,#0,الصغار*,demon_slayer_tanjiro_kamado#0,
"2024-08-13,22:59:06",ymah0059,#0,قالك وش الفرق بين القطار و الولاد الصغار؟,,
"2024-08-13,22:59:17",king1096910,#0,im tree,,
"2024-08-13,22:59:31",demon_slayer_tanjiro_kamado,#0,القطار طويل ك ال ز ب و الطفل تاعو قصير,ymah0059#0,
"2024-08-13,22:59:32",ymah0059,#0,القطار لازمك تيكي باه تركبو و الاولاد الصغار لازمك حلوى باه تركبهم,,
"2024-08-13,22:59:41",ymah0059,#0,قريب جبتها,demon_slayer_tanjiro_kamado#0,
"2024-08-13,22:59:55",ymah0059,#0,14<,demon_slayer_tanjiro_kamado#0,
"2024-08-13,23:00:13",demon_slayer_tanjiro_kamado,#0,I AM سراق لبنات و البزازل و الترام,king1096910#0,
"2024-08-13,23:00:26",ilies0374,#0,-14<:SU_NOICE:1152013869057847326>,demon_slayer_tanjiro_kamado#0,
"2024-08-13,23:00:39",demon_slayer_tanjiro_kamado,#0,متحرش,ilies0374#0,
"2024-08-13,23:00:40",ymah0059,#0,هام الرجال,ilies0374#0,
"2024-08-13,23:01:18",demon_slayer_tanjiro_kamado,#0,يدكم فيه,,
"2024-08-13,23:01:21",demon_slayer_tanjiro_kamado,#0,رايح نبنيط,,
"2024-08-13,23:01:26",demon_slayer_tanjiro_kamado,#0,على انمي,,
"2024-08-13,23:01:30",ymah0059,#0,نقولكم عفسة بصح ما تخرجونيش من السيرفر,,
"2024-08-13,23:01:40",demon_slayer_tanjiro_kamado,#0,اهدر,ymah0059#0,
"2024-08-13,23:01:50",ilies0374,#0,تحيا صغارت,,
"2024-08-13,23:02:46",ilies0374,#0,<:gigachad:1150419236989186078>,ymah0059#0,
"2024-08-13,23:02:50",demon_slayer_tanjiro_kamado,#0,<@1215456572910866444> راك تكتب في قصة,ymah0059#0,
"2024-08-13,23:02:56",ymah0059,#0,صرات حكاية عندها 4 سنين هاكداك كانت عندي بنت عمتي صغير في عمرها 3 سنين ولا 5 كانت ترضع ف سوسات نحيتهالها من فمها و عطيتلها ز بي في يدها و ناضت ترصعو,,
"2024-08-13,23:02:59",demon_slayer_tanjiro_kamado,#0,خف طولت على ال ز ب ي,,
"2024-08-13,23:03:01",ymah0059,#0,ربي يغفرلي برك,,
"2024-08-13,23:03:24",demon_slayer_tanjiro_kamado,#0,يا الز بي,ymah0059#0,
"2024-08-13,23:03:35",demon_slayer_tanjiro_kamado,#0,<:NIGGA_omg:1150394296680329226>,ymah0059#0,
"2024-08-13,23:03:41",themask0239,#0,أاااا,,
"2024-08-13,23:03:42",demon_slayer_tanjiro_kamado,#0,<:juan:1150418197581922344>,ymah0059#0,
"2024-08-13,23:03:46",themask0239,#0,# وي,,
"2024-08-13,23:03:46",king1096910,#0,"dh: fkn,^q",ymah0059#0,
"2024-08-13,23:04:09",king1096910,#0,<:emoji_104:1191547769664573450>,ymah0059#0,
"2024-08-13,23:04:15",ymah0059,#0,كنت ما نعرفش ربي يغفرلي و صاي,demon_slayer_tanjiro_kamado#0,
"2024-08-13,23:04:21",demon_slayer_tanjiro_kamado,#0,ز بي  نتا شيطاني <@1215456572910866444>,ymah0059#0,
"2024-08-13,23:04:31",demon_slayer_tanjiro_kamado,#0,نتا شيطان,ymah0059#0,
"2024-08-13,23:04:47",demon_slayer_tanjiro_kamado,#0,ابليس و ما دارهاش,ymah0059#0,
"2024-08-13,23:05:13",ilies0374,#0,خطرا دخلت كحلوشة من الي يقعدو برا باش تديرلي ضفائر بلعت عليها 4 سوايع دارتلي بيبا روايال في ضار كنت كاريها <:ahegao:1150410734057033738>,,
"2024-08-13,23:05:18",ymah0059,#0,باناوني يا زح,,
"2024-08-13,23:05:38",ymah0059,#0,نتا تكري دار؟,ilies0374#0,
"2024-08-13,23:05:53",ymah0059,#0,كان في عمري 12 يا ز بي ما كنتش نعرف,demon_slayer_tanjiro_kamado#0,
"2024-08-13,23:05:59",ilies0374,#0,وي نكري كنت في وهران,,
"2024-08-13,23:06:08",ilies0374,#0,<:ahegao:1150410734057033738>,,
"2024-08-13,23:06:39",ymah0059,#0,مليح,,
"2024-08-13,23:06:46",ymah0059,#0,اكريلي دار,,
"2024-08-13,23:06:55",ymah0059,#0,نديرك بيبا بريميوم,,
"2024-08-13,23:06:58",ymah0059,#0,مللور,,
"2024-08-13,23:06:59",demon_slayer_tanjiro_kamado,#0,ز بي,ymah0059#0,
"2024-08-13,23:07:13",king1096910,#0,<:emoji_106:1191547968151617626>,,
"2024-08-13,23:07:33",0_gf,#0,,,
"2024-08-13,23:07:35",ymah0059,#0,دوكا ربي هداني ما وليتش نتبع البنات لي قل من 10 سنين,,
"2024-08-13,23:07:43",m3d17,#0,"Discord punished me on August 9th by giving me a warren because I said something offensive, no dispute.

But today a few moments ago I was surprised that you gave me Warren again on the same sentence! and You have limited my account until August 15th. !!!!

What is this nonsense? Is this how you treat people?!

I ask you to remove it from me and remove Warren",,
"2024-08-13,23:07:44",demon_slayer_tanjiro_kamado,#0,الشات رهو غي ن ي ك,,
"2024-08-13,23:07:54",m3d17,#0,ديكسورد قتلو هكذا زعما ينحي الميوت من كونتي؟,,
"2024-08-13,23:07:56",m3d17,#0,<:Dead_inside:1150410964659863592>,,
"2024-08-13,23:08:14",ymah0059,#0,لاه وش قلت نتا؟,,
"2024-08-13,23:08:16",demon_slayer_tanjiro_kamado,#0,بصح مازلت تخرج ز بك ليهم  ؟,ymah0059#0,
"2024-08-13,23:08:32",ymah0059,#0,نن ولاو هوما لي يجيو ليه 😎,demon_slayer_tanjiro_kamado#0,
"2024-08-13,23:08:38",m3d17,#0,يخو ديسكورد تع شكوبي على جملة تع نبيع زطلة عطاوني زوج وارنات حقرة و زيد ميوت في ذا <@1030515269904367616>,m3d.com#0、ymah0059#0,
"2024-08-13,23:08:42",ilies0374,#0,ياخو نحكمك ندخلك للحانوت متل الفتيات الصغيرات نكتلك ب الطوطا,ymah0059#0,
"2024-08-13,23:08:47",demon_slayer_tanjiro_kamado,#0,ز بي,ymah0059#0,
"2024-08-13,23:09:06",ymah0059,#0,قوتلهم عندو ذوق السكاكر 😎,demon_slayer_tanjiro_kamado#0,
"2024-08-13,23:09:15",m3d17,#0,"حبسنا تمنييك تع ميوت في السيرفرات
هرب لديسكورد وليت ندي ميوت من عندهم 😝😱",,
"2024-08-13,23:09:19",demon_slayer_tanjiro_kamado,#0,يا الز بي,ymah0059#0,
"2024-08-13,23:09:27",ymah0059,#0,<:KEKYou:1150418200027201566>,m3d17#0,
"2024-08-13,23:09:41",demon_slayer_tanjiro_kamado,#0,@everyone لي حاب يدخل سيرفر هنتاي يدخل بريفي,,
"2024-08-13,23:09:46",ymah0059,#0,عيباد نقوشا و صاي 😂,m3d17#0,
"2024-08-13,23:10:04",ymah0059,#0,راني جاي,demon_slayer_tanjiro_kamado#0,
"2024-08-13,23:10:29",demon_slayer_tanjiro_kamado,#0,@everyone لي حاب يدخل سيرفر هنتاي يدخل بريفي,,
"2024-08-13,23:11:03",ymah0059,#0,اكسيبتي يا زح,,
"2024-08-13,23:11:07",ymah0059,#0,بعثتلك ميساج,,
"2024-08-13,23:13:28",uchiha.obito0361,#0,ناس راهي طير,,
"2024-08-13,23:15:30",_e6b,#0,<:uncannycat:1152013915954352148> <:uncannycat:1152013915954352148>,,
"2024-08-13,23:15:32",ymah0059,#0,<@1264558495034769438> ڨاع ارواحو عندو للبريفي عندو سيرفر هنتاي مقود,demon_slayer_tanjiro_kamado#0,
"2024-08-13,23:18:23",whodvl.,#0,قلبتوها هنتاي,,
"2024-08-13,23:19:11",whodvl.,#0,دخلنا مي بوت تاعه يحب الطوطا,,
"2024-08-13,23:19:14",whodvl.,#0,ما يخدمش,,
"2024-08-13,23:22:55",0z.f,#0,<:way61:1152013922229043310>,,
"2024-08-13,23:24:49",0z.f,#0,<@1264558495034769438> راني جبتهالك تشطح<:way61:1152013922229043310>,demon_slayer_tanjiro_kamado#0,
"2024-08-13,23:26:51",mouhamedsoltani,#0,Vcffk,,
"2024-08-13,23:27:05",ilies0374,#0,حميدا إرحل,,
"2024-08-13,23:29:57",hiiloo8044,#0,إرحل <:Dead_inside:1150410964659863592>,ilies0374#0,
"2024-08-13,23:31:29",hiiloo8044,#0,عداه مرض أميقو<:NIGGA_omg:1150394296680329226>,ilies0374#0,
"2024-08-13,23:31:40",abdelhadi09119,#0,سلام عليكم,,
"2024-08-13,23:31:51",abdelhadi09119,#0,تصبحو بخير,,
"2024-08-13,23:32:25",ilies0374,#0,للأسف<:emoji_47:1151909990727163954>,hiiloo8044#0,
"2024-08-13,23:35:41",zaudeooo_15311,#0,ااسلام عليكم,,
"2024-08-13,23:36:27",uchiha.obito0361,#0,سلام,,
"2024-08-13,23:36:59",zaudeooo_15311,#0,كاش اجناس هاربة نديرولها نكاح,,
"2024-08-13,23:38:35",uchiha.obito0361,#0,كاين دا,demon_slayer_tanjiro_kamado#0,
"2024-08-13,23:39:23",_.69_.,#0,🥰,,
"2024-08-13,23:42:09",zaudeooo_15311,#0,اعطيني نيمروه نهدر معاه,uchiha.obito0361#0,
"2024-08-13,23:42:14",mitchikatsu,#0,.,demon_slayer_tanjiro_kamado#0,
"2024-08-13,23:42:19",mitchikatsu,#0,دخلني ؟,,
"2024-08-13,23:42:41",uchiha.obito0361,#0,لازم لك تصورلنا ترمتك باش تدخل,mitchikatsu#0,
"2024-08-13,23:43:02",mitchikatsu,#0,nah,uchiha.obito0361#0,
"2024-08-13,23:43:15",mitchikatsu,#0,لكان دخلت سما نتا صورتها ؟,,
"2024-08-13,23:43:24",uchiha.obito0361,#0,لا,,
"2024-08-13,23:43:31",mitchikatsu,#0,مالا مديتها,,
"2024-08-13,23:43:33",uchiha.obito0361,#0,دارو ذا قانون غير كي دخلت,,
"2024-08-13,23:43:40",uchiha.obito0361,#0,سما تحشاتلهم,,
"2024-08-13,23:43:45",mitchikatsu,#0,مزهور,uchiha.obito0361#0,
"2024-08-13,23:43:53",uchiha.obito0361,#0,Yep,,
"2024-08-13,23:43:54",mitchikatsu,#0,نورمال دخلني معريفة,,
"2024-08-13,23:44:05",mitchikatsu,#0,اك تعرف,,
"2024-08-13,23:44:16",mitchikatsu,#0,الرشوة تقبلها ؟,,
"2024-08-13,23:44:23",uchiha.obito0361,#0,اوكي رسلي,,
"2024-08-13,23:44:36",mitchikatsu,#0,<:cum:1152013788653031434>,,
"2024-08-13,23:44:54",whodvl.,#0,<:g_meme_niggasleep_FGC:1152015896500502649>,,
"2024-08-13,23:45:05",mitchikatsu,#0,💸 💸 زوج ملان يكفيو,,
"2024-08-13,23:46:56",m7_.n8,#0,,,https://cdn.discordapp.com/attachments/1227367017661595708/1273050184728969350/IMG_20240309_145304_357.jpg?ex=672dec20&is=672c9aa0&hm=756dbc8b2e62019ae63e1717cbbd0cf27c4c4a9d95bdca8715226062627c911c&
"2024-08-13,23:47:33",uchiha.obito0361,#0,إخوانه لم يستطع مقاومة طن أوت,,
"2024-08-13,23:49:44",2jz.o7,#0,Nigga,m7_.n8#0,
"2024-08-13,23:50:18",mitchikatsu,#0,zinga,2jz.o7#0,
"2024-08-13,23:52:21",tomioka_giyuu1,#0,ayo,,
"2024-08-13,23:52:26",uchiha.obito0361,#0,Oi,,
