Date,Username,User tag,Content,Mentions,link
"2024-11-06,11:07:51",aaamethysttt,#0,A380?,djazairi.213#0,
"2024-11-06,11:08:02",m1k4eru,#0,at the end la khedma la houm ya7zanoun hdi aslan ida khdemti y3touk max kch 3 M,,
"2024-11-06,11:08:13",m1k4eru,#0,7bsi 9raya khtik khti,aaamethysttt#0,
"2024-11-06,11:08:19",aaamethysttt,#0,😭,m1k4eru#0,
"2024-11-06,11:08:30",m1k4eru,#0,diri pression lro7k fi batal,,
"2024-11-06,11:08:34",m1k4eru,#0,wch t9ray ?,,
"2024-11-06,11:08:40",m1k4eru,#0,nchlh machi lycée brk,,
"2024-11-06,11:08:46",djazairi.213,#0,a320,aaamethysttt#0,
"2024-11-06,11:08:47",m1k4eru,#0,,,
"2024-11-06,11:08:48",aaamethysttt,#0,2eme matheleme,m1k4eru#0,
"2024-11-06,11:08:51",aaamethysttt,#0,Lycee sahit,,
"2024-11-06,11:08:58",m1k4eru,#0,khla dar bouh,aaamethysttt#0,
"2024-11-06,11:09:00",m1k4eru,#0,,,
"2024-11-06,11:09:01",aaamethysttt,#0,"Niice
I love the neo",djazairi.213#0,
"2024-11-06,11:09:41",djazairi.213,#0,its a CEO,aaamethysttt#0,
"2024-11-06,11:09:46",m1k4eru,#0,khelo lkhedma o l9raya lrdjal,aaamethysttt#0,
"2024-11-06,11:10:03",yia06555,#0,lala kach mod nad sbah massabch croissant sekhoun kalak lazem inahilk role,m1k4eru#0,
"2024-11-06,11:10:18",m1k4eru,#0,maybe,yia06555#0,
"2024-11-06,11:10:29",yia06555,#0,3leh za3ma maditi specialité dyalk za3ma bach tzoukhi,aaamethysttt#0,
"2024-11-06,11:10:48",yia06555,#0,ha lhadra,m1k4eru#0,
"2024-11-06,11:10:49",nemouz,#0,Z3ma aura,,
"2024-11-06,11:10:57",m1k4eru,#0,nass tzoukh b mathelem mskina,yia06555#0,
"2024-11-06,11:11:00",aaamethysttt,#0,Hhhhhhhhhhhhhhhhhhhhhhhhhhhhhhhhhhhhhhhhhhhhhhhhhhhhhhhhhhhhhhhhhhhhhhhhhhhhhhhhhhhhhhhhhhhhhhhhhhhhhhhhhhhhhhhh,yia06555#0,
"2024-11-06,11:11:01",yia06555,#0,z3ma nymz,,
"2024-11-06,11:11:09",alectrona_666,#0,slm,,
"2024-11-06,11:11:11",nemouz,#0,Aura 3ora,,
"2024-11-06,11:11:13",aaamethysttt,#0,Mn 7a9i,,
"2024-11-06,11:11:24",yia06555,#0,downfall,m1k4eru#0,
"2024-11-06,11:11:29",yia06555,#0,fa9tlk,aaamethysttt#0,
"2024-11-06,11:11:30",nemouz,#0,Salam ana malika,alectrona_666#0,
"2024-11-06,11:11:37",yia06555,#0,rebi mayhabch swakhin,aaamethysttt#0,
"2024-11-06,11:11:51",alectrona_666,#0,ajit adawr 3ala al hob al 7a9i9i,nemouz#0,
"2024-11-06,11:12:08",alectrona_666,#0,و الراجل يلي يسطحقني,,
"2024-11-06,11:12:10",yia06555,#0,"مرحبا انا مليكة عمري 26 سنة 💃💃💃 بشتغل بالعقارات وبالترجمة عايشة باسطنبول وانا من المغرب 💃💃💃💃💃وجيت على هذه الززيرة منشان ادور عالحب الحقيقي والرجال الي يسطحقني💃💃💃💃
got you guys",,
"2024-11-06,11:12:24",alectrona_666,#0,LMAOOO,yia06555#0,
"2024-11-06,11:12:30",nemouz,#0,HHHHHHHHH,,
"2024-11-06,11:12:35",aaamethysttt,#0,"Eh lah rz9ni b hed l3fsa al hamduli'allah anyways w we r all humans 
Nta khir mni f haja ana khir mnk f haja khlaf",yia06555#0,
"2024-11-06,11:12:35",yia06555,#0,ana nadkhol fik b darb ida habiti,alectrona_666#0,
"2024-11-06,11:12:40",m1k4eru,#0,"fmnamek mara7ch tel9ayah , jiti t7wsi f discord",alectrona_666#0,
"2024-11-06,11:12:54",alectrona_666,#0,Alik l incels,,
"2024-11-06,11:13:03",alectrona_666,#0,Khra,,
"2024-11-06,11:13:15",alectrona_666,#0,ghi neymzo li funny f had chat,,
"2024-11-06,11:13:31",yia06555,#0,"lala okht samhili 
kayan efayas khir mais mathelem machi eafsa tae zoukh mais des preferences brq",aaamethysttt#0,
"2024-11-06,11:13:33",m1k4eru,#0,msaken bnat li ytkhaylo y3icho ki romeo et juliette hdik fl movie omknch,,
"2024-11-06,11:13:45",yia06555,#0,khti mat9olilich haka psq ana sensible bzzf,alectrona_666#0,
"2024-11-06,11:14:00",aaamethysttt,#0,"Eh sahit
Wch 9l9k nta?",yia06555#0,
"2024-11-06,11:14:16",yia06555,#0,jamais kont m9ala9 f hyati ana,aaamethysttt#0,
"2024-11-06,11:14:22",aaamethysttt,#0,Sahit,yia06555#0,
"2024-11-06,11:14:43",yia06555,#0,ay 17 yo teengers datha srx elablk,m1k4eru#0,
"2024-11-06,11:15:03",m1k4eru,#0,ywdi takhayolat li f risanhom skot brk,yia06555#0,
"2024-11-06,11:15:08",m1k4eru,#0,dok zawj salah o mknch,,
"2024-11-06,11:15:13",m1k4eru,#0,,,
"2024-11-06,11:15:19",m1k4eru,#0,khlas kmelna ga3,,
"2024-11-06,11:15:24",m1k4eru,#0,m93dnach,,
"2024-11-06,11:15:36",yia06555,#0,https://tenor.com/view/gauss-warframe-prime-speed-run-gif-5262691005362441267,,
"2024-11-06,11:15:39",yia06555,#0,harba,,
"2024-11-06,11:15:41",aaamethysttt,#0,"Wch tkhayelt?
Mnich mrkza m3a chat tho",m1k4eru#0,
"2024-11-06,11:16:05",m1k4eru,#0,"manich 3lik tkt , kyn li rahom yetkhaylo l7ob",aaamethysttt#0,
"2024-11-06,11:16:08",yia06555,#0,"ya okht ranna nharcho brq 
kona ngasro meak ki 9onalk tzoukhi",aaamethysttt#0,
"2024-11-06,11:16:13",yia06555,#0,kima ana,m1k4eru#0,
"2024-11-06,11:16:25",yia06555,#0,ntkhayal ana bzzf,,
"2024-11-06,11:16:36",m1k4eru,#0,nta ak tkhmm 3lih bl3 9wd,yia06555#0,
"2024-11-06,11:16:37",kitter969,#0,i developed anger issue,,
"2024-11-06,11:16:40",aaamethysttt,#0,"Eh
Ana I'm not even thinking about that rn",m1k4eru#0,
"2024-11-06,11:16:57",aaamethysttt,#0,No worries all good✨🌷,yia06555#0,
"2024-11-06,11:17:06",m1k4eru,#0,who cares XD lthay b9raytek mchi 3ndk devoir,aaamethysttt#0,
"2024-11-06,11:17:15",yia06555,#0,chekoun howa,m1k4eru#0,
"2024-11-06,11:17:28",kitter969,#0,<:ALG_Sadge:1188883647772758106>,m1k4eru#0,
"2024-11-06,11:17:29",m1k4eru,#0,aywaaaaaaaa ms nta 7mar rana mkhaltin,yia06555#0,
"2024-11-06,11:17:35",m1k4eru,#0,lzm nfhmk ?,,
"2024-11-06,11:17:35",aaamethysttt,#0,Mjach prof hhhhhhhhhhhhhhhhhhhhhhhhhhhhhhhhhhhhhhhhhhhhhhhhhhhhhhhhhhhh lah yhfdo,m1k4eru#0,
"2024-11-06,11:17:40",yia06555,#0,bl39l meskina she's only 17 bro,m1k4eru#0,
"2024-11-06,11:17:57",aaamethysttt,#0,Yo5ne9 fya?,yia06555#0,
"2024-11-06,11:18:06",yia06555,#0,lala ana manich nkhamam f lakhmadj ana ntkhayal,m1k4eru#0,
"2024-11-06,11:18:11",m1k4eru,#0,ah allah ysahel li ydou9 discord yzid ydou9 m3ah 3dabo,yia06555#0,
"2024-11-06,11:18:18",kitter969,#0,17yo,,
"2024-11-06,11:18:20",yia06555,#0,nah bully brq,aaamethysttt#0,
"2024-11-06,11:18:25",m1k4eru,#0,m3lih next time ydrbkom b sujet s7i7,aaamethysttt#0,
"2024-11-06,11:18:25",nemouz,#0,Chkoun 17 hna,,
"2024-11-06,11:18:31",yia06555,#0,run,,
"2024-11-06,11:18:32",yia06555,#0,ja nymz,,
"2024-11-06,11:18:33",kitter969,#0,i thought she 28 or something,,
"2024-11-06,11:18:36",m1k4eru,#0,aywaaaaaa ms nta mb3r,yia06555#0,
"2024-11-06,11:18:42",aaamethysttt,#0,Sujets te3o m9wdin mn dok haha,m1k4eru#0,
"2024-11-06,11:18:50",nemouz,#0,Bla tweswis li 17 years old 7ab ndirlou haja brk,,
"2024-11-06,11:18:53",aaamethysttt,#0,Alrighty,yia06555#0,
"2024-11-06,11:18:54",m1k4eru,#0,eyaaaah ey ey yaw aw,aaamethysttt#0,
"2024-11-06,11:18:55",nemouz,#0,Nblockih,,
"2024-11-06,11:19:03",aaamethysttt,#0,Go ahead,nemouz#0,
"2024-11-06,11:19:08",yia06555,#0,roho l privé eand tonton vajin,,
"2024-11-06,11:19:10",aaamethysttt,#0,Ma zedt ma n99est,,
"2024-11-06,11:19:16",nemouz,#0,Bs7 who is,aaamethysttt#0,
"2024-11-06,11:19:19",aaamethysttt,#0,Huh,m1k4eru#0,
"2024-11-06,11:19:25",aaamethysttt,#0,<@1237841015193468951>,nemouz#0、aaamethysttt#0,
"2024-11-06,11:19:28",yia06555,#0,third word li 9oltih hna eandna tatyah elablk,aaamethysttt#0,
"2024-11-06,11:19:40",kitter969,#0,nymz na9ess men 7yatek is real depression,aaamethysttt#0,
"2024-11-06,11:19:48",m1k4eru,#0,nrmll 9wd ay normal,yia06555#0,
"2024-11-06,11:19:53",m1k4eru,#0,on est a oran,,
"2024-11-06,11:19:57",nemouz,#0,"Yah ya nmi, a staff a7chmou chwi din lah realm fih mlyar minoura",,
"2024-11-06,11:20:11",yuriiiiiiiiie,#0,kirak dayer,saifhachaniii#0,
"2024-11-06,11:20:12",m1k4eru,#0,17,nemouz#0,
"2024-11-06,11:20:15",aaamethysttt,#0,Sorry then,yia06555#0,
"2024-11-06,11:20:15",kitter969,#0,they like it that way,nemouz#0,
"2024-11-06,11:20:25",kitter969,#0,y7ebo ykebrohom,,
"2024-11-06,11:20:30",m1k4eru,#0,bihom yetla3 server,nemouz#0,
"2024-11-06,11:20:32",yuriiiiiiiiie,#0,bessah kayen interro hhhhh,aaamethysttt#0,
"2024-11-06,11:20:34",yia06555,#0,lala ana 9bayli,m1k4eru#0,
"2024-11-06,11:20:35",aaamethysttt,#0,Better,kitter969#0,
"2024-11-06,11:20:38",nemouz,#0,Wirahhom tatawet el 30+ bro cmon,,
"2024-11-06,11:20:46",m1k4eru,#0,fuck u then,yia06555#0,
"2024-11-06,11:20:46",aaamethysttt,#0,😭last year nrml dw,yuriiiiiiiiie#0,
"2024-11-06,11:20:56",kitter969,#0,<@847594538854907954> hadi tata kbayliya,nemouz#0、yuriiiiiiiiie#0,
"2024-11-06,11:21:02",kitter969,#0,t7eb drahem,,
"2024-11-06,11:21:12",nemouz,#0,Hadi blockitha deja,kitter969#0,
"2024-11-06,11:21:19",nemouz,#0,Techti l7enna,,
"2024-11-06,11:21:23",kitter969,#0,tblocki tatat ?,nemouz#0,
"2024-11-06,11:21:28",yia06555,#0,roh tchrab,m1k4eru#0,
"2024-11-06,11:21:30",m1k4eru,#0,mnkhdmouch b lage,,
"2024-11-06,11:21:33",kitter969,#0,ewwwww,nemouz#0,
"2024-11-06,11:21:35",yia06555,#0,b mizan,,
"2024-11-06,11:21:43",saifhachaniii,#0,Labas w nti,yuriiiiiiiiie#0,
"2024-11-06,11:22:01",m1k4eru,#0,fo9 72 makalah,yia06555#0,
"2024-11-06,11:22:03",kitter969,#0,mkach 7aja perfect fel dzair ki tsibha tata kbayliya tsibha m9awda fi 39elha,,
"2024-11-06,11:22:03",yia06555,#0,,,https://cdn.discordapp.com/attachments/840535839138119680/1303665699473981530/vladimir_putin_houari_boumediene_.mp4?ex=672de64b&is=672c94cb&hm=9a6108c0d619866346f5740c85e56f11e8bb77ccbbba2e23118104be128ffff8&
"2024-11-06,11:22:05",yuriiiiiiiiie,#0,doing well el hmdlh,saifhachaniii#0,
"2024-11-06,11:22:15",nemouz,#0,L7enna red flag,,
"2024-11-06,11:22:29",yia06555,#0,la pointure for 38 red flag,,
"2024-11-06,11:22:40",yia06555,#0,fo9 70*,m1k4eru#0,
"2024-11-06,11:22:43",kitter969,#0,7na 3aychin fel khra w nzido ndiro 7ena,nemouz#0,
"2024-11-06,11:22:47",saifhachaniii,#0,Nodti sbah rhti t9ray!?,yuriiiiiiiiie#0,
"2024-11-06,11:22:52",kitter969,#0,what difference,,
"2024-11-06,11:23:28",yia06555,#0,<@433726581014265876>,m1k4eru#0,https://cdn.discordapp.com/attachments/840535839138119680/1303666052806475847/Snapinsta.app_video_426088959_905173951157141_6643710697370708459_n.mp4?ex=672de69f&is=672c951f&hm=3e69c1050f72035f0f57efd0017d41269b214ab34bdf3c8ce20160a22cb728e0&
"2024-11-06,11:23:29",aaamethysttt,#0,Psq 3arf lokan ktr m 38 t3fs 3lik<:ALG_kekw:852170231673782332> ayna 7o9o9 al mar2a,yia06555#0,
"2024-11-06,11:23:52",hotsana.,#0,3leh mtrohich t9wdi,titanos3059#0,
"2024-11-06,11:23:54",nemouz,#0,Pwantchugh,,
"2024-11-06,11:23:55",yia06555,#0,"jamais ta3rf 3liya ana 
nti byna tlbsi wahad 40",aaamethysttt#0,
"2024-11-06,11:24:04",hotsana.,#0,Nji n3fes elik,,
"2024-11-06,11:24:11",aaamethysttt,#0,Bayna oue,yia06555#0,
"2024-11-06,11:24:26",yia06555,#0,oue hadi tae zaema la france,aaamethysttt#0,
"2024-11-06,11:24:42",yia06555,#0,zidlha kaf men3endi hbb,hotsana.#0,
"2024-11-06,11:25:02",aaamethysttt,#0,Mzya ki t3rf,yia06555#0,
"2024-11-06,11:25:03",hotsana.,#0,Chir mchi chira khanez hda,yia06555#0,
"2024-11-06,11:25:20",y_yur,#0,Elmar2a Elmostarjila,hotsana.#0,
"2024-11-06,11:25:42",hotsana.,#0,Gol welah,y_yur#0,
"2024-11-06,11:26:12",yuriiiiiiiiie,#0,lala man9rach mba9ilich 9raya,saifhachaniii#0,
"2024-11-06,11:26:55",yia06555,#0,rohi t9ray do seance ldjaya,aaamethysttt#0,
"2024-11-06,11:27:07",aaamethysttt,#0,Hein,yia06555#0,
"2024-11-06,11:27:33",nemouz,#0,Madam ma fhmtch wch m3ntha konjigizon,,
"2024-11-06,11:28:24",saifhachaniii,#0,Tro7i l 7ayat al 3amaliya,yuriiiiiiiiie#0,
"2024-11-06,11:28:31",yia06555,#0,dok iji chikh rohi t9ray,aaamethysttt#0,
"2024-11-06,11:28:56",aaamethysttt,#0,"Madame 
Mazmozel",yia06555#0,
"2024-11-06,11:28:59",aaamethysttt,#0,Mchi chikh,,
"2024-11-06,11:29:10",nemouz,#0,Choufihali,,
"2024-11-06,11:29:18",yia06555,#0,mazmozl hadi jdida,aaamethysttt#0,
"2024-11-06,11:29:22",yuriiiiiiiiie,#0,wah ani fiha,saifhachaniii#0,
"2024-11-06,11:29:25",yia06555,#0,mathabouch redjal,aaamethysttt#0,
"2024-11-06,11:29:36",yia06555,#0,<@1237841015193468951> chehal fi 3mrha prof dyalkom ?,aaamethysttt#0,
"2024-11-06,11:29:58",aaamethysttt,#0,41 hkk,yia06555#0,
"2024-11-06,11:30:04",yia06555,#0,<@265538795472945152>,nemouz#0、aaamethysttt#0,
"2024-11-06,11:30:11",nemouz,#0,Aaa perfect,,
"2024-11-06,11:30:12",yia06555,#0,kbira ambali sghira,aaamethysttt#0,
"2024-11-06,11:30:16",aaamethysttt,#0,Chart nkhlso ana,yia06555#0,
"2024-11-06,11:30:23",aaamethysttt,#0,Lala,yia06555#0,
"2024-11-06,11:30:34",yia06555,#0,manhabch tatat ana,aaamethysttt#0,
"2024-11-06,11:30:47",yia06555,#0,lala batal,aaamethysttt#0,
"2024-11-06,11:30:48",aaamethysttt,#0,"Mais 3ndk wchno 7ara
Strong independent woman",,
"2024-11-06,11:30:58",aaamethysttt,#0,Slaves w bdrahem,yia06555#0,
"2024-11-06,11:31:02",kitter969,#0,i will start spamming thresh fel rank,,
"2024-11-06,11:31:02",nemouz,#0,Jibili nimiroha drk ma tzidoch t9raw 7isetha hatan yjibou moustkhlfa,,
"2024-11-06,11:31:16",yia06555,#0,rak rah t3w9ha nymz ?,nemouz#0,
"2024-11-06,11:31:19",aaamethysttt,#0,Hhhhhhhhhhhhhhhhhhhhhhhhhhhhhhhhhhhhhhhhhhhhhhhhhhhhhhhhhhhh la nhb madame mnsm7ch,nemouz#0,
"2024-11-06,11:31:30",kitter969,#0,and i will play it counter engage style,,
"2024-11-06,11:31:32",yia06555,#0,jamais ana slave especially to a woman,aaamethysttt#0,
"2024-11-06,11:31:40",nemouz,#0,Ra7 ndkhl fiha b hilux,yia06555#0,
"2024-11-06,11:31:44",aaamethysttt,#0,Huh????!!,yia06555#0,
"2024-11-06,11:31:49",yia06555,#0,hilux hiya l ...,nemouz#0,
"2024-11-06,11:31:55",yia06555,#0,howa*,,
"2024-11-06,11:32:00",nemouz,#0,Asbr lala,,
"2024-11-06,11:32:01",yia06555,#0,i wont be a slave,aaamethysttt#0,
"2024-11-06,11:32:13",yia06555,#0,ah mb mb nymz,,
"2024-11-06,11:32:20",yia06555,#0,https://tenor.com/view/toyota-hilux-hilux-gif-24871853,,
"2024-11-06,11:32:29",nemouz,#0,<:ALG_kekw:852170231673782332>,,
"2024-11-06,11:32:46",nemouz,#0,Fakin minourat,,
"2024-11-06,11:32:52",nemouz,#0,Realm siloun kbir,,
"2024-11-06,11:32:58",kitter969,#0,<:ALG_Sadge:1188883647772758106>,,
"2024-11-06,11:32:59",aaamethysttt,#0,Efhm rohk,yia06555#0,
"2024-11-06,11:33:12",nemouz,#0,Ana ro7 ndir kharya mn dak chekl aya a bientot,,
"2024-11-06,11:33:17",yia06555,#0,"ana jamais 9otlk nkon a slave 
9otlk l'age tae prof dyalk brq",aaamethysttt#0,
"2024-11-06,11:33:27",yia06555,#0,<@433726581014265876> aya kho,m1k4eru#0,
"2024-11-06,11:33:37",aaamethysttt,#0,"9l9tk?
They all respect me here sir
Don't use ur typical thoughts here",nemouz#0,
"2024-11-06,11:33:44",aaamethysttt,#0,Ni nchof,yia06555#0,
"2024-11-06,11:33:48",kitter969,#0,that time li ma 9dertch nerfed hilux break and everyone start giving me the twink look,,
"2024-11-06,11:33:58",kitter969,#0,<:ALG_Sadge:1188883647772758106>,,
"2024-11-06,11:34:01",nemouz,#0,Lala sibou ra7tkom rakom ni3m nes,aaamethysttt#0,
"2024-11-06,11:34:15",yia06555,#0,ana 3leh jamais 9ratni prof tae 25 ans ?,,
"2024-11-06,11:34:20",aaamethysttt,#0,"Idc about them anyways
Amina is Amina",nemouz#0,
"2024-11-06,11:34:27",aaamethysttt,#0,Mzwjin,yia06555#0,
"2024-11-06,11:34:31",m1k4eru,#0,oui,yia06555#0,
"2024-11-06,11:34:35",m1k4eru,#0,<@776769968955457546>,.coool#0,
"2024-11-06,11:34:40",aaamethysttt,#0,Y9ro f primere psq rjalhm yghiro elihm,,
"2024-11-06,11:34:53",yia06555,#0,"25 ans mzwjin ? 
en plus normal mzawdja ou t9ari",aaamethysttt#0,
"2024-11-06,11:34:55",nemouz,#0,Koun 9aratni wahda 25 koun rani elon musk drk,,
"2024-11-06,11:35:02",yia06555,#0,ana tan nghir,aaamethysttt#0,
"2024-11-06,11:35:02",aaamethysttt,#0,<@1152342466113048676>,yia06555#0,
"2024-11-06,11:35:17",aaamethysttt,#0,Khlas 3lh t7ws 3la khedama,yia06555#0,
"2024-11-06,11:35:52",yia06555,#0,ana l3am lifat 9ratni prof kbira 3liya b wahad 5 ans kaant t9adrni kont fytha b waahad 35 cm,aaamethysttt#0,
"2024-11-06,11:36:12",yia06555,#0,ana nkhaliha f dar ana nghir meme m drari sghar,aaamethysttt#0,
"2024-11-06,11:36:17",yia06555,#0,aya kho,m1k4eru#0,
"2024-11-06,11:36:36",aaamethysttt,#0,Ki tkon khedam w jibha ldar brk lah yshel,yia06555#0,
"2024-11-06,11:37:07",m1k4eru,#0,win,yia06555#0,
"2024-11-06,11:37:45",m1k4eru,#0,rak ghir aya aya,,
"2024-11-06,11:37:47",m1k4eru,#0,ha win,,
"2024-11-06,11:37:52",yia06555,#0,khelas saha ki ji t9arik whda tae 22 ans 9olili,aaamethysttt#0,
"2024-11-06,11:37:57",yia06555,#0,hamam ji ?,m1k4eru#0,
"2024-11-06,11:38:14",ssxrq_sd,#0,Cc,,
"2024-11-06,11:38:17",aaamethysttt,#0,Lmao kyn te3 arabe tban 25,yia06555#0,
"2024-11-06,11:38:29",m1k4eru,#0,thnx hda win dwcht o zawja daretli massage,yia06555#0,
"2024-11-06,11:38:54",yia06555,#0,"kifah jaya 
wach m willaya dok nji",aaamethysttt#0,
"2024-11-06,11:38:59",m1k4eru,#0,<@843201282496004106>  matro7ch tsuicidi 3la ro7k ykhi MBA3AR YA LA7MAR,karamdz#0,
"2024-11-06,11:39:08",yia06555,#0,zawdja tae dreams ?,m1k4eru#0,
"2024-11-06,11:39:09",m1k4eru,#0,LIK LIK JMA3ET LHYPE,,
"2024-11-06,11:39:17",aaamethysttt,#0,"Jaya sauvaga
Tébessa",yia06555#0,
"2024-11-06,11:39:29",yia06555,#0,tbanit m server psq dert ll owner 9iw,m1k4eru#0,
"2024-11-06,11:39:29",m1k4eru,#0,nn t3 sa7 lol,yia06555#0,
"2024-11-06,11:39:31",m1k4eru,#0,XD,,
"2024-11-06,11:39:45",m1k4eru,#0,ana khrejt b9edri hmdlh,yia06555#0,
"2024-11-06,11:39:56",yia06555,#0,"awah manhabch sauvage ana nhab li thchem tabtsm twali hamra 
ou tbéssa manjich",aaamethysttt#0,
"2024-11-06,11:40:31",.coool,#0,?timeout 843201282496004106 7d ads,,
"2024-11-06,11:40:32",Carl-bot,#1536,Successful Timeout of **karamdz** for **7 days**. Reason: ads,,
"2024-11-06,11:40:42",m1k4eru,#0,khbot,,
"2024-11-06,11:40:47",m1k4eru,#0,9wd la poubelle,,
"2024-11-06,11:40:49",m1k4eru,#0,7mar,,
"2024-11-06,11:41:11",yia06555,#0,tzawdjt déja ?,m1k4eru#0,
"2024-11-06,11:41:19",m1k4eru,#0,himel,yia06555#0,
"2024-11-06,11:41:20",yia06555,#0,ana tbanit b 2 comtpes,m1k4eru#0,
"2024-11-06,11:41:23",m1k4eru,#0,n93do nl3bo,,
"2024-11-06,11:41:39",m1k4eru,#0,mzl 3ndi some acc o 3ndi w7d special,yia06555#0,
"2024-11-06,11:41:50",m1k4eru,#0,special chghol special bzf,,
"2024-11-06,11:42:06",m1k4eru,#0,,,
"2024-11-06,11:42:11",yia06555,#0,machi hadak nhar din ou islem ou gae,m1k4eru#0,
"2024-11-06,11:42:30",m1k4eru,#0,hih bs7 ana fl7lal 7bb,yia06555#0,
"2024-11-06,11:42:31",yia06555,#0,"3endi 4 comptes 
but i guess hlakthom gae",m1k4eru#0,
"2024-11-06,11:42:38",aaamethysttt,#0,"Anyways 
Lah yrz9ek 3la 7sab 9lbek insh'allah 🌷",yia06555#0,
"2024-11-06,11:42:40",aaamethysttt,#0,W a3rdni,,
"2024-11-06,11:42:52",yia06555,#0,bababa f 3 jours dert khotba ou kolech,m1k4eru#0,
"2024-11-06,11:43:03",m1k4eru,#0,wah,yia06555#0,
"2024-11-06,11:43:03",yia06555,#0,inchallah lik tan,aaamethysttt#0,
"2024-11-06,11:43:07",yia06555,#0,win na3rdk ?,aaamethysttt#0,
"2024-11-06,11:43:08",m1k4eru,#0,derthom flemnam,,
"2024-11-06,11:43:17",m1k4eru,#0,,,
"2024-11-06,11:43:26",yia06555,#0,f lamnam ih,m1k4eru#0,
"2024-11-06,11:43:27",aaamethysttt,#0,Amin^^💗,yia06555#0,
"2024-11-06,11:43:31",aaamethysttt,#0,3ersk,yia06555#0,
"2024-11-06,11:43:36",aaamethysttt,#0,Nt3cha,,
"2024-11-06,11:43:43",yia06555,#0,mantzwjch ana khatini nahder brq,aaamethysttt#0,
"2024-11-06,11:43:47",m1k4eru,#0,khlina ntkhaylo chwiya ndiroha sa7,yia06555#0,
"2024-11-06,11:43:51",.0ss,#0,Mliha lmra li ta7chem w t9ader 🤍,,
"2024-11-06,11:43:57",aaamethysttt,#0,Mkch 3arf 3la lmktob,yia06555#0,
"2024-11-06,11:44:03",yia06555,#0,atkhayal sahbi atkhayal,m1k4eru#0,
"2024-11-06,11:44:17",nemouz,#0,,.0ss#0,https://cdn.discordapp.com/attachments/840535839138119680/1303671292867772456/Snaptik.app_7433099560521567494.mp4?ex=672deb81&is=672c9a01&hm=d9b71566bdee6da606ebcc19db1240e38da22652919a0e98c4b9f727822bbae9&
"2024-11-06,11:44:19",.0ss,#0,Knt nhdr hka 2 Years ago,yia06555#0,
"2024-11-06,11:44:24",yia06555,#0,mahbol ana amina mindek n sauté m balcon,aaamethysttt#0,
"2024-11-06,11:44:36",yia06555,#0,HHHHHHHHHHHHHHHHHHHHHHHHHHHHHHHHHHHHHHHHHHHHHHHHHHHHHHHHHHHHHHHHHHHHHHHHHHHHHHHHHHHHHHHHHHHHHHHHHHHHHHHHHHHHHHHHHHHHHHHHHHHHHHHHHHHHHHHHHHHHHHHHHHHHHHHHHHHHHHHHHHHHHHHHHHHHHHHHHHHHHHHHHHHHHHHHHHHHHHHHHHHHHHHHHHHHHHHHHHHHHHHHHHHHHHHHHHHHHHHHHHHHHHHHHHHHHHHHHHHHHHHHHHHHHHHHHHHHHHHHHHHHHHHHHHHHHHHHHHHHHHHHHHHHHHHHHHHHHHHHHHHHHHHHHHHHHHHHHHHHHHHHHHHHHHHHHHHHHHHHHHHHHHHHHHHHHHHHHHHHHHHHHHHHHHHHHHHHHHHHHHHHHHHHHHHHHHHHHHHHHHHHHHHHHHHHHHHHHHHHHHHHHHHHHHHHHHHHHHHHHHHHHHHHHHHHHHHHHHHHHHHHHHHHHHHHHHHHHHHHHHHHHHHHHHHHHHHHHHHHHHHHHHHHHHHHHHHHHHHHHHHHHHHHHH,nemouz#0,
"2024-11-06,11:44:37",yia06555,#0,HHHHHHHHHHHHHHHHHHHHHHHHHHHHHHHHHHHHHHHHHHHHHHHHHHHHHHHHHHHHHHHHHHHHHHHHHHHHHHHHHHHHHHHHHHHHHHHHHHHHHHHHHHHHHHHHHHHHHHHHHHHHHHHHHHHHHHHHHHHHHHHHHHHHHHHHHHHHHHHHHHHHHHHHHHHHHHHHHHHHHHHHHHHHHHHHHHHHHHHHHHHHHHHHHHHHHHHHHHHHHHHHHHHHHHHHHHHHHHHHHHHHHHHHHHHHHHHHHHHHHHHHHHHHHHHHHHHHHHHHHHHHHHHHHHHHHHHHHHHHHHHHHHHHHHHHHHHHHHHHHHHHHHHHHHHHHHHHHHHHHHHHHHHHHHHHHHHHHHHHHHHHHHHHHHHHHHHHHHHHHHHHHHHHHHHHHHHHHHHHHHHHHHHHHHHHHHHHHHHHHHHHHHHHHHHHHHHHHHHH,,
"2024-11-06,11:44:48",.0ss,#0,🤣🤣🤣🤣🤣🤣🤣🤣🤣,nemouz#0,
"2024-11-06,11:44:50",yia06555,#0,TZAWADJT ?,.0ss#0,
"2024-11-06,11:44:59",aaamethysttt,#0,Balak tl9a li tsoti m3ak,yia06555#0,
"2024-11-06,11:45:12",.0ss,#0,"Mab9ash inshallah, dayr fat7a brk",yia06555#0,
"2024-11-06,11:45:27",m1k4eru,#0,9otelkom 9bayel mafihomch lamen,,
"2024-11-06,11:45:35",m1k4eru,#0,lyoum sa7bek ghedwa 3dowek,,
"2024-11-06,11:45:37",yia06555,#0,"déja eandi 2 nas drari na3rfhom 
ou f soutenance lazem wahad brq déja dok lazam n tirer wahad ou mali bda leam jamais hdart mea whda t9ra meaya",aaamethysttt#0,
"2024-11-06,11:45:57",.0ss,#0,<@745094395669250128> from usa ???,pokerface2511#0,
"2024-11-06,11:46:01",yia06555,#0,"ih mabrok elik nchlh 
nchlh dorya salha",.0ss#0,
"2024-11-06,11:46:27",.0ss,#0,"Inshallah akhi, l3a9ba Lik w a3rdni",yia06555#0,
"2024-11-06,11:46:52",.coool,#0,dude stop it,m1k4eru#0,
"2024-11-06,11:46:54",aaamethysttt,#0,<@847594538854907954> kayna?😔,yuriiiiiiiiie#0、m1k4eru#0,
"2024-11-06,11:46:57",yia06555,#0,amine mantzwjch ana,.0ss#0,
"2024-11-06,11:47:10",.0ss,#0,Ttzwj ttzwj,yia06555#0,
"2024-11-06,11:47:12",aaamethysttt,#0,...,yia06555#0,
"2024-11-06,11:47:18",yia06555,#0,hna lazoudj 9bayal,m1k4eru#0,
"2024-11-06,11:47:20",m1k4eru,#0,lkhda3 mchi mli7 XD,.coool#0,
"2024-11-06,11:47:30",yia06555,#0,MNTZWJCH,.0ss#0,
"2024-11-06,11:47:36",m1k4eru,#0,hiya real,yia06555#0,
"2024-11-06,11:47:43",.coool,#0,stop posting screenshots rak dirlhom fl ads ktar mali darhom siyad,m1k4eru#0,
"2024-11-06,11:47:44",yia06555,#0,ma9drtich meme pas t commenter,aaamethysttt#0,
"2024-11-06,11:48:01",aaamethysttt,#0,"Ywedi
Mfhmt wlo..",yia06555#0,
"2024-11-06,11:48:03",yia06555,#0,i sell feet pic na9der ndir ads right ?,.coool#0,
"2024-11-06,11:48:12",.coool,#0,nope,yia06555#0,
"2024-11-06,11:48:19",yia06555,#0,3wdi a9ray tfhmi ast3mli rassek brq,aaamethysttt#0,
"2024-11-06,11:48:24",yia06555,#0,3LEEEEEEEEEEEEEEEEEEEEEEEEEH,.coool#0,
"2024-11-06,11:48:24",.0ss,#0,Zwaj mlih,yia06555#0,
"2024-11-06,11:48:44",.coool,#0,<a:Holy_sadyari:929446104829931550>,yia06555#0,
"2024-11-06,11:48:53",pporyanppipam,#0,thma,,
"2024-11-06,11:48:56",pporyanppipam,#0,thms,,
"2024-11-06,11:49:05",iroseupfromthedead,#0,thamsou,,
"2024-11-06,11:49:07",aaamethysttt,#0,"Ihhh fhmt fhmt
Mash'allah 
Bsh kfh tyb lftor fi lkhdma wnta m3ndkch oxygen?",yia06555#0,
"2024-11-06,11:49:22",pporyanppipam,#0,b zyada,iroseupfromthedead#0,
"2024-11-06,11:49:32",yia06555,#0,ntyb lafotr ou ana maendich oxygen ?,aaamethysttt#0,
"2024-11-06,11:49:39",m1k4eru,#0,0_0,,
"2024-11-06,11:49:42",aaamethysttt,#0,Ni ns9si fik kfh drtha,yia06555#0,
"2024-11-06,11:50:33",m1k4eru,#0,lequipe n9lboha p*rnhub wla wch calma,,
"2024-11-06,11:50:33",gl1iitch,#0,,,
"2024-11-06,11:50:35",yia06555,#0,,iroseupfromthedead#0,https://cdn.discordapp.com/attachments/840535839138119680/1303672877735743619/RPReplay_Final1700263123.mov?ex=672decfb&is=672c9b7b&hm=87d4ffe37ee099e1424be0dc3f3ccd8048349b0e46d900c6d7b5db73121a6951&
"2024-11-06,11:50:46",yia06555,#0,jamais tybt ana f hyati,aaamethysttt#0,
"2024-11-06,11:50:58",aaamethysttt,#0,Roh brk,yia06555#0,
"2024-11-06,11:51:01",yia06555,#0,xDDDDDDDDDDDDD the fuck,m1k4eru#0,
"2024-11-06,11:51:03",aaamethysttt,#0,😭,gl1iitch#0,
"2024-11-06,11:51:05",yia06555,#0,srx,aaamethysttt#0,
"2024-11-06,11:51:18",gl1iitch,#0,chkon bkak,aaamethysttt#0,
"2024-11-06,11:51:28",aaamethysttt,#0,"Ni gotlk hdrtk w mfhmthach
Mn shabk l bnat y9raw m3ak l tsauter
Aw",yia06555#0,
"2024-11-06,11:51:34",m1k4eru,#0,,,https://cdn.discordapp.com/attachments/840535839138119680/1303673127510741035/Snapinsta.app_video_414092223_1318281902182486_5005892669550857014_n_1.mp4?ex=672ded36&is=672c9bb6&hm=539941144a61b26d1ed58715c1b026a77ce0c10748283fecb4fb122839198d25&
"2024-11-06,11:51:36",aaamethysttt,#0,Lbsel,gl1iitch#0,
"2024-11-06,11:51:49",m1k4eru,#0,vava noel,,
"2024-11-06,11:51:51",m1k4eru,#0,,,
"2024-11-06,11:51:52",yuriiiiiiiiie,#0,hada bayna batni aw yahder la dirich 3lih,aaamethysttt#0,
"2024-11-06,11:51:57",gl1iitch,#0,,aaamethysttt#0,
"2024-11-06,11:51:58",yia06555,#0,9otlk bach t soutner lazem ikono zoudj ou hna ranna 3 donc lazam nahi wahad m shabi,aaamethysttt#0,
"2024-11-06,11:53:12",yia06555,#0,,m1k4eru#0,https://cdn.discordapp.com/attachments/840535839138119680/1303673536409505872/Aaaa_Yehma_lhalOooo_il_fait_chaud.mp4?ex=672ded98&is=672c9c18&hm=18913f0bef662419b4ffe708af9cacbc3fa296564d79e231f0b031b987bc59b0&
"2024-11-06,11:53:16",aaamethysttt,#0,Only time can tell😔dok tban,yuriiiiiiiiie#0,
"2024-11-06,11:53:29",aaamethysttt,#0,Ih na7i mchi khsara,yia06555#0,
"2024-11-06,11:53:33",aaamethysttt,#0,Wiliiiii,gl1iitch#0,
"2024-11-06,11:53:51",yia06555,#0,"si 😢 
ou nti habtni n soutner mea tefla ou hell no",aaamethysttt#0,
"2024-11-06,11:54:13",aaamethysttt,#0,"Chkon tofla li tsauter m3aha
Nsit",yia06555#0,
"2024-11-06,11:54:18",aaamethysttt,#0,Wlh ghir rani daykha,,
"2024-11-06,11:54:41",yia06555,#0,soutner or sauter ?,aaamethysttt#0,
"2024-11-06,11:54:48",yia06555,#0,makich mliha,aaamethysttt#0,
"2024-11-06,11:55:02",yia06555,#0,eandna khaddar m tbessa 9oli hak a la3ziz a,,
"2024-11-06,11:55:10",yia06555,#0,9oli la3ziz a,,
"2024-11-06,11:58:17",yuriiiiiiiiie,#0,khsara 3lik tcheki fiya,aaamethysttt#0,
"2024-11-06,12:07:29",ssxrq_sd,#0,Skibidi,,
"2024-11-06,12:13:15",aaamethysttt,#0,Aaaaaaaa f bali tsauti,yia06555#0,
"2024-11-06,12:13:27",aaamethysttt,#0,Ha,yia06555#0,
"2024-11-06,12:13:30",aaamethysttt,#0,😔😔😔,yuriiiiiiiiie#0,
"2024-11-06,12:17:35",aymen._1,#0,Weeeee li zami,,
"2024-11-06,12:18:32",.0ss,#0,لا تثقي بأحد، كل الناس لها أقنعة، الوفاء ليس من صفات البشر,aaamethysttt#0,
"2024-11-06,12:18:56",the_doorkeeper,#0,https://tenor.com/view/daredevil-daredevil-dog-tough-dog-red-mask-dog-gif-23418245,.0ss#0,
"2024-11-06,12:19:02",.0ss,#0,<@847594538854907954> trying to be كهل,yuriiiiiiiiie#0,
"2024-11-06,12:19:21",.0ss,#0,🤣🤣🤣🤣,the_doorkeeper#0,
"2024-11-06,12:20:54",aaamethysttt,#0,Especially with yurie,.0ss#0,
"2024-11-06,12:22:16",.0ss,#0,She is 9baylya,aaamethysttt#0,
"2024-11-06,12:22:23",notgrey.,#0,Nerds,,
"2024-11-06,12:22:57",.0ss,#0,Batni,notgrey.#0,
"2024-11-06,12:23:07",notgrey.,#0,Ana ?,,
"2024-11-06,12:23:11",notgrey.,#0,<:ALG_unsure:916396176578842675>,,
"2024-11-06,12:23:15",.0ss,#0,Oui,notgrey.#0,
"2024-11-06,12:23:21",notgrey.,#0,Rebi yhdik,,
"2024-11-06,12:23:25",notgrey.,#0,Chkonn galk,,
"2024-11-06,12:23:33",notgrey.,#0,Ana batni,,
"2024-11-06,12:23:36",notgrey.,#0,<:ALG_weirdchamp:911409158119653426>,,
"2024-11-06,12:24:01",.0ss,#0,Tfkrt <@705412959207292968> 😩,notgrey.#0、inxdwetrusted#0,
"2024-11-06,12:24:15",aaamethysttt,#0,😔ma yt3achroch,.0ss#0,
"2024-11-06,12:24:17",notgrey.,#0,Maendi hta sila b batna ya zhe <:ALG_OMEGALUL:842607487098421248>,,
"2024-11-06,12:24:30",yia06555,#0,tma3ni jumping with a girl ?,aaamethysttt#0,
"2024-11-06,12:24:31",.0ss,#0,Sad,notgrey.#0,
"2024-11-06,12:24:39",notgrey.,#0,Contraire,,
"2024-11-06,12:26:10",aaamethysttt,#0,Iih,yia06555#0,
"2024-11-06,12:26:34",yia06555,#0,t9dri tfahmini ma3na tae jumping with a girl,aaamethysttt#0,
"2024-11-06,12:26:53",aaamethysttt,#0,"Mnich 3arfa
F bali hkdk 3lbiha gtlk mknt fahma wloo",yia06555#0,
"2024-11-06,12:28:25",yia06555,#0,ana tan mfhmt walou,aaamethysttt#0,
"2024-11-06,12:34:15",gl1iitch,#0,9aaaaarooooorrraaaaaaaaa,aaamethysttt#0,
"2024-11-06,12:42:15",aaamethysttt,#0,Me3lich,yia06555#0,
"2024-11-06,12:42:19",xv.katana,#0,<@1018629824270577694>,tobi9527#0,
"2024-11-06,12:42:24",aaamethysttt,#0,9LIIIIIIIIIIIIIIIIIIIIITCH,gl1iitch#0,
"2024-11-06,12:45:09",notgrey.,#0,Non,,
"2024-11-06,12:45:21",tobi9527,#0,chakayan,xv.katana#0,
"2024-11-06,12:45:35",xv.katana,#0,Whatudoiwin,,
"2024-11-06,12:45:53",xv.katana,#0,Yugi wla,,
"2024-11-06,12:46:06",tobi9527,#0,nah ... just heading to work,,
"2024-11-06,12:46:23",tobi9527,#0,i wish bruh,xv.katana#0,
"2024-11-06,12:46:47",xv.katana,#0,Euuuuh okey than good luck bro,tobi9527#0,
"2024-11-06,12:47:38",fire_work69,#0,شكون توحشني,,
"2024-11-06,12:48:35",aaamethysttt,#0,,,https://cdn.discordapp.com/attachments/840535839138119680/1303687476073861120/Screenshot_20241106-124740.png?ex=672dfa93&is=672ca913&hm=cc27460d93ba02fe412df1da6b48a3e8e0b17c41591f8f1b6d9a6bec475309b6&
"2024-11-06,12:50:26",somhera,#0,<:ALG_PepeLaugh:800544985148555264>,aaamethysttt#0,
"2024-11-06,12:52:04",tobi9527,#0,aki the goat...the worldd ruler the dimension destroyer .....the feet pics lover.... long Live lord aki,xv.katana#0,
"2024-11-06,12:52:52",xv.katana,#0,Gg my good servent…. Oh wait what,tobi9527#0,
"2024-11-06,12:53:13",xv.katana,#0,https://tenor.com/view/gogeta-gif-21801674,,
"2024-11-06,12:54:03",xv.katana,#0,Someone took my gif perm,,
"2024-11-06,12:54:59",snow.core,#0,https://tenor.com/view/inazuma-eleven-go-galaxy-inago-galaxy-anime-ratoniik-bugs-planet-gif-23630558,,
"2024-11-06,12:59:56",yia06555,#0,arwahi nachrilk sebat jdid,aaamethysttt#0,
"2024-11-06,13:07:10",magiique,#0,Ou <@976602941244985344> cho helwin,.sysen#0,
"2024-11-06,13:14:39",pokerface2511,#0,I am not bro,.0ss#0,
"2024-11-06,13:24:51",m1k4eru,#0,,,
"2024-11-06,13:25:03",m1k4eru,#0,https://tenor.com/view/oops-gif-17471199068082330017,,
"2024-11-06,13:28:57",sarsouri,#0,Echrili haja meme ana,yia06555#0,
"2024-11-06,13:35:20",muliarcsc25,#0,Hiiii,,
"2024-11-06,13:35:57",muliarcsc25,#0,كوكوط عدس أو ألوبيا <:ALG_kekw:852170231673782332>,aaamethysttt#0,
"2024-11-06,13:39:20",headhunterz999,#0,meme ana,w1ssal#0,
"2024-11-06,13:39:27",headhunterz999,#0,https://tenor.com/view/legend-of-hei-hei-hei-cat-black-cat-beach-black-cat-animation-gif-11883306496430789675,,
"2024-11-06,13:39:42",itsbangalore,#0,guys,,
"2024-11-06,13:39:46",itsbangalore,#0,i found job bsah its 13 hours a day,,
"2024-11-06,13:39:48",itsbangalore,#0,is that legal?,,
"2024-11-06,13:39:54",yia06555,#0,nachri l sarsouri hajat,sarsouri#0,
"2024-11-06,13:49:47",kitter969,#0,my headphones leak sound,,
"2024-11-06,13:50:17",m1k4eru,#0,,,
"2024-11-06,13:50:38",kitter969,#0,everyone heard when i was listening to apt apt,,
"2024-11-06,13:50:43",kitter969,#0,<:ALG_Sadge:1188883647772758106>,,
"2024-11-06,13:52:19",akboom,#0,https://tenor.com/view/of-to-gulag-gif-19230867,itsbangalore#0,
"2024-11-06,13:52:23",akboom,#0,HHHHHHHHHHHHHHHHHHHHHHHHHHHHHHHHHHHHHHHHHHHHHHHHH,,
"2024-11-06,13:52:54",akboom,#0,13 hours of work 8 hours of sleep 3 hours of social life,,
"2024-11-06,13:52:57",akboom,#0,perfectly balanced,,
"2024-11-06,13:53:32",kitter969,#0,a wife ?,itsbangalore#0,
"2024-11-06,13:54:15",kitter969,#0,why bother  back home,,
"2024-11-06,13:54:24",kitter969,#0,just cook dinner,,
"2024-11-06,13:56:05",muliarcsc25,#0,Wsp chat,,
"2024-11-06,13:56:36",muliarcsc25,#0,How much شهرية?,itsbangalore#0,
"2024-11-06,13:56:44",mike.tsu_x,#0,.,,
"2024-11-06,13:57:23",muliarcsc25,#0,..,mike.tsu_x#0,
"2024-11-06,13:58:30",bri05255,#0,50 elf,muliarcsc25#0,
"2024-11-06,13:58:57",muliarcsc25,#0,For day ?,bri05255#0,
"2024-11-06,13:59:28",akboom,#0,i was looking for a job then i found a job,,
"2024-11-06,13:59:35",akboom,#0,heaven knows i'm miserable now,,
"2024-11-06,13:59:43",bri05255,#0,for 3 h,muliarcsc25#0,
"2024-11-06,13:59:53",spwouss,#0,ccc,,
"2024-11-06,13:59:56",kitter969,#0,bro working is overrated,,
"2024-11-06,14:00:08",kitter969,#0,specifically fel dzair,,
"2024-11-06,14:00:54",muliarcsc25,#0,Nice,bri05255#0,
"2024-11-06,14:01:00",kitter969,#0,i will never work unless they pay me 150000 per month as minimum,,
"2024-11-06,14:01:11",akboom,#0,https://tenor.com/view/marvel-is-it-though-thor-bruce-banner-gif-14242312,muliarcsc25#0,
"2024-11-06,14:01:17",muliarcsc25,#0,أفضل من منحة بطالة,kitter969#0,
"2024-11-06,14:01:32",akboom,#0,that's like 1250 da per 8 hours,,
"2024-11-06,14:01:39",saifhachaniii,#0,<@847594538854907954>,yuriiiiiiiiie#0,
"2024-11-06,14:01:43",muliarcsc25,#0,Wt,akboom#0,
"2024-11-06,14:01:49",aminessss_ch,#0,had chat ta3 lkbar,,
"2024-11-06,14:02:01",aminessss_ch,#0,cuz lsghar rahom y9raw,,
"2024-11-06,14:02:09",aminessss_ch,#0,<:ALG_shy:1263210434572451923>,,
"2024-11-06,14:02:11",akboom,#0,w lkbar rahoum yekhdmou,,
"2024-11-06,14:02:17",akboom,#0,hda chat ta3 zwawla unemployed,,
"2024-11-06,14:02:21",whostheodos,#0,https://tenor.com/view/woah-surprised-shocked-gif-14419083,,
"2024-11-06,14:02:22",aminessss_ch,#0,sma 7naa chah,akboom#0,
"2024-11-06,14:02:22",kitter969,#0,*,akboom#0,
"2024-11-06,14:02:38",aminessss_ch,#0,i like ur point,akboom#0,
"2024-11-06,14:02:56",bri05255,#0,150000 3lh professor,kitter969#0,
"2024-11-06,14:03:01",aminessss_ch,#0,https://tenor.com/view/cats-in-glasses-smart-cat-funny-animals-gif-12403859,,
"2024-11-06,14:03:08",muliarcsc25,#0,And students,akboom#0,
"2024-11-06,14:03:11",kitter969,#0,<:ALG_kekw:852170231673782332>,bri05255#0,
"2024-11-06,14:03:16",aminessss_ch,#0,fihaa khiir,kitter969#0,
"2024-11-06,14:03:23",akboom,#0,you're right but it's also unrealistic unless you're previliged,kitter969#0,
"2024-11-06,14:03:43",aminessss_ch,#0,ana kon mykhlsonich 1950da per day mnkhdamch,,
"2024-11-06,14:03:51",whostheodos,#0,whats a realistic income,,
"2024-11-06,14:04:03",aminessss_ch,#0,hadi bin 25-38,,
"2024-11-06,14:04:04",kitter969,#0,bro y7asseb fiya instead my y9ol Algieria gov underpaid us,,
"2024-11-06,14:04:19",aminessss_ch,#0,bin 38-55 lzam nkhlos 2895da per day,,
"2024-11-06,14:04:28",kitter969,#0,wdym,akboom#0,
"2024-11-06,14:04:32",muliarcsc25,#0,Beautiful dreams <:ALG_kekw:852170231673782332>,kitter969#0,
"2024-11-06,14:04:46",bri05255,#0,zid 50 twli 2000 hhhh,aminessss_ch#0,
"2024-11-06,14:04:52",akboom,#0,at the moment ida master's degree engineer around 75 000 as starter could be less could be lil more,whostheodos#0,
"2024-11-06,14:04:58",akboom,#0,specifically IT,,
"2024-11-06,14:05:00",kitter969,#0,go compare it to the rest of the world,,
"2024-11-06,14:05:05",aminessss_ch,#0,nah 50 ta3 tax,bri05255#0,
"2024-11-06,14:05:08",aminessss_ch,#0,hhhh,,
"2024-11-06,14:05:23",bri05255,#0,<:ALG_kekw:852170231673782332>,aminessss_ch#0,
"2024-11-06,14:05:29",whostheodos,#0,damn,akboom#0,
"2024-11-06,14:05:49",whostheodos,#0,thats low af,,
"2024-11-06,14:05:49",kitter969,#0,most of them unemployed,akboom#0,
"2024-11-06,14:05:53",akboom,#0,ida kout mezhour w l9it khedma f your domain,whostheodos#0,
"2024-11-06,14:06:02",akboom,#0,true,kitter969#0,
"2024-11-06,14:06:07",akboom,#0,you can free lance*,,
"2024-11-06,14:06:07",whostheodos,#0,sheesh,,
"2024-11-06,14:06:13",aminessss_ch,#0,oustad jami3i ykhlos 55000da ki ybda,akboom#0,
"2024-11-06,14:06:14",akboom,#0,and it's super easy to find job as IT,,
"2024-11-06,14:06:16",akboom,#0,ghir li ma yabghich,,
"2024-11-06,14:06:46",akboom,#0,i thought it's less teachers are mahgourin asf,aminessss_ch#0,
"2024-11-06,14:06:51",kitter969,#0,10$ comission u can call it a day if u r algerian mediocre,akboom#0,
"2024-11-06,14:07:07",aminessss_ch,#0,moraha twali ttla3 7ta twsal 18mil,akboom#0,
"2024-11-06,14:07:10",akboom,#0,you can make 50 euro boosting in wow a day <:ALG_kekw:852170231673782332> *,kitter969#0,
"2024-11-06,14:07:17",bri05255,#0,sa7 omba3d yatl3 maximum yosl Professor ywali ydi 330000,aminessss_ch#0,
"2024-11-06,14:07:17",the_doorkeeper,#0,akboom 3lsh ak trmi fihom 3la rasshom wtf,akboom#0,
"2024-11-06,14:07:28",whostheodos,#0,why,the_doorkeeper#0,
"2024-11-06,14:07:29",kitter969,#0,wow >>>>,akboom#0,
"2024-11-06,14:07:43",the_doorkeeper,#0,becasue no one u'l lfind a job b 75/month if u have 0 years of experience,whostheodos#0,
"2024-11-06,14:07:45",aminessss_ch,#0,nah 7ta wa7ad mywsal psq noshom ykhroj 9bal HHHHHHHHHHHH,bri05255#0,
"2024-11-06,14:07:51",aminessss_ch,#0,wla yro7 ml blaad,,
"2024-11-06,14:07:53",whostheodos,#0,sa7,the_doorkeeper#0,
"2024-11-06,14:07:56",whostheodos,#0,still low tho,,
"2024-11-06,14:08:15",bri05255,#0,kayn kayn li wsal na3rfhm,aminessss_ch#0,
"2024-11-06,14:08:15",akboom,#0,https://tenor.com/view/why-are-you-booing-me-im-right-gif-10368876,the_doorkeeper#0,
"2024-11-06,14:08:27",the_doorkeeper,#0,you're lucky if u find a position offering u 4M,whostheodos#0,
"2024-11-06,14:08:29",the_doorkeeper,#0,fi alger,,
"2024-11-06,14:08:40",aminessss_ch,#0,yep ik kayin bsa7 mchi bzaaf,bri05255#0,
"2024-11-06,14:08:42",kitter969,#0,75000 wch tdir bih,,
"2024-11-06,14:08:45",akboom,#0,i've literally 6 colleagues bdaw hada 3lam b heda salary 0 experience,the_doorkeeper#0,
"2024-11-06,14:08:47",kitter969,#0,<:ALG_Sadge:1188883647772758106>,,
"2024-11-06,14:08:50",the_doorkeeper,#0,AIR ALGERIE,akboom#0,
"2024-11-06,14:08:51",akboom,#0,nothing,kitter969#0,
"2024-11-06,14:08:52",the_doorkeeper,#0,ME3RIFA 100%,,
"2024-11-06,14:08:54",whostheodos,#0,real,,
"2024-11-06,14:08:54",the_doorkeeper,#0,wtf,,
"2024-11-06,14:09:02",akboom,#0,hedik mana 3arf,the_doorkeeper#0,
"2024-11-06,14:09:08",akboom,#0,<:ALG_kekw:852170231673782332>,,
"2024-11-06,14:09:11",kitter969,#0,u will just get diabetes and blood pressure,,
"2024-11-06,14:09:14",the_doorkeeper,#0,guys just study thermodymanics guaranteee u get a 100 000da salary f sonatarach,,
"2024-11-06,14:09:15",aminessss_ch,#0,tbh kayiin des resto li tkhlos 7ta 4.5mil bsa7 tkon t3raf,the_doorkeeper#0,
"2024-11-06,14:09:15",bri05255,#0,oui blk,aminessss_ch#0,
"2024-11-06,14:09:19",the_doorkeeper,#0,trsut me i have collegues,,
"2024-11-06,14:09:25",akboom,#0,literally true,the_doorkeeper#0,
"2024-11-06,14:09:33",the_doorkeeper,#0,ask anyone who has a master is comp sience,aminessss_ch#0,
"2024-11-06,14:09:35",the_doorkeeper,#0,theytll tell u,,
"2024-11-06,14:09:49",akboom,#0,icosnet ykhedmou newly graduated engineers for same salary and many other,the_doorkeeper#0,
"2024-11-06,14:09:53",akboom,#0,IT integrators,,
"2024-11-06,14:10:25",aminessss_ch,#0,no comp sience msakin m7gorin ki yhbal ywali ykhdam fl baladiya ykhlos 3mil,the_doorkeeper#0,
"2024-11-06,14:10:25",kitter969,#0,i guess i will never find a job,,
"2024-11-06,14:10:31",akboom,#0,bsh f interview kayen nta w 30 more people,,
"2024-11-06,14:10:50",the_doorkeeper,#0,akbbom idk if ur braindead or baiting,akboom#0,
"2024-11-06,14:10:51",the_doorkeeper,#0,T_T,,
"2024-11-06,14:11:04",akboom,#0,comp science literally super easy to find jobs,aminessss_ch#0,
"2024-11-06,14:11:08",the_doorkeeper,#0,hhhhhhhhh,akboom#0,
"2024-11-06,14:11:10",akboom,#0,kima dorki ma yekhdmch gue3 ydekhel 30 mil a month,,
"2024-11-06,14:11:12",akboom,#0,bla welou,,
"2024-11-06,14:11:13",kitter969,#0,30 ppl is not a lot,,
"2024-11-06,14:11:15",aminessss_ch,#0,ana 7mdolah n9ra électronique smaa ez ez,akboom#0,
"2024-11-06,14:11:15",the_doorkeeper,#0,kkhkhkhk,,
"2024-11-06,14:11:18",the_doorkeeper,#0,i dont have a masters tho,,
"2024-11-06,14:11:19",aminessss_ch,#0,tslaq,,
"2024-11-06,14:11:25",akboom,#0,bsh tekhdem IT,the_doorkeeper#0,
"2024-11-06,14:11:44",akboom,#0,it's not,kitter969#0,
"2024-11-06,14:11:48",aminessss_ch,#0,fl dar ???,,
"2024-11-06,14:12:30",kitter969,#0,bro ana fawet concour teacher for deaf ppl more than 100person,akboom#0,
"2024-11-06,14:12:35",kitter969,#0,<:ALG_Sadge:1188883647772758106>,,
"2024-11-06,14:12:50",kitter969,#0,i was praying to not get the job,,
"2024-11-06,14:12:56",bri05255,#0,ki ttakhrj f ay mjal w tro7 takhdm 3lh y9olk na7tjo tokon 3andk experience de travail  Au moins un an mnin tjibha,,
"2024-11-06,14:13:04",aminessss_ch,#0,https://tenor.com/view/you-say-youre-looking-for-a-job-henrick-knight-joshua-malina-inventing-anna-do-you-want-a-job-gif-25142627,,
"2024-11-06,14:13:15",whostheodos,#0,internships,bri05255#0,
"2024-11-06,14:13:18",the_doorkeeper,#0,intelectual testiculation,akboom#0,
"2024-11-06,14:13:21",the_doorkeeper,#0,hada wsh nkhdm,,
"2024-11-06,14:13:42",akboom,#0,tjibha tweli hindi tekhdem 3and kech privé ya7reth 3lik 3am b minimal salary <:ALG_kekw:852170231673782332>,bri05255#0,
"2024-11-06,14:13:48",kitter969,#0,7olmi ndkhel 30mil a month,,
"2024-11-06,14:13:52",akboom,#0,full stack developper 5 dollars,,
"2024-11-06,14:13:54",kitter969,#0,<:ALG_Sadge:1188883647772758106>,,
"2024-11-06,14:14:08",whostheodos,#0,7olmi nro7,kitter969#0,
"2024-11-06,14:14:09",aminessss_ch,#0,7olmi nchri skin fi valo,kitter969#0,
"2024-11-06,14:14:18",aminessss_ch,#0,7olm basiit,,
"2024-11-06,14:14:20",kitter969,#0,nedfel 3la nass,,
"2024-11-06,14:14:27",kitter969,#0,nedreb jarna,,
"2024-11-06,14:14:38",kitter969,#0,nesme7 fi darna,,
"2024-11-06,14:14:46",kitter969,#0,<:ALG_Sadge:1188883647772758106>,,
"2024-11-06,14:14:48",the_doorkeeper,#0,hhhhh,bri05255#0,
"2024-11-06,14:14:49",abdullah.dll,#0,slm,,
"2024-11-06,14:14:59",the_doorkeeper,#0,blame capitalism,bri05255#0,
"2024-11-06,14:15:12",aminessss_ch,#0,7olmii howa ana akon malik 3aalm,,
"2024-11-06,14:15:19",akboom,#0,ntouma les rouges kelma zouj capitalism,the_doorkeeper#0,
"2024-11-06,14:15:22",akboom,#0,w ntouma fenyanin berk,,
"2024-11-06,14:15:26",the_doorkeeper,#0,,,https://cdn.discordapp.com/attachments/840535839138119680/1303709329874223155/978-3-030-24815-4_15_Fig1_HTML.png?ex=672e0eed&is=672cbd6d&hm=a8080a34b748816087343fe5cdd73d346383f4881039eb97e1369a3f2585f41c&
"2024-11-06,14:15:28",aminessss_ch,#0,https://tenor.com/view/jake-window-adventure-time-coffee-gif-7617972424459303802,,
"2024-11-06,14:15:30",the_doorkeeper,#0,why not both,akboom#0,
"2024-11-06,14:15:35",the_doorkeeper,#0,fenyan ou 3ndi lha9,,
"2024-11-06,14:15:42",whostheodos,#0,7olmi ki kont sghir srs,aminessss_ch#0,
"2024-11-06,14:15:58",aminessss_ch,#0,ana vrai mchi fanyan nta fanyan,akboom#0,
"2024-11-06,14:16:08",aminessss_ch,#0,yaam jmilaa,whostheodos#0,
"2024-11-06,14:16:15",whostheodos,#0,wlh,,
"2024-11-06,14:16:15",akboom,#0,ana fenyan pro max,aminessss_ch#0,
"2024-11-06,14:16:16",bri05255,#0,<:ALG_okaychamp:910604598199328809>,aminessss_ch#0,
"2024-11-06,14:16:26",kitter969,#0,can't read schema,,
"2024-11-06,14:16:38",kitter969,#0,too retarded for that,,
"2024-11-06,14:16:46",aminessss_ch,#0,this schema need a schema,kitter969#0,
"2024-11-06,14:17:03",aminessss_ch,#0,🙏,,
"2024-11-06,14:17:36",bri05255,#0,<:ALG_theuncaty:1137537510621335634>,akboom#0,
"2024-11-06,14:17:37",the_doorkeeper,#0,"bascially , an army of jobless people = good for capitalists",kitter969#0,
"2024-11-06,14:17:54",kitter969,#0,<:ALG_Sadge:1188883647772758106>,the_doorkeeper#0,
"2024-11-06,14:17:58",aminessss_ch,#0,yaay im solder then,the_doorkeeper#0,
"2024-11-06,14:17:59",akboom,#0,propaganda,the_doorkeeper#0,
"2024-11-06,14:18:02",whostheodos,#0,i love capitalism,,
"2024-11-06,14:18:06",whostheodos,#0,🔥,,
"2024-11-06,14:18:17",the_doorkeeper,#0,litteraly,akboom#0,
"2024-11-06,14:18:25",kitter969,#0,they teach how to obey and stay in  the same place doing same task,,
"2024-11-06,14:18:25",isseey,#0,https://tenor.com/view/haha-lol-laughing-at-you-the-simpsons-gif-7345683,akboom#0,
"2024-11-06,14:18:30",akboom,#0,let me show you my new favorite channel,the_doorkeeper#0,
"2024-11-06,14:19:03",aminessss_ch,#0,https://tenor.com/view/the-hell-are-you-laughing-at-saturday-night-live-what-are-you-laughing-for-whats-funny-beck-bennett-gif-21568047,isseey#0,
"2024-11-06,14:19:06",kitter969,#0,ask for permission when u want to release urself,,
"2024-11-06,14:19:17",kitter969,#0,peak human,,
"2024-11-06,14:19:35",whostheodos,#0,https://tenor.com/view/kurt-and-courtney-documentary-kurt-cobain-cute-gif-15213984,,
"2024-11-06,14:19:49",aminessss_ch,#0,mohim we are cooked bsa7 tslaq tslaq,,
"2024-11-06,14:20:03",the_doorkeeper,#0,https://tenor.com/view/goober-cat-silly-goofy-cat-dance-gif-2840340548952030915,,
"2024-11-06,14:20:10",akboom,#0,<@221709070984413185>  <@291262344762490890>  sniff this cocaine,the_doorkeeper#0、didinesg#0,https://cdn.discordapp.com/attachments/840535839138119680/1303710523355037696/image.png?ex=672e100a&is=672cbe8a&hm=d10b667f48d99590160f7e7ea63382632b76cc349f1247f668ed983932e1f5f2&
"2024-11-06,14:20:37",aminessss_ch,#0,ayaah nta tani ttfrajhom,akboom#0,
"2024-11-06,14:20:41",the_doorkeeper,#0,chad xi vs virgin biden,akboom#0,
"2024-11-06,14:21:05",akboom,#0,ntfrj koulech,aminessss_ch#0,
"2024-11-06,14:21:14",lb9999b,#0,https://tenor.com/view/%ED%8A%B8%EB%9F%BC%ED%94%84-%EC%9D%BC%EB%A1%A0-%EC%9D%BC%EB%A1%A0%EB%A8%B8%EC%8A%A4%ED%81%AC-%EC%B6%A4-musk-gif-14611234391948951568,,
"2024-11-06,14:21:22",aminessss_ch,#0,Intel shii goes crazy tho,,
"2024-11-06,14:22:29",moncef311,#0,<@861664501601402890>,mazigh69#0,
"2024-11-06,14:22:58",franzeolooo,#0,<@322247763385647114> ha laaa,akboom#0,
"2024-11-06,14:23:08",akboom,#0,my dog was using my pc,franzeolooo#0,
"2024-11-06,14:23:13",the_doorkeeper,#0,what dd u post,akboom#0,
"2024-11-06,14:23:18",the_doorkeeper,#0,didnt u eat ur dog,akboom#0,
"2024-11-06,14:23:21",bri05255,#0,wach had l gif,,
"2024-11-06,14:23:33",akboom,#0,new one,the_doorkeeper#0,
"2024-11-06,14:23:36",akboom,#0,ta3 hedi smana,,
"2024-11-06,14:23:38",the_doorkeeper,#0,hhhhh,,
"2024-11-06,14:23:39",the_doorkeeper,#0,mskin,,
"2024-11-06,14:23:41",the_doorkeeper,#0,he wont survive a week,,
"2024-11-06,14:24:38",franzeolooo,#0,ya golna khtona mn dok lgifs,,
"2024-11-06,14:24:49",mazigh69,#0,Wey hada howa lma7fal,,
"2024-11-06,14:24:50",bri05255,#0,rak tchof,franzeolooo#0,
"2024-11-06,14:33:14",n.xxxx.,#0,ouii kho kount ra9d XD,aminessss_ch#0,
"2024-11-06,14:34:51",kitter969,#0,boss can i leave early today,,
"2024-11-06,14:34:58",kitter969,#0,<:ALG_Sadge:1188883647772758106>,,
"2024-11-06,14:35:07",kitter969,#0,plz boss,,
"2024-11-06,14:35:33",kitter969,#0,boss i wanna say something to u  but im afraid i get fired,,
"2024-11-06,14:36:09",bri05255,#0,who boss ?,,
"2024-11-06,14:36:44",bill8109,#0,Hugo boss,bri05255#0,
"2024-11-06,14:37:01",kitter969,#0,<:ALG_kekw:852170231673782332>,bill8109#0,
"2024-11-06,14:37:14",bri05255,#0,??,bill8109#0,
"2024-11-06,14:37:17",moncef311,#0,Lucian said no,kitter969#0,
"2024-11-06,14:37:19",yuriiiiiiiiie,#0,already kahl hehe,.0ss#0,
"2024-11-06,14:37:29",yuriiiiiiiiie,#0,an3am,saifhachaniii#0,
"2024-11-06,14:37:38",kitter969,#0,boss its my daughter birthday,,
"2024-11-06,14:37:53",bri05255,#0,<:ALG_okaychamp:910604598199328809>,kitter969#0,
"2024-11-06,14:37:59",kitter969,#0,im grown man can decide if im free to go,,
"2024-11-06,14:38:03",bill8109,#0,Are u mocking akboom for being a slave of work ?,kitter969#0,
"2024-11-06,14:38:13",moncef311,#0,https://tenor.com/view/league-of-legends-gif-24451872,,
"2024-11-06,14:38:24",kitter969,#0,akboom rich af,bill8109#0,
"2024-11-06,14:38:33",kitter969,#0,thats why he defend capitalism,,
"2024-11-06,14:38:35",bill8109,#0,Rich with fat,kitter969#0,
"2024-11-06,14:38:47",bill8109,#0,غني بالدهون,,
"2024-11-06,14:39:06",kitter969,#0,do  u know how he keep those fat on him,bill8109#0,
"2024-11-06,14:39:19",kitter969,#0,bro own blida,,
"2024-11-06,14:39:21",bill8109,#0,Play league,kitter969#0,
"2024-11-06,14:39:27",bill8109,#0,<:ALG_kekw:852170231673782332>,,
"2024-11-06,14:39:36",the_doorkeeper,#0,hhkkhkhkhkhkhkh,bill8109#0,
"2024-11-06,14:39:38",the_doorkeeper,#0,<@322247763385647114>  ahha,akboom#0,
"2024-11-06,14:39:52",bri05255,#0,show me a picture offf your daughter and I ll give you 50,kitter969#0,
"2024-11-06,14:40:02",bill8109,#0,Wanna hear a joke ?,the_doorkeeper#0,
"2024-11-06,14:40:13",bill8109,#0,Akboom in <#969851693707722822>,,
"2024-11-06,14:40:16",kitter969,#0,say knock knock,,
"2024-11-06,14:40:19",bill8109,#0,<:ALG_kekw:852170231673782332> <:ALG_kekw:852170231673782332> <:ALG_kekw:852170231673782332>,,
"2024-11-06,14:40:49",uglybaby,#0,,,https://cdn.discordapp.com/attachments/840535839138119680/1303715720416464956/IMG_2523.png?ex=672e14e1&is=672cc361&hm=a9f9914207883c7db5fdbd06d2a48ee6cfc8c762cada0d19efa052a9f787b6f9&
"2024-11-06,14:40:57",the_doorkeeper,#0,idk if u know but like akboom can bench 160kg or something,bill8109#0,
"2024-11-06,14:41:23",kitter969,#0,he can bench cheri3a,,
"2024-11-06,14:41:29",kitter969,#0,bro just too big,,
"2024-11-06,14:41:39",bill8109,#0,https://tenor.com/view/fat-workout-cartoon-network-johnny-bravo-flex-gif-13804004,the_doorkeeper#0,
"2024-11-06,14:42:07",bill8109,#0,Impressive he can bench half his weight,the_doorkeeper#0,
"2024-11-06,14:42:17",kitter969,#0,<:ALG_kekw:852170231673782332>,bill8109#0,
"2024-11-06,14:42:20",kitter969,#0,XD,,
"2024-11-06,14:42:21",bill8109,#0,<:ALG_kekw:852170231673782332> <:ALG_kekw:852170231673782332> <:ALG_kekw:852170231673782332>,,
"2024-11-06,14:42:22",n.xxxx.,#0,<@1057616440758390855>srx fih 1go  ?,aminessss_ch#0,https://cdn.discordapp.com/attachments/840535839138119680/1303716111417610250/image.png?ex=672e153e&is=672cc3be&hm=9e141ed4f02b2c0dd02b47acc83cd42e1fc9129919329b840f60aa2d6a19e473&
"2024-11-06,14:43:03",the_doorkeeper,#0,hhhhhhhhhhhhhhhhhhhhhhhhh,bill8109#0,
"2024-11-06,14:47:20",itsbangalore,#0,<@1287875358493904957>  machi bzaf,muliarcsc25#0,
"2024-11-06,14:49:07",isseey,#0,YEP,n.xxxx.#0,
"2024-11-06,14:49:18",dxairiyaa,#0,anaaa jiiit,,
"2024-11-06,14:49:23",dxairiyaa,#0,ana jiiit,,
"2024-11-06,14:50:17",nemouz,#0,3awdi rohi l mr yummy,dxairiyaa#0,
"2024-11-06,14:50:20",mohhiono,#0,wag,,
"2024-11-06,14:50:33",nemouz,#0,wan,,
"2024-11-06,14:50:44",bri05255,#0,omba3d,dxairiyaa#0,
"2024-11-06,14:50:48",n.xxxx.,#0,fucking hal,isseey#0,
"2024-11-06,14:51:01",n.xxxx.,#0,who are you,dxairiyaa#0,
"2024-11-06,14:51:13",mohhiono,#0,wsg chat,,
"2024-11-06,14:51:18",dxairiyaa,#0,?,nemouz#0,
"2024-11-06,14:51:23",_mehdi69.,#0,cc slm cv,,
"2024-11-06,14:51:35",n.xxxx.,#0,cc,_mehdi69.#0,
"2024-11-06,14:51:45",_mehdi69.,#0,Dooom,n.xxxx.#0,
"2024-11-06,14:51:49",_mehdi69.,#0,cv,,
"2024-11-06,14:51:54",headhunterz999,#0,,_mehdi69.#0,https://cdn.discordapp.com/attachments/840535839138119680/1303718509309722675/SmartSelect_20241010-215316_Discord.jpg?ex=672e177a&is=672cc5fa&hm=db0ad39c9314665558eddf55d15a95cf825b55be605d8b2c75d49f0f1c6d7b99&
"2024-11-06,14:51:57",mohhiono,#0,I m nga man,n.xxxx.#0,
"2024-11-06,14:51:58",n.xxxx.,#0,good wnta mhd ?,_mehdi69.#0,
"2024-11-06,14:52:07",_mehdi69.,#0,https://tenor.com/view/aissa-la-banda16-aissa-jak-aissa-gif-26309604,headhunterz999#0,
"2024-11-06,14:52:16",_mehdi69.,#0,fine,n.xxxx.#0,
"2024-11-06,14:52:18",n.xxxx.,#0,<:ALG_OMEGALUL:842607487098421248> hahahahhaha,mohhiono#0,
"2024-11-06,14:52:25",n.xxxx.,#0,happy to know that kho,_mehdi69.#0,
"2024-11-06,14:52:26",n.xxxx.,#0,:3,,
"2024-11-06,14:52:36",headhunterz999,#0,:3,,
"2024-11-06,14:52:39",_mehdi69.,#0,<:ALG_Dayxerheart:1109253010091151430>,,
"2024-11-06,14:52:46",nemouz,#0,,dxairiyaa#0,https://cdn.discordapp.com/attachments/840535839138119680/1303718727270928394/VID_20231023234614.mp4?ex=672e17ae&is=672cc62e&hm=6fc1cde77b2deaa878fae2aac7d42d6f9630ed85323f0b5fb368e89221b2d37b&
"2024-11-06,14:53:07",n.xxxx.,#0,,,
"2024-11-06,14:53:19",bill8109,#0,Arwah nedik l Mr yummy,nemouz#0,
"2024-11-06,14:53:32",nemouz,#0,haya 🫡,bill8109#0,
"2024-11-06,14:53:36",bill8109,#0,Njiblk napkins b blach,,
"2024-11-06,14:53:39",_mehdi69.,#0,<@746688988437544992> <@712279378163400776>,nemouz#0、cooltimeyt#0、anes_911#0,
"2024-11-06,14:54:19",bill8109,#0,Nroh ngoulou kchma 3ndk sarfitat tfl raw khra t7tou,nemouz#0,
"2024-11-06,14:54:50",_ego.0,#0,Tadi 7aba?,_mehdi69.#0,https://cdn.discordapp.com/attachments/840535839138119680/1303719245171003493/4D4FF67D-D015-4B93-B548-C95C176BA34D.jpg?ex=672e1829&is=672cc6a9&hm=849205cf7ded330e597dd6f6e59f35242efd69e2977656fae624b1a02615d457&
"2024-11-06,14:55:21",_mehdi69.,#0,Nediii,_ego.0#0,
"2024-11-06,14:55:32",itsbangalore,#0,jma3&,,
"2024-11-06,14:55:34",nemouz,#0,,_ego.0#0,https://cdn.discordapp.com/attachments/840535839138119680/1303719430223691826/Snaptik.app_7433099560521567494.mp4?ex=672e1856&is=672cc6d6&hm=ea480d10787e748bdac47eb43bb8a8419f46db7baf494bd5eeac069654530760&
"2024-11-06,14:55:34",itsbangalore,#0,jma3a,,
"2024-11-06,14:55:41",itsbangalore,#0,l9it khdma 13 hours a day with bad pay,,
"2024-11-06,14:55:43",itsbangalore,#0,💀,,
"2024-11-06,14:55:48",_ego.0,#0,"Sayi n3tik whda mala, aw chbab",_mehdi69.#0,
"2024-11-06,14:55:56",_mehdi69.,#0,nbghi الرمان,_ego.0#0,
"2024-11-06,14:56:05",skyxedo,#0,how u  got,itsbangalore#0,
"2024-11-06,14:56:06",_ego.0,#0,<a:ALG_Lmfao:822067665786503218>,nemouz#0,
"2024-11-06,14:56:08",_mehdi69.,#0,Gimme 2,,
"2024-11-06,14:56:12",bill8109,#0,Lucky you,itsbangalore#0,
"2024-11-06,14:56:28",_ego.0,#0,3lbli w f mizek 3lh jbtlk whda <:3_yummy:1055752690661068831>,_mehdi69.#0,
"2024-11-06,14:56:30",itsbangalore,#0,bruh,,
"2024-11-06,14:56:35",itsbangalore,#0,<@716321147909701723>  bro wtf 13 hours,bill8109#0,
"2024-11-06,14:56:36",itsbangalore,#0,m9wda,,
"2024-11-06,14:56:37",bill8109,#0,Sbah yr3a lghnm w flil ydir tik tok,nemouz#0,
"2024-11-06,14:56:46",_mehdi69.,#0,A777 laazizaa,_ego.0#0,
"2024-11-06,14:56:48",bill8109,#0,Normal,itsbangalore#0,
"2024-11-06,14:56:55",itsbangalore,#0,hadi fi 9ahwa,,
"2024-11-06,14:56:57",itsbangalore,#0,hhh,,
"2024-11-06,14:56:59",itsbangalore,#0,caffe resto,,
"2024-11-06,14:57:03",nemouz,#0,w fel 3id ydirlna wahed joumla,bill8109#0,
"2024-11-06,14:57:08",_mehdi69.,#0,Khtik khou,,
"2024-11-06,14:57:13",_mehdi69.,#0,13h bezaf,,
"2024-11-06,14:57:26",itsbangalore,#0,js,,
"2024-11-06,14:57:30",bill8109,#0,Ana mn3ydch,nemouz#0,
"2024-11-06,14:57:30",itsbangalore,#0,wlh jsp wach ndir,,
"2024-11-06,14:57:31",itsbangalore,#0,XD,,
"2024-11-06,14:57:34",_mehdi69.,#0,https://tenor.com/view/richard-attenborough-whip-whipped-whiplash-whiplashed-gif-16890874512241116786,,
"2024-11-06,14:57:35",_mehdi69.,#0,Slavery,,
"2024-11-06,14:57:35",bill8109,#0,Kachma ydirlk.nta brk,,
"2024-11-06,14:57:45",nemouz,#0,same ana batni ana kafer,bill8109#0,
"2024-11-06,14:57:53",itsbangalore,#0,<@699296572525117600>  ga3 rana slaves,_mehdi69.#0,
"2024-11-06,14:57:54",itsbangalore,#0,matrix,,
"2024-11-06,14:57:55",_ego.0,#0,M3lich di 2,_mehdi69.#0,https://cdn.discordapp.com/attachments/840535839138119680/1303720023000481924/278ACC2D-440B-49DE-88D1-AFBCAE130F73.jpg?ex=672e18e3&is=672cc763&hm=ff26389cc658c27b660cf76b72afc0cd73e564b1e7a9195e60a3b53d63e10f31&
"2024-11-06,14:58:08",bill8109,#0,Racism,_ego.0#0,
"2024-11-06,14:58:16",_mehdi69.,#0,hhhhhhhhhhhhhhhhhhhhh thnxxx,_ego.0#0,
"2024-11-06,14:58:35",_mehdi69.,#0,But alach roman andkoum kbir,,
"2024-11-06,14:58:38",nemouz,#0,hhhhhhhhhhhh thnxnxx,_mehdi69.#0,
"2024-11-06,14:58:40",bill8109,#0,Mnytk rah tedi wahda chehba ?,_mehdi69.#0,
"2024-11-06,14:58:49",_ego.0,#0,La wa7da mbronzia w lokhra la,bill8109#0,
"2024-11-06,14:58:52",dxairiyaa,#0,who r u,n.xxxx.#0,
"2024-11-06,14:59:10",_ego.0,#0,HHHHHHHHHHHHHHHHHH ns9silk w ngolk 3lh,_mehdi69.#0,
"2024-11-06,14:59:17",bill8109,#0,Dayrilnou l7ana,_ego.0#0,
"2024-11-06,14:59:24",_mehdi69.,#0,Nbghi Roman lkbir lbgha ykoun khl 🤫,bill8109#0,
"2024-11-06,14:59:27",_ego.0,#0,Bro roman jay hak part t nn,,
"2024-11-06,14:59:30",bri05255,#0,ida fiha khalsa chaba 3lh lala,_mehdi69.#0,
"2024-11-06,14:59:33",n.xxxx.,#0,<:ALG_Ghost:1044266438271172749> well you dont have to know,dxairiyaa#0,
"2024-11-06,14:59:36",_ego.0,#0,Wah,bill8109#0,
"2024-11-06,14:59:46",_mehdi69.,#0,100 mill,bri05255#0,
"2024-11-06,14:59:48",dxairiyaa,#0,same here my friend,n.xxxx.#0,
"2024-11-06,14:59:53",bill8109,#0,Jamais fhmt wahad f denya Hadi kma fhmtk nta,_mehdi69.#0,
"2024-11-06,14:59:57",bill8109,#0,Za3im,,
"2024-11-06,15:00:09",dxairiyaa,#0,nehi 3lina batna hedii,,
"2024-11-06,15:00:12",_mehdi69.,#0,Laaziiiiiz xD,bill8109#0,
"2024-11-06,15:00:18",_ego.0,#0,Don’t judge book by it’s cover,bill8109#0,
"2024-11-06,15:00:32",bill8109,#0,They all sweet from the inside,_ego.0#0,
"2024-11-06,15:00:32",_ego.0,#0,HHHHHHHHHHHHHHHHHH,_mehdi69.#0,
"2024-11-06,15:00:42",_mehdi69.,#0,Hhhhhhhhhhhhhhhhhhhhh,_ego.0#0,
"2024-11-06,15:00:44",bill8109,#0,U just have open it up,,
"2024-11-06,15:00:53",bri05255,#0,machkitch 100 elf l 13 h khadma hakda 7a9ha minimum 250 elf,,
"2024-11-06,15:01:03",_ego.0,#0,https://tenor.com/view/mala-ana-nrouh-talking-gif-15410033,bill8109#0,
"2024-11-06,15:01:06",bill8109,#0,Wch khasha batna besides everything,dxairiyaa#0,
"2024-11-06,15:01:32",bill8109,#0,Wlh ghire mli7a,bri05255#0,
"2024-11-06,15:01:35",nemouz,#0,wcha chayeb haya nahbto les allées ntfrjo f dodanat,,
"2024-11-06,15:01:41",bill8109,#0,Akhdm ykhdm sahbi,,
"2024-11-06,15:01:52",_mehdi69.,#0,<@1171064841868431472> 13h wlkhlas gdach,itsbangalore#0、bri05255#0,
"2024-11-06,15:01:53",bill8109,#0,Kachma dir lmst9bl,,
"2024-11-06,15:02:01",nemouz,#0,"el khadam 3orat el rdjal, slave",,
"2024-11-06,15:02:14",_mehdi69.,#0,nroho l trig Biskra khir,nemouz#0,
"2024-11-06,15:02:53",nemouz,#0,wch yjik men wilaya yelbsou fiha balgheen ki tsob nou,,
"2024-11-06,15:03:05",dxairiyaa,#0,mathereech ! 9alo wsh khesha,bill8109#0,
"2024-11-06,15:03:12",dxairiyaa,#0,khesha nta blk machi ana,,
"2024-11-06,15:03:27",dxairiyaa,#0,ana lmohim neholi batna hedi<:Septembre:853004713581871184>,,
"2024-11-06,15:03:33",_ego.0,#0,Tbghi karmos tani? <:ALG_Kirbing:1168325854712041512>,_mehdi69.#0,https://cdn.discordapp.com/attachments/840535839138119680/1303721441853702214/400001EB-A217-4FEF-8BA6-14E2A3C26E27.jpg?ex=672e1a35&is=672cc8b5&hm=805a12679b89016d79cad1d06f727ca2683bac9f6aac0d405a8262fa1ae3fac3&
"2024-11-06,15:03:35",_mehdi69.,#0,nn dsl,dxairiyaa#0,
"2024-11-06,15:03:46",bri05255,#0,rni 9oltlk khadma fo9 8 h ykono f 100 sema 13 h tkon jwayh 250 max 300 elf ana nchofha mli7a,_mehdi69.#0,
"2024-11-06,15:03:52",dxairiyaa,#0,allah yzwjek bent elhlal,_mehdi69.#0,
"2024-11-06,15:03:54",_mehdi69.,#0,nn nbghi l abricot,_ego.0#0,
"2024-11-06,15:04:00",_mehdi69.,#0,amine,dxairiyaa#0,
"2024-11-06,15:04:14",dxairiyaa,#0,<:Septembre:853004713581871184> walo ah,_mehdi69.#0,
"2024-11-06,15:04:14",_mehdi69.,#0,Yeahh haka mliha,bri05255#0,
"2024-11-06,15:04:19",_mehdi69.,#0,nn dsl,dxairiyaa#0,
"2024-11-06,15:04:32",dxairiyaa,#0,madesolich,_mehdi69.#0,
"2024-11-06,15:04:50",bri05255,#0,bayna mliha,_mehdi69.#0,
"2024-11-06,15:04:53",bill8109,#0,I did say besides everything,dxairiyaa#0,
"2024-11-06,15:05:09",bill8109,#0,Wlh ghire nfhmhm,nemouz#0,
"2024-11-06,15:05:24",bill8109,#0,Always happens to me when I wear converse,,
"2024-11-06,15:05:37",dxairiyaa,#0,tsa3bha ela rohek.. i said direct 🙂,bill8109#0,
"2024-11-06,15:05:52",_ego.0,#0,"Ghdwa nchrilk lym kyn hado, banan w oranges w ananas",_mehdi69.#0,
"2024-11-06,15:07:02",_mehdi69.,#0,It's okayy lssl roman,_ego.0#0,
"2024-11-06,15:07:11",bill8109,#0,Direct ma twelich a joke,dxairiyaa#0,
"2024-11-06,15:07:47",dxairiyaa,#0,okeey got it got u,bill8109#0,
"2024-11-06,15:08:12",aminessss_ch,#0,khsart  2/10 <:ALG_theuncaty:1137537510621335634> <:ALG_theuncaty:1137537510621335634>,,
"2024-11-06,15:08:26",aminessss_ch,#0,i'm cooked,,
"2024-11-06,15:08:31",headhunterz999,#0,let me cry let me cry,,
"2024-11-06,15:08:33",bill8109,#0,Hhhhhh,aminessss_ch#0,
"2024-11-06,15:08:46",bill8109,#0,Sad movie scary movie,headhunterz999#0,
"2024-11-06,15:09:32",dxairiyaa,#0,the right person will hear you differently,,
"2024-11-06,15:09:41",bill8109,#0,U mean burned,aminessss_ch#0,
"2024-11-06,15:09:55",aminessss_ch,#0,on fire bb,bill8109#0,
"2024-11-06,15:10:04",aminessss_ch,#0,wl3aaaat,,
"2024-11-06,15:10:10",bill8109,#0,Cause baby you're a firework,aminessss_ch#0,
"2024-11-06,15:10:10",aminessss_ch,#0,tchwaat,,
"2024-11-06,15:10:15",bill8109,#0,<:ALG_kekw:852170231673782332> <:ALG_kekw:852170231673782332> <:ALG_kekw:852170231673782332>,,
"2024-11-06,15:10:24",bill8109,#0,Bouzalouf,aminessss_ch#0,
"2024-11-06,15:10:41",bri05255,#0,mangue tani mli7a,_ego.0#0,
"2024-11-06,15:10:48",aminessss_ch,#0,😭 😭,bill8109#0,
"2024-11-06,15:11:13",aminessss_ch,#0,ghadi nl3ab b lux drwq,,
"2024-11-06,15:11:44",bill8109,#0,تسما ثقبتها فلول راح تزيد كثر فالثاني,aminessss_ch#0,
"2024-11-06,15:11:52",bill8109,#0,👍,,
"2024-11-06,15:11:58",bill8109,#0,Al3b kachma b yi,,
"2024-11-06,15:12:00",aminessss_ch,#0,rani nvizi 3la 0/15,bill8109#0,
"2024-11-06,15:12:01",bill8109,#0,Wla teemo,,
"2024-11-06,15:12:30",aminessss_ch,#0,rani bot btw,bill8109#0,
"2024-11-06,15:12:35",bill8109,#0,Tjib 0/35 nchrilk nitro,aminessss_ch#0,
"2024-11-06,15:12:40",bill8109,#0,<:ALG_kekw:852170231673782332> <:ALG_kekw:852170231673782332> <:ALG_kekw:852170231673782332>,,
"2024-11-06,15:12:46",bill8109,#0,Roh bchwi brk,,
"2024-11-06,15:13:13",bill8109,#0,خطوة بخطوة,,
"2024-11-06,15:13:14",_ego.0,#0,<:hehe:1286445505932431471>,_mehdi69.#0,
"2024-11-06,15:13:17",bri05255,#0,wchno had jeux ?,,
"2024-11-06,15:13:24",emyyyyyyyyyy,#0,Slm slim,,
"2024-11-06,15:13:28",bill8109,#0,League of legends,bri05255#0,
"2024-11-06,15:13:36",_ego.0,#0,Umm 🤔 ig it’s not bad,bri05255#0,
"2024-11-06,15:13:46",emyyyyyyyyyy,#0,Kchma whd hna ykhdm sponsoring??,,
"2024-11-06,15:13:50",aminessss_ch,#0,7aba 7aba njiboha fl chabkaa,bill8109#0,
"2024-11-06,15:14:11",emyyyyyyyyyy,#0,😭😭 dima n3jz nkmlha,bill8109#0,
"2024-11-06,15:14:13",emyyyyyyyyyy,#0,Mrc,,
"2024-11-06,15:14:24",emyyyyyyyyyy,#0,Anyone ?,,
"2024-11-06,15:14:30",bill8109,#0,بطلنا,,
"2024-11-06,15:14:33",_ego.0,#0,U still believe in right person? <:ALG_theuncaty:1137537510621335634>,dxairiyaa#0,
"2024-11-06,15:15:05",bill8109,#0,Roh brk U have ch3b lbatni behind Ur back,aminessss_ch#0,
"2024-11-06,15:15:08",bill8109,#0,U can do it,,
"2024-11-06,15:15:29",bill8109,#0,https://tenor.com/view/cheering-minions-despicable-me-cheer-gif-4968109,,
"2024-11-06,15:15:31",bri05255,#0,yban s3ib 🙂 nn ?,bill8109#0,
"2024-11-06,15:15:43",aminessss_ch,#0,rani b caitlyn,bill8109#0,
"2024-11-06,15:15:46",bill8109,#0,Oui chwi brk,bri05255#0,
"2024-11-06,15:15:48",_mehdi69.,#0,,,https://cdn.discordapp.com/attachments/840535839138119680/1303724522586902591/Screenshot_2024-10-19-05-41-43-01_1c337646f29875672b5a61192b9010f9.jpg?ex=672e1d14&is=672ccb94&hm=c66c8a6bcf322db0e79a63a8d917415ff8b0e639d6c1028025b44fbd00fd2a12&
"2024-11-06,15:15:49",aminessss_ch,#0,fiha khiir,,
"2024-11-06,15:15:51",_mehdi69.,#0,Chat raw zahi,,
"2024-11-06,15:15:55",_mehdi69.,#0,W9tha,,
"2024-11-06,15:15:55",bill8109,#0,Mli7a,aminessss_ch#0,
"2024-11-06,15:16:04",_ego.0,#0,M na3tikch 7asanet,_mehdi69.#0,
"2024-11-06,15:16:14",bill8109,#0,Caitlyn tfri Biha,,
"2024-11-06,15:16:21",_mehdi69.,#0,alach,_ego.0#0,
"2024-11-06,15:16:49",bill8109,#0,Hasanat ana nt3b Bach njibhoum W Nas yadiwhm 3la dahri,_ego.0#0,
"2024-11-06,15:16:51",bill8109,#0,Mafihach,,
"2024-11-06,15:16:52",_ego.0,#0,La kont ngsr 3titk w dit tani,_mehdi69.#0,
"2024-11-06,15:17:04",_ego.0,#0,<:ALG_OMEGALUL:842607487098421248> <:ALG_OMEGALUL:842607487098421248> <:ALG_OMEGALUL:842607487098421248> <:ALG_OMEGALUL:842607487098421248>,bill8109#0,
"2024-11-06,15:17:05",_mehdi69.,#0,laazizaa ²,_ego.0#0,
"2024-11-06,15:17:07",bill8109,#0,Bi3lou,_ego.0#0,
"2024-11-06,15:17:13",_ego.0,#0,HHHHHHHHHHHHHHHHHH,_mehdi69.#0,
"2024-11-06,15:17:24",_ego.0,#0,,bill8109#0,
"2024-11-06,15:17:31",bill8109,#0,Use promo code pantera for 30% off,,
"2024-11-06,15:17:35",bill8109,#0,Link on my bio,,
"2024-11-06,15:17:40",_ego.0,#0,HHHHHHHHHHHHHHHHHH,bill8109#0,
"2024-11-06,15:17:46",_ego.0,#0,30 bzf,,
"2024-11-06,15:17:48",_ego.0,#0,10,,
"2024-11-06,15:17:51",_ego.0,#0,%,,
"2024-11-06,15:18:07",bill8109,#0,30% for newcomers,_ego.0#0,
"2024-11-06,15:18:11",bill8109,#0,<:ALG_kekw:852170231673782332> <:ALG_kekw:852170231673782332> <:ALG_kekw:852170231673782332> <:ALG_kekw:852170231673782332>,,
"2024-11-06,15:18:11",_mehdi69.,#0,Ki yadhn ntwdha nod nsali,,
"2024-11-06,15:18:19",_ego.0,#0,HHHHHHHHHHHHHHHHHH kyna,bill8109#0,
"2024-11-06,15:18:22",houssemkandsi,#0,hello,,
"2024-11-06,15:18:27",_ego.0,#0,D3ili,_mehdi69.#0,
"2024-11-06,15:18:41",_mehdi69.,#0,Nooo makish fahma concept,_ego.0#0,
"2024-11-06,15:19:05",_ego.0,#0,,_mehdi69.#0,
"2024-11-06,15:19:22",dxairiyaa,#0,"i was yeah,..",_ego.0#0,
"2024-11-06,15:19:43",_mehdi69.,#0,Trap king 9alha,_ego.0#0,
"2024-11-06,15:20:47",nemouz,#0,,,https://cdn.discordapp.com/attachments/840535839138119680/1303725778566910043/Snaptik.app_74338308328773911092.jpg?ex=672e1e3f&is=672cccbf&hm=d2d9942444aabbc7a744c00d18bfd67ce0402970c12c7fa771281a19906e2607&
"2024-11-06,15:22:11",baldguy_,#0,kayna,nemouz#0,
"2024-11-06,15:22:30",emyyyyyyyyyy,#0,Hahahha,nemouz#0,
"2024-11-06,15:23:19",bill8109,#0,rebi y3tik core bghl,_ego.0#0,
"2024-11-06,15:23:43",_mehdi69.,#0,Khenchela core✨,bill8109#0,
"2024-11-06,15:24:47",emyyyyyyyyyy,#0,<@1293288776235356240>,n1daxc#0,
"2024-11-06,15:27:05",.coool,#0,<:ALG_Djawed:1267219975471628378>,_mehdi69.#0,
"2024-11-06,15:27:20",_mehdi69.,#0,cc slm,.coool#0,
"2024-11-06,15:27:29",.coool,#0,slm mhd,_mehdi69.#0,
"2024-11-06,15:29:48",baldguy_,#0,<@217623121254023169>  multiboxer cheaters now <:ALG_PepeLaugh:800544985148555264>,cybert7#0,
"2024-11-06,15:31:25",.coool,#0,<:ALG_Sunny:1263209544188694641> <:ALG_Sunny:1263209544188694641> <:ALG_Sunny:1263209544188694641>,,
"2024-11-06,15:31:32",emyyyyyyyyyy,#0,<@712279378163400776>,anes_911#0,
"2024-11-06,15:31:35",emyyyyyyyyyy,#0,9l9ni,,
"2024-11-06,15:31:42",emyyyyyyyyyy,#0,Hadk al admin li ismo,,
"2024-11-06,15:31:43",emyyyyyyyyyy,#0,Coool,,
"2024-11-06,15:32:00",emyyyyyyyyyy,#0,Gli al batnya,,
"2024-11-06,15:32:03",emyyyyyyyyyy,#0,Fayhin,,
"2024-11-06,15:32:07",emyyyyyyyyyy,#0,,,
"2024-11-06,15:32:21",emyyyyyyyyyy,#0,Baniwh,,
"2024-11-06,15:33:08",aminessss_ch,#0,<@716321147909701723> mskiin daro ff kmalt 3/1/5,bill8109#0,
"2024-11-06,15:33:23",bill8109,#0,Mli7a,aminessss_ch#0,
"2024-11-06,15:33:27",bri05255,#0,wachbihm batnyin ?,emyyyyyyyyyy#0,
"2024-11-06,15:33:40",bill8109,#0,Ana lzmli navigi CS team,,
"2024-11-06,15:33:42",aminessss_ch,#0,tchji3aaq howa li chaja3nii,bill8109#0,
"2024-11-06,15:33:45",.coool,#0,<@1050918095335739413>,mike.tsu_x#0,https://cdn.discordapp.com/attachments/840535839138119680/1303729042754633801/465464663_122123091446475312_7735356822456274561_n.jpg?ex=672e2149&is=672ccfc9&hm=67f329a8731cbea6e6db629fc8aa8d12992688d7a17ae2a7ae5019473b151048&
"2024-11-06,15:33:46",akboom,#0,ta3jbni hedi propaganda,the_doorkeeper#0,
"2024-11-06,15:34:16",aminessss_ch,#0,ta3 la cite hado <:ALG_NOOO:1044681745372545026>,.coool#0,
"2024-11-06,15:34:42",poluga1,#0,Nta mgl3,akboom#0,
"2024-11-06,15:34:49",n.xxxx.,#0,hahahahaha ana 5/12,aminessss_ch#0,
"2024-11-06,15:34:50",n.xxxx.,#0,xD,,
"2024-11-06,15:34:54",n.xxxx.,#0,,,
"2024-11-06,15:35:02",aminessss_ch,#0,kolina ikhwaa,n.xxxx.#0,
"2024-11-06,15:35:05",.coool,#0,dom wach rak !!,n.xxxx.#0,
"2024-11-06,15:35:14",n.xxxx.,#0,hahahahaha,aminessss_ch#0,
"2024-11-06,15:35:15",mike.tsu_x,#0,https://tenor.com/view/cako-my-honest-reaction-my-honest-reaction-meme-giga-chad-gigachad-gif-2845832567982176970,.coool#0,
"2024-11-06,15:35:22",_ego.0,#0,Ameeeeen 🤲🏻 ( hada mkn ? ),bill8109#0,
"2024-11-06,15:35:23",aminessss_ch,#0,<@1138103281038667826> arwa7 draft,n.xxxx.#0,
"2024-11-06,15:35:23",n.xxxx.,#0,good wnta jawad ?,.coool#0,
"2024-11-06,15:35:28",akboom,#0,dad bod,poluga1#0,
"2024-11-06,15:35:31",n.xxxx.,#0,sure,aminessss_ch#0,
"2024-11-06,15:35:32",n.xxxx.,#0,invite,,
"2024-11-06,15:35:40",bill8109,#0,,aminessss_ch#0,https://cdn.discordapp.com/attachments/840535839138119680/1303729523220807792/VID_19850730_054936_878.mp4?ex=672e21bc&is=672cd03c&hm=90d8d7030e24778d0c403da875002e3ac607125d02487b36c584d9643287b559&
"2024-11-06,15:35:41",aminessss_ch,#0,nta adc w ana sup <@1138103281038667826>,n.xxxx.#0,
"2024-11-06,15:35:45",bill8109,#0,Ana ki d3itlk.knt nkhmm f lee priest body,_ego.0#0,
"2024-11-06,15:35:51",bill8109,#0,I think that's enough,,
"2024-11-06,15:36:05",bill8109,#0,Core bghl kima T3 lee priest wch tzid tbghi,,
"2024-11-06,15:36:17",aminessss_ch,#0,this one goo hard,bill8109#0,
"2024-11-06,15:36:23",_ego.0,#0,https://tenor.com/view/lee-priest-bodybuilder-posing-gif-20439089,bill8109#0,
"2024-11-06,15:36:30",n.xxxx.,#0,join,aminessss_ch#0,
"2024-11-06,15:36:37",.coool,#0,,bill8109#0,https://cdn.discordapp.com/attachments/840535839138119680/1303729760072896623/monkey_video___monkey___bandar___monkey_voice___funny_manki_comedy_video___monkey_video_shorts.mp4?ex=672e21f4&is=672cd074&hm=d00ec2b610276c19aa672184b379ab79f0820b4865328639695509e8a7467b96&
"2024-11-06,15:36:39",_ego.0,#0,Kyna ( bghi bzf ),bill8109#0,
"2024-11-06,15:37:08",bill8109,#0,<:ALG_kekw:852170231673782332> <:ALG_kekw:852170231673782332> <:ALG_kekw:852170231673782332> <:ALG_kekw:852170231673782332>,.coool#0,
"2024-11-06,15:38:09",poluga1,#0,Dad bod= insane strength,akboom#0,
"2024-11-06,15:38:30",bill8109,#0,Air bod,akboom#0,
"2024-11-06,15:38:52",bill8109,#0,,.coool#0,https://cdn.discordapp.com/attachments/840535839138119680/1303730327038066761/421747065_25340979558849012_6423711222001472161_n.mp4?ex=672e227c&is=672cd0fc&hm=dd3e0a7f93244a9d3127d01c675b05dc44836cf0e4b65657aeb7351c169d9e26&
"2024-11-06,15:38:52",bill8109,#0,Peek male performance,poluga1#0,
"2024-11-06,15:39:21",akboom,#0,https://tenor.com/view/grizzly-frog-gif-24752610,poluga1#0,
"2024-11-06,15:40:16",.0ss,#0,Yupp 🤣🤣🤣,yuriiiiiiiiie#0,
"2024-11-06,15:40:24",bill8109,#0,Bach ki tkhsrou thslha fih tgoulou ADC  fachal?,aminessss_ch#0,
"2024-11-06,15:40:53",.0ss,#0,"Even where i work, ppl calls me 3ami 😂",yuriiiiiiiiie#0,
"2024-11-06,15:41:26",ssxrq_sd,#0,https://tenor.com/view/very-cat-gif-27584673,,
"2024-11-06,15:43:30",chk_nourr,#0,Hellooo,,
"2024-11-06,15:43:47",bill8109,#0,Khask.calin ?,,
"2024-11-06,15:43:52",bill8109,#0,<:ALG_kekw:852170231673782332> <:ALG_kekw:852170231673782332> <:ALG_kekw:852170231673782332>,,
"2024-11-06,15:44:04",chk_nourr,#0,Non 😭🤣🤣,,
"2024-11-06,15:44:12",bill8109,#0,<@322247763385647114> arwah n3tik calin,akboom#0,
"2024-11-06,15:44:35",.coool,#0,Hello,chk_nourr#0,
"2024-11-06,15:44:48",chk_nourr,#0,Hru !?,.coool#0,
"2024-11-06,15:44:58",bill8109,#0,Coool is coool,,
"2024-11-06,15:45:03",akboom,#0,https://tenor.com/view/fat-fat-families-tarnya-cuff-waddle-fat-waddle-gif-4704748394955300934,bill8109#0,
"2024-11-06,15:45:03",.coool,#0,good wbu,chk_nourr#0,
"2024-11-06,15:45:04",akboom,#0,ani jay*,,
"2024-11-06,15:45:08",.coool,#0,nn dsl,bill8109#0,
"2024-11-06,15:45:12",akboom,#0,nn wlh mongol kbir,bill8109#0,
"2024-11-06,15:45:15",akboom,#0,bsh bda yesta39l,,
"2024-11-06,15:45:17",akboom,#0,idk why,,
"2024-11-06,15:45:24",bill8109,#0,<:ALG_kekw:852170231673782332>,akboom#0,
"2024-11-06,15:45:35",bill8109,#0,Curable,akboom#0,
"2024-11-06,15:45:44",akboom,#0,tbanli he's inlove nkdb 3lik,bill8109#0,
"2024-11-06,15:45:46",chk_nourr,#0,fine thank u,.coool#0,
"2024-11-06,15:45:46",baldguy_,#0,wela discord mod,,
"2024-11-06,15:45:50",baldguy_,#0,el masoulia,,
"2024-11-06,15:45:54",baldguy_,#0,tghayar El insan,,
"2024-11-06,15:46:00",bill8109,#0,<:ALG_kekw:852170231673782332> <:ALG_kekw:852170231673782332> <:ALG_kekw:852170231673782332>,akboom#0,
"2024-11-06,15:46:02",.coool,#0,wlcm,chk_nourr#0,
"2024-11-06,15:46:02",baldguy_,#0,<:ALG_akboom:1215420419339980891>,,
"2024-11-06,15:46:04",bill8109,#0,Blind love,,
"2024-11-06,15:46:06",akboom,#0,real,baldguy_#0,
"2024-11-06,15:46:10",.coool,#0,nn dsl,baldguy_#0,
"2024-11-06,15:46:16",chk_nourr,#0,Thanks 🫀,.coool#0,
"2024-11-06,15:46:19",.coool,#0,nn dsl²,akboom#0,
"2024-11-06,15:46:23",yuriiiiiiiiie,#0,196 machi batel,.0ss#0,
"2024-11-06,15:46:27",akboom,#0,<@776769968955457546>  are you,.coool#0,
"2024-11-06,15:46:33",baldguy_,#0,elabalna bik mazalk mkch 3a9el f other servers <:ALG_akboom:1215420419339980891>,,
"2024-11-06,15:46:39",akboom,#0,wtf oss is tall asf,yuriiiiiiiiie#0,
"2024-11-06,15:46:40",yuriiiiiiiiie,#0,wjh yl3b dor too,,
"2024-11-06,15:46:46",.coool,#0,a7snt,baldguy_#0,
"2024-11-06,15:46:50",baldguy_,#0,khaliha f sitr Allah wahifdih,,
"2024-11-06,15:46:55",whostheodos,#0,https://tenor.com/view/funny-dance-gif-10587235,,
"2024-11-06,15:47:14",bill8109,#0,Yl3b centre back,yuriiiiiiiiie#0,
"2024-11-06,15:47:18",yuriiiiiiiiie,#0,bayen kan yel3ab basket,akboom#0,
"2024-11-06,15:47:23",akboom,#0,l9itou f wahd server wesmou daddy dadscore 9a3ed f voice chat yahdr (don't ask me why i was there too),baldguy_#0,
"2024-11-06,15:47:28",novexlhbb,#0,https://tenor.com/view/jester-dance-dmc3-jester-dance-dmc3-gif-27231722,,
"2024-11-06,15:48:02",bill8109,#0,My first hardest boss,novexlhbb#0,
"2024-11-06,15:48:09",baldguy_,#0,El question wa3lach Ana manich thema <:ALG_akboom:1215420419339980891>,akboom#0,
"2024-11-06,15:48:29",baldguy_,#0,asdi9a2 soua hado mahomch yekhdmo f khedmathom mlih,,
"2024-11-06,15:48:49",bill8109,#0,Daddy dad score,akboom#0,
"2024-11-06,15:48:59",.coool,#0,nn photoshop,akboom#0,
"2024-11-06,15:49:13",bill8109,#0,Going to a party in a white  toxido,,
"2024-11-06,15:49:14",.coool,#0,machi ana hadak,,
"2024-11-06,15:49:30",baldguy_,#0,manakdbch elik kont mdayarlk mute,,
"2024-11-06,15:49:52",baldguy_,#0,kol mayadkhl voice chat yebda y3ayat ki haycha,,
"2024-11-06,15:49:57",baldguy_,#0,<:ALG_akboom:1215420419339980891>,,
"2024-11-06,15:50:02",baldguy_,#0,ha9i9a mora,,
"2024-11-06,15:50:54",bill8109,#0,الاندفاع الالكتروني,baldguy_#0,
"2024-11-06,15:52:10",.0ss,#0,Its good ki tchof Kamel ness t7tk (fer3oun once said),yuriiiiiiiiie#0,
"2024-11-06,15:52:21",emyyyyyyyyyy,#0,<@776769968955457546> golo,.coool#0、bri05255#0,
"2024-11-06,15:52:34",kitter969,#0,dude why mkach rich guy,,
"2024-11-06,15:52:41",kitter969,#0,like to have fun,,
"2024-11-06,15:52:54",.coool,#0,mysl7och,emyyyyyyyyyy#0,
"2024-11-06,15:53:01",kitter969,#0,and pay for everything,,
"2024-11-06,15:53:25",kitter969,#0,and all he want just to chill with friend,,
"2024-11-06,15:53:37",kitter969,#0,<:ALG_Sadge:1188883647772758106>,,
"2024-11-06,15:53:57",baldguy_,#0,hadi manich fahemha hata ana,,
"2024-11-06,15:54:09",baldguy_,#0,3andi week looking for rich steam family to adopt me,,
"2024-11-06,15:54:25",baldguy_,#0,wahed mahab yadoptini bab nel3ab rich people's games,,
"2024-11-06,15:54:30",baldguy_,#0,<:ALG_sadge_borgar:877129707592753192>,,
"2024-11-06,15:54:37",whostheodos,#0,real,,
"2024-11-06,15:54:41",kitter969,#0,bro rich ppl hado hang only with rich,,
"2024-11-06,15:54:45",kitter969,#0,idk why,,
"2024-11-06,15:54:56",whostheodos,#0,win yhangiw rich ppl,kitter969#0,
"2024-11-06,15:55:06",kitter969,#0,idk,,
"2024-11-06,15:55:13",baldguy_,#0,no wonder I hang out with you slaves <:ALG_sadge_borgar:877129707592753192>,,
"2024-11-06,15:55:17",whostheodos,#0,lol,,
"2024-11-06,15:55:17",baldguy_,#0,block me pls,,
"2024-11-06,15:55:27",whostheodos,#0,nuh uh 🔥,baldguy_#0,
"2024-11-06,15:55:34",baldguy_,#0,li mahoch rich kamel yblockini min fadlkom,,
"2024-11-06,15:55:45",kitter969,#0,<@322247763385647114> bayn beli rich ppl hang with zwawla,akboom#0,
"2024-11-06,15:56:11",kitter969,#0,e3rd agr to a fiest,,
"2024-11-06,15:56:22",hiba0355,#0,Watch discord banning you,baldguy_#0,
"2024-11-06,15:57:15",kitter969,#0,idk what they r saving for,,
"2024-11-06,15:57:19",baldguy_,#0,"why, mayhbch El fo9ara <:ALG_sadge_borgar:877129707592753192>",hiba0355#0,
"2024-11-06,15:57:27",magiique,#0,am afraid of the monsters that's under my bed,kitter969#0,
"2024-11-06,15:57:44",kitter969,#0,mezal ma san3och immortality potion,,
"2024-11-06,15:58:17",hiba0355,#0,"Going to fucking mars , boring",kitter969#0,
"2024-11-06,15:58:24",hiba0355,#0,Apparently 😔,baldguy_#0,
"2024-11-06,15:58:28",baldguy_,#0,akboom 3ando swared ydal khedam,,
"2024-11-06,15:58:56",kitter969,#0,imagine having money and still working to make more,baldguy_#0,
"2024-11-06,15:59:01",.coool,#0,,baldguy_#0,https://cdn.discordapp.com/attachments/840535839138119680/1303735397540696084/have_a_nice_day.mp4?ex=672e2735&is=672cd5b5&hm=77294689f622dc25ef888499a5e1bc50b4a111a2ce4e42f0faad90c90d7f4dfd&
"2024-11-06,15:59:13",kitter969,#0,d3awi cher,,
"2024-11-06,15:59:37",.coool,#0,hh houda l3awda,hiba0355#0,
"2024-11-06,15:59:51",emyyyyyyyyyy,#0,Ayaahhh <@712279378163400776>,anes_911#0、.coool#0,
"2024-11-06,15:59:54",emyyyyyyyyyy,#0,,,
"2024-11-06,16:00:04",emyyyyyyyyyy,#0,Lokn ana wlah,,
"2024-11-06,16:00:09",emyyyyyyyyyy,#0,Mnsktlo,,
"2024-11-06,16:00:12",n.xxxx.,#0,<:ALG_theuncaty:1137537510621335634>,,
"2024-11-06,16:00:14",emyyyyyyyyyy,#0,W y9li hak,,
"2024-11-06,16:00:18",emyyyyyyyyyy,#0,,,
"2024-11-06,16:00:21",baldguy_,#0,chof f belly nta3o tefham win raho drahmo <:ALG_sadge_borgar:877129707592753192>,kitter969#0,
"2024-11-06,16:00:39",kitter969,#0,<:ALG_Sadge:1188883647772758106>,,
"2024-11-06,16:00:52",kitter969,#0,i eat once a day,,
"2024-11-06,16:01:22",baldguy_,#0,man3rf elah tghiro meno,.coool#0,
"2024-11-06,16:01:30",kitter969,#0,b9aw ghi dyar ma klahomch akboom,,
"2024-11-06,16:01:42",snow.core,#0,https://tenor.com/view/lenore-castlevania-lenore-aesthetic-castlevania-gif-lenore-gif-gif-26152025,,
"2024-11-06,16:01:50",.coool,#0,nn dsl photoshop,baldguy_#0,
"2024-11-06,16:02:36",baldguy_,#0,nta fa9ir mich kifkif,kitter969#0,
"2024-11-06,16:02:39",dxairiyaa,#0,chno galsin ka diro,,
"2024-11-06,16:02:47",kitter969,#0,idk how he balance between breathing and eating,,
"2024-11-06,16:02:59",yia06555,#0,https://tenor.com/view/kangaroo-how-are-you-chewing-gif-14647226277861737287,snow.core#0,
"2024-11-06,16:03:16",baldguy_,#0,te9dr tekhdmli photo nta3i m3a tabboun haz flag nta3 dzayer?,.coool#0,
"2024-11-06,16:03:19",kitter969,#0,i wonder how it feel to eat 3 meals a day,baldguy_#0,
"2024-11-06,16:03:33",dxairiyaa,#0,,baldguy_#0,
"2024-11-06,16:03:35",kitter969,#0,<:ALG_suicide:801733473537753138>,,
"2024-11-06,16:03:39",yia06555,#0,,,
"2024-11-06,16:03:51",baldguy_,#0,feels like taking 5shits per day,kitter969#0,
"2024-11-06,16:03:59",yia06555,#0,https://tenor.com/view/asaad-spiderman-spidermantwerk-gif-22625958,,
"2024-11-06,16:04:31",kitter969,#0,do rich ppl know how it like being hungry,,
"2024-11-06,16:04:32",aminessss_ch,#0,sus spider,yia06555#0,
"2024-11-06,16:04:39",aminessss_ch,#0,yaas,kitter969#0,
"2024-11-06,16:04:40",kitter969,#0,<:ALG_Sadge:1188883647772758106>,,
"2024-11-06,16:04:43",yia06555,#0,https://tenor.com/view/funny-happy-dance-spiderman-gif-12493518,aminessss_ch#0,
"2024-11-06,16:04:54",baldguy_,#0,rich niggas in Algeria all have belies size of cherea mountain,,
"2024-11-06,16:04:56",kitter969,#0,a3rdona naklo,,
"2024-11-06,16:05:10",kitter969,#0,<:ALG_Sadge:1188883647772758106>,,
"2024-11-06,16:05:20",aminessss_ch,#0,rich ta3 dz ga3 ji3anin,baldguy_#0,
"2024-11-06,16:05:42",aminessss_ch,#0,3liha wlaw rich,,
"2024-11-06,16:05:43",aminessss_ch,#0,arwa7,kitter969#0,
"2024-11-06,16:05:51",aminessss_ch,#0,nthala fiik,,
"2024-11-06,16:05:56",baldguy_,#0,tji naklo Mal El yatim ?,kitter969#0,
"2024-11-06,16:05:59",baldguy_,#0,date idea ?,,
"2024-11-06,16:06:00",aminessss_ch,#0,<@1152342466113048676> <:ALG_theuncaty:1137537510621335634>,yia06555#0,
"2024-11-06,16:06:02",aminessss_ch,#0,stop,,
"2024-11-06,16:06:07",kitter969,#0,lets goo,baldguy_#0,
"2024-11-06,16:06:17",kitter969,#0,what u gonna feed me ?,aminessss_ch#0,
"2024-11-06,16:06:45",baldguy_,#0,nwaklk drahem lehram 😉,,
"2024-11-06,16:06:53",aminessss_ch,#0,hmmmm nadiq takol kafta with 7rira + mrgaaz good ??,kitter969#0,
"2024-11-06,16:06:57",aminessss_ch,#0,local food,,
"2024-11-06,16:06:58",baldguy_,#0,maknch haja bnina ela drahem lehram if am being honest here,,
"2024-11-06,16:07:05",yia06555,#0,https://tenor.com/view/elede-ca-va-peek-funny-face-gif-17146921,aminessss_ch#0,
"2024-11-06,16:07:18",yia06555,#0,akherodj,baldguy_#0,
"2024-11-06,16:07:22",baldguy_,#0,kerchhom takel m3ahom,aminessss_ch#0,
"2024-11-06,16:07:24",mike.tsu_x,#0,oufffff,baldguy_#0,
"2024-11-06,16:07:30",aminessss_ch,#0,nta spipokat,baldguy_#0,
"2024-11-06,16:07:52",baldguy_,#0,li maywafa9nich hater,,
"2024-11-06,16:08:09",yia06555,#0,nta eandk haters bla fans,baldguy_#0,
"2024-11-06,16:08:12",baldguy_,#0,tghiro meni Ntoma,,
"2024-11-06,16:08:16",yia06555,#0,sah kayna,,
"2024-11-06,16:08:20",aminessss_ch,#0,tbh ga3 tjbrhom jayin ima sola3 wla zorgiin w karchoom kharja w 3andah gtd w zoj tlifonat,baldguy_#0,
"2024-11-06,16:08:29",aminessss_ch,#0,peak ta3 rich fi dz,,
"2024-11-06,16:08:33",bill8109,#0,Kayna,baldguy_#0,
"2024-11-06,16:08:57",baldguy_,#0,kima Ana asla3,aminessss_ch#0,
"2024-11-06,16:09:02",baldguy_,#0,w smin,,
"2024-11-06,16:09:09",bill8109,#0,Drahm l7lal always ends up taken by wlad l7ram anyways,,
"2024-11-06,16:09:11",baldguy_,#0,hada kanel men Mal El yatim w fo9ara2,,
"2024-11-06,16:09:15",aminessss_ch,#0,nta blastaq m3a rich,baldguy_#0,
"2024-11-06,16:09:19",aminessss_ch,#0,bsa7 mktoob,,
"2024-11-06,16:09:21",aminessss_ch,#0,mbghach,,
"2024-11-06,16:09:42",yia06555,#0,https://tenor.com/view/batman-arkham-knight-sad-loss-arkham-gif-23012671,,
"2024-11-06,16:09:58",baldguy_,#0,<:ALG_akboom:1215420419339980891> 🫱🏻‍🫲🏿,bill8109#0,
"2024-11-06,16:10:27",baldguy_,#0,mayhabich rejala sol3,aminessss_ch#0,
"2024-11-06,16:11:18",muliarcsc25,#0,ويووو,,
"2024-11-06,16:11:27",muliarcsc25,#0,🐏,,
"2024-11-06,16:11:49",snow.core,#0,https://tenor.com/view/inazuma-eleven-go-galaxy-inago-galaxy-anime-ratoniik-bugs-planet-gif-23630558,,
"2024-11-06,16:12:19",kitter969,#0,idk,,
"2024-11-06,16:12:29",kitter969,#0,ma ksbt drahem 7ram w 7lal,,
"2024-11-06,16:12:59",aminessss_ch,#0,HHHHHHHHHHHHHHHHHHHHHH,kitter969#0,
"2024-11-06,16:13:07",eycuu,#0,,,
"2024-11-06,16:13:20",kitter969,#0,yekdeb 3elik li y9olek 7ram sahel,,
"2024-11-06,16:13:31",aminessss_ch,#0,https://tenor.com/view/letter-h-h-letter-hhh-hh-h-meme-gif-22388730,,
"2024-11-06,16:13:49",aminessss_ch,#0,7ram mchi sahal 7ram yjii bl sahal,kitter969#0,
"2024-11-06,16:14:11",kitter969,#0,ma jani ma chefto,aminessss_ch#0,
"2024-11-06,16:14:21",kitter969,#0,7ram arwa7,,
"2024-11-06,16:14:24",kitter969,#0,ani nestna,,
"2024-11-06,16:14:33",kitter969,#0,first glance ne9bel bik,,
"2024-11-06,16:14:56",aminessss_ch,#0,if (hram>araw7),,
"2024-11-06,16:15:11",aminessss_ch,#0,"print(""hram arwa7"")",,
"2024-11-06,16:15:30",aminessss_ch,#0,Cool ghadi ytya7lii,,
"2024-11-06,16:15:32",aminessss_ch,#0,kon ychof had katba,,
"2024-11-06,16:17:19",kitter969,#0,"if hram > araw7:
    print(""hram arwa7"")",aminessss_ch#0,
"2024-11-06,16:17:32",aminessss_ch,#0,twaalt,,
"2024-11-06,16:17:33",aminessss_ch,#0,hhhhhhh,,
"2024-11-06,16:17:51",aminessss_ch,#0,tbalii condition mfihach :,,
"2024-11-06,16:17:54",aminessss_ch,#0,no ??,,
"2024-11-06,16:18:03",kitter969,#0,depend on value,,
"2024-11-06,16:18:24",kitter969,#0,nt3 hram w arwa7,,
"2024-11-06,16:18:40",kitter969,#0,condition in the value,,
"2024-11-06,16:19:01",aminessss_ch,#0,ahhh okay,,
"2024-11-06,16:19:15",kitter969,#0,the code serve nothing,,
"2024-11-06,16:19:16",aminessss_ch,#0,bsa7 rak nasii (),,
"2024-11-06,16:19:38",aminessss_ch,#0,bayna hadii psq m3ndnash i=0,kitter969#0,
"2024-11-06,16:19:47",aminessss_ch,#0,w tanii hram ch3al$,,
"2024-11-06,16:19:48",kitter969,#0,just displaying hram arwa7,,
"2024-11-06,16:20:08",whostheodos,#0,womp,,
"2024-11-06,16:20:32",kitter969,#0,anyway im not programmer,,
"2024-11-06,16:20:38",aminessss_ch,#0,fi python right ?,kitter969#0,
"2024-11-06,16:21:09",kitter969,#0,it simple programming,aminessss_ch#0,
"2024-11-06,16:21:16",kitter969,#0,tsibha even fel C,,
"2024-11-06,16:22:22",ssxrq_sd,#0,T3ba,,
"2024-11-06,16:22:27",7xr.,#0,قتلت هيبة c# في الجملة هذي,kitter969#0,
"2024-11-06,16:24:21",kitter969,#0,idk,7xr.#0,
"2024-11-06,16:24:44",kitter969,#0,i know nothing abt this topic ngl,,
"2024-11-06,16:25:44",7xr.,#0,دامك تعرف  if statement تعتبر تعرف 70% عن البرمجة,,
"2024-11-06,16:26:11",akboom,#0,Rbhoum gue3 wahd,kitter969#0,
"2024-11-06,16:26:28",lb9999b,#0,أستغفر الله,akboom#0,
"2024-11-06,16:26:45",akboom,#0,Nn,,
"2024-11-06,16:26:45",7xr.,#0,تقريبا لا,akboom#0,
"2024-11-06,16:27:02",akboom,#0,How so,7xr.#0,
"2024-11-06,16:27:13",7xr.,#0,اذا قصدك لغات كامل كيف كيف,,
"2024-11-06,16:27:16",7xr.,#0,لا,,
"2024-11-06,16:27:21",7xr.,#0,اذا قصدك حاجة اخرى الله اعلم,,
"2024-11-06,16:27:59",aminessss_ch,#0,<@322247763385647114>,akboom#0,https://cdn.discordapp.com/attachments/840535839138119680/1303742690239840256/Capture_decran_179.png?ex=672e2dff&is=672cdc7f&hm=d837937e59652eddcd3bf6d3aca60298d6a9b4df2fd507f0f19ca2d31c044a6a&
"2024-11-06,16:28:16",akboom,#0,Python the best 😍,aminessss_ch#0,
"2024-11-06,16:28:43",aminessss_ch,#0,ikr bsa7 cool ykrhah <:ALG_theuncaty:1137537510621335634>,akboom#0,
"2024-11-06,16:29:37",kitter969,#0,i think difference is depend on  the purpose of what u programing,,
"2024-11-06,16:29:53",lb9999b,#0,madirch 3lih tlmcani hadak,aminessss_ch#0,
"2024-11-06,16:30:12",kitter969,#0,like if u want to creat something interact with hardware u go for C,,
"2024-11-06,16:30:46",7xr.,#0,🫡,aminessss_ch#0,
"2024-11-06,16:31:04",kitter969,#0,pesudo programmer,aminessss_ch#0,
"2024-11-06,16:31:06",akboom,#0,Coool heda yetkhayl chroul kima hediuk ki y9oulk berserk the best and all other animes are trash hediu C users haka dayrin,aminessss_ch#0,
"2024-11-06,16:31:15",kitter969,#0,ma tdirch 3elih,,
"2024-11-06,16:31:25",7xr.,#0,صح,kitter969#0,
"2024-11-06,16:31:41",yuriiiiiiiiie,#0,ywlou yhibouk,.0ss#0,
"2024-11-06,16:32:03",7xr.,#0,كل لغة برمجية عندها مجال تتفوق فيه,,
"2024-11-06,16:33:16",kitter969,#0,i think depend on the complexity,7xr.#0,
"2024-11-06,16:33:21",kitter969,#0,of language,,
"2024-11-06,16:33:38",aminessss_ch,#0,w taya7 wald 16 HHH,lb9999b#0,
"2024-11-06,16:33:40",baldguy_,#0,https://tenor.com/view/funny-emo-wolf-werewolf-transform-gif-27196401,akboom#0,
"2024-11-06,16:33:53",aminessss_ch,#0,bayna mn wlad mimon,,
"2024-11-06,16:34:24",7xr.,#0,لا مثلا بايثون سهلة بصح  تستعمل في مجالات معقدة بزاف,kitter969#0,
"2024-11-06,16:34:37",7xr.,#0,كيما AI,,
"2024-11-06,16:34:51",yia06555,#0,<@1057616440758390855> the best and easiest progammation is python ez to work with and a lot of infos about it ou raho i think one the most needed but u can after that learn others,aminessss_ch#0,
"2024-11-06,16:35:10",aminessss_ch,#0,wah howa mli7 ga3,yia06555#0,
"2024-11-06,16:35:15",aminessss_ch,#0,mochkil fl unii,,
"2024-11-06,16:35:23",aminessss_ch,#0,rana nkhdmo bl matlab,,
"2024-11-06,16:35:31",aminessss_ch,#0,sma khas t9raa wa7daq,,
"2024-11-06,16:36:22",dark_whatever,#0,,,
"2024-11-06,16:36:41",kitter969,#0,complexity of language to machine,7xr.#0,
"2024-11-06,16:37:03",akboom,#0,Li rah ysupprimi msg ta3 pantera les hommes,,
"2024-11-06,16:37:07",yia06555,#0,ana tan kont b matlab doka darolna fortran it's like 50times harder,aminessss_ch#0,
"2024-11-06,16:37:12",kitter969,#0,baniha,,
"2024-11-06,16:37:18",dark_whatever,#0,,,
"2024-11-06,16:37:38",akboom,#0,Mongola hhhhhh,_ego.0#0,
"2024-11-06,16:37:39",lb9999b,#0,<@1057616440758390855>mutiha spam,_ego.0#0、aminessss_ch#0,
"2024-11-06,16:37:42",aminessss_ch,#0,?mute 1286386828571840534 30min spamming,,
"2024-11-06,16:37:43",Carl-bot,#1536,**aminessss_ch** muted **_ego.0** for 30 minutes. Reason: spamming,,
"2024-11-06,16:37:48",lb9999b,#0,mrc,,
"2024-11-06,16:37:54",kitter969,#0,AAAAAAAAAAAAAAAAH,,
"2024-11-06,16:38:00",lb9999b,#0,<@1286386828571840534>🫵 🤣,_ego.0#0,
"2024-11-06,16:38:04",dark_whatever,#0,Amine is not cool anymore,,
"2024-11-06,16:38:06",dark_whatever,#0,Na7ilha,,
"2024-11-06,16:38:08",akboom,#0,😭😭😭,,
"2024-11-06,16:38:13",kitter969,#0,<@1286386828571840534> niggeeerr,_ego.0#0,
"2024-11-06,16:38:19",akboom,#0,No amine based,,
"2024-11-06,16:38:22",akboom,#0,She ruin our chat,,
"2024-11-06,16:38:26",aminessss_ch,#0,konti ghadi tro7i fi blsthaa,dark_whatever#0,
"2024-11-06,16:38:36",aminessss_ch,#0,gl3tlha msg 5times,,
"2024-11-06,16:38:39",kitter969,#0,kena ne7ko 3la nerdy topic that run the world,,
"2024-11-06,16:38:53",aminessss_ch,#0,no stop,kitter969#0,
"2024-11-06,16:38:57",dark_whatever,#0,https://media.discordapp.net/attachments/1149338774732537936/1212131949100142652/CC00E815-DC14-474C-ABD3-DD08D3E40E89_converted.gif,aminessss_ch#0,
"2024-11-06,16:39:01",aminessss_ch,#0,cbn mute ykafii,,
"2024-11-06,16:39:07",aminessss_ch,#0,🤓,dark_whatever#0,
"2024-11-06,16:39:13",kitter969,#0,but for some reason ma 3edhom 7ta value fel dzair,,
"2024-11-06,16:39:14",dark_whatever,#0,,aminessss_ch#0,
"2024-11-06,16:39:28",kitter969,#0,niggeeer,,
"2024-11-06,16:39:28",aminessss_ch,#0,?temprole 1278903710793203794 7h elite,,
"2024-11-06,16:39:29",Carl-bot,#1536,,,
"2024-11-06,16:39:30",kitter969,#0,gif,,
"2024-11-06,16:39:34",dark_whatever,#0,,,
"2024-11-06,16:39:40",dark_whatever,#0,https://tenor.com/view/dog-alo-hello-phone-call-gif-20320635,,
"2024-11-06,16:39:42",aminessss_ch,#0,bach mygoloch 7gaar,,
"2024-11-06,16:39:44",dark_whatever,#0,ALO,,
"2024-11-06,16:40:07",dark_whatever,#0,https://media.discordapp.net/attachments/1079503576092655617/1217194237112619078/SPOILER_EEF4D09D-FD10-4C7B-AF70-F924CB0F64BA.gif,,
"2024-11-06,16:41:58",aymen._1,#0,خسر بزاااف,,
"2024-11-06,16:42:09",7xr.,#0,تقريبا بصح كاين لغات كيما  جافا سكربت مثلا كي تحب دير بيها اداة مانقولكش ماتقدرش بصح تتعب بزاف عكس بايثون كاين لغات اصلا كي داروهم داروهم ل مجال معين  وب طريقة هذي تختار نتا لغة الي تستخدمها على حسب حاجة الي حاب ديرها,kitter969#0,
"2024-11-06,16:43:42",aymen._1,#0,تقريبا بصح كاين لغات كيما  جافا سكربت مثلا كي تحب دير بيها اداة مانقولكش ماتقدرش بصح تتعب بزاف عكس بايثون كاين لغات اصلا كي داروهم داروهم ل مجال معين  وب طريقة هذي تختار نتا لغة الي تستخدمها على حسب حاجة الي حاب ديرها,,
"2024-11-06,16:44:38",_ego.0,#0,,lb9999b#0,
"2024-11-06,16:44:57",_ego.0,#0,Realm staff,aymen._1#0,
"2024-11-06,16:45:07",_ego.0,#0,Never fail to surprise me,,
"2024-11-06,16:45:17",aymen._1,#0,راك غالط,_ego.0#0,
"2024-11-06,16:45:23",aminessss_ch,#0,<@1286386828571840534> mchaftch react taw3aq uk bli hdaq tani mute,_ego.0#0,
"2024-11-06,16:45:30",aymen._1,#0,رسلك ميساج فيه 3جيغا طلعه بدق,,
"2024-11-06,16:45:31",aminessss_ch,#0,<:ALG_Djawed:1267219975471628378>,,
"2024-11-06,16:45:32",aymen._1,#0,ف,,
"2024-11-06,16:45:41",aymen._1,#0,Pdf w 9rah,,
"2024-11-06,16:45:57",_ego.0,#0,,aminessss_ch#0,
"2024-11-06,16:46:53",aminessss_ch,#0,https://tenor.com/view/disappointed-sigh-whatever-not-surprised-gif-22918448,,
"2024-11-06,16:47:09",_ego.0,#0,Sayi gl3t,,
"2024-11-06,16:48:38",.0ss,#0,True,yuriiiiiiiiie#0,
"2024-11-06,16:50:46",2wyz,#0,https://tenor.com/view/yay-excited-happy-gif-15648958664586287187,,
"2024-11-06,16:53:39",shadowrazesback,#0,Chkon ando aithor paid?,,
"2024-11-06,16:53:54",cybert7,#0,?,baldguy_#0,
"2024-11-06,16:57:14",lb9999b,#0,https://tenor.com/view/buzz-lightyear-gif-21327280,_ego.0#0,
"2024-11-06,16:57:29",ssxrq_sd,#0,قبول,dark_whatever#0,
"2024-11-06,16:58:08",kitter969,#0,like why ppl cant live bla ma y9awdo rwa7ho,,
"2024-11-06,16:58:12",kitter969,#0,like fr,,
"2024-11-06,16:58:45",kitter969,#0,if someone selling u grocery just take what u order and leave,,
"2024-11-06,16:59:14",kitter969,#0,why making comment abt how he is not smiling,,
"2024-11-06,16:59:48",kitter969,#0,rak fel dzair mechi disneyland,,
"2024-11-06,16:59:56",aminessss_ch,#0,<:ALG_Moon:822091070015406091>,kitter969#0,
"2024-11-06,17:00:09",headhunterz999,#0,,,https://cdn.discordapp.com/attachments/840535839138119680/1303750785091502120/20241104_133420.png?ex=672e3589&is=672ce409&hm=2ac797debb8dfdf2bf2d5303a6a6506facede0a9153d7ed19d235ca7ab667e67&
"2024-11-06,17:01:28",kitter969,#0,imagine t3ich 7ytak without making conspircy theory abt every small thing happen in ur life,,
"2024-11-06,17:01:34",aminessss_ch,#0,https://tenor.com/view/money-ieu-duit-rek-sabaraha-gif-10114507,,
"2024-11-06,17:01:50",soheibb,#0,دز,aymen._1#0,
"2024-11-06,17:02:24",aymen._1,#0,Weeee lalo,soheibb#0,
"2024-11-06,17:02:30",soheibb,#0,وييي دز,,
"2024-11-06,17:02:31",aymen._1,#0,Ch3b hbal hna,,
"2024-11-06,17:02:36",soheibb,#0,واه,,
"2024-11-06,17:02:39",soheibb,#0,HHHHHHHHHHHHHHHHHHHH,,
"2024-11-06,17:02:49",soheibb,#0,z3ma yhdr 3rbiya,,
"2024-11-06,17:03:01",aymen._1,#0,Ay rak darab fiha bankai fel profil,,
"2024-11-06,17:03:12",soheibb,#0,sayf nar,,
"2024-11-06,17:03:14",aymen._1,#0,Z3ma واه,soheibb#0,
"2024-11-06,17:03:20",soheibb,#0,z3ma arabic,,
"2024-11-06,17:03:23",aymen._1,#0,Ay laaa ta kich,,
"2024-11-06,17:03:31",aymen._1,#0,Z3ma rak thdr srx ???,,
"2024-11-06,17:03:36",soheibb,#0,HHHHHHHHHHHHHHHHHHHH,,
"2024-11-06,17:03:36",aymen._1,#0,W7d mchi ghaya,,
"2024-11-06,17:03:41",soheibb,#0,rbani,,
"2024-11-06,17:03:45",aymen._1,#0,Ras te3 mim7at,,
"2024-11-06,17:03:47",soheibb,#0,twhchna,,
"2024-11-06,17:03:59",soheibb,#0,hamra wzarga,aymen._1#0,
"2024-11-06,17:04:04",aymen._1,#0,Waaah chawa ch3b hbal lah ghlb,,
"2024-11-06,17:04:09",aymen._1,#0,Lah yhdi ma khla9,,
"2024-11-06,17:04:17",akboom,#0,I SAID SMILE BITCH,kitter969#0,
"2024-11-06,17:04:22",aymen._1,#0,Sghal akboom,,
"2024-11-06,17:04:27",aymen._1,#0,Kan ybghi wrda,,
"2024-11-06,17:04:30",soheibb,#0,awdy ni nji ndrb tala chakyn wnkhrj,,
"2024-11-06,17:04:31",kitter969,#0,9wd akboom,akboom#0,
"2024-11-06,17:04:40",kitter969,#0,<:ALG_Sadge:1188883647772758106>,,
"2024-11-06,17:04:40",soheibb,#0,HHHHHHHHHHHHHHHHH,aymen._1#0,
"2024-11-06,17:04:43",akboom,#0,https://tenor.com/view/memes-bruh-meme-guy-wtf-what-gif-17184367,aymen._1#0,
"2024-11-06,17:04:48",akboom,#0,Chkoun hda mongol,,
"2024-11-06,17:04:53",soheibb,#0,jbdlah lmadi,,
"2024-11-06,17:04:54",aymen._1,#0,M3lbalhch,soheibb#0,
"2024-11-06,17:04:58",soheibb,#0,jbdlah lkhana,,
"2024-11-06,17:05:10",kitter969,#0,bro,,
"2024-11-06,17:05:12",aymen._1,#0,Darah darah,,
"2024-11-06,17:05:23",kitter969,#0,mkach mute,,
"2024-11-06,17:05:24",aymen._1,#0,Darah bel passe compose,,
"2024-11-06,17:05:25",soheibb,#0,darah,,
"2024-11-06,17:05:39",akboom,#0,You main shaco normalment you smile 24/7,kitter969#0,
"2024-11-06,17:05:43",aymen._1,#0,Sghal amin,,
"2024-11-06,17:05:49",aminessss_ch,#0,?mute <@1175876047863038122>  5h gotlaq arwa7 tl3aab,kitter969#0,
"2024-11-06,17:05:50",aymen._1,#0,Dak li kan ybghi lokhra,,
"2024-11-06,17:05:50",Carl-bot,#1536,**aminessss_ch** muted **kitter969** for 5 hours. Reason: gotlaq arwa7 tl3aab,,
"2024-11-06,17:06:06",aymen._1,#0,Ghu nkdb mkanch ybghi,,
"2024-11-06,17:06:23",aymen._1,#0,Khrsha,,
"2024-11-06,17:06:37",akboom,#0,Wch m lahja hadi,,
"2024-11-06,17:06:44",akboom,#0,I can barely understand,,
"2024-11-06,17:06:46",soheibb,#0,z3ma ツ,aymen._1#0,
"2024-11-06,17:07:00",aminessss_ch,#0,?unmute <@1175876047863038122>,kitter969#0,
"2024-11-06,17:07:01",Carl-bot,#1536,Successfully unmuted **kitter969**,,
"2024-11-06,17:07:09",aymen._1,#0,Rak mn 2019 w nta t7ws 3liha,soheibb#0,
"2024-11-06,17:07:16",soheibb,#0,HHHHHHHHHHHHHHHHHHHH,,
"2024-11-06,17:07:19",akboom,#0,He will carry you hard hata tenkhla3,aminessss_ch#0,
"2024-11-06,17:07:22",soheibb,#0,bsh mrida,,
"2024-11-06,17:07:24",kitter969,#0,<:ALG_suicide:801733473537753138>,,https://cdn.discordapp.com/attachments/840535839138119680/1303752610892873768/image.png?ex=672e373c&is=672ce5bc&hm=bd20057f7b6d14a6c0e3ec05d1e720e86462088decc6d1358719b37c54cd0ce2&
"2024-11-06,17:07:38",aaamethysttt,#0,Christian Louboutin hfdk,yia06555#0,
"2024-11-06,17:07:42",kitter969,#0,tbh,akboom#0,
"2024-11-06,17:07:45",aaamethysttt,#0,😭😭,muliarcsc25#0,
"2024-11-06,17:07:48",kitter969,#0,i can carry him,,
"2024-11-06,17:07:58",aminessss_ch,#0,awdi he never did that,akboom#0,
"2024-11-06,17:08:06",aymen._1,#0,Ngajo lalo,soheibb#0,
"2024-11-06,17:08:08",aymen._1,#0,??,,
"2024-11-06,17:08:09",aminessss_ch,#0,HHHHHHHHHHHHHHHHHHHHH,kitter969#0,
"2024-11-06,17:08:10",kitter969,#0,akboom in ur lobby only skilled ppl,,
"2024-11-06,17:08:13",soheibb,#0,ngajo,aymen._1#0,
"2024-11-06,17:08:15",akboom,#0,<:ALG_kekw:852170231673782332> <:ALG_kekw:852170231673782332> <:ALG_kekw:852170231673782332> <:ALG_kekw:852170231673782332> <:ALG_kekw:852170231673782332> <:ALG_kekw:852170231673782332> <:ALG_kekw:852170231673782332> <:ALG_kekw:852170231673782332>,kitter969#0,
"2024-11-06,17:08:20",akboom,#0,He always hard carry when he's with me,aminessss_ch#0,
"2024-11-06,17:08:24",akboom,#0,Hard carry enemy team,,
"2024-11-06,17:08:37",kitter969,#0,i fixed lag nt3 bare7,akboom#0,
"2024-11-06,17:08:37",aminessss_ch,#0,<@1175876047863038122> HHHHHHHHHHHHHHHHHHH,kitter969#0、akboom#0,
"2024-11-06,17:08:42",aymen._1,#0,Yl3bo Warcraft z3ma 9dim fel milleu,soheibb#0,
"2024-11-06,17:08:51",akboom,#0,True,aymen._1#0,
"2024-11-06,17:08:59",kitter969,#0,9ali ma tl3ch drivers,,
"2024-11-06,17:09:03",kitter969,#0,i was lagging,,
"2024-11-06,17:09:13",akboom,#0,https://tenor.com/view/drake-sure-dont-lying-i-agree-gif-13440636,kitter969#0,
"2024-11-06,17:09:23",akboom,#0,I know i know,,
"2024-11-06,17:09:25",soheibb,#0,z3ma 3aych fbekri,aymen._1#0,
"2024-11-06,17:09:26",kitter969,#0,ani tel3thom,akboom#0,
"2024-11-06,17:09:26",aymen._1,#0,Arro7 dok ngolha lwrda,akboom#0,
"2024-11-06,17:09:27",aminessss_ch,#0,<@1175876047863038122> arwa7,kitter969#0,
"2024-11-06,17:09:43",kitter969,#0,start,,
"2024-11-06,17:09:54",akboom,#0,😢😢😢,aymen._1#0,
"2024-11-06,17:09:55",aymen._1,#0,,soheibb#0,https://cdn.discordapp.com/attachments/840535839138119680/1303753242886537377/FB_IMG_1730512789020.jpg?ex=672e37d3&is=672ce653&hm=6ceb686b2db3a85d426bcc58bfbd9a756cc73507440c33e65c4999a25c912b63&
"2024-11-06,17:09:58",soheibb,#0,dazai 3ndh dar t3 chajra,,
"2024-11-06,17:10:05",aminessss_ch,#0,0s hhhhhhhhhhhhhh,,
"2024-11-06,17:10:11",soheibb,#0,HHHHHHHHHHHHHHHHHHHH,aymen._1#0,
"2024-11-06,17:10:14",aymen._1,#0,Askot mt7lbhomch,soheibb#0,
"2024-11-06,17:10:21",akboom,#0,Tsema lyoum you will carry me,kitter969#0,
"2024-11-06,17:10:24",aymen._1,#0,Mjalad,soheibb#0,
"2024-11-06,17:10:27",soheibb,#0,my3rfolhach,aymen._1#0,
"2024-11-06,17:10:35",kitter969,#0,why not,akboom#0,
"2024-11-06,17:10:38",soheibb,#0,kan taht lma bzef,aymen._1#0,
"2024-11-06,17:10:55",kitter969,#0,just dont hold me back b tristana,,
"2024-11-06,17:11:03",aminessss_ch,#0,arwa7 mnba3d,akboom#0,
"2024-11-06,17:12:05",yia06555,#0,kayan bzzf maerfthomch,aaamethysttt#0,
"2024-11-06,17:12:18",kitter969,#0,bro idk but for some reason wet towels smell like piss,,
"2024-11-06,17:12:22",aaamethysttt,#0,Kfh?,yia06555#0,
"2024-11-06,17:12:41",kitter969,#0,and i used to clean coffee,,
"2024-11-06,17:12:49",kitter969,#0,and everything smell like piss,,
"2024-11-06,17:12:56",kitter969,#0,<:ALG_Sadge:1188883647772758106>,,
"2024-11-06,17:12:58",kitter969,#0,AAAAAAAAAAAAAAAAAAAAH,,
"2024-11-06,17:13:01",yassine_mhm,#0,update 1gb ??,,
"2024-11-06,17:13:09",kitter969,#0,🥵,aaamethysttt#0,
"2024-11-06,17:13:11",yia06555,#0,kayan plusieurs models,aaamethysttt#0,
"2024-11-06,17:13:16",yia06555,#0,DELETE FAST,aaamethysttt#0,
"2024-11-06,17:13:16",kitter969,#0,prv,,
"2024-11-06,17:13:19",kitter969,#0,arwa7i,,
"2024-11-06,17:13:27",kitter969,#0,svp,,
"2024-11-06,17:13:30",aaamethysttt,#0,Lala lzm tdawiw ntoma,,
"2024-11-06,17:13:31",kitter969,#0,AAAAAAAAAAAAAAH,,
"2024-11-06,17:13:32",yia06555,#0,omggggggggggggggggg,,
"2024-11-06,17:13:42",yassine_mhm,#0,hahaha,,
"2024-11-06,17:13:43",yia06555,#0,howa machi ana,aaamethysttt#0,
"2024-11-06,17:13:49",aaamethysttt,#0,Nchoflkm psychologue?,,
"2024-11-06,17:13:58",kitter969,#0,nebra bik,aaamethysttt#0,
"2024-11-06,17:14:05",yia06555,#0,<@1237841015193468951> ur lucky makanoch lokhrin lokan rahom déja klawk,aaamethysttt#0,
"2024-11-06,17:14:25",yia06555,#0,<:ALG_suicide:801733473537753138>  nchofk ntfkr blg,yassine_mhm#0,
"2024-11-06,17:14:26",yassine_mhm,#0,7toha new champ ??,kitter969#0,
"2024-11-06,17:14:39",kitter969,#0,idk,yassine_mhm#0,
"2024-11-06,17:14:44",akboom,#0,😍 my new main,yassine_mhm#0,
"2024-11-06,17:14:48",yassine_mhm,#0,bach nchriha,,
"2024-11-06,17:14:55",aaamethysttt,#0,💀,yia06555#0,
"2024-11-06,17:14:58",aaamethysttt,#0,Mzya,,
"2024-11-06,17:15:00",kitter969,#0,she look boring,,
"2024-11-06,17:15:00",akboom,#0,https://tenor.com/view/ambessa-medarda-arcane-ambessa-medarda-mel-mother-gif-1741217293788994646,,
"2024-11-06,17:15:08",kitter969,#0,not gonna play her,,
"2024-11-06,17:15:09",aaamethysttt,#0,Nuh uh,kitter969#0,
"2024-11-06,17:15:11",aaamethysttt,#0,Chill,,
"2024-11-06,17:15:15",yia06555,#0,nchlh brq lichafha mderch f balon it's ur leg,aaamethysttt#0,
"2024-11-06,17:15:18",soheibb,#0,season 2 minta ytlgoh,,
"2024-11-06,17:15:40",akboom,#0,No fucking way a seraphine main talking shit about ambessa,kitter969#0,
"2024-11-06,17:15:44",yassine_mhm,#0,tkhra 3lihom f top hadi,kitter969#0,
"2024-11-06,17:15:45",akboom,#0,Ain't no way,,
"2024-11-06,17:15:47",aaamethysttt,#0,"It's isn't mine
I won't post my pics malk mrid nta",yia06555#0,
"2024-11-06,17:16:14",yia06555,#0,"ana li mrid yak ? 
HOMMA COMMENTAW OU ANA MRIIIIIIIID",aaamethysttt#0,
"2024-11-06,17:16:53",aaamethysttt,#0,Hah ya lmorda,,https://cdn.discordapp.com/attachments/840535839138119680/1303754996478906439/ff90efdb34bc530d3c5acaaf382682a6.jpg?ex=672e3975&is=672ce7f5&hm=37991695e01fa7cb4d71c5ca68906d2a2fce9e40e5fa8fc565b45d9c0a0de04c&
"2024-11-06,17:17:01",aaamethysttt,#0,Hdi wch,yia06555#0,
"2024-11-06,17:17:23",brakhim,#0,,,https://cdn.discordapp.com/attachments/840535839138119680/1303755122278404136/FB_IMG_1730909303427.jpg?ex=672e3993&is=672ce813&hm=6ad54c3f419a7341012cbd176f15c5f7f7dd7a2cce1a82a97fa88189b5783f71&
"2024-11-06,17:17:25",7xr.,#0,<:ALG_DansChamp:844240965202870312>,aaamethysttt#0,
"2024-11-06,17:17:25",yia06555,#0,i told u omg delete it,aaamethysttt#0,
"2024-11-06,17:17:47",yuriiiiiiiiie,#0,machi tfahemna twrili l hairtie fi cha3rk?,_ego.0#0,
"2024-11-06,17:17:51",yia06555,#0,"small issue or big issue 
it's costs min 700 euros",aaamethysttt#0,
"2024-11-06,17:18:19",yuriiiiiiiiie,#0,bessah nta tahder troh lhiba <:ALG_kekw:852170231673782332>,.0ss#0,
"2024-11-06,17:18:24",aaamethysttt,#0,Whda<:ALG_kekw:852170231673782332>,7xr.#0,https://cdn.discordapp.com/attachments/840535839138119680/1303755378428743680/36fad8a28ba1d28ede9db5e259de6607.jpg?ex=672e39d0&is=672ce850&hm=382d7c212452eeb9b91123e3efd9fcad228cb35b0bf8c9efe038b6de045bfeaa&
"2024-11-06,17:19:00",edwardkenwayy,#0,Louboutin khir 🫦,,
"2024-11-06,17:19:30",aaamethysttt,#0,"😔😔😔
W l main problem 
Nta mnin 3arf it's price psq c vrai 700 w haja
Redflagg",yia06555#0,
"2024-11-06,17:19:37",aaamethysttt,#0,Wili,edwardkenwayy#0,
"2024-11-06,17:19:57",yia06555,#0,cause i just checked -_-,aaamethysttt#0,
"2024-11-06,17:20:17",aaamethysttt,#0,<:ALG_kekw:852170231673782332> w kyn f 3k ila bghit,yia06555#0,
"2024-11-06,17:20:32",2wyz,#0,tbi3i fihm ?,aaamethysttt#0,
"2024-11-06,17:20:43",yia06555,#0,"250 da = 1euro 
diri lahsab",aaamethysttt#0,
"2024-11-06,17:20:53",yia06555,#0,3k ndir bihom upgrade l pc,,
"2024-11-06,17:21:10",2wyz,#0,mchi ghir upgrade,yia06555#0,
"2024-11-06,17:21:14",aaamethysttt,#0,La n7ws nchri,2wyz#0,
"2024-11-06,17:21:31",aaamethysttt,#0,"Ghalt
Dir bihm upgrade l hyatk😭",yia06555#0,
"2024-11-06,17:21:51",yia06555,#0,lala my pc has a soul i can't buy a new one lazem hada ndirlo uprade,2wyz#0,
"2024-11-06,17:22:00",yia06555,#0,hyati is hmdlh,aaamethysttt#0,
"2024-11-06,17:22:17",2wyz,#0,ch7al ysl hadak ydir,,
"2024-11-06,17:22:19",aaamethysttt,#0,"Al hamduli'allah 
Bsh tzid",yia06555#0,
"2024-11-06,17:22:46",yia06555,#0,money doesnt buy me happiness sayitha,aaamethysttt#0,
"2024-11-06,17:23:00",2wyz,#0,https://tenor.com/view/lie-lie-detector-cap-you-are-lying-stop-lying-gif-12198388917433403789,yia06555#0,
"2024-11-06,17:23:27",yia06555,#0,génération draham only matter ntouma,2wyz#0,
"2024-11-06,17:23:36",the_doorkeeper,#0,hhhhhhhh,akboom#0,
"2024-11-06,17:23:50",aaamethysttt,#0,2k$,2wyz#0,
"2024-11-06,17:24:01",akboom,#0,People who have money :,yia06555#0,
"2024-11-06,17:24:14",aaamethysttt,#0,"Awdi kan ta3bir majazi z3ma tchri hyat jdida
Cus bayna it'll never do so",yia06555#0,
"2024-11-06,17:24:15",2wyz,#0,💀,aaamethysttt#0,
"2024-11-06,17:24:27",aaamethysttt,#0,"Hna f dz 800alf
Mchi original haha",2wyz#0,
"2024-11-06,17:24:28",2wyz,#0,bayna hadi,yia06555#0,
"2024-11-06,17:24:47",2wyz,#0,bsh kif kif,aaamethysttt#0,
"2024-11-06,17:25:06",aaamethysttt,#0,Yban kifkif bsh it's not,2wyz#0,
"2024-11-06,17:25:37",2wyz,#0,chkon r7 yji ychof ida original wla la,,
"2024-11-06,17:25:40",yia06555,#0,"i dont have money 
i have enough to ear sleep and pay bills hmdlh",akboom#0,
"2024-11-06,17:25:51",the_doorkeeper,#0,"it does, am sure the average millionire is happier then the average worker",yia06555#0,
"2024-11-06,17:26:04",the_doorkeeper,#0,this is why the ones exploiting u want u to say,yia06555#0,
"2024-11-06,17:26:37",yia06555,#0,naerf nas trafhou they literally changed their whole life,aaamethysttt#0,
"2024-11-06,17:27:53",2wyz,#0,https://tenor.com/view/kid-thinking-sit-bored-couch-gif-17483531,yia06555#0,
"2024-11-06,17:27:59",yia06555,#0,"akhi pls no one is telling me that 
just ana ik u need to have a certain amount of money takol tchrb mindek thawas 
but hadik tae voyager talbs khir stylish bs tkon eandk last car hadik rly not for me",the_doorkeeper#0,
"2024-11-06,17:28:29",alectrona_666,#0,normalize beating up ur partner,,
"2024-11-06,17:28:35",alectrona_666,#0,💗,,
"2024-11-06,17:28:49",2wyz,#0,ro7 3ich f village,yia06555#0,
"2024-11-06,17:29:06",2wyz,#0,☹️,alectrona_666#0,
"2024-11-06,17:29:07",aaamethysttt,#0,"Awdi ezdm brk
Kyn brands ka Hermes f original, tchrih b price lyom ngolo 20k
After years tbi3ha b 35k , tinvesti w nta tkhdm b hdik l3fsa kima dheb",2wyz#0,
"2024-11-06,17:29:28",aaamethysttt,#0,Allah yorz9na kml then🌷,yia06555#0,
"2024-11-06,17:29:46",2wyz,#0,s77 kayn mnha bs7 mch mdmona,aaamethysttt#0,
"2024-11-06,17:29:58",2wyz,#0,tinvisti f watches afdl,,
"2024-11-06,17:30:34",.0ss,#0,Hhh,yuriiiiiiiiie#0,
"2024-11-06,17:30:56",aaamethysttt,#0,"Maybe bsh good deal lokan 3ndi drahm niib Birkin ani nkhdm biha w value te3ha ttl3
Psq b certificate yk",2wyz#0,
"2024-11-06,17:31:16",aaamethysttt,#0,"Ow?
What's the diff",2wyz#0,
"2024-11-06,17:31:38",2wyz,#0,limited,aaamethysttt#0,
"2024-11-06,17:32:04",2wyz,#0,w market akbr in general,,
"2024-11-06,17:32:15",yuriiiiiiiiie,#0,ani ngaser brk,.0ss#0,
"2024-11-06,17:32:32",.0ss,#0,Yes ik 😀,yuriiiiiiiiie#0,
"2024-11-06,17:39:20",yia06555,#0,ida kan hlal ou myfsdch bnadem,aaamethysttt#0,
"2024-11-06,17:40:06",novexlhbb,#0,chat is delusionel,,
"2024-11-06,17:40:49",2wyz,#0,,novexlhbb#0,https://cdn.discordapp.com/attachments/840535839138119680/1303761019650314250/image.png?ex=672e3f11&is=672ced91&hm=a6ba8d8457555642777fc5427e9d417b23f9f5dd2fdd31014902243ce7493925&
"2024-11-06,17:41:04",2wyz,#0,https://tenor.com/view/nerd-emoji-nerd-emoji-avalon-play-avalon-gif-24241051,,
"2024-11-06,17:41:16",novexlhbb,#0,nerd hhhhhhhhh,2wyz#0,
"2024-11-06,17:41:24",novexlhbb,#0,u actually searched for it,,
"2024-11-06,17:41:35",aaamethysttt,#0,"Hmm
Birkin bags are so expensive cus they’re made from rare w highquality leather kima crocodile skin w crafted by hand. Hermès only makes a limited number around 200,000 in total so far 
So they r super rare and highly in demand
 and people even buy them as an investment since they can go up in value over time
Mhm in short 
if you want something you can actually wear and enjoy, for eg go for the Rolex. But if you’re into rare stuff with major resale value (and don’t mind taking care of it a bit), then a Birkin’s your best deal especially if u r gonna buy it b special material wla color psq it's value ytl3 min tchriha directly",2wyz#0,
"2024-11-06,17:41:54",yuriiiiiiiiie,#0,"You're delusional, you're delusional
Boy, you're losing your mind
It's confusing, yo, you're confused, you know
Why you wasting your time?",,
"2024-11-06,17:42:17",novexlhbb,#0,https://tenor.com/view/swing-gif-18612030,yuriiiiiiiiie#0,
"2024-11-06,17:42:34",2wyz,#0,https://tenor.com/view/elsword-gif-27268482,novexlhbb#0,
"2024-11-06,17:43:01",nazeliseo,#0,https://tenor.com/view/boingboingboing-goth-goth-girl-alternative-alt-gif-17011309477163924107,,
"2024-11-06,17:43:03",aminessss_ch,#0,<@1175876047863038122> not my bad ida riot mrankaa 3liha,kitter969#0,
"2024-11-06,17:43:13",nazeliseo,#0,https://tenor.com/view/boingboingboing-goth-goth-girl-alternative-alt-gif-17011309477163924107,,
"2024-11-06,17:43:21",aminessss_ch,#0,client 7baas,,
"2024-11-06,17:44:16",2wyz,#0,,aaamethysttt#0,https://cdn.discordapp.com/attachments/840535839138119680/1303761888211107840/image.png?ex=672e3fe0&is=672cee60&hm=a9e24aa343bc9dc91500d66f6b4d41f49e0f5777f3014b7aa71f4ec2b635df42&
"2024-11-06,17:45:34",aaamethysttt,#0,"Theyusually cost around $8,500 to $10,000, but can go way higher for special versions.",2wyz#0,
"2024-11-06,17:46:08",2wyz,#0,look how much it cost to make,aaamethysttt#0,
"2024-11-06,17:46:13",2wyz,#0,its a scaM,,
"2024-11-06,17:47:05",kitter969,#0,fk u,aminessss_ch#0,
"2024-11-06,17:47:25",aminessss_ch,#0,cha dkhlnii ana,kitter969#0,
"2024-11-06,17:47:28",cyrax_d3xterity,#0,https://tenor.com/view/jump-scare-scary-gif-19226835,kitter969#0,
"2024-11-06,17:47:35",aminessss_ch,#0,riot hiyaa sabaa,,
"2024-11-06,17:48:15",kitter969,#0,u always leave mid game,aminessss_ch#0,
"2024-11-06,17:48:18",aminessss_ch,#0,<@1175876047863038122> drthlaq note,kitter969#0,
"2024-11-06,17:48:37",aminessss_ch,#0,no khatra lawla hadii,kitter969#0,
"2024-11-06,17:48:44",kitter969,#0,,,https://cdn.discordapp.com/attachments/840535839138119680/1303763009713344612/image.png?ex=672e40ec&is=672cef6c&hm=1dc1d3142ff522576beff5491b78993bf962447f770a5d60e1bb56bf8b607f5f&
"2024-11-06,17:49:12",aminessss_ch,#0,chokraan,kitter969#0,
"2024-11-06,17:49:14",kitter969,#0,<@322247763385647114>,akboom#0,
"2024-11-06,17:49:19",kitter969,#0,dert li 3elya,,
"2024-11-06,17:49:20",aminessss_ch,#0,khsrna ??,,
"2024-11-06,17:49:20",yassine_mhm,#0,ewwwwwww,,https://cdn.discordapp.com/attachments/840535839138119680/1303763162574749737/League_of_Legends_TM_Client_11_6_2024_5_33_20_PM.png?ex=672e4110&is=672cef90&hm=232b5b48c1fc8d10a5814230a9519f46ae95009a4911933a7cbdae707cf7dde1&
"2024-11-06,17:49:30",kitter969,#0,yep,aminessss_ch#0,
"2024-11-06,17:49:36",kitter969,#0,garen,,
"2024-11-06,17:49:46",kitter969,#0,dont like the idea of me carrying him,,
"2024-11-06,17:49:56",kitter969,#0,and start playing like coward,,
"2024-11-06,17:50:18",aminessss_ch,#0,btw chaft adc ta3i,,
"2024-11-06,17:50:19",aminessss_ch,#0,hhhhhhhhhh,,
"2024-11-06,17:50:21",aminessss_ch,#0,1/14,,
"2024-11-06,17:50:25",the_doorkeeper,#0,https://tenor.com/view/mewo-omori-gif-22424730,,
"2024-11-06,17:50:47",novexlhbb,#0,https://tenor.com/view/blaze-territory-gif-22196866,,
"2024-11-06,17:50:50",kitter969,#0,and he blamed for no drakes even though he know i got 0 bot prio,,
"2024-11-06,17:51:11",aminessss_ch,#0,my7chamch,kitter969#0,
"2024-11-06,17:51:20",kitter969,#0,fk jgl,,
"2024-11-06,17:51:27",kitter969,#0,annoying role,,
"2024-11-06,17:52:22",aaamethysttt,#0,"Huhh?
It's about the material 
Rahm kifkif
3lh birkin scam w rolex no?
Kyn types w models
Kima rolex kyn dweller w oyster 
F birkin kyn limited edition b exotic leathers w kyn tan Hermes  birkin 25/30/40cm
Ngolo l iphone 
3ndk series 
Kifkif
Mais company 3ndha its value mttbdlch ,kol haja w bhsab
Mchi kima 11pro kima 16pro
Lzoj mla7 mais kol wahd w specifics w characteristics li fih",2wyz#0,
"2024-11-06,17:52:25",snow.core,#0,https://tenor.com/view/celebrate-out-differences-celebration-globe-earth-dance-gif-17318704,,
"2024-11-06,17:57:08",yuriiiiiiiiie,#0,<:AGR_redheart:1300399609952342086>,,
"2024-11-06,17:57:46",yuriiiiiiiiie,#0,<:ALG_za3fan:1263215889432707102>,,
"2024-11-06,17:58:24",moha16bn,#0,Bo,,
"2024-11-06,18:04:34",akboom,#0,Photophop,kitter969#0,
"2024-11-06,18:05:53",akboom,#0,Rak tdir publicity ll mewo,the_doorkeeper#0,
"2024-11-06,18:06:00",the_doorkeeper,#0,hhhh,akboom#0,
"2024-11-06,18:06:05",the_doorkeeper,#0,https://tenor.com/view/lies-lieslieslies-propaganda-radio-gif-19940269,,
"2024-11-06,18:06:20",akboom,#0,Right,,
"2024-11-06,18:06:30",tefouss.,#0,Slm,,
"2024-11-06,18:12:03",notgrey.,#0,Nerds,,
"2024-11-06,18:12:29",aminessss_ch,#0,left,akboom#0,
"2024-11-06,18:15:36",headhunterz999,#0,nn,tefouss.#0,
"2024-11-06,18:17:14",montadar.,#0,,,https://cdn.discordapp.com/attachments/840535839138119680/1303770182858313808/15413712.webp?ex=672e479a&is=672cf61a&hm=bfb43eac8777accc30f00fd1b2a884cae4397902c199775f6b368db44e81921d&
"2024-11-06,18:17:23",montadar.,#0,🥰,,
"2024-11-06,18:19:04",aminessss_ch,#0,9baylii,montadar.#0,
"2024-11-06,18:21:24",montadar.,#0,😔,aminessss_ch#0,
"2024-11-06,18:21:39",aminessss_ch,#0,dw i love 9bayl,montadar.#0,
"2024-11-06,18:21:43",aminessss_ch,#0,<:ALG_Dayxerheart:1109253010091151430>,,
"2024-11-06,18:21:52",montadar.,#0,🥰,aminessss_ch#0,
"2024-11-06,18:22:10",ssxrq_sd,#0,9byl on top,aminessss_ch#0,
"2024-11-06,18:22:11",yuriiiiiiiiie,#0,lizom,aminessss_ch#0,
"2024-11-06,18:22:23",yuriiiiiiiiie,#0,lizom²,ssxrq_sd#0,
"2024-11-06,18:22:44",aminessss_ch,#0,https://tenor.com/view/flag-gif-7928930,,
"2024-11-06,18:22:46",johnny_s1lver,#0,heellooo,,
"2024-11-06,18:22:48",aminessss_ch,#0,🫵,,
"2024-11-06,18:23:07",ssxrq_sd,#0,On top in the list of those I hate,yuriiiiiiiiie#0,
"2024-11-06,18:23:25",lilxakirax,#0,.,,
"2024-11-06,18:23:27",aminessss_ch,#0,https://tenor.com/view/surprised-pikachu-pokemon-shock-surprised-pikachu-gif-6536931172918459142,ssxrq_sd#0,
"2024-11-06,18:23:27",johnny_s1lver,#0,server hada ma9aymni 7ata wa7d,,
"2024-11-06,18:23:33",johnny_s1lver,#0,hhhhhhhhhhhhhhhhhhhhhhhhhhhhhhhhhhhh,lilxakirax#0,
"2024-11-06,18:23:35",johnny_s1lver,#0,akira,,
"2024-11-06,18:23:39",arr_aminx,#0,خاوتي علابالكم شكون انا ؟,,
"2024-11-06,18:23:41",aminessss_ch,#0,https://tenor.com/view/plot-twist-surprise-twist-unexpected-shocker-gif-11642835,,
"2024-11-06,18:24:04",sleep.ingg,#0,ᓚᘏᗢ,,
"2024-11-06,18:24:15",yuriiiiiiiiie,#0,cha daroulk khayi,ssxrq_sd#0,
"2024-11-06,18:24:15",ssxrq_sd,#0,Cc,sleep.ingg#0,
"2024-11-06,18:24:18",aminessss_ch,#0,nra mchi li kann dayir pfp ta3 kalb,arr_aminx#0,
"2024-11-06,18:24:19",yuriiiiiiiiie,#0,9bayel nes mlah,,
"2024-11-06,18:24:31",sleep.ingg,#0,hi hru,ssxrq_sd#0,
"2024-11-06,18:24:42",arr_aminx,#0,لا,aminessss_ch#0,
"2024-11-06,18:24:45",johnny_s1lver,#0,alol,,
"2024-11-06,18:24:46",johnny_s1lver,#0,alo,,
"2024-11-06,18:24:47",johnny_s1lver,#0,alo,,
"2024-11-06,18:25:04",arr_aminx,#0,انا امين ميكاسا,aminessss_ch#0,
"2024-11-06,18:25:05",aminessss_ch,#0,h                                                                                                                                                                 h,,
"2024-11-06,18:25:19",aminessss_ch,#0,lah ybark,arr_aminx#0,
"2024-11-06,18:25:29",arr_aminx,#0,انا لي نبارك,,
"2024-11-06,18:25:32",arr_aminx,#0,بسكو,,
"2024-11-06,18:25:32",lb9999b,#0,h,,
"2024-11-06,18:25:35",arr_aminx,#0,ربكم الاعلى,,
"2024-11-06,18:25:38",aminessss_ch,#0,<:ALG_theuncaty:1137537510621335634>,arr_aminx#0,
"2024-11-06,18:25:40",ssxrq_sd,#0,Nn mhmch,yuriiiiiiiiie#0,
"2024-11-06,18:25:41",headhunterz999,#0,sa3d,lb9999b#0,
"2024-11-06,18:25:45",johnny_s1lver,#0,ban,arr_aminx#0,
"2024-11-06,18:25:46",ssxrq_sd,#0,Sup g,sleep.ingg#0,
"2024-11-06,18:25:48",lb9999b,#0,slm hh,headhunterz999#0,
"2024-11-06,18:25:57",aminessss_ch,#0,?mute 495301342152228864 1y,,
"2024-11-06,18:25:58",sleep.ingg,#0,im doing greattt,ssxrq_sd#0,
"2024-11-06,18:25:58",Carl-bot,#1536,"**aminessss_ch** muted **arr_aminx** for 11 months, 30 days and 23 hours. Reason: no reason given",,
"2024-11-06,18:26:01",headhunterz999,#0,wsh rak thdr ya fr3on,arr_aminx#0,
"2024-11-06,18:26:01",ssxrq_sd,#0,آمون,arr_aminx#0,
"2024-11-06,18:26:05",saifhachaniii,#0,<@847594538854907954>,yuriiiiiiiiie#0,
"2024-11-06,18:26:12",ssxrq_sd,#0,فرعون vool2,,
"2024-11-06,18:26:12",johnny_s1lver,#0,hhhhhhhhhhhhhhhhhhhhhh,,
"2024-11-06,18:26:34",headhunterz999,#0,wsh cv hh,lb9999b#0,
"2024-11-06,18:26:40",aminessss_ch,#0,?mute 495301342152228864 5y tbf,,
"2024-11-06,18:26:40",Carl-bot,#1536,"**aminessss_ch** muted **arr_aminx** for 4 years, 11 months and 31 days. Reason: tbf",,
"2024-11-06,18:26:41",johnny_s1lver,#0,koun ghir bannitoh khoti,,
"2024-11-06,18:26:50",lb9999b,#0,3tawni rank iron f valo hh,headhunterz999#0,
"2024-11-06,18:27:03",headhunterz999,#0,ana peakit imo 3 f 2022,lb9999b#0,
"2024-11-06,18:27:04",akboom,#0,add me in league akboom,aminessss_ch#0,
"2024-11-06,18:27:11",novexlhbb,#0,yalatif,Carl-bot#1536,
"2024-11-06,18:27:30",aminessss_ch,#0,blaq ywali y2man b rabi,novexlhbb#0,
"2024-11-06,18:27:31",ssxrq_sd,#0,4 YEARS IS NOTHING BTW,,
"2024-11-06,18:27:33",aminessss_ch,#0,after 5y,,
"2024-11-06,18:27:40",novexlhbb,#0,hhhhhhhhhhhhhhhhhhhhhhhhhhhhh,aminessss_ch#0,
"2024-11-06,18:27:42",lb9999b,#0,3lah takdab,headhunterz999#0,
"2024-11-06,18:27:45",novexlhbb,#0,kayn jahnama,ssxrq_sd#0,
"2024-11-06,18:27:46",lb9999b,#0,wari,,
"2024-11-06,18:27:59",aminessss_ch,#0,akboom hada mkan ?,akboom#0,
"2024-11-06,18:28:03",ssxrq_sd,#0,Direct,novexlhbb#0,
"2024-11-06,18:28:06",akboom,#0,yes,,
"2024-11-06,18:28:08",akboom,#0,#euw,,
"2024-11-06,18:28:30",yuriiiiiiiiie,#0,ouii,saifhachaniii#0,
"2024-11-06,18:28:38",headhunterz999,#0,,lb9999b#0,https://cdn.discordapp.com/attachments/840535839138119680/1303773052194000916/Screenshot_2022-09-05_155627.png?ex=672da186&is=672c5006&hm=6daacde7b56cf0a644ab25f07519c5432efd188aa3d0bf76279270181f4f7ec4&
"2024-11-06,18:28:44",saifhachaniii,#0,takli kebda,yuriiiiiiiiie#0,
"2024-11-06,18:28:47",yuriiiiiiiiie,#0,NES MLAH GOLNA,ssxrq_sd#0,
"2024-11-06,18:28:47",saifhachaniii,#0,?,,
"2024-11-06,18:28:56",isseey,#0,2020 sc,headhunterz999#0,
"2024-11-06,18:29:02",yuriiiiiiiiie,#0,ana hiya lkebda win nzid lkebda ?,saifhachaniii#0,
"2024-11-06,18:29:07",ssxrq_sd,#0,2017 joks,saifhachaniii#0,
"2024-11-06,18:29:11",ssxrq_sd,#0,Nn,yuriiiiiiiiie#0,
"2024-11-06,18:29:12",novexlhbb,#0,hhhhhhhhhhhhhhhhhhhhhhhhhhhhhhhhhhhhhhhhhh,yuriiiiiiiiie#0,
"2024-11-06,18:29:16",saifhachaniii,#0,ghlbtini,yuriiiiiiiiie#0,
"2024-11-06,18:29:21",saifhachaniii,#0,dsl,,
"2024-11-06,18:29:22",lb9999b,#0,win n3rfha bli t3k,headhunterz999#0,
"2024-11-06,18:29:23",novexlhbb,#0,didnt saw this since high school,,
"2024-11-06,18:29:27",headhunterz999,#0,zid hak hadi <@736356502977118309>,lb9999b#0,https://cdn.discordapp.com/attachments/840535839138119680/1303773258637906000/cam19248.jpg?ex=672da1b7&is=672c5037&hm=b7f4bb3ca3af4a4ee09240891ef9f9956bd54162683ea505b94efb0ac77c1147&
"2024-11-06,18:29:44",saifhachaniii,#0,boomer rizzler,novexlhbb#0,
"2024-11-06,18:29:46",lb9999b,#0,khanaz ya jdk,headhunterz999#0,
"2024-11-06,18:30:01",headhunterz999,#0,dmggggg ra7oli captures,lb9999b#0,
"2024-11-06,18:30:07",headhunterz999,#0,3ndi ghir had 2,,
"2024-11-06,18:30:41",ssxrq_sd,#0,https://tenor.com/view/very-cat-gif-27584673,,
"2024-11-06,18:31:43",aminessss_ch,#0,<@322247763385647114> done rah 3andi ban soo i cant play rn,akboom#0,
"2024-11-06,18:32:29",didinesg,#0,<@322247763385647114>,akboom#0,
"2024-11-06,18:32:32",didinesg,#0,wait me,,
"2024-11-06,18:32:45",didinesg,#0,hhhhhhhhh chah,aminessss_ch#0,
"2024-11-06,18:33:04",aminessss_ch,#0,ban ta3 5min,didinesg#0,
"2024-11-06,18:33:20",didinesg,#0,still chah,aminessss_ch#0,
"2024-11-06,18:33:24",akboom,#0,https://tenor.com/view/wendy-williams-whatever-duh-girl-bye-bye-gif-20148479,didinesg#0,
"2024-11-06,18:33:27",akboom,#0,already in raanked game,,
"2024-11-06,18:33:30",akboom,#0,next one nestnak,,
"2024-11-06,18:33:33",aminessss_ch,#0,chah like what ??,didinesg#0,
"2024-11-06,18:33:35",johnny_s1lver,#0,0--,,
"2024-11-06,18:33:51",aminessss_ch,#0,anyways 🫵 <:ALG_ICANT:1046555506933768233>,,
"2024-11-06,18:33:53",didinesg,#0,mrigla,akboom#0,
"2024-11-06,18:34:02",didinesg,#0,@mods,aminessss_ch#0,
"2024-11-06,18:34:06",didinesg,#0,yedh7k 3liya,,
"2024-11-06,18:34:08",didinesg,#0,fay7,,
"2024-11-06,18:34:19",aminessss_ch,#0,wdym by chah,didinesg#0,
"2024-11-06,18:34:45",didinesg,#0,the word doesn't have an equivalent in other languages,aminessss_ch#0,
"2024-11-06,18:34:50",lb9999b,#0,ماذا,aminessss_ch#0,
"2024-11-06,18:34:52",yassine_mhm,#0,https://tenor.com/view/csgo-counter-strike-bunnyhop-cheating-bhop-gif-1099417103664506684,headhunterz999#0,
"2024-11-06,18:35:04",yuriiiiiiiiie,#0,<:ALG_blair:1260974610866770081>,,
"2024-11-06,18:35:08",aminessss_ch,#0,ana fhamtah bsa7 g3ad ygol chah,lb9999b#0,
"2024-11-06,18:35:11",aminessss_ch,#0,ybali hbal,,
"2024-11-06,18:35:11",akboom,#0,"""why did you quit cs go bro""",yassine_mhm#0,
"2024-11-06,18:35:29",aminessss_ch,#0,zarbooot,yassine_mhm#0,
"2024-11-06,18:35:35",yassine_mhm,#0,prime o mafadetch hahaah,akboom#0,
"2024-11-06,18:35:40",didinesg,#0,chouf tzid tghlt m3aya tkhelesha ghalya,aminessss_ch#0,
"2024-11-06,18:35:44",emyyyyyyyyyy,#0,<@951572556299796550>,64r3al.#0,
"2024-11-06,18:35:54",aminessss_ch,#0,3andq draham ??,didinesg#0,
"2024-11-06,18:36:00",aminessss_ch,#0,bach tkhlas,,
"2024-11-06,18:36:07",aminessss_ch,#0,psq ana mnkhlas,,
"2024-11-06,18:36:07",didinesg,#0,da3wat al mahgour moustajaba,aminessss_ch#0,
"2024-11-06,18:36:10",didinesg,#0,no need for money,,
"2024-11-06,18:36:14",nemouz,#0,,yassine_mhm#0,https://cdn.discordapp.com/attachments/840535839138119680/1303774957029032086/aa951b17-f69f-46e0-b7d4-8f007c8e3893.mp4?ex=672da34c&is=672c51cc&hm=0db3b3652f44169e3d8352afd699c5f24ba62556b393ea1ba243f8844c54f287&
"2024-11-06,18:36:19",aminessss_ch,#0,🤓,didinesg#0,
"2024-11-06,18:36:44",yassine_mhm,#0,https://tenor.com/view/izdi-morshall-prime-real-izdi-morshall-real-turgu-tekim-turgu-tekim-gang-realsavascebeci-gif-5462717467923653021,nemouz#0,
"2024-11-06,18:36:45",aminessss_ch,#0,<@291262344762490890> one word tjbarnii 3and darkom,didinesg#0,
"2024-11-06,18:36:49",lb9999b,#0,ghadi nahbal,,https://cdn.discordapp.com/attachments/840535839138119680/1303775112302166026/Screenshot_50.png?ex=672da371&is=672c51f1&hm=64c2a38ad1ca2d003d8fc3b30ada8b5cd94cc21e03797b5a1e0e6bc4a1b37de1&
"2024-11-06,18:36:58",aminessss_ch,#0,bach nslam 3liik hada mkan,,
"2024-11-06,18:37:12",yassine_mhm,#0,ty7tlhom f chat ??,aminessss_ch#0,
"2024-11-06,18:37:13",aminessss_ch,#0,ikhwaa fl ban,lb9999b#0,
"2024-11-06,18:37:23",aminessss_ch,#0,whoo,yassine_mhm#0,
"2024-11-06,18:37:42",lb9999b,#0,sanit update w drk ni nasna f lban,aminessss_ch#0,
"2024-11-06,18:37:51",lb9999b,#0,great,,
"2024-11-06,18:37:52",yassine_mhm,#0,ghlet f msg hahaah,aminessss_ch#0,
"2024-11-06,18:38:02",yassine_mhm,#0,rani 3la hada,lb9999b#0,
"2024-11-06,18:38:04",aminessss_ch,#0,ana mntya7ch HHHHHHHHHHHHH,yassine_mhm#0,
"2024-11-06,18:38:12",aminessss_ch,#0,3liha khla3tni,,
"2024-11-06,18:38:16",nemouz,#0,,lb9999b#0,https://cdn.discordapp.com/attachments/840535839138119680/1303775476984053903/Snapinsta.app_video_8240832980BF5DE8F8D9D6F971E6A3B8_video_dashinit.mp4?ex=672da3c8&is=672c5248&hm=87ce17420cd4d0a79ede45e5d29519bceb52cc16708743e16a290f3c12cd47ad&
"2024-11-06,18:38:31",lb9999b,#0,jsp,yassine_mhm#0,
"2024-11-06,18:38:46",yassine_mhm,#0,riot trebi players hahahaah valve 9ol wach 7bit ma tdich ban,aminessss_ch#0,
"2024-11-06,18:39:03",aminessss_ch,#0,HHHHHHHHHHHHHHHH,yassine_mhm#0,
"2024-11-06,18:39:03",lb9999b,#0,shhhhh a7777777 sssssssssss hhhhhhhhh,nemouz#0,
"2024-11-06,18:45:02",l__mohamed,#0,,,https://cdn.discordapp.com/attachments/840535839138119680/1303777177476796526/image.png?ex=672da55e&is=672c53de&hm=9d78fe4ab1cecb8f9411ead4b664402159d0981e0ff13598333c2a4a8eb59ebf&
"2024-11-06,18:45:03",l__mohamed,#0,شوفي شكارة تلمك راني حاشم باسمك,,
"2024-11-06,18:46:03",yuriiiiiiiiie,#0,dead 🐈,,
"2024-11-06,18:46:42",l__mohamed,#0,hahahahahahahah,yuriiiiiiiiie#0,
"2024-11-06,18:46:51",yuriiiiiiiiie,#0,foukahiya,l__mohamed#0,
"2024-11-06,18:47:24",l__mohamed,#0,واه بامتياز,yuriiiiiiiiie#0,
"2024-11-06,18:48:30",aminessss_ch,#0,khodariya,yuriiiiiiiiie#0,
"2024-11-06,18:48:38",aminessss_ch,#0,<:ALG_pop_anes:1287559103841042516>,,
"2024-11-06,18:48:56",l__mohamed,#0,بيييييييي شيكور,aminessss_ch#0,
"2024-11-06,18:49:10",aminessss_ch,#0,🙏,l__mohamed#0,
"2024-11-06,18:49:23",aminessss_ch,#0,nta howa chikor,,
"2024-11-06,18:49:33",aminessss_ch,#0,li rak tl3ab MW2,,
"2024-11-06,18:50:13",johnny_s1lver,#0,any cod bo6 player ??,,
"2024-11-06,18:50:35",aminessss_ch,#0,we dont have xbox,johnny_s1lver#0,
"2024-11-06,18:50:39",aminessss_ch,#0,🙏,,
"2024-11-06,18:50:43",l__mohamed,#0,وحد جرافيك اسطوري,aminessss_ch#0,
"2024-11-06,18:50:47",yuriiiiiiiiie,#0,HHHHHHHH ghamel,aminessss_ch#0,
"2024-11-06,18:50:51",l__mohamed,#0,عجبني خيرمن تاع بايباك,,
"2024-11-06,18:51:04",iroseupfromthedead,#0,anes deuxieme,aminessss_ch#0,
"2024-11-06,18:51:19",gmbz_1,#0,chkon y7ab 9tota ?,,
"2024-11-06,18:51:26",aminessss_ch,#0,wntii chkon,iroseupfromthedead#0,
"2024-11-06,18:51:48",iroseupfromthedead,#0,not sure yet,aminessss_ch#0,
"2024-11-06,18:52:03",aminessss_ch,#0,chofi la cart,iroseupfromthedead#0,
"2024-11-06,18:52:06",aminessss_ch,#0,blaq t3rfii,,
"2024-11-06,18:52:17",iroseupfromthedead,#0,quelle carte?,aminessss_ch#0,
"2024-11-06,18:52:20",n.xxxx.,#0,,,
"2024-11-06,18:52:47",aminessss_ch,#0,https://tenor.com/view/cin-passport-gif-12978494,iroseupfromthedead#0,
"2024-11-06,18:53:18",iroseupfromthedead,#0,rah kateb fih jane doe,aminessss_ch#0,
"2024-11-06,18:53:39",yia06555,#0,chehal bnin lhalouf,,
"2024-11-06,18:54:11",aminessss_ch,#0,jsp,yia06555#0,
"2024-11-06,18:54:32",moncef311,#0,Gio marokia?,aminessss_ch#0,
"2024-11-06,18:54:43",aminessss_ch,#0,9bayliya,moncef311#0,
"2024-11-06,18:54:46",love.rias,#0,kayna,,
"2024-11-06,18:54:50",aminessss_ch,#0,bsa7 ghi kifkif,,
"2024-11-06,18:54:52",moncef311,#0,Kifkif shbi,aminessss_ch#0,
"2024-11-06,18:55:01",aminessss_ch,#0,tfhamniii,moncef311#0,
"2024-11-06,18:55:02",johnny_s1lver,#0,mn7kich 3la xbox n7ki 3la pc ana khatini consol with respect,aminessss_ch#0,
"2024-11-06,18:55:05",aminessss_ch,#0,<:ALG_Dayxerheart:1109253010091151430>,,
"2024-11-06,18:55:10",moncef311,#0,Hhhhh ham ham,aminessss_ch#0,
"2024-11-06,18:55:17",yia06555,#0,tajin halouf,aminessss_ch#0,https://cdn.discordapp.com/attachments/840535839138119680/1303779757694910472/RPReplay_Final1700263123.mov?ex=672da7c5&is=672c5645&hm=7222804fabc0e784e0cbd2aef8049cf929675e0ec75e9c0ce7e90ba6714ed2e4&
"2024-11-06,18:55:26",aminessss_ch,#0,rajal,johnny_s1lver#0,
"2024-11-06,18:55:37",yia06555,#0,nn machi kif kif,aminessss_ch#0,
"2024-11-06,18:55:37",aminessss_ch,#0,bsa7 m3ndich bo6,,
"2024-11-06,18:55:43",love.rias,#0,word 🗣️🔥,yia06555#0,
"2024-11-06,18:56:01",yia06555,#0,lhalouf b khal hayal,love.rias#0,
"2024-11-06,18:56:14",yia06555,#0,khal sans alcool bach ntfahmou hram,,
"2024-11-06,18:56:17",love.rias,#0,me with my bo2 zombies : kayna,aminessss_ch#0,
"2024-11-06,18:56:35",yia06555,#0,give me one better zombie mode better than green run ?,love.rias#0,
"2024-11-06,18:56:37",aminessss_ch,#0,https://tenor.com/view/russian-ghost-yuri-gif-26199006,love.rias#0,
"2024-11-06,18:56:48",aminessss_ch,#0,MW khiir,,
"2024-11-06,18:56:50",aminessss_ch,#0,for mee,,
"2024-11-06,18:56:51",love.rias,#0,true true kayna (i fw 72 jack daniels),yia06555#0,
"2024-11-06,18:56:57",johnny_s1lver,#0,ty,aminessss_ch#0,
"2024-11-06,18:57:03",yia06555,#0,https://tenor.com/view/juggernog-black-ops-2-call-of-duty-zombies-bo2-gif-7104900970874713895,,
"2024-11-06,18:57:07",yia06555,#0,masto,,
"2024-11-06,18:57:08",moncef311,#0,WWII isn't good?,aminessss_ch#0,
"2024-11-06,18:57:17",yia06555,#0,ah lala hram,love.rias#0,
"2024-11-06,18:57:19",love.rias,#0,not better but goated,aminessss_ch#0,
"2024-11-06,18:57:30",aminessss_ch,#0,i mean mli7a bsa7 BF1 takolhaa,moncef311#0,
"2024-11-06,18:57:39",love.rias,#0,bo3 shadow of evil,yia06555#0,
"2024-11-06,18:57:53",love.rias,#0,i dont drink it i just fw it,yia06555#0,
"2024-11-06,18:58:12",yia06555,#0,"i didnt liek bo3 
it was my last call of duty 
it was the first of the downfall with their flying jetpack",love.rias#0,
"2024-11-06,18:58:25",aminessss_ch,#0,kiyaah,yia06555#0,
"2024-11-06,18:58:30",love.rias,#0,https://tenor.com/view/all-perks-gif-24041180,yia06555#0,
"2024-11-06,18:58:34",aminessss_ch,#0,BO3 m3jbtaqch ??,,
"2024-11-06,18:58:34",yia06555,#0,very hram,love.rias#0,
"2024-11-06,18:58:48",yia06555,#0,compare bo1/bo2 with bo3,aminessss_ch#0,
"2024-11-06,18:59:02",love.rias,#0,but shadow of evil is a masterpiece,yia06555#0,
"2024-11-06,18:59:06",yia06555,#0,their classes ou champs kima nomad ou gae,,
"2024-11-06,18:59:07",aminessss_ch,#0,online ta3 bo3 mlii7,yia06555#0,
"2024-11-06,18:59:09",love.rias,#0,agreed,yia06555#0,
"2024-11-06,18:59:24",aminessss_ch,#0,mzalhom yl3boh 7ta drwq,,
"2024-11-06,18:59:36",aminessss_ch,#0,even tho yblii bl3o server,,
"2024-11-06,18:59:57",aminessss_ch,#0,BO4 sa7a chwiya samta,,
"2024-11-06,18:59:58",yia06555,#0,it was good compared to now bs,aminessss_ch#0,
"2024-11-06,19:00:20",love.rias,#0,# real ones played advanced warfare on xbox 360 in 2014 🗣️🔥,,
"2024-11-06,19:00:24",yia06555,#0,i didnt like it psq it wasnt like bo1/2 zombie bdaw b things tae quest ou zombies were so much faster,love.rias#0,
"2024-11-06,19:00:47",aminessss_ch,#0,w AC black flag,love.rias#0,
"2024-11-06,19:00:49",yia06555,#0,yeah the scene were ur mate dies because his hand was stuck 😢,love.rias#0,
"2024-11-06,19:00:58",aminessss_ch,#0,2010-2017 peak of gaming,,
"2024-11-06,19:01:00",aminessss_ch,#0,ngl,,
"2024-11-06,19:01:02",love.rias,#0,frrrrrrrrrrr,aminessss_ch#0,
"2024-11-06,19:01:28",aminessss_ch,#0,hh valo,,
"2024-11-06,19:01:38",love.rias,#0,just say u cant do the easter eggs,yia06555#0,
"2024-11-06,19:01:49",yia06555,#0,,aminessss_ch#0,https://cdn.discordapp.com/attachments/840535839138119680/1303781401803624519/image.png?ex=672da94d&is=672c57cd&hm=9f32018dc83cc13b6096963ce9e6c19b78ac09fc185e0fd45286321512980d87&
"2024-11-06,19:02:19",love.rias,#0,https://tenor.com/view/vince-mcmahon-vince-mcmahon-meme-vince-no-no-no-way-gif-7797789826061351147,yia06555#0,
"2024-11-06,19:02:20",aminessss_ch,#0,maa bad kon n9sad BF3,yia06555#0,
"2024-11-06,19:02:20",yonexxmaxing,#0,diddy,,
"2024-11-06,19:02:22",aminessss_ch,#0,HHHHHHHHHHHHHHHHHHHHHHH,,
"2024-11-06,19:02:26",yia06555,#0,"i didnt like that zombie mod and i was horrible at it 
the one that i was good on is green run zombie black ops 2 rounds",love.rias#0,
"2024-11-06,19:02:31",aminessss_ch,#0,bo3 is shiii,,
"2024-11-06,19:02:35",aminessss_ch,#0,HHHHHHHHHHHHHHHHHHHHHHHHH,,
"2024-11-06,19:02:50",aminessss_ch,#0,<@1152342466113048676> ghlat fl katbaa,yia06555#0,
"2024-11-06,19:02:51",yia06555,#0,,aminessss_ch#0,https://cdn.discordapp.com/attachments/840535839138119680/1303781662148268062/image.png?ex=672da98b&is=672c580b&hm=b833b23928eed8d34282569e2e29b16c38a5201a69c613ca3abfd0ce27dde011&
"2024-11-06,19:02:53",aminessss_ch,#0,wlaah,,
"2024-11-06,19:03:04",yia06555,#0,"bf3 a,d 4 were amzing",aminessss_ch#0,
"2024-11-06,19:03:09",yia06555,#0,bf4 was my love,,
"2024-11-06,19:03:12",love.rias,#0,but shadow of evil man its so good,yia06555#0,
"2024-11-06,19:03:22",aminessss_ch,#0,the story tanii,yia06555#0,
"2024-11-06,19:03:27",aminessss_ch,#0,peak wlah,,
"2024-11-06,19:03:37",yia06555,#0,what was the next black ops after the 3 ?,love.rias#0,
"2024-11-06,19:03:38",aminessss_ch,#0,drwq mkanch ya za7 ghi chkiil,,
"2024-11-06,19:03:39",love.rias,#0,# niggz never played ghost recon future soldier 🗣️🔥,,
"2024-11-06,19:03:52",yia06555,#0,didnt go far in the story but online i was something,aminessss_ch#0,
"2024-11-06,19:03:52",lb9999b,#0,bach3a lgame hdi,love.rias#0,
"2024-11-06,19:03:57",lb9999b,#0,mid bzf,,
"2024-11-06,19:04:09",love.rias,#0,rly dont know but pretty sure either ghosts or 4,yia06555#0,
"2024-11-06,19:04:09",yia06555,#0,akherodj,lb9999b#0,
"2024-11-06,19:04:33",yia06555,#0,the hell u smoking ghost was waaay earlier i think even before bo2 xD,love.rias#0,
"2024-11-06,19:04:43",headhunterz999,#0,breakpoint,lb9999b#0,
"2024-11-06,19:04:52",lb9999b,#0,https://tenor.com/view/taiho-shichau-zo-teehee-anime-youre-under-arrest-ova-gif-21342147,yia06555#0,
"2024-11-06,19:04:58",lb9999b,#0,boring,headhunterz999#0,
"2024-11-06,19:05:05",yia06555,#0,ara boussa tc,lb9999b#0,
"2024-11-06,19:05:06",headhunterz999,#0,nooo,lb9999b#0,
"2024-11-06,19:05:06",lb9999b,#0,r9adt,,
"2024-11-06,19:05:10",aminessss_ch,#0,https://tenor.com/view/splintercell-sam-fisher-fisher-ubisoft-gif-21853076,,
"2024-11-06,19:05:13",love.rias,#0,nigga i havent played anything in 2 years prob more,yia06555#0,
"2024-11-06,19:05:22",lb9999b,#0,https://tenor.com/view/kisses-daddy-kitties-kittenprincess2606-gif-26250805,yia06555#0,
"2024-11-06,19:05:22",aminessss_ch,#0,the real goat,,
"2024-11-06,19:05:24",headhunterz999,#0,black list,aminessss_ch#0,
"2024-11-06,19:05:40",lb9999b,#0,sii,headhunterz999#0,
"2024-11-06,19:05:40",love.rias,#0,nah for its time it was goated,lb9999b#0,
"2024-11-06,19:05:54",aminessss_ch,#0,not my fav bsa7 game kant t3jabnii,headhunterz999#0,
"2024-11-06,19:06:03",headhunterz999,#0,chabaaaa breakpoint co-op,lb9999b#0,
"2024-11-06,19:06:14",aminessss_ch,#0,Ubisoft wlaw ubigay,,
"2024-11-06,19:06:14",yia06555,#0,didnt play a single call of duty since i sold my xbox 360 7 years ago,love.rias#0,
"2024-11-06,19:06:25",headhunterz999,#0,meme ana,aminessss_ch#0,
"2024-11-06,19:06:30",2wyz,#0,https://tenor.com/view/yay-excited-happy-gif-15648958664586287187,,
"2024-11-06,19:06:41",2wyz,#0,MM ANA,headhunterz999#0,
"2024-11-06,19:06:41",lb9999b,#0,nn,headhunterz999#0,
"2024-11-06,19:06:51",headhunterz999,#0,قط الشر,2wyz#0,
"2024-11-06,19:06:56",headhunterz999,#0,w9tch tmdli,,
"2024-11-06,19:07:01",ya_zaraki,#0,Pfffffff,,
"2024-11-06,19:07:01",yia06555,#0,ubibug u mean,aminessss_ch#0,
"2024-11-06,19:07:26",aminessss_ch,#0,hadiq m3lich bsa7 drwq rahom gay w bug,yia06555#0,
"2024-11-06,19:07:30",headhunterz999,#0,dzl mv,lb9999b#0,
"2024-11-06,19:07:32",aminessss_ch,#0,gaybugsoft,,
"2024-11-06,19:07:45",yia06555,#0,wach daro lately bach wlaw gay didnt check the news ?.,aminessss_ch#0,
"2024-11-06,19:08:03",aminessss_ch,#0,AC tali ka7loch + gay,yia06555#0,
"2024-11-06,19:08:08",aminessss_ch,#0,HHHHHHHHHHH,,
"2024-11-06,19:08:13",aminessss_ch,#0,in japan,,
"2024-11-06,19:08:16",aminessss_ch,#0,like wth,,
"2024-11-06,19:08:16",yia06555,#0,'' mat3rfnich madsrnich stp '',headhunterz999#0,
"2024-11-06,19:08:40",yia06555,#0,ah yeah yeah rainbow six siege didnt play it for a while too,aminessss_ch#0,
"2024-11-06,19:08:43",drako6,#0,meow,,
"2024-11-06,19:08:46",lb9999b,#0,hh,headhunterz999#0,
"2024-11-06,19:08:47",headhunterz999,#0,,yia06555#0,https://cdn.discordapp.com/attachments/840535839138119680/1303783153734778981/IMG_20230724_164114_213.jpg?ex=672daaee&is=672c596e&hm=7796dc765c9b47f33334fda9096a05f00e16c6d2ab8358f1be1e94f0d96c68f4&
"2024-11-06,19:08:47",2wyz,#0,WCH NMD,headhunterz999#0,
"2024-11-06,19:08:58",aminessss_ch,#0,https://tenor.com/view/assassin%27s-creed-shadows-yasuke-yasuke-the-black-samurai-samurai-wink-gif-14135534519656127560,,
"2024-11-06,19:08:59",yia06555,#0,"IIIIIIIIIIIIIIIIIIIIIIIIIIIIIIH
yamat",headhunterz999#0,
"2024-11-06,19:09:04",aminessss_ch,#0,hada <@1152342466113048676>,yia06555#0,
"2024-11-06,19:09:09",headhunterz999,#0,mdli 10 mlayen credits,2wyz#0,
"2024-11-06,19:09:11",yia06555,#0,sah f ela wach bik,aminessss_ch#0,
"2024-11-06,19:09:13",headhunterz999,#0,7chithali,,
"2024-11-06,19:09:15",headhunterz999,#0,asbr nbanik,,
"2024-11-06,19:09:25",2wyz,#0,NIIIIIIIIIIIII,,
"2024-11-06,19:09:27",2wyz,#0,OOOOO,,
"2024-11-06,19:09:36",headhunterz999,#0,dcr medli hh alors,,
"2024-11-06,19:09:51",2wyz,#0,ALOR LE PRIX STP SVP,,
"2024-11-06,19:10:08",headhunterz999,#0,prv,2wyz#0,
"2024-11-06,19:10:33",snow.core,#0,https://tenor.com/view/lenore-castlevania-lenore-aesthetic-castlevania-gif-lenore-gif-gif-26152025,,
"2024-11-06,19:10:33",2wyz,#0,PERVERT,headhunterz999#0,
"2024-11-06,19:10:38",2wyz,#0,BRO,,
"2024-11-06,19:10:42",2wyz,#0,<@551802590401396746>,snow.core#0,
"2024-11-06,19:10:46",lb9999b,#0,<@988810783666352199>,shaheeene#0,
"2024-11-06,19:10:46",2wyz,#0,ARE U A HUMAN,,
"2024-11-06,19:11:09",yia06555,#0,https://media.discordapp.net/attachments/840535839138119680/1222562550923919462/image0.gif,snow.core#0,
"2024-11-06,19:11:38",yia06555,#0,<@736356502977118309> mtwswsch,lb9999b#0,
"2024-11-06,19:11:44",yia06555,#0,<@736356502977118309> ay rekhis,lb9999b#0,
"2024-11-06,19:11:45",yia06555,#0,xDDDDDDDDDDDDDDD,,
"2024-11-06,19:11:52",da7_man,#0,shkon yal3eb war thunder al 5awa,,
"2024-11-06,19:11:55",lb9999b,#0,mchi ana hh,yia06555#0,
"2024-11-06,19:11:56",shaheeene,#0,Oui hbb,lb9999b#0,
"2024-11-06,19:12:02",yia06555,#0,room dyalk,lb9999b#0,
"2024-11-06,19:12:03",lb9999b,#0,twhchtk,shaheeene#0,
"2024-11-06,19:12:20",shaheeene,#0,Rebi yhfdk,lb9999b#0,
"2024-11-06,19:12:21",lb9999b,#0,2amn wla g3od,yia06555#0,
"2024-11-06,19:12:26",headhunterz999,#0,"wsh m3ntha pervert 
mwlf nchofha f",2wyz#0,
"2024-11-06,19:12:28",headhunterz999,#0,nvm hh,,
"2024-11-06,19:12:43",2wyz,#0,https://tenor.com/view/crazy-pika-neid-gif-18917506,headhunterz999#0,
"2024-11-06,19:12:47",da7_man,#0,?,,
"2024-11-06,19:12:47",lb9999b,#0,منحرف,headhunterz999#0,
"2024-11-06,19:13:02",lb9999b,#0,hhhh,headhunterz999#0,
"2024-11-06,19:13:33",headhunterz999,#0,7ta whd,da7_man#0,
"2024-11-06,19:14:21",2wyz,#0,"It can refer to someone who has abnormal or socially unacceptable sexual behavior or desires. It’s often used as a negative label, and it can be offensive when referring to someone this way.",headhunterz999#0,
"2024-11-06,19:14:40",2wyz,#0,https://tenor.com/view/black-nerd-black-nerd-gif-26919340,,
"2024-11-06,19:14:56",the_doorkeeper,#0,https://tenor.com/view/goober-cat-silly-goofy-cat-dance-gif-2840340548952030915,,
"2024-11-06,19:16:03",yia06555,#0,nji ngasser meakom f room ?,the_doorkeeper#0,
"2024-11-06,19:16:19",burkenbag.,#0,oui,yia06555#0,
"2024-11-06,19:16:53",yia06555,#0,bessah ana dymen muted nasmae gasra ou nahder f chat maelih,burkenbag.#0,
"2024-11-06,19:17:07",burkenbag.,#0,nn,yia06555#0,
"2024-11-06,19:17:13",burkenbag.,#0,lzm ji b CV,,
"2024-11-06,19:17:20",the_doorkeeper,#0,https://tenor.com/view/neco-arc-gif-24168350,,
"2024-11-06,19:17:27",yia06555,#0,maelih nab3tlk cv nji ?,burkenbag.#0,
"2024-11-06,19:18:09",akboom,#0,we already got <@291262344762490890>,didinesg#0、yia06555#0,
"2024-11-06,19:18:29",burkenbag.,#0,professional,yia06555#0,
"2024-11-06,19:18:43",the_doorkeeper,#0,hhh real,akboom#0,
"2024-11-06,19:18:47",kitter969,#0,,akboom#0,https://cdn.discordapp.com/attachments/840535839138119680/1303785670334218281/image.png?ex=672dad46&is=672c5bc6&hm=0d29980cbbf9766230024f4fe4e8314da220c70787beb53134f68097b347259a&
"2024-11-06,19:18:47",da7_man,#0,shkun li yl3b wwarthunder?,,
"2024-11-06,19:18:50",kitter969,#0,<:ALG_sid:800719948720504872>,,
"2024-11-06,19:18:56",the_doorkeeper,#0,not me,da7_man#0,
"2024-11-06,19:18:59",akboom,#0,https://tenor.com/view/when-the-banana-sells-a-million-dollars-gif-11873212726979639512,kitter969#0,
"2024-11-06,19:19:03",akboom,#0,WLH MA CHEFTK IM SORRY,,
"2024-11-06,19:19:09",kitter969,#0,<:ALG_Sadge:1188883647772758106>,,
"2024-11-06,19:19:13",2wyz,#0,7TA WAHD F DA SERVER,da7_man#0,
"2024-11-06,19:19:14",akboom,#0,NEXT ONE WLH,,
"2024-11-06,19:19:27",da7_man,#0,ok,,
"2024-11-06,19:19:29",akboom,#0,i'll wait for you,,
"2024-11-06,19:19:30",didinesg,#0,are you comparing me to him?,akboom#0,
"2024-11-06,19:19:35",kitter969,#0,i doubt the credibility in ur wlh,akboom#0,
"2024-11-06,19:19:43",kitter969,#0,<:ALG_Sadge:1188883647772758106>,,
"2024-11-06,19:19:52",akboom,#0,w tabi3a,kitter969#0,
"2024-11-06,19:19:53",didinesg,#0,w meme dorki 9alk real,,
"2024-11-06,19:20:03",didinesg,#0,wellah am testahlo my muted presence,,
"2024-11-06,19:20:14",drako6,#0,stghfrllh,akboom#0,
"2024-11-06,19:20:22",akboom,#0,im thinking maybe you don't unmute because you're insecure of your arabic,didinesg#0,
"2024-11-06,19:20:25",akboom,#0,https://tenor.com/view/side-eye-dog-suspicious-look-suspicious-doubt-dog-doubt-gif-23680990,,
"2024-11-06,19:20:32",2wyz,#0,https://tenor.com/view/my-apologies-cheese-kitty-cat-sorry-my-bad-gif-1026852287997442026,akboom#0,
"2024-11-06,19:20:37",yia06555,#0,he always mute him self ?,akboom#0,
"2024-11-06,19:20:45",yia06555,#0,MAELIH NJI,burkenbag.#0,
"2024-11-06,19:20:47",kitter969,#0,sometime i imagine didin a cite e girl just bcz he never talked,,
"2024-11-06,19:20:57",akboom,#0,i know didine for 3 years only heard his voice 3 or 4 times,yia06555#0,
"2024-11-06,19:21:00",the_doorkeeper,#0,he is,kitter969#0,
"2024-11-06,19:21:01",the_doorkeeper,#0,i mean she,,
"2024-11-06,19:21:10",kitter969,#0,🥵,,
"2024-11-06,19:21:14",didinesg,#0,sa7a monsieur le psychologue,akboom#0,
"2024-11-06,19:21:26",akboom,#0,it was chuddyz analysis ngl,didinesg#0,
"2024-11-06,19:21:33",burkenbag.,#0,https://tenor.com/view/very-cat-gif-27584673,yia06555#0,
"2024-11-06,19:21:41",yia06555,#0,ANA JAMAIS,akboom#0,
"2024-11-06,19:21:49",yia06555,#0,https://tenor.com/view/ryan-gosling-blade-runner2049-defeat-sad-disappointed-gif-17817916,burkenbag.#0,
"2024-11-06,19:22:02",akboom,#0,brb my gaame start,,
"2024-11-06,19:22:04",didinesg,#0,"3lah you claim it mala? 
typical arab behavior proud to be insecure about speaking it",akboom#0,
"2024-11-06,19:22:20",kitter969,#0,L  language,,
"2024-11-06,19:22:25",kitter969,#0,<:ALG_Sadge:1188883647772758106>,,
"2024-11-06,19:22:28",didinesg,#0,kayna,kitter969#0,
"2024-11-06,19:22:33",akboom,#0,y9oulk 100 yhoudi wela blidi,didinesg#0,
"2024-11-06,19:22:34",baldguy_,#0,raho ja dk main,,
"2024-11-06,19:22:53",kitter969,#0,3 button rotation ?,baldguy_#0,
"2024-11-06,19:23:33",the_doorkeeper,#0,https://tenor.com/view/chikh-nano-gif-18885590,,
"2024-11-06,19:23:38",didinesg,#0,leyhoud au moins min alh al kitab,akboom#0,
"2024-11-06,19:23:40",baldguy_,#0,sometimes you do 4,kitter969#0,
"2024-11-06,19:23:45",baldguy_,#0,to reset diseases,,
"2024-11-06,19:23:49",baldguy_,#0,<:ALG_akboom:1215420419339980891>,,
"2024-11-06,19:23:50",didinesg,#0,blidi jamais 9ra ktab,,
"2024-11-06,19:23:54",baldguy_,#0,wait SEC,,
"2024-11-06,19:24:03",su.nny_,#0,stolen bis dk main*,baldguy_#0,
"2024-11-06,19:24:04",edwardkenwayy,#0,Wlh ghir ki nchof whd myhbch blidyin,,
"2024-11-06,19:24:06",baldguy_,#0,sometimes 5 cuz u have to summon gargoyle,,
"2024-11-06,19:24:08",edwardkenwayy,#0,Automatiquement nwli nhabo,,
"2024-11-06,19:24:08",kitter969,#0,friendly fire,,
"2024-11-06,19:24:24",baldguy_,#0,my main dk rah besah wahdokher in making,,
"2024-11-06,19:24:31",the_doorkeeper,#0,ffree fire,,
"2024-11-06,19:24:55",kitter969,#0,u can't kill ur team mates,,
"2024-11-06,19:25:06",baldguy_,#0,which is boring,,
"2024-11-06,19:25:24",baldguy_,#0,play dark and darker put an arrow through ur teammates skull,,
"2024-11-06,19:25:38",baldguy_,#0,fun game <:ALG_akboom:1215420419339980891>,,
"2024-11-06,19:25:49",yia06555,#0,<@842912997848383508> nti machi nas mleh <:ALG_Feelsbadman:1188998741663953027>,burkenbag.#0,
"2024-11-06,19:25:57",yia06555,#0,<:ALG_Feelsbadman:1188998741663953027>,,
"2024-11-06,19:26:01",burkenbag.,#0,Porque,yia06555#0,
"2024-11-06,19:26:06",burkenbag.,#0,Ana I'm sooo nice,,
"2024-11-06,19:26:38",didinesg,#0,لا تستسلم ياصديقي انها مجرد خداع لأبعادك عن دينك ومبادئك فهناك جنات تنتضرنا يا صديقي وتذكر انه كل من عليها فان ويبقى وجه ربك ذو الجلال و الاكرام,the_doorkeeper#0,
"2024-11-06,19:27:05",yia06555,#0,"habit nadkhol ll المكالمة 
zaema diri fel 3ib byna la pointure dyalk kter m 38 nti",burkenbag.#0,
"2024-11-06,19:27:20",burkenbag.,#0,9otli ji muted,,
"2024-11-06,19:27:25",burkenbag.,#0,Mnhdrch m3a l3gagn dsl,,
"2024-11-06,19:27:26",headhunterz999,#0,sahaaaaa,2wyz#0,
"2024-11-06,19:27:36",headhunterz999,#0,https://tenor.com/view/legend-of-hei-hei-hei-cat-black-cat-beach-black-cat-animation-gif-11883306496430789675,burkenbag.#0,
"2024-11-06,19:27:42",the_doorkeeper,#0,https://tenor.com/view/khamenei_cry-gif-23471877,didinesg#0,
"2024-11-06,19:27:42",burkenbag.,#0,🤗💕,,
"2024-11-06,19:27:46",yia06555,#0,lokan nahi mute ?,burkenbag.#0,
"2024-11-06,19:28:06",burkenbag.,#0,Tan mjich,,
"2024-11-06,19:28:07",burkenbag.,#0,Hh,,
"2024-11-06,19:28:14",yia06555,#0,tadahki eliya psq mo3a9 ?,burkenbag.#0,
"2024-11-06,19:28:15",didinesg,#0,nta rajl kho berka ma trkhs ro7k bah tdkhol vc,yia06555#0,
"2024-11-06,19:28:25",didinesg,#0,dir chweya nif,,
"2024-11-06,19:28:28",burkenbag.,#0,Oui,,
"2024-11-06,19:28:34",yia06555,#0,bro am joking am legit level 2 f calls,didinesg#0,
"2024-11-06,19:28:42",headhunterz999,#0,w ana nji,burkenbag.#0,
"2024-11-06,19:28:50",didinesg,#0,khlas kho sm7li li ghlet,yia06555#0,
"2024-11-06,19:29:14",yia06555,#0,"makach mochkl sahbi 
dkhalt khatra l call f had server smaet whda tahder about her bf dick",didinesg#0,
"2024-11-06,19:29:22",kitter969,#0,kho,,
"2024-11-06,19:29:38",yia06555,#0,shit pinkie,,
"2024-11-06,19:29:44",yia06555,#0,farewell guys,,
"2024-11-06,19:29:54",pinkiiee,#0,Keep it respectful za3ma ? I don't know why we gotta know these details,yia06555#0,
"2024-11-06,19:29:56",didinesg,#0,3lah mayetlich nji nsm3,yia06555#0,
"2024-11-06,19:29:56",kitter969,#0,r u speaking dareja just bcz akboom said u feel insecure abt ur arabic ?,,
"2024-11-06,19:30:13",didinesg,#0,saha monsieur le psychologue #2,kitter969#0,
"2024-11-06,19:30:23",kitter969,#0,<@322247763385647114>,akboom#0,
"2024-11-06,19:30:29",yia06555,#0,to tell him am not intreseted in joining calls except mindek cause i laugh,pinkiiee#0,
"2024-11-06,19:30:35",yia06555,#0,khrjt direct,didinesg#0,
"2024-11-06,19:30:36",pinkiiee,#0,Also you could've reported the girl,,
"2024-11-06,19:30:48",didinesg,#0,wtf,yia06555#0,
"2024-11-06,19:30:53",didinesg,#0,mais nta mehboul,,
"2024-11-06,19:31:11",didinesg,#0,doka chkon y7kili what she said,,
"2024-11-06,19:31:24",pinkiiee,#0,You want to know the tea,didinesg#0,
"2024-11-06,19:31:30",yia06555,#0,"beginning kont ki ndkhol l calls kano always fights 
muslims vs atheists and lgbtq",pinkiiee#0,
"2024-11-06,19:31:32",pinkiiee,#0,https://tenor.com/view/the-love-witch-anna-biller-samantha-robinson-indie-movie-tea-gif-21549409,,
"2024-11-06,19:31:33",didinesg,#0,bayna,pinkiiee#0,
"2024-11-06,19:31:38",didinesg,#0,especially about other peoples' private parts,,
"2024-11-06,19:31:39",kitter969,#0,<@1152342466113048676> was it enormous ?,yia06555#0,
"2024-11-06,19:31:50",pinkiiee,#0,Oh god the worst kind,yia06555#0,
"2024-11-06,19:32:00",kitter969,#0,im sippin coffee rn,pinkiiee#0,
"2024-11-06,19:32:13",yia06555,#0,"i didnt ask her about the size 
an as i said i left 
not rly comfortable talking about genital parts",kitter969#0,
"2024-11-06,19:32:16",pinkiiee,#0,I'm getting my coffee soon too,kitter969#0,
"2024-11-06,19:32:30",yia06555,#0,a dude named impresser he left the server very good friend of mine,didinesg#0,
"2024-11-06,19:32:35",kitter969,#0,what did u listen from her ?,yia06555#0,
"2024-11-06,19:32:38",yia06555,#0,yeah so no need to report them,pinkiiee#0,
"2024-11-06,19:32:38",didinesg,#0,"bah tedir nuit blanche trevisi biology hhhhhhhh
7ayat ta3isa",kitter969#0,
"2024-11-06,19:32:40",snow.core,#0,https://tenor.com/view/lenore-castlevania-lenore-aesthetic-castlevania-gif-lenore-gif-gif-26152025,,
"2024-11-06,19:32:41",baldguy_,#0,send urs and ask her to rate it,yia06555#0,
"2024-11-06,19:32:51",yia06555,#0,?????????????????????????????????,baldguy_#0,
"2024-11-06,19:32:53",kitter969,#0,nice joke,didinesg#0,
"2024-11-06,19:32:56",baldguy_,#0,<:ALG_akboom:1215420419339980891>,,
"2024-11-06,19:32:56",kitter969,#0,nrevisi,,
"2024-11-06,19:33:10",drako6,#0,https://tenor.com/view/wallpaper-hd-gif-23571349,,
"2024-11-06,19:33:15",didinesg,#0,المادة الرمادية hhhhh,kitter969#0,
"2024-11-06,19:33:15",yia06555,#0,"she said weird thing about sunnat nabiy mohammed 
and her bf parts",kitter969#0,
"2024-11-06,19:33:19",ssxrq_sd,#0,Cccv,,
"2024-11-06,19:33:26",kitter969,#0,biology tfawtha bel common knowledge fel dzair,,
"2024-11-06,19:33:38",pinkiiee,#0,Ah shit,yia06555#0,
"2024-11-06,19:33:46",kitter969,#0,he dont shave,yia06555#0,
"2024-11-06,19:33:47",didinesg,#0,t9raw evolution?,kitter969#0,
"2024-11-06,19:34:01",kitter969,#0,yes,didinesg#0,
"2024-11-06,19:34:11",pinkiiee,#0,Drink your coffee w skot,kitter969#0,
"2024-11-06,19:34:11",didinesg,#0,https://tenor.com/view/islam-astaghfirullah-haram-gif-22586634,kitter969#0,
"2024-11-06,19:34:16",yia06555,#0,"i didnt stay long 
as i said not a fan of genitals parts",kitter969#0,
"2024-11-06,19:34:18",ssxrq_sd,#0,https://tenor.com/view/very-cat-gif-27584673,,
"2024-11-06,19:34:26",ssxrq_sd,#0,Funny asf,,
"2024-11-06,19:34:40",yia06555,#0,sad isnt it,pinkiiee#0,
"2024-11-06,19:34:46",didinesg,#0,#khelih_yehder,pinkiiee#0,
"2024-11-06,19:34:52",didinesg,#0,7bito ttghaw 3lina?,,
"2024-11-06,19:34:58",pinkiiee,#0,https://tenor.com/view/cat-no-nonono-noooo-cat-no-gif-13597132752790194338,didinesg#0,
"2024-11-06,19:35:00",yia06555,#0,<@291262344762490890> lazem ndiro call ana ou nta both muted,didinesg#0,
"2024-11-06,19:35:02",kitter969,#0,bro her bf dont shave and she upset bcz of that,yia06555#0,
"2024-11-06,19:35:03",fromthatday,#0,,,https://cdn.discordapp.com/attachments/840535839138119680/1303789765715296308/IMG_2440.jpg?ex=672db117&is=672c5f97&hm=c0706b94f4c5442d1ba8dc4b5ab270303921aef4d6e5beddd7c315d3696f3b29&
"2024-11-06,19:35:07",ssxrq_sd,#0,اطفق,didinesg#0,
"2024-11-06,19:35:08",baldguy_,#0,her bf mich metahar,kitter969#0,
"2024-11-06,19:35:19",ssxrq_sd,#0,Hgarin,,
"2024-11-06,19:35:21",kitter969,#0,nn,baldguy_#0,
"2024-11-06,19:35:33",kitter969,#0,she was upset,,
"2024-11-06,19:35:38",kitter969,#0,ana sratli mera,,
"2024-11-06,19:35:40",drako6,#0,tf im reading rn,,
"2024-11-06,19:35:40",pinkiiee,#0,Huh,didinesg#0,
"2024-11-06,19:35:43",didinesg,#0,sounds gay ngl,yia06555#0,
"2024-11-06,19:35:44",didinesg,#0,down for it,,
"2024-11-06,19:35:48",kitter969,#0,i wasnt shaved too,,
"2024-11-06,19:35:55",baldguy_,#0,jibah ntahror,kitter969#0,
"2024-11-06,19:35:57",baldguy_,#0,who's her bf,,
"2024-11-06,19:36:03",pinkiiee,#0,Chat looking gay,,
"2024-11-06,19:36:03",kitter969,#0,<@1152342466113048676>,baldguy_#0、yia06555#0,
"2024-11-06,19:36:08",didinesg,#0,just making jokes pinkie no worries,pinkiiee#0,
"2024-11-06,19:36:08",kitter969,#0,who is he ?,,
"2024-11-06,19:36:12",sarahbdf.,#0,<@312729837506789377> im trying to contact you on dms,pinkiiee#0,
"2024-11-06,19:36:19",ssxrq_sd,#0,https://tenor.com/view/rainbow-gay-gif-25946699,,
"2024-11-06,19:36:21",yia06555,#0,tbh she kinda fan of her bf parts,kitter969#0,
"2024-11-06,19:36:24",kitter969,#0,eww,sarahbdf.#0,
"2024-11-06,19:36:31",yia06555,#0,zaaaamn,didinesg#0,
"2024-11-06,19:36:33",kitter969,#0,leave her alone,,
"2024-11-06,19:36:37",sarahbdf.,#0,??,kitter969#0,
"2024-11-06,19:36:38",kitter969,#0,she is with me,,
"2024-11-06,19:36:40",fromthatday,#0,,,https://cdn.discordapp.com/attachments/840535839138119680/1303790171786973314/IMG_2422.png?ex=672db178&is=672c5ff8&hm=c3b3617eadc4af9128bdfcd80e004c0ac8647984ef865ae1fbe809fc4d0f9745&
"2024-11-06,19:36:43",pinkiiee,#0,Accept my request,sarahbdf.#0,
"2024-11-06,19:36:44",didinesg,#0,she don't swing that way,sarahbdf.#0,
"2024-11-06,19:36:45",yia06555,#0,she wasnt living in algeria so a random dude,baldguy_#0,
"2024-11-06,19:36:55",ssxrq_sd,#0,rs,fromthatday#0,
"2024-11-06,19:36:56",baldguy_,#0,ah,,
"2024-11-06,19:36:59",kitter969,#0,ewww,yia06555#0,
"2024-11-06,19:37:11",sarahbdf.,#0,Its just that im new and lost i want to ask her for help dw im not taking her from u 😉,kitter969#0,
"2024-11-06,19:37:20",didinesg,#0,if your gf ain't a fan of your private parts is she really your gf?,yia06555#0,
"2024-11-06,19:37:21",kitter969,#0,u lost,sarahbdf.#0,
"2024-11-06,19:37:29",pinkiiee,#0,TAKE ME,sarahbdf.#0,
"2024-11-06,19:37:49",ssxrq_sd,#0,Skibidi sigma rizz hauk tuah,,
"2024-11-06,19:37:57",ssxrq_sd,#0,Still water,,
"2024-11-06,19:37:59",didinesg,#0,https://tenor.com/view/mods-cut-him-down-tear-him-apart-splay-the-gore-gif-16211356125689318290,ssxrq_sd#0,
"2024-11-06,19:38:02",baldguy_,#0,her bf mayatla9ach m3a sunna,yia06555#0,
"2024-11-06,19:38:03",sarahbdf.,#0,😭😭,pinkiiee#0,
"2024-11-06,19:38:06",baldguy_,#0,<:ALG_sadge_borgar:877129707592753192> <:ALG_astaghfurallah:808360532029079582>,,
"2024-11-06,19:38:09",kitter969,#0,i know one thing she is keeper u will never be lost with her,sarahbdf.#0,
"2024-11-06,19:38:09",blairsfun,#0,https://tenor.com/view/dragging-wtf-humpday-wednesday-long-week-gif-9259414,,
"2024-11-06,19:38:12",yia06555,#0,"guyyys guys guys 
the girl was talking about her bf not meeee",didinesg#0,
"2024-11-06,19:38:22",anes_911,#0,she dont know as much as me bedliha,sarahbdf.#0,
"2024-11-06,19:38:26",yia06555,#0,he wasnt muslim i think,baldguy_#0,
"2024-11-06,19:38:27",ssxrq_sd,#0,I dont read at all,didinesg#0,
"2024-11-06,19:38:30",didinesg,#0,yes I am just making an example,yia06555#0,
"2024-11-06,19:38:36",didinesg,#0,true patriot,ssxrq_sd#0,
"2024-11-06,19:38:41",fromthatday,#0,,,https://cdn.discordapp.com/attachments/840535839138119680/1303790678240792626/02F8CF74-A746-462E-B0C9-BAB1D7129866.jpg?ex=672db1f0&is=672c6070&hm=70eb259ecdd10d41fe8fecf870bfafbf914462a06c146837eb91e7966e6316ac&
"2024-11-06,19:38:43",baldguy_,#0,ah lazem ndakhloh f Islam,yia06555#0,
"2024-11-06,19:38:45",ssxrq_sd,#0,Winter arc,,
"2024-11-06,19:38:56",blairsfun,#0,Khawti this week was awful,,
"2024-11-06,19:38:58",yia06555,#0,ah mb mb mate,didinesg#0,
"2024-11-06,19:39:05",blairsfun,#0,<:ALG_cutepepecry:909443610867560459>,,
"2024-11-06,19:39:06",ssxrq_sd,#0,NNN CHALENGE ☠️,,
"2024-11-06,19:39:09",yia06555,#0,yeah lazem ichof pinkie,baldguy_#0,
"2024-11-06,19:39:14",didinesg,#0,dok tt7sn al awda3 aw rb7 trump,blairsfun#0,
"2024-11-06,19:39:14",baldguy_,#0,ma3lich next one will be worse <:ALG_sadge_borgar:877129707592753192>,blairsfun#0,
"2024-11-06,19:39:23",the_doorkeeper,#0,ayatolah trump,didinesg#0,
"2024-11-06,19:39:26",.sysen,#0,https://tenor.com/view/who-cares-gif-24186436,blairsfun#0,
"2024-11-06,19:39:33",ssxrq_sd,#0,I asked,.sysen#0,
"2024-11-06,19:39:34",blairsfun,#0,WHY,,
"2024-11-06,19:39:39",kitter969,#0,ta3lim 3ali,,
"2024-11-06,19:39:45",fromthatday,#0,,,https://cdn.discordapp.com/attachments/840535839138119680/1303790947804381194/IMG_2423.png?ex=672db231&is=672c60b1&hm=74895586862c205218da22e056f9af61f1310552164950a9f5fba94e9aaa412f&
"2024-11-06,19:39:47",didinesg,#0,https://tenor.com/view/pridepresident2024-gif-15913905453697556492,,
"2024-11-06,19:39:58",the_doorkeeper,#0,https://x.com/trtworld/status/910386809745530880?lang=en,,
"2024-11-06,19:39:59",blairsfun,#0,Nkhaf ngolk tbanini,.sysen#0,
"2024-11-06,19:39:59",didinesg,#0,trump is a shiite?,the_doorkeeper#0,
"2024-11-06,19:40:00",kitter969,#0,uw8ing for akboom ?,didinesg#0,
"2024-11-06,19:40:01",.sysen,#0,https://tenor.com/view/plastic-chair-plastic-knife-die-sharkbite-gif-18175247,ssxrq_sd#0,
"2024-11-06,19:40:02",blairsfun,#0,👉👈,,
"2024-11-06,19:40:07",didinesg,#0,idk,kitter969#0,
"2024-11-06,19:40:10",didinesg,#0,im too tired to play tbh,,
"2024-11-06,19:40:17",mohatheb2813,#0,هذا بيزداد خساسة ونذالة,the_doorkeeper#0,
"2024-11-06,19:40:17",ssxrq_sd,#0,U shut up,.sysen#0,
"2024-11-06,19:40:19",.sysen,#0,nn goli mtkhafich [hmmmm](https://cdn.discordapp.com/emojis/1276391296637997116.webp?size=48&quality=lossless&name=hmmmm),blairsfun#0,
"2024-11-06,19:40:20",baldguy_,#0,rbah trump mawalitch asla3,,
"2024-11-06,19:40:20",blairsfun,#0,From the back,didinesg#0,
"2024-11-06,19:40:21",kitter969,#0,👉👈,didinesg#0,
"2024-11-06,19:40:42",blairsfun,#0,Lawla oui lakhra je pense pas,baldguy_#0,
"2024-11-06,19:40:48",.sysen,#0,https://tenor.com/view/omlette-du-fromage.-text-art-hand-label-gif-4179165392856498357,ssxrq_sd#0,
"2024-11-06,19:40:53",didinesg,#0,https://tenor.com/view/ymca-trump-dance-gif-19059233,blairsfun#0,
"2024-11-06,19:40:55",didinesg,#0,from both sides,,
"2024-11-06,19:41:06",baldguy_,#0,lekhra mahich sel3a u correct <:ALG_akboom:1215420419339980891>,blairsfun#0,
"2024-11-06,19:41:06",sarsouri,#0,<@712279378163400776> anes galoli trefht,anes_911#0,
"2024-11-06,19:41:10",ssxrq_sd,#0,Random shi,.sysen#0,
"2024-11-06,19:41:18",blairsfun,#0,Khawti even elections of algeria doesnt affect algeria,,
"2024-11-06,19:41:25",didinesg,#0,al 7ayat al jami3iya is too much for me,kitter969#0,
"2024-11-06,19:41:29",ssxrq_sd,#0,Trump the goat,didinesg#0,
"2024-11-06,19:41:33",kitter969,#0,weak,didinesg#0,
"2024-11-06,19:41:38",blairsfun,#0,Lhayat is ugh,didinesg#0,
"2024-11-06,19:41:40",kitter969,#0,abda tbetel,,
"2024-11-06,19:41:49",kitter969,#0,ana el yom ma re7tch,,
"2024-11-06,19:41:50",didinesg,#0,kayna kayna,blairsfun#0,
"2024-11-06,19:41:58",ssxrq_sd,#0,T3ba,,
"2024-11-06,19:42:00",blairsfun,#0,Ntlagaw smana jaya,,
"2024-11-06,19:42:01",blairsfun,#0,Bye,,
"2024-11-06,19:42:12",kitter969,#0,bye,blairsfun#0,
"2024-11-06,19:42:14",kitter969,#0,A777777777777,,
"2024-11-06,19:42:20",ssxrq_sd,#0,M9wd,,
"2024-11-06,19:42:21",kitter969,#0,she is soo cool,,
"2024-11-06,19:42:28",kitter969,#0,tji mara fel semana,,
"2024-11-06,19:42:29",drako6,#0,take some molly,blairsfun#0,
"2024-11-06,19:42:44",ssxrq_sd,#0,Take some shot,,
"2024-11-06,19:42:45",fromthatday,#0,,,https://cdn.discordapp.com/attachments/840535839138119680/1303791704289185903/IMG_2442.png?ex=672db2e5&is=672c6165&hm=c656484e9763865ee54507f5d25dfd4f82081755f230cfac969b08bac8dcd208&
"2024-11-06,19:42:48",blairsfun,#0,I wish i got free time like before,,
"2024-11-06,19:42:56",.huit.,#0,J,,
"2024-11-06,19:43:00",kitter969,#0,XD,,
"2024-11-06,19:43:12",ssxrq_sd,#0,If life gets sick all u do is get some shot,,
"2024-11-06,19:43:15",ssxrq_sd,#0,HELL YEAH,,
"2024-11-06,19:43:15",didinesg,#0,"nro7 there just to eat and lay on the grass and smoke 
resto 9odam la fac 3ndo wa7d la purée its PEAK",kitter969#0,
"2024-11-06,19:43:19",ssxrq_sd,#0,Random shi,,
"2024-11-06,19:43:37",kitter969,#0,saad dahleb 1 ?,didinesg#0,
"2024-11-06,19:43:44",didinesg,#0,no,kitter969#0,
"2024-11-06,19:43:46",didinesg,#0,b3id cher,,
"2024-11-06,19:43:49",didinesg,#0,sounds like a prison,,
"2024-11-06,19:43:53",headhunterz999,#0,blidi,,
"2024-11-06,19:44:02",drako6,#0,,headhunterz999#0,
"2024-11-06,19:44:21",kitter969,#0,bcz mkan walo actually saad dahleb ma9abla saad dahleb temak,didinesg#0,
"2024-11-06,19:44:22",ssxrq_sd,#0,Win rah,headhunterz999#0,
"2024-11-06,19:44:26",kitter969,#0,<:ALG_Sadge:1188883647772758106>,,
"2024-11-06,19:44:31",headhunterz999,#0,<@1175876047863038122>,ssxrq_sd#0、kitter969#0,
"2024-11-06,19:44:39",ssxrq_sd,#0,A7777777777,headhunterz999#0,
"2024-11-06,19:44:49",fromthatday,#0,<:ALG_middlefinger:1170026034670874694>,,
"2024-11-06,19:44:51",fromthatday,#0,Ello,,
"2024-11-06,19:44:51",kitter969,#0,only good thing is proff mechi serious,,
"2024-11-06,19:45:03",anes_911,#0,Wch rayk,sarsouri#0,https://cdn.discordapp.com/attachments/840535839138119680/1303792282260213811/Snapchat-1784201676.jpg?ex=672db36f&is=672c61ef&hm=dbf9ac7bc9f1063745c9085fe7c469a73fd62b8459f13f76218a5c4a169c0740&
"2024-11-06,19:45:05",anes_911,#0,Nshri willaya ga3,,
"2024-11-06,19:45:12",ssxrq_sd,#0,M9wd,,
"2024-11-06,19:45:22",didinesg,#0,jaya f autoroute ya za7,kitter969#0,
"2024-11-06,19:45:27",didinesg,#0,9ra fiha akboom meskin iirc,,
"2024-11-06,19:45:31",ssxrq_sd,#0,4 eggs,anes_911#0,
"2024-11-06,19:45:42",love.rias,#0,"hurts when i remember my 360, i still own every CD that i bought",yia06555#0,
"2024-11-06,19:45:46",kitter969,#0,marat ki nkon fayet i wish get hit by a car,didinesg#0,
"2024-11-06,19:46:01",yia06555,#0,"<:ALG_suicide:801733473537753138>  
rah nabki bro",love.rias#0,
"2024-11-06,19:46:02",love.rias,#0,https://tenor.com/view/real-spider-man-sad-walking-rain-gif-1924155781469686297,kitter969#0,
"2024-11-06,19:46:15",kitter969,#0,<:ALG_suicide:801733473537753138>,love.rias#0,
"2024-11-06,19:46:17",ssxrq_sd,#0,حقيقي,,
"2024-11-06,19:46:26",aaamethysttt,#0,<:ALG_kekw:852170231673782332>,,
"2024-11-06,19:46:27",didinesg,#0,https://tenor.com/view/koksal-koksalbaba-koksalgif-pray-allah-gif-13212864,kitter969#0,
"2024-11-06,19:46:28",kitter969,#0,nzid fel 7ess w ana nesme3 fi metalica,,
"2024-11-06,19:46:33",love.rias,#0,i miss pulling the disk then putting it back in,yia06555#0,
"2024-11-06,19:46:37",love.rias,#0,lol effect,kitter969#0,
"2024-11-06,19:46:52",sarsouri,#0,nchriw biha tissmsilt w yb9alna serf bah n3awdo nbuildiwha,anes_911#0,
"2024-11-06,19:47:08",fromthatday,#0,Fat elephant on the 5,,
"2024-11-06,19:47:14",love.rias,#0,https://tenor.com/view/plastic-man-real-real-powder-powder-that-makes-you-say-real-animated-comic-plastic-man-gif-7493651428267836743,ssxrq_sd#0,
"2024-11-06,19:47:15",ssxrq_sd,#0,https://tenor.com/view/aizen-aizen-sosuke-sousuke-aizen-kyokasuigetsu-yhwach-gif-27094007,,
"2024-11-06,19:47:23",kitter969,#0,nothing else matter,love.rias#0,
"2024-11-06,19:47:24",sarsouri,#0,https://tenor.com/view/aizen-gif-6185889320464059346,ssxrq_sd#0,
"2024-11-06,19:47:26",kitter969,#0,<:ALG_Sadge:1188883647772758106>,,
"2024-11-06,19:47:28",fromthatday,#0,Love this lol,love.rias#0,
"2024-11-06,19:47:34",fromthatday,#0,Gonna crop it and steal it,,
"2024-11-06,19:47:35",sarsouri,#0,<@847594538854907954>,yuriiiiiiiiie#0,
"2024-11-06,19:47:44",love.rias,#0,https://tenor.com/view/cid-gif-27662072,ssxrq_sd#0,
"2024-11-06,19:47:57",ssxrq_sd,#0,How <@800807519713886218>  feel after saying this,love.rias#0,
"2024-11-06,19:48:00",love.rias,#0,aint mine so go ahead,fromthatday#0,
"2024-11-06,19:48:08",baldguy_,#0,,,https://cdn.discordapp.com/attachments/840535839138119680/1303793057182912554/Screenshot_20241106_194703_Instagram.jpg?ex=672db428&is=672c62a8&hm=c367a544ff03b4772be31ff43ba6418b3c15abe5554a8bc362fb4080c5471959&
"2024-11-06,19:48:14",ssxrq_sd,#0,Yare Yare,sarsouri#0,
"2024-11-06,19:48:29",love.rias,#0,ong it do feel like that,ssxrq_sd#0,
"2024-11-06,19:48:48",ssxrq_sd,#0,Bro ur mc,love.rias#0,
"2024-11-06,19:48:53",didinesg,#0,what -30 LP looks like <@322247763385647114>,akboom#0,https://cdn.discordapp.com/attachments/840535839138119680/1303793247151456316/image.png?ex=672db455&is=672c62d5&hm=b0f109441e9189889f8190336da878d369237564cb55e80ab3fc5a2ca5af9894&
"2024-11-06,19:48:59",lb9999b,#0,<@1301699628944593038>,baldguy_#0、ghostlymerry#0,
"2024-11-06,19:49:00",akboom,#0,https://tenor.com/view/champoy-el-risitas-kek-issou-etu-gif-17837830,didinesg#0,
"2024-11-06,19:49:04",love.rias,#0,we got the same reels (first slide was outta pocket),baldguy_#0,
"2024-11-06,19:49:06",kitter969,#0,BEST BOT,,
"2024-11-06,19:49:10",akboom,#0,HHHHHHHHHHHHHHHHHHHHHHHHHHHHHHHHHHHHHHHHHHHHHHHHHHHHHHHHHHHHHHHHHHHHHHHHHHHHHHHHHHHHHHHHHHHHHHHHHHHHHHHHHHHHHHHHHHHHHHHHHHHHHHHHHHHHHHHHHHHHHHHHHHHHHHHHHHHHHHHHHHHHHHHHHHHHHHHHHHHHHHHHHHHHHHHHHHHHHHHHHHHHHHHHHHHHHHHHHHHHHHHHHHHHHHHHHHHHHHHHHHHHHHHHHHHHHHHHHHHHHHHHHHHHHHHHHHHHHHHHHHHHHHHHHHHHHHHHHHHHHHHHHHHHHHHHHHHHHHHHHHHHHHHHHHHHHHHHHHHHHHHHHHHHHHHHHHHHHHHHHHHHHHHHHHHHHHHHHHHHHHHHHHHHHHHHHHHHHHHHHHHHHHHHHHHHHHHHHHHHHHHHHHHHHHHHHHHHHHHHHHHHHHHHHHHHHHHHHHHHHHHHHHHHHHHHHHHHHHHHHHHHHHHHHHHHHH,didinesg#0,
"2024-11-06,19:49:18",sarsouri,#0,yay l meme tea lunch box fl msilla wsh d7akt alih sbah rebi,baldguy_#0,
"2024-11-06,19:49:23",love.rias,#0,ye im the mc that suffers from lack of money,ssxrq_sd#0,
"2024-11-06,19:49:25",baldguy_,#0,was nhab kabyliat,love.rias#0,
"2024-11-06,19:49:28",baldguy_,#0,which is real,,
"2024-11-06,19:49:32",didinesg,#0,9ad andara man a3dara,akboom#0,
"2024-11-06,19:49:38",didinesg,#0,lp is just a number,,
"2024-11-06,19:49:46",anes_911,#0,fiha ndiro projet,sarsouri#0,
"2024-11-06,19:49:48",love.rias,#0,wasnt it the femboy one ?,baldguy_#0,
"2024-11-06,19:49:48",baldguy_,#0,choftha f I live in khra bareh da7kt,sarsouri#0,
"2024-11-06,19:49:53",baldguy_,#0,3andna wahda f dar,,
"2024-11-06,19:49:55",ssxrq_sd,#0,Relatable,love.rias#0,
"2024-11-06,19:49:57",yia06555,#0,-32*,didinesg#0,
"2024-11-06,19:49:58",baldguy_,#0,HAHAHAHA,,
"2024-11-06,19:50:11",n.xxxx.,#0,.,,
"2024-11-06,19:50:14",kitter969,#0,AKBOOM EGO IS BOOSTED FROM LAST GAME WE SHOULD DOUBLE THE EFFORT,,
"2024-11-06,19:50:21",baldguy_,#0,la memkin wahdokhra,love.rias#0,
"2024-11-06,19:50:22",love.rias,#0,https://tenor.com/view/professor-utonium-sad-ppg-the-powerpuff-girls-head-shaking-gif-16720971,ssxrq_sd#0,
"2024-11-06,19:50:24",sarsouri,#0,,baldguy_#0,https://cdn.discordapp.com/attachments/840535839138119680/1303793630040948777/image.png?ex=672db4b0&is=672c6330&hm=d689dbb6840fd6082f97b6fbe9196e8d6d30f58d8d3e0165ec3bb8d92e208604&
"2024-11-06,19:50:28",ssxrq_sd,#0,U start to say some fr shi istg,love.rias#0,
"2024-11-06,19:50:38",ssxrq_sd,#0,COOCKED,love.rias#0,
"2024-11-06,19:50:44",baldguy_,#0,,sarsouri#0,https://cdn.discordapp.com/attachments/840535839138119680/1303793710932299929/FB_IMG_1730913304559.jpg?ex=672db4c4&is=672c6344&hm=4695513dcd4c74681978eab00809d5f70ff81a5282b81966a8f00a7aab2f8732&
"2024-11-06,19:50:47",baldguy_,#0,hbb nta,,
"2024-11-06,19:50:48",love.rias,#0,could be could be,baldguy_#0,
"2024-11-06,19:50:50",sarsouri,#0,❤️,anes_911#0,
"2024-11-06,19:50:56",ssxrq_sd,#0,Like damn,,
"2024-11-06,19:51:01",kitter969,#0,jesus ?,baldguy_#0,
"2024-11-06,19:51:07",baldguy_,#0,Jesus nta3 batna,,
"2024-11-06,19:51:07",yassine_mhm,#0,https://tenor.com/view/naruto-naruto-shippuden-newsong-run-gif-21507807,baldguy_#0,
"2024-11-06,19:51:15",love.rias,#0,whats the point of being wise if u got empty pockets,ssxrq_sd#0,
"2024-11-06,19:51:20",ssxrq_sd,#0,Ykho khaly wch rah ydir hna,baldguy_#0,
"2024-11-06,19:51:29",kitter969,#0,ppl in batna walk on water,,
"2024-11-06,19:51:41",didinesg,#0,"some said he's white and some said he's black
but no one thought he's algerian",kitter969#0,
"2024-11-06,19:51:49",baldguy_,#0,khfaf fel ma th9al ela galb,kitter969#0,
"2024-11-06,19:51:49",sarsouri,#0,,baldguy_#0,https://cdn.discordapp.com/attachments/840535839138119680/1303793987361968200/image.png?ex=672db505&is=672c6385&hm=f9a3fe973b04becbd4f7f9c8045fc76248670ecc8892b3e18bb3db7eaba4b532&
"2024-11-06,19:51:59",baldguy_,#0,wlh mafhmt xd,ssxrq_sd#0,
"2024-11-06,19:52:08",yassine_mhm,#0,3andhom chakra,kitter969#0,
"2024-11-06,19:52:12",sarsouri,#0,ak tchrli sma manach shab,baldguy_#0,
"2024-11-06,19:52:30",sarsouri,#0,rak tcher bli l kelba tea retards kon tchoufni tjri wraya,,
"2024-11-06,19:52:33",yia06555,#0,,,https://cdn.discordapp.com/attachments/840535839138119680/1303794169134841856/Snaptik.app_7433099560521567494.mp4?ex=672db531&is=672c63b1&hm=9de689282a48890002b47a9f1ff83c5696f1137411f6732478aff57fa6213023&
"2024-11-06,19:52:40",kitter969,#0,<:ALG_kekw:852170231673782332>,yassine_mhm#0,
"2024-11-06,19:52:42",ssxrq_sd,#0,Khali,baldguy_#0,
"2024-11-06,19:52:47",akboom,#0,<@305814643517947915>,didinesg#0、spankerino#0,
"2024-11-06,19:52:47",baldguy_,#0,definitely thabek,sarsouri#0,
"2024-11-06,19:53:05",yia06555,#0,,,https://cdn.discordapp.com/attachments/840535839138119680/1303794303713280051/vladimir_putin_houari_boumediene_.mp4?ex=672db551&is=672c63d1&hm=c2d4f4aa940b8c30592cc939f02749de714ebb02a8e33794f226567b4908fa74&
"2024-11-06,19:53:10",soheibb,#0,,,https://cdn.discordapp.com/attachments/840535839138119680/1303794327255908443/FB_IMG_1730517425624.jpg?ex=672db556&is=672c63d6&hm=b0bb77b8ada719c987a05a2aa92bbe1d1d86a2b88f28efab53b1130483c545e1&
"2024-11-06,19:53:15",sarsouri,#0,<:ALG_Dayxerheart:1109253010091151430>,baldguy_#0,
"2024-11-06,19:53:24",baldguy_,#0,kyn wahed mahbol hna f msila fay9 l denya,sarsouri#0,
"2024-11-06,19:53:25",sarsouri,#0,delulu,,
"2024-11-06,19:53:25",ssxrq_sd,#0,Relatable,soheibb#0,
"2024-11-06,19:53:25",yia06555,#0,,,https://cdn.discordapp.com/attachments/840535839138119680/1303794390258421760/298264371_770386470777214_52882887043129328_n.mp4?ex=672db565&is=672c63e5&hm=e5f36de216a0d8eea5c1b0c7e4a7fe9fc54260d3775bdbbc98ad2a411e403807&
"2024-11-06,19:53:35",baldguy_,#0,ygoli adini adfeni,,
"2024-11-06,19:53:44",ssxrq_sd,#0,HHHHHHHHHHHHHHHHHHHHHHHHHHHH,,
"2024-11-06,19:53:52",cybert7,#0,<@362516283029323776>,baldguy_#0,
"2024-11-06,19:53:56",baldguy_,#0,maknch mahboul fay9 p denya kima howa hmdlg,,
"2024-11-06,19:54:04",baldguy_,#0,wah,cybert7#0,
"2024-11-06,19:54:04",cybert7,#0,Tomorrow ryzen 7 9800x3d release,,
"2024-11-06,19:54:12",sarsouri,#0,<@265538795472945152> aw lik ben nsns,nemouz#0、yia06555#0,
"2024-11-06,19:54:14",cybert7,#0,And it's the best gaming cpu ever,,
"2024-11-06,19:54:15",yassine_mhm,#0,https://tenor.com/view/bell-sao-bell-gif-26086947,yia06555#0,
"2024-11-06,19:54:19",baldguy_,#0,lazemni 3 salaries,cybert7#0,
"2024-11-06,19:54:24",baldguy_,#0,bah ne9der mechri nosha,,
"2024-11-06,19:54:25",cybert7,#0,The reviews are out,baldguy_#0,
"2024-11-06,19:54:27",yia06555,#0,,sarsouri#0,https://cdn.discordapp.com/attachments/840535839138119680/1303794646669066251/b284d79636204d3ba9ee702d41e89a4f.mov?ex=672db5a3&is=672c6423&hm=da748a3aae3d318fa46e406060616f04db74f0796e4f65ccf31d209e08927344&
"2024-11-06,19:54:40",cybert7,#0,"Just 2, it's gonna be 8mil or so",baldguy_#0,
"2024-11-06,19:54:46",ssxrq_sd,#0,https://tenor.com/view/very-cat-gif-27584673,,
"2024-11-06,19:54:51",cybert7,#0,Hype is real,,
"2024-11-06,19:55:04",cybert7,#0,I'll build a PC based on thst processor,,
"2024-11-06,19:55:05",baldguy_,#0,8m matzidch t3awad hadi hadra min fadlik,cybert7#0,
"2024-11-06,19:55:12",sarsouri,#0,,,https://cdn.discordapp.com/attachments/840535839138119680/1303794835047583856/image.png?ex=672db5d0&is=672c6450&hm=c4f6a06dbc9f456231a6e456a02f0168d1a366df375fcb753aa2545e1cb5d4fe&
"2024-11-06,19:55:12",yia06555,#0,https://tenor.com/view/cat-cat-tongue-cat-licking-white-cat-cursed-cat-gif-27575167,yassine_mhm#0,
"2024-11-06,19:55:14",cybert7,#0,And the 4070suepr or ti super,,
"2024-11-06,19:55:27",baldguy_,#0,build super pc bah tel3ab b 200ping,cybert7#0,
"2024-11-06,19:55:33",baldguy_,#0,30% packet loss,,
"2024-11-06,19:55:39",yuriiiiiiiiie,#0,yawedi rooh,sarsouri#0,
"2024-11-06,19:55:40",baldguy_,#0,sah kayna menha <:ALG_akboom:1215420419339980891>,,
"2024-11-06,19:55:42",ssxrq_sd,#0,Freaky car 😋,yia06555#0,
"2024-11-06,19:55:43",yia06555,#0,,,https://cdn.discordapp.com/attachments/840535839138119680/1303794965981298708/465783910_122202409112078183_4425887220825276074_n.png?ex=672db5ef&is=672c646f&hm=1b218a9650bcac42edd759e5457a0de302036bfef8d5e5996ff0e7b8a2347bbd&
"2024-11-06,19:55:46",yassine_mhm,#0,https://tenor.com/view/t1-candle-praying-circle-candle-circle-t1-esports-gif-3784147662123338019,yia06555#0,
"2024-11-06,19:55:53",yia06555,#0,cat,ssxrq_sd#0,
"2024-11-06,19:55:57",edwardkenwayy,#0,,,https://cdn.discordapp.com/attachments/840535839138119680/1303795024433250394/IMG_5068.webp?ex=672db5fd&is=672c647d&hm=22bb9fe879c49eceafd6fd99e8df298d2b2f126c37b23f624815e4147e216e45&
"2024-11-06,19:55:57",yia06555,#0,<:ALG_suicide:801733473537753138>,yassine_mhm#0,
"2024-11-06,19:55:59",ssxrq_sd,#0,Car,yia06555#0,
"2024-11-06,19:56:05",yia06555,#0,9at,ssxrq_sd#0,
"2024-11-06,19:56:06",cybert7,#0,"Play single player games, gta 6 coming 2027",baldguy_#0,
"2024-11-06,19:56:09",cybert7,#0,New red dead game,,
"2024-11-06,19:56:09",cybert7,#0,Skyrim game,,
"2024-11-06,19:56:09",kitter969,#0,re7 nfedi fel bot lane,yassine_mhm#0,
"2024-11-06,19:56:10",cybert7,#0,Etc,,
"2024-11-06,19:56:10",cybert7,#0,New witcher too,,
"2024-11-06,19:56:23",cybert7,#0,New kingdom come deliverance,,
"2024-11-06,19:56:34",cybert7,#0,Lots of super awesome single player games,,
"2024-11-06,19:56:37",cybert7,#0,Fuck online lpl,,
"2024-11-06,19:56:43",ssxrq_sd,#0,Damn,edwardkenwayy#0,
"2024-11-06,19:56:46",baldguy_,#0,lazemlk good monitor sahbi m3a build hadi,cybert7#0,
"2024-11-06,19:56:49",yia06555,#0,,,https://cdn.discordapp.com/attachments/840535839138119680/1303795241953923162/received_971224897436006.mov?ex=672db631&is=672c64b1&hm=d45b5b1a05a71fcb12ba4a6e6aa01ec77dc90bf1effa7336afc9162c99613fee&
"2024-11-06,19:56:52",edwardkenwayy,#0,Livreur wsh beatli,ssxrq_sd#0,
"2024-11-06,19:57:09",baldguy_,#0,achri 4k monitor <:ALG_akboom:1215420419339980891>  mbaed al3ab talbis banat,cybert7#0,
"2024-11-06,19:57:13",yassine_mhm,#0,bot lane daymen haka,kitter969#0,
"2024-11-06,19:57:33",cybert7,#0,3adi hadik techriha mba3d,baldguy_#0,
"2024-11-06,19:57:42",snow.core,#0,😭,yia06555#0,
"2024-11-06,19:57:47",cybert7,#0,Ain't no way 💀,baldguy_#0,
"2024-11-06,19:57:50",yia06555,#0,https://tenor.com/view/totally-not-brian-brianferras-astolfo-totally-not-an-egirl-gif-26445812,yassine_mhm#0,
"2024-11-06,19:57:55",cybert7,#0,Talbis banat is goty tho,,
"2024-11-06,19:58:02",baldguy_,#0,incha Allah sahbi rabi ywaf9edk,cybert7#0,
"2024-11-06,19:58:06",yia06555,#0,😘,snow.core#0,
"2024-11-06,19:58:07",yassine_mhm,#0,<@1175876047863038122>,kitter969#0、yia06555#0,
"2024-11-06,19:58:17",baldguy_,#0,ki techri brk matwarilich nedrb b 3in,,
"2024-11-06,19:58:29",baldguy_,#0,dress to impress baby,cybert7#0,
"2024-11-06,19:58:43",yia06555,#0,UwU am a princess i play nami i put a ward buy two pink ward every back and i press e sometimes >.<,yassine_mhm#0,
"2024-11-06,19:58:46",cybert7,#0,Stuck between marrying or buying a good gaming pc,,
"2024-11-06,19:59:02",yassine_mhm,#0,akboom mzalo ysr9olo baron ??,,
"2024-11-06,19:59:08",ssxrq_sd,#0,Buying a gaming pc,cybert7#0,
"2024-11-06,19:59:09",ali8ve,#0,chkoun y3ref ypirati ?,,
"2024-11-06,19:59:12",baldguy_,#0,akhtik men marrying,cybert7#0,
"2024-11-06,19:59:24",baldguy_,#0,<:ALG_akboom:1215420419339980891>,,
"2024-11-06,19:59:26",n.xxxx.,#0,<:ALG_kekw:852170231673782332> u wan play rank,yia06555#0,
"2024-11-06,19:59:27",headhunterz999,#0,no one,ali8ve#0,
"2024-11-06,19:59:28",n.xxxx.,#0,?,,
"2024-11-06,19:59:29",cybert7,#0,The gents have spoken,,
"2024-11-06,19:59:30",ssxrq_sd,#0,2017 core,ali8ve#0,
"2024-11-06,19:59:34",yassine_mhm,#0,https://tenor.com/view/breezy-hacker-im-in-matrix-laptop-gif-22983973,,
"2024-11-06,19:59:40",cybert7,#0,She can stay in her father's house some more years,,
"2024-11-06,19:59:43",baldguy_,#0,pc bayna beli mbaed zwaj sahel,,
"2024-11-06,19:59:50",headhunterz999,#0,2013,ssxrq_sd#0,
"2024-11-06,19:59:52",n.xxxx.,#0,gat a pc fr,cybert7#0,
"2024-11-06,19:59:59",baldguy_,#0,wkan Jat tebghik tgolk 3rrs eliya,cybert7#0,
"2024-11-06,20:00:26",cybert7,#0,"Thanks guys, you helped me make a life changing decision",,
"2024-11-06,20:00:28",yia06555,#0,fasdtli la souris,n.xxxx.#0,
"2024-11-06,20:00:32",cybert7,#0,Choft,baldguy_#0,
"2024-11-06,20:00:42",cybert7,#0,,yia06555#0,https://cdn.discordapp.com/attachments/840535839138119680/1303796222682988595/voice-message.ogg?ex=672db71a&is=672c659a&hm=69f84366a5234b8155c0034ec41230109e552ff2e5fba3916d17a2270f0ab029&
"2024-11-06,20:00:49",baldguy_,#0,she surely doesn't want this to work,cybert7#0,
"2024-11-06,20:00:57",love.rias,#0,,yassine_mhm#0,https://cdn.discordapp.com/attachments/840535839138119680/1303796281893720178/SPOILER_FB_IMG_1703084498718.png?ex=672db728&is=672c65a8&hm=827a9b4a57d483ed69170a0b1b3e02f4be1541567bfc6acc741e41e5d7959c0f&
"2024-11-06,20:01:08",cybert7,#0,"No she doesn't, she says me or 4090",baldguy_#0,
"2024-11-06,20:01:13",n.xxxx.,#0,ggs xD,yia06555#0,
"2024-11-06,20:01:20",headhunterz999,#0,9ritha haja whdokhra g3,love.rias#0,
"2024-11-06,20:01:20",yia06555,#0,whats the meaning of 9alwl,cybert7#0,
"2024-11-06,20:01:38",yia06555,#0,didnt play for a long time i must have lost all my skill,n.xxxx.#0,
"2024-11-06,20:01:47",love.rias,#0,3ndi loriginal but i cant send it,headhunterz999#0,
"2024-11-06,20:01:49",aminessss_ch,#0,https://tenor.com/view/trump-donald-trump-debate-2024-try-not-to-laugh-gif-2467940388232225446,,
"2024-11-06,20:01:54",ssxrq_sd,#0,https://tenor.com/view/uhh-cat-meow-meowmeow-confused-gif-8057852975940592422,,
"2024-11-06,20:01:57",headhunterz999,#0,ab3t prv nchof,love.rias#0,
"2024-11-06,20:01:59",aminessss_ch,#0,the goat,,
"2024-11-06,20:02:00",n.xxxx.,#0,its fine its shit anyway,yia06555#0,
"2024-11-06,20:02:04",love.rias,#0,1 sec,headhunterz999#0,
"2024-11-06,20:02:23",yia06555,#0,,,https://cdn.discordapp.com/attachments/840535839138119680/1303796643627401236/v09044g40000cpdaqjvog65nrrtrjaeg.mov?ex=672db77f&is=672c65ff&hm=b015e8352e75bff7573009109b8be374a49ab3b63e0ef35087475a66e6a0907d&
"2024-11-06,20:02:40",yia06555,#0,ki njib souris jdida nchlh,n.xxxx.#0,
"2024-11-06,20:02:40",ali8ve,#0,liy9raw infor till now yearfo,ssxrq_sd#0,
"2024-11-06,20:02:58",n.xxxx.,#0,mrigla kho,yia06555#0,
"2024-11-06,20:03:02",yia06555,#0,hna yaerfo yasar9o hearts only,ali8ve#0,
"2024-11-06,20:03:03",ssxrq_sd,#0,Ab3tha tmtm wfasi,love.rias#0,
"2024-11-06,20:03:07",yia06555,#0,bizouwat,n.xxxx.#0,
"2024-11-06,20:03:11",khalil0uu,#0,Name of the gif,ssxrq_sd#0,
"2024-11-06,20:03:14",khalil0uu,#0,Pls,,
"2024-11-06,20:03:14",n.xxxx.,#0,sus ?!,yia06555#0,
"2024-11-06,20:03:18",n.xxxx.,#0,,,
"2024-11-06,20:03:23",yia06555,#0,okhouwa,n.xxxx.#0,
"2024-11-06,20:03:26",love.rias,#0,hna ?,ssxrq_sd#0,
"2024-11-06,20:03:35",ssxrq_sd,#0,Aih,love.rias#0,
"2024-11-06,20:03:36",n.xxxx.,#0,hahahahhaa,yia06555#0,
"2024-11-06,20:03:38",n.xxxx.,#0,khlli,,
"2024-11-06,20:03:47",ali8ve,#0,worse,yia06555#0,
"2024-11-06,20:03:48",ssxrq_sd,#0,Lgito random,khalil0uu#0,
"2024-11-06,20:04:03",aminessss_ch,#0,uhh-cat-meow-meowmeow-confused-gif,khalil0uu#0,
"2024-11-06,20:04:08",love.rias,#0,nah mods got a beef with me they waiting for any simple thing to ban me for,ssxrq_sd#0,
"2024-11-06,20:04:28",yia06555,#0,it's not gay if it's for the homie dom mtkhafch,n.xxxx.#0,
"2024-11-06,20:04:36",yia06555,#0,attention nsar9olak 9albk,ali8ve#0,
"2024-11-06,20:04:57",ssxrq_sd,#0,Bros r under surveillance.,love.rias#0,
"2024-11-06,20:05:08",aminessss_ch,#0,🫵 <:ALG_ICANT:1046555506933768233>,yia06555#0,
"2024-11-06,20:05:09",yia06555,#0,<@800807519713886218> aya nachrbou kif kif hta win yahabto chfartina,love.rias#0,
"2024-11-06,20:05:11",baldguy_,#0,wa9ila njiblha kalba nta3 retards,cybert7#0,
"2024-11-06,20:05:18",moncef311,#0,https://tenor.com/view/kto-kounotoritoken-kounotori-lbow-storkholders-gif-25676341,love.rias#0,
"2024-11-06,20:05:21",yia06555,#0,,aminessss_ch#0,https://cdn.discordapp.com/attachments/840535839138119680/1303797389827506196/VID_123030405_010529_563.mp4?ex=672db831&is=672c66b1&hm=effe5a6ec36a627259771b8e542d5478d8f00952369c87df289ec374ed0b7280&
"2024-11-06,20:05:24",khalil0uu,#0,Khls sbto,ssxrq_sd#0,
"2024-11-06,20:05:34",khalil0uu,#0,https://tenor.com/view/uhh-cat-meow-meowmeow-confused-gif-8057852975940592422,aminessss_ch#0,
"2024-11-06,20:06:10",love.rias,#0,pretty much with much hatred,ssxrq_sd#0,
"2024-11-06,20:06:28",ssxrq_sd,#0,https://tenor.com/view/yes-happy-new-year-gif-24516985,moncef311#0,
"2024-11-06,20:06:33",love.rias,#0,woooooooord im down,yia06555#0,
"2024-11-06,20:06:39",love.rias,#0,https://tenor.com/view/gentleman-giga-chad-sigma-male-gif-25702945,moncef311#0,
"2024-11-06,20:07:22",yia06555,#0,joz liya,love.rias#0,
"2024-11-06,20:08:17",da7_man,#0,warthunder?,,
"2024-11-06,20:08:24",love.rias,#0,https://tenor.com/view/no-money-wallet-empty-cashless-gif-16030892,yia06555#0,
"2024-11-06,20:08:40",ssxrq_sd,#0,Keep urslf safe,love.rias#0,
"2024-11-06,20:08:56",yia06555,#0,ana nkhalas jib fares brq,love.rias#0,
"2024-11-06,20:08:56",da7_man,#0,?,,
"2024-11-06,20:09:16",ssxrq_sd,#0,Kolch fras,,
"2024-11-06,20:11:57",love.rias,#0,"for sure, u too bro",ssxrq_sd#0,
"2024-11-06,20:12:15",love.rias,#0,hadak mm w tkhls myjich,yia06555#0,
"2024-11-06,20:13:19",da7_man,#0,shkoun li yal3eb warthunder?,,
"2024-11-06,20:14:59",aaamethysttt,#0,,,
"2024-11-06,20:15:07",aaamethysttt,#0,<#1014748388308307969>,da7_man#0,
"2024-11-06,20:15:47",da7_man,#0,makansh li ripodo thema,,
"2024-11-06,20:16:15",ghost5622,#0,hi guys,,
"2024-11-06,20:16:34",ghost5622,#0,ho ar doin,,
"2024-11-06,20:17:10",ghost5622,#0,https://tenor.com/view/shakewell-pemex-fat-nick-shake-sup-gif-13697031,,
"2024-11-06,20:17:57",yia06555,#0,nchtih ana,love.rias#0,
"2024-11-06,20:18:17",love.rias,#0,<@872109982223597649> ychtik,efreakyduck#0、yia06555#0,
"2024-11-06,20:18:20",love.rias,#0,talk,,
"2024-11-06,20:18:27",da7_man,#0,shkoun li yal3eb warthunder?,,
"2024-11-06,20:18:59",kuro_hana,#0,<:ALG_SadKermit:822485548630278164>,,
"2024-11-06,20:18:59",abddu,#0,Ussr?,da7_man#0,
"2024-11-06,20:19:16",abddu,#0,Ana 8.7 ground,,
"2024-11-06,20:20:14",kitter969,#0,<@322247763385647114>,akboom#0,
"2024-11-06,20:20:21",da7_man,#0,ana 5.3 air,,
"2024-11-06,20:20:22",kitter969,#0,,,https://cdn.discordapp.com/attachments/840535839138119680/1303801170875256953/image.png?ex=672dbbb6&is=672c6a36&hm=63400786f92e1d483f58bde20a3731b05f403fbad5e15fa0e37a35032b380983&
"2024-11-06,20:20:26",akboom,#0,https://tenor.com/view/not-bad-ryan-reynolds-gif-23839048,kitter969#0,
"2024-11-06,20:20:38",akboom,#0,i gotta go now anywys,,
"2024-11-06,20:20:40",akboom,#0,c ya guys,,
"2024-11-06,20:20:48",kitter969,#0,AAAAAAAAAAH,,
"2024-11-06,20:20:57",love.rias,#0,10+ years a ppl still think this is a bug,kitter969#0,
"2024-11-06,20:21:01",akboom,#0,https://tenor.com/view/bodybuilding-ronnie-coleman-gif-22091241,,
"2024-11-06,20:21:07",abddu,#0,Mzalk b3id,da7_man#0,
"2024-11-06,20:21:13",akboom,#0,playing with <@291262344762490890>  <@1175876047863038122>  duo bot,kitter969#0、didinesg#0,
"2024-11-06,20:21:22",kitter969,#0,BEST SUP,akboom#0,
"2024-11-06,20:21:35",da7_man,#0,hih ani nshouf shkoun li ya9der y3awani,abddu#0,
"2024-11-06,20:21:47",abddu,#0,Dsl 3ndi bac,da7_man#0,
"2024-11-06,20:21:54",didinesg,#0,I carried ur ass,akboom#0,
"2024-11-06,20:22:00",didinesg,#0,all the fights,,
"2024-11-06,20:22:25",didinesg,#0,we killed gwen in her jgl bcz of me and then I baited them all into losing fight before baron,,
"2024-11-06,20:22:27",didinesg,#0,I am the goat,,
"2024-11-06,20:22:33",kitter969,#0,true,,
"2024-11-06,20:22:35",didinesg,#0,might even be the next keria,,
"2024-11-06,20:22:39",abddu,#0,https://tenor.com/view/gripen-warthunder-war-thunder-gifs-crash-gif-5607957326248117066,,
"2024-11-06,20:22:43",kitter969,#0,bot lane carry the game,,
"2024-11-06,20:22:52",didinesg,#0,and jgler inting,kitter969#0,
"2024-11-06,20:22:55",didinesg,#0,feeding our lane,,
"2024-11-06,20:23:01",didinesg,#0,soub7an allah,,
"2024-11-06,20:23:08",kitter969,#0,he give cait two kills,didinesg#0,
"2024-11-06,20:23:31",akboom,#0,actually true,didinesg#0,
"2024-11-06,20:24:00",kitter969,#0,then act shocked when cait headshot killed him,,
"2024-11-06,20:24:06",da7_man,#0,hatha wash ba8i nosolo,abddu#0,
"2024-11-06,20:24:57",w1ssal,#0,<@735093400063180810>,wakumiiee.#0,
"2024-11-06,20:25:01",w1ssal,#0,<@1153607846324346900>,wakumiiee#0,
"2024-11-06,20:25:03",w1ssal,#0,girl,,
"2024-11-06,20:25:33",akboom,#0,jit ll cait bla ma nchouf her score khdit se9la <:ALG_kekw:852170231673782332>,kitter969#0,
"2024-11-06,20:28:28",7xr.,#0,,,
"2024-11-06,20:28:47",yia06555,#0,nchtih,love.rias#0,
"2024-11-06,20:29:47",ghost5622,#0,Who among you? need masaje,,
"2024-11-06,20:31:00",yia06555,#0,cheh,akboom#0,
"2024-11-06,20:32:20",love.rias,#0,https://media.discordapp.net/attachments/840535839138119680/1207417262118805544/kayna_gif.gif,yia06555#0,
"2024-11-06,20:32:50",sarsouri,#0,,,https://cdn.discordapp.com/attachments/840535839138119680/1303804307711459368/image.png?ex=672dbea2&is=672c6d22&hm=20ce00065920c84ff55f47d7c63393d82fdaa2d9bdb311d8e1eab7e33733640e&
"2024-11-06,20:33:15",love.rias,#0,https://tenor.com/view/real-spider-man-sad-walking-rain-gif-1924155781469686297,sarsouri#0,
"2024-11-06,20:35:39",baldguy_,#0,,,https://cdn.discordapp.com/attachments/840535839138119680/1303805015885873193/Screenshot_20241106_203523_Instagram.jpg?ex=672dbf4b&is=672c6dcb&hm=d7305db5e49a718420d241c6f2372a144af13fa9b75a3bfb0937ec322a846cf8&
"2024-11-06,20:35:53",baldguy_,#0,why,,https://cdn.discordapp.com/attachments/840535839138119680/1303805072970350683/Screenshot_20241106_203514_Instagram.jpg?ex=672dbf58&is=672c6dd8&hm=2d8f15ba9ce7a622924a282f8183cc283311b66aca01c19160e54bc19bf0d1f6&
"2024-11-06,20:36:07",whostheodos,#0,<:ALG_suicide:801733473537753138>,baldguy_#0,
"2024-11-06,20:36:43",baldguy_,#0,,whostheodos#0,https://cdn.discordapp.com/attachments/840535839138119680/1303805285013524530/Screenshot_20241106_203633_Instagram.jpg?ex=672dbf8b&is=672c6e0b&hm=81717dc19ed034873f3e39a043c009a8c9a84f9c552a95801cf5b5a07ea2fc43&
"2024-11-06,20:38:07",whostheodos,#0,https://tenor.com/view/kratos-zeus-kratos-zeus-gif-27202380,,
"2024-11-06,20:38:31",yia06555,#0,https://tenor.com/view/elede-ca-va-peek-funny-face-gif-17146921,,
"2024-11-06,20:39:43",yuriiiiiiiiie,#0,<:ALG_Salviro:1270654039742218250>,,
"2024-11-06,20:48:56",aymen._1,#0,Alaaa khot pinkie,,
"2024-11-06,20:49:01",aymen._1,#0,Li zyda fel 1998,,
"2024-11-06,20:49:05",aymen._1,#0,Nrml,,
"2024-11-06,20:49:07",aymen._1,#0,3lh,,
"2024-11-06,20:49:18",samado.,#0,<@690527322054590555>,thefalleen#0,
"2024-11-06,20:49:46",aymen._1,#0,<@857745732778197012>,soheibb#0,
"2024-11-06,20:49:53",love.rias,#0,dayum 💀,aymen._1#0,
"2024-11-06,20:50:20",tefouss.,#0,Salam,,
"2024-11-06,20:50:26",samado.,#0,,aymen._1#0,https://cdn.discordapp.com/attachments/840535839138119680/1303808735986323527/image.png?ex=672dc2c2&is=672c7142&hm=51a570a5ceed2feb7c9119bacc0ad877395d81c323d423ff1c6d6ec9697d14f2&
"2024-11-06,20:50:26",moncef311,#0,Ayyo,aymen._1#0,
"2024-11-06,20:50:48",aymen._1,#0,Weee zkhaylaaj,moncef311#0,
"2024-11-06,20:50:53",aymen._1,#0,Galah aizen,,
"2024-11-06,20:51:10",aymen._1,#0,W9ila rak 7sbha bs7,,
"2024-11-06,20:51:12",moncef311,#0,Ana howa chikorkom,aymen._1#0,
"2024-11-06,20:51:16",aymen._1,#0,Motala3ib w ge3,,
"2024-11-06,20:51:26",lynasn,#0,Hey,,
"2024-11-06,20:51:31",moncef311,#0,Haw ma 3labalkch,aymen._1#0,
"2024-11-06,20:51:43",cybert7,#0,,,https://cdn.discordapp.com/attachments/840535839138119680/1303809058519777280/RDT_20241106_123027.mp4?ex=672dc30f&is=672c718f&hm=890482099cdc200bc829cf4da88f819c8dce5f871a98fb128d460fd97042821f&
"2024-11-06,20:51:46",love.rias,#0,https://tenor.com/view/don-cheadle-kevin-hart-damn-gif-22697968,aymen._1#0,
"2024-11-06,20:52:25",ssxrq_sd,#0,https://tenor.com/view/very-cat-gif-27584673,,
"2024-11-06,20:52:26",samado.,#0,https://tenor.com/view/hi-anime-naruto-kakashi-wave-gif-10728323392439063446,lynasn#0,
"2024-11-06,20:52:28",soheibb,#0,tbnaji,aymen._1#0,
"2024-11-06,20:54:40",soheibb,#0,zgz rah fi room ybni f chajra <@835212854185295892>,aymen._1#0,
"2024-11-06,20:55:01",aymen._1,#0,Adiii rwa7,,
"2024-11-06,20:55:37",soheibb,#0,awdy yamat brk wnji nstreamilk,aymen._1#0,
"2024-11-06,20:55:41",soheibb,#0,di nkhl3ek,,
"2024-11-06,20:56:44",emyyyyyyyyyy,#0,,,
"2024-11-06,20:56:47",ogfiks,#0,ksh valorant tema ?,,
"2024-11-06,20:57:05",arnixes,#0,,,https://cdn.discordapp.com/attachments/840535839138119680/1303810411031691304/IMG_0514.png?ex=672dc451&is=672c72d1&hm=057c93a2c8983773fd9fb195d6801ea3247379167bd2260c08e1f261e27bdb58&
"2024-11-06,20:57:25",akboom,#0,<@291262344762490890>  <@1175876047863038122>  cc,kitter969#0、didinesg#0,
"2024-11-06,20:57:33",samado.,#0,[inpostr](https://media.discordapp.net/stickers/1243890878389686273.png?size=160&name=inpostr),emyyyyyyyyyy#0,
"2024-11-06,20:57:47",soheibb,#0,zgz z3ma nerd,,
"2024-11-06,20:58:25",.coool,#0,<a:catbored:795566636710101024> <a:catbored:795566636710101024> <a:catbored:795566636710101024>,,
"2024-11-06,20:59:27",didinesg,#0,bjr,akboom#0,
"2024-11-06,20:59:55",didinesg,#0,ou bonwi,,
"2024-11-06,21:00:03",didinesg,#0,https://tenor.com/view/cat-chuni-sleep-gif-20108376,,
"2024-11-06,21:00:16",7uta.95,#0,,,
"2024-11-06,21:01:32",lb9999b,#0,wow,,https://cdn.discordapp.com/attachments/840535839138119680/1303811529208234116/Screenshot_54.png?ex=672dc55c&is=672c73dc&hm=dbae2e0a799afaa876d9f5b9e94836f3f5f6221dfe4e22771391b48411777aa1&
"2024-11-06,21:01:53",soheibb,#0,mrid,,
"2024-11-06,21:02:03",lb9999b,#0,,,https://cdn.discordapp.com/attachments/840535839138119680/1303811659202170963/Screenshot_55.png?ex=672dc57b&is=672c73fb&hm=67460a324140951d99c36604437a4ad2311fe07e28af44eee43cb0ee93ced4ad&
"2024-11-06,21:02:08",samado.,#0,wya chkon,soheibb#0,
"2024-11-06,21:02:21",akboom,#0,wahd renda canceled <:ALG_theuncaty:1137537510621335634>,didinesg#0,
"2024-11-06,21:02:45",akboom,#0,you gonna sleep ?,didinesg#0,
"2024-11-06,21:05:53",soheibb,#0,you nigg*s thought i was dead,samado.#0,
"2024-11-06,21:06:13",sarsouri,#0,,emyyyyyyyyyy#0,https://cdn.discordapp.com/attachments/840535839138119680/1303812710592675991/image.png?ex=672dc675&is=672c74f5&hm=97f896f78e05d2e09c03db00c7abd13cb6e7fc0dbffb980d1f0ec8725af95b33&
"2024-11-06,21:06:29",aymen._1,#0,,,https://cdn.discordapp.com/attachments/840535839138119680/1303812777562869780/received_1079218366844030.jpg?ex=672dc685&is=672c7505&hm=4cbc3a25ba7e6eb227e670989d05dda6f651429850cdf04b6723371881508c91&
"2024-11-06,21:06:34",samado.,#0,wlh,soheibb#0,
"2024-11-06,21:06:38",fbdl88,#0,<@646040201927589891>,samado.#0,
"2024-11-06,21:06:43",samado.,#0,cc hbb,fbdl88#0,
"2024-11-06,21:06:47",fbdl88,#0,verification english svp ?,,
"2024-11-06,21:06:49",soheibb,#0,HHHHHHHHHHHHHHHHHHHH,,
"2024-11-06,21:06:56",samado.,#0,join contact admin,fbdl88#0,
"2024-11-06,21:07:01",soheibb,#0,arbani mrid,,
"2024-11-06,21:07:26",aymen._1,#0,Nyo york,,
"2024-11-06,21:07:30",soheibb,#0,mnl3boch Minecraft <@835212854185295892>,aymen._1#0,
"2024-11-06,21:07:45",baldguy_,#0,<@217623121254023169>,cybert7#0,
"2024-11-06,21:09:54",emyyyyyyyyyy,#0,,samado.#0,
"2024-11-06,21:10:05",emyyyyyyyyyy,#0,Chftha w dhkt,sarsouri#0,
"2024-11-06,21:10:07",emyyyyyyyyyy,#0,Sayi,,
"2024-11-06,21:10:09",emyyyyyyyyyy,#0,,,
"2024-11-06,21:11:05",sarsouri,#0,chkon b3thalk,emyyyyyyyyyy#0,
"2024-11-06,21:11:13",sarsouri,#0,chkoun hada li ychti lmsilla kima ana,,
"2024-11-06,21:11:17",emyyyyyyyyyy,#0,7tha nimz,sarsouri#0,
"2024-11-06,21:11:30",emyyyyyyyyyy,#0,Lbatnya abvious,sarsouri#0,
"2024-11-06,21:11:42",sarsouri,#0,<@265538795472945152> <:ALG_Dayxerheart:1109253010091151430>,nemouz#0、emyyyyyyyyyy#0,
"2024-11-06,21:11:52",samado.,#0,,emyyyyyyyyyy#0,
"2024-11-06,21:12:40",emyyyyyyyyyy,#0,,samado.#0,
"2024-11-06,21:13:13",samado.,#0,,emyyyyyyyyyy#0,
"2024-11-06,21:15:58",emyyyyyyyyyy,#0,,samado.#0,
"2024-11-06,21:16:46",samado.,#0,,emyyyyyyyyyy#0,
"2024-11-06,21:17:09",7xr.,#0,,,
"2024-11-06,21:17:27",jaauumme,#0,<@540549154871443473>,vertfemboy#0,
"2024-11-06,21:17:50",jaauumme,#0,Go back,,
"2024-11-06,21:18:03",alectrona_666,#0,hsbiya lah,soheibb#0,
"2024-11-06,21:18:04",thefalleen,#0,cc,samado.#0,
"2024-11-06,21:18:16",samado.,#0,kan m3aya dazai tagitk bach tji,thefalleen#0,
"2024-11-06,21:19:08",thefalleen,#0,ih mchftch disc rah m7lol brk,samado.#0,
"2024-11-06,21:19:13",samado.,#0,<@835212854185295892>,aymen._1#0,
"2024-11-06,21:19:16",thefalleen,#0,<@835212854185295892> cc slm,aymen._1#0,
"2024-11-06,21:19:17",thefalleen,#0,cv,,
"2024-11-06,21:19:28",samado.,#0,chft knt tkhdm capcut,thefalleen#0,
"2024-11-06,21:20:03",fancyfae,#0,https://tenor.com/view/taylor-taylor-swift-the-tortured-poets-department-fortnight-fortnight-music-videos-gif-2442841456148038116,,
"2024-11-06,21:20:42",samado.,#0,https://tenor.com/view/blast-bullet-dart-enduring-getting-gif-13109860011106396130,fancyfae#0,
"2024-11-06,21:21:52",yuriiiiiiiiie,#0,,,
"2024-11-06,21:21:59",cybert7,#0,,fancyfae#0,https://cdn.discordapp.com/attachments/840535839138119680/1303816674998222898/voice-message.ogg?ex=672dca27&is=672c78a7&hm=5f062cd3b12b943de564268045c9de56d718607e5c177cfde3a65e6922b20eab&
"2024-11-06,21:22:11",soheibb,#0,m3ndich asln ghi bghit nchofah chaygol😂,alectrona_666#0,
"2024-11-06,21:22:37",alectrona_666,#0,https://tenor.com/view/cap-thats-cap-eyeglasses-selfie-boy-gif-919502098173432275,soheibb#0,
"2024-11-06,21:22:50",soheibb,#0,welh elh nkdb elik,alectrona_666#0,
"2024-11-06,21:22:53",x.abdela.x.nabil.x7629,#0,slm,,
"2024-11-06,21:23:02",cybert7,#0,<@1258746443963961347> wesh derti fiha?,alectrona_666#0,
"2024-11-06,21:23:13",alectrona_666,#0,Yas i found informations,cybert7#0,
"2024-11-06,21:23:16",cybert7,#0,Bello and the bello scale,x.abdela.x.nabil.x7629#0,
"2024-11-06,21:23:19",alectrona_666,#0,not thanks to u 😡,,
"2024-11-06,21:23:22",jaauumme,#0,<@540549154871443473>,vertfemboy#0,
"2024-11-06,21:23:27",cybert7,#0,,alectrona_666#0,https://cdn.discordapp.com/attachments/840535839138119680/1303817046861025320/voice-message.ogg?ex=672dca7f&is=672c78ff&hm=bf4e40a89e61e80e031e21ad2ce69cb8fc0e8896dbb813153798e8cc7ea1f69f&
"2024-11-06,21:23:37",fancyfae,#0,Haha 😂 you almost fooled me I thought it was a fake pic as usual,cybert7#0,
"2024-11-06,21:23:45",vertfemboy,#0,ouiii,jaauumme#0,
"2024-11-06,21:23:49",x.abdela.x.nabil.x7629,#0,ypp bghya tbr7i ?,cybert7#0,
"2024-11-06,21:23:51",cybert7,#0,It's worse,fancyfae#0,
"2024-11-06,21:23:54",jaauumme,#0,Join back 😦,vertfemboy#0,
"2024-11-06,21:24:03",yuriiiiiiiiie,#0,,,https://cdn.discordapp.com/attachments/840535839138119680/1303817194643394690/Standard_recording_64.mp3?ex=672dcaa2&is=672c7922&hm=5d32a1d21d35a5bd0da0f50b6fbeab8cc80df41e1189c45f67ed6ef23886d499&
"2024-11-06,21:24:10",jaauumme,#0,:(*,,
"2024-11-06,21:24:17",cybert7,#0,Seriously inshaa Allah you can go there ❤️,alectrona_666#0,
"2024-11-06,21:24:19",fancyfae,#0,Wdym <:ALG_ICANT:1046555506933768233> <:ALG_ICANT:1046555506933768233>,cybert7#0,
"2024-11-06,21:24:26",cybert7,#0,It's a 9iw,fancyfae#0,
"2024-11-06,21:24:27",vertfemboy,#0,dsl sahbi kayn bzaf twagg,jaauumme#0,
"2024-11-06,21:24:29",cybert7,#0,<:ALG_kekw:852170231673782332>,,
"2024-11-06,21:24:35",alectrona_666,#0,Tysm<:ALG_tehee:1171127337027391578>,cybert7#0,
"2024-11-06,21:24:39",fancyfae,#0,Ik <:ALG_kekw:852170231673782332> <:ALG_kekw:852170231673782332> <:ALG_kekw:852170231673782332>,cybert7#0,
"2024-11-06,21:24:43",alectrona_666,#0,https://tenor.com/view/cat-dance-happy-gif-18316730,,
"2024-11-06,21:24:45",jaauumme,#0,Accept ajout,vertfemboy#0,
"2024-11-06,21:25:01",fancyfae,#0,https://tenor.com/view/joe-biden-biden-presidential-debate-huh-confused-gif-4375529952616887689,,
"2024-11-06,21:25:11",yuriiiiiiiiie,#0,<:ALG_kekw:852170231673782332> <:ALG_kekw:852170231673782332>,,
"2024-11-06,21:26:07",hotsana.,#0,Cc,,
"2024-11-06,21:26:14",cybert7,#0,Jit nghanilk wellah ya sousou khedek nboso 7shemt hna godam rjal,alectrona_666#0,
"2024-11-06,21:26:15",samado.,#0,https://tenor.com/view/are-you-serious-ru-serious-serious-nigga-what-what-gif-21917760,yuriiiiiiiiie#0,
"2024-11-06,21:27:09",hotsana.,#0,,cybert7#0,https://cdn.discordapp.com/attachments/840535839138119680/1303817977329614908/image0.gif?ex=672dcb5d&is=672c79dd&hm=08364505a83b70d726730d37abcd7b6f67ac42308df5d79e30ce4815749d6377&
"2024-11-06,21:27:19",yuriiiiiiiiie,#0,chahou samadou ma3jbatkch,samado.#0,
"2024-11-06,21:28:16",samado.,#0,nn 3jbtni,yuriiiiiiiiie#0,
"2024-11-06,21:28:33",yuriiiiiiiiie,#0,<@907672906358747136> chouf cha ysm3o f tissemsilt,sarsouri#0,
"2024-11-06,21:29:35",sarsouri,#0,wtff tissemsilt yhdro bl 3arbia ?,yuriiiiiiiiie#0,
"2024-11-06,21:30:05",alectrona_666,#0,dont say that again its weird,cybert7#0,
"2024-11-06,21:30:11",yuriiiiiiiiie,#0,wah hadek mana3rfo,sarsouri#0,
"2024-11-06,21:30:28",cybert7,#0,Wesh nghnilk nti thani?,hotsana.#0,
"2024-11-06,21:30:43",cybert7,#0,El mawt,alectrona_666#0,
"2024-11-06,21:31:02",moha16bn,#0,OK,,
"2024-11-06,21:32:19",itscc10,#0,<@333599387580104704> <:ALG_psykokwak:1137579596817104966>,l0ne_57#0,
"2024-11-06,21:32:42",beluga1489,#0,,,
"2024-11-06,21:36:25",sarsouri,#0,,,https://cdn.discordapp.com/attachments/840535839138119680/1303820308565852181/image.png?ex=672dcd89&is=672c7c09&hm=1e8c30178f76df04392476b0c3de4e56f39c29860b486152f3d889656a91009c&
"2024-11-06,21:36:27",yuriiiiiiiiie,#0,,,https://cdn.discordapp.com/attachments/840535839138119680/1303820316212199495/Standard_recording_29.mp3?ex=672dcd8b&is=672c7c0b&hm=dcc7bc45a9da7ef72c8963ade31c03d0c19c19598e1d89f57b3e43883531f433&
"2024-11-06,21:36:27",thefalleen,#0,y9om bil 3amal,samado.#0,
"2024-11-06,21:36:33",yuriiiiiiiiie,#0,<@907672906358747136> asm3 nhdro français,sarsouri#0,
"2024-11-06,21:37:01",yuriiiiiiiiie,#0,nghnou*,,
"2024-11-06,21:37:08",sarsouri,#0,wchi hiya lfronsi,yuriiiiiiiiie#0,
"2024-11-06,21:37:17",yuriiiiiiiiie,#0,asm3,,
"2024-11-06,21:37:29",samado.,#0,chikor,thefalleen#0,
"2024-11-06,21:38:14",sarsouri,#0,old but gold,yuriiiiiiiiie#0,
"2024-11-06,21:38:21",yuriiiiiiiiie,#0,kayna,sarsouri#0,
"2024-11-06,21:38:22",samado.,#0,<@841824603994718219> الاغنية التي يبحث عنها الملايين,yuriiiiiiiiie#0、mohammed2721#0,
"2024-11-06,21:38:50",baldguy_,#0,me and kabylia,sarsouri#0,
"2024-11-06,21:39:04",edwardkenwayy,#0,Me and yurie,sarsouri#0,
"2024-11-06,21:39:46",kitter969,#0,<:ALG_Sadge:1188883647772758106>,,
"2024-11-06,21:40:27",cybert7,#0,<:ALG_kekw:852170231673782332>,sarsouri#0,
"2024-11-06,21:40:42",kitter969,#0,simping her for week until she post her pics with bf,,
"2024-11-06,21:41:03",edwardkenwayy,#0,Thats when u should simp harder,kitter969#0,
"2024-11-06,21:41:24",kitter969,#0,1v1 is ez,edwardkenwayy#0,
"2024-11-06,21:41:33",edwardkenwayy,#0,Exactly,kitter969#0,
"2024-11-06,21:42:33",kitter969,#0,brb simping,,
"2024-11-06,21:42:34",imaydo,#0,<:ALG_Weirdge:952348090327760946>,cybert7#0,
"2024-11-06,21:43:35",cybert7,#0,<:ALG_behave:1170026094934642789>,imaydo#0,
"2024-11-06,21:43:53",yassine_mhm,#0,<@1175876047863038122> wchno had champ wtf,kitter969#0,https://cdn.discordapp.com/attachments/840535839138119680/1303822184690614353/League_of_Legends_TM_Client_2024-11-06_21-26-36.mp4?ex=672dcf48&is=672c7dc8&hm=a47b5535468e374508072d7b972e3985bdd50a2211f5b4fa9190775a54e1d5cc&
"2024-11-06,21:46:06",love.rias,#0,wp but shit looks like silver ngl,yassine_mhm#0,
"2024-11-06,21:46:53",.coool,#0,<a:catbored:795566636710101024> <a:catbored:795566636710101024>,,
"2024-11-06,21:47:12",yassine_mhm,#0,normal dkhlt nsayiha,love.rias#0,
"2024-11-06,21:47:14",yassine_mhm,#0,broken,,
"2024-11-06,21:48:02",.coool,#0,win rahom lbnat !!,lb9999b#0,
"2024-11-06,21:48:38",love.rias,#0,what im saying is why tf they stacking bot while top teir1 is pushed,yassine_mhm#0,
"2024-11-06,21:49:20",yassine_mhm,#0,idk kolma ji tkhlas season ywlo y7toni m3a had lm9wdin idk why,love.rias#0,
"2024-11-06,21:49:38",yassine_mhm,#0,mid dyali 0/8 feeda kata,,
"2024-11-06,21:50:09",love.rias,#0,gimme the op.gg,yassine_mhm#0,
"2024-11-06,21:50:14",love.rias,#0,lemme see,,
"2024-11-06,21:52:11",me_lly,#0,bl3 fomk a lhomar,,
"2024-11-06,21:52:36",khalil0uu,#0,<:ALG_HUH:1045009583183233174>,,
"2024-11-06,21:52:56",khalil0uu,#0,https://tenor.com/view/happy-food-dance-yas-girl-gif-8667783228017317817,,
"2024-11-06,21:53:39",bill8109,#0,<@265538795472945152> tji cs ?,nemouz#0,
"2024-11-06,21:54:45",aymen._1,#0,Bouzalof,,
"2024-11-06,21:55:05",bill8109,#0,T3 l7alouf,aymen._1#0,
"2024-11-06,21:55:36",aymen._1,#0,Vajin hada ytb3 baz,bill8109#0,
"2024-11-06,21:55:42",aymen._1,#0,Khtiik akhina,,
"2024-11-06,21:55:49",aymen._1,#0,Ydor m3a w7d smoh anes,,
"2024-11-06,21:56:00",bill8109,#0,Anes client 3ndi,aymen._1#0,
"2024-11-06,21:56:15",all_i,#0,https://tenor.com/view/lick-water-cat-speed-fast-gif-15849413971037490889,,
"2024-11-06,21:56:20",bill8109,#0,Ki nhbs lkhadama I can agree with u,,
"2024-11-06,21:56:28",bill8109,#0,Bach mnkhsrch client,,
"2024-11-06,21:57:28",aymen._1,#0,Rak t3sl hbubu,,
"2024-11-06,21:57:38",bill8109,#0,Yjini  <@265538795472945152> lel khadma just cause I work near a middle school,nemouz#0、aymen._1#0,
"2024-11-06,21:57:48",bill8109,#0,<:ALG_kekw:852170231673782332> <:ALG_kekw:852170231673782332> <:ALG_kekw:852170231673782332>,,
"2024-11-06,21:58:01",lillebarrow,#0,<:ALG_theuncaty:1137537510621335634>,,
"2024-11-06,21:58:13",hotsana.,#0,Ya tayba,cybert7#0,
"2024-11-06,21:58:21",bill8109,#0,Khatra rah lwahad galha a3tini number gatlou mazal m3ndich nkhdm b T3 mama,,
"2024-11-06,21:58:42",bill8109,#0,Jahdha tl3t l cem mskina,,
"2024-11-06,21:59:00",hotsana.,#0,Pedophile hda,bill8109#0,
"2024-11-06,21:59:23",bill8109,#0,<@265538795472945152> ghire azrb arwah,nemouz#0、hotsana.#0,
"2024-11-06,21:59:27",bill8109,#0,برر روحك,,
"2024-11-06,21:59:43",bill8109,#0,Goulham bli bghit diralha Les cours brk,,
"2024-11-06,21:59:50",akboom,#0,<@842912997848383508>,burkenbag.#0,
"2024-11-06,22:00:11",akboom,#0,<@103458988774928384>,lycxn#0,
"2024-11-06,22:00:51",akboom,#0,<@314159208184414208>,abder#0,
"2024-11-06,22:01:27",nemouz,#0,<:ALG_kekw:852170231673782332>,bill8109#0,
"2024-11-06,22:02:00",bill8109,#0,Tji cs nstanak wla nbda,nemouz#0,
"2024-11-06,22:02:06",bill8109,#0,I'm ranking,,
"2024-11-06,22:02:12",nemouz,#0,jibli jaretkom nemriya ma tlasaglich tikiyat t3 mineurat,bill8109#0,
"2024-11-06,22:02:27",bill8109,#0,Kayna wahad lhaja,nemouz#0,
"2024-11-06,22:02:27",nemouz,#0,abda abda mn9drch nl3b drk,bill8109#0,
"2024-11-06,22:02:53",sarsouri,#0,nymzz hbs ma dor godam les cem,,
"2024-11-06,22:03:05",lycxn,#0,>,akboom#0,
"2024-11-06,22:03:06",sarsouri,#0,7rgtna,,
"2024-11-06,22:03:07",.coool,#0,<:ALG_Djawed:1267219975471628378>,,
"2024-11-06,22:03:08",lycxn,#0,?,,
"2024-11-06,22:03:14",cybert7,#0,HHHHHHHHHHHHHHHH,hotsana.#0,
"2024-11-06,22:03:52",akboom,#0,we need a good player to carry us like you ( totally not saying this just so you come),lycxn#0,
"2024-11-06,22:04:02",yassersth,#0,سلام خاوتي,,
"2024-11-06,22:04:06",bill8109,#0,,nemouz#0,https://cdn.discordapp.com/attachments/840535839138119680/1303827276756025394/rn_image_picker_lib_temp_b348c81c-1731-4999-b411-72888ab3e9d9.jpg?ex=672dd406&is=672c8286&hm=683d91d2c4c27721da0226a2a95dff024f43acc1f152fb7a903ea42aa7d560cb&
"2024-11-06,22:04:09",bill8109,#0,<@265538795472945152> jbt account mrid,nemouz#0,
"2024-11-06,22:04:10",yassersth,#0,شكون يلعب chess,,
"2024-11-06,22:04:18",nemouz,#0,,sarsouri#0,https://cdn.discordapp.com/attachments/840535839138119680/1303827326919774260/Snaptik.app_7433099560521567494.mp4?ex=672dd412&is=672c8292&hm=69758f0bd8074b717eb1cc6c03cc51bd5812d199f4c738b7c718d1dd7a6cb80d&
"2024-11-06,22:04:33",lycxn,#0,"ofc, sure gimme a sec",akboom#0,
"2024-11-06,22:04:43",yassersth,#0,Mdr,nemouz#0,
"2024-11-06,22:06:42",inxdwetrusted,#0,<:ALG_EZ:912103139342172210><a:e_cclap:874279023759470603>,nemouz#0,
"2024-11-06,22:06:45",inxdwetrusted,#0,<a:e_pepeJAMMER:874374299677491321>,,
"2024-11-06,22:07:30",yuriiiiiiiiie,#0,alizi,,
"2024-11-06,22:07:36",yuriiiiiiiiie,#0,ci le to de dormit,,
"2024-11-06,22:07:40",yuriiiiiiiiie,#0,R,,
"2024-11-06,22:09:19",akboom,#0,rak dayr update ?,lycxn#0,
"2024-11-06,22:09:33",mike.tsu_x,#0,aywaaaa,nemouz#0,
"2024-11-06,22:09:43",burkenbag.,#0,Alo,akboom#0,
"2024-11-06,22:10:39",_ego.0,#0,It’s not my aesthetic tbh but i liked so i bought it ( I don’t wear it at all ),yuriiiiiiiiie#0,
"2024-11-06,22:11:35",yuriiiiiiiiie,#0,tzidilha sundress <:ALG_Moon:822091070015406091>,_ego.0#0,
"2024-11-06,22:12:29",_ego.0,#0,"Exactly tji m3a sundress and clean makeup but damn it’s jus not my aesthetic, but u never know, is can still do that look if i ever felt like it",yuriiiiiiiiie#0,
"2024-11-06,22:12:39",_ego.0,#0,I got that and white one,,
"2024-11-06,22:12:50",kitter969,#0,🥵,_ego.0#0,
"2024-11-06,22:12:57",_ego.0,#0,9wd,kitter969#0,
"2024-11-06,22:13:00",kitter969,#0,saved,,
"2024-11-06,22:13:07",kitter969,#0,nice hair,,
"2024-11-06,22:13:13",_ego.0,#0,I’m scared of u,kitter969#0,
"2024-11-06,22:13:27",_ego.0,#0,"Lah yberk , ybrk fik casta",kitter969#0,
"2024-11-06,22:13:45",kitter969,#0,brb,,
"2024-11-06,22:13:54",_ego.0,#0,Roh t9wd,,
"2024-11-06,22:14:12",yuriiiiiiiiie,#0,tizidi diri cha3rek wavyy yji hayel,_ego.0#0,
"2024-11-06,22:14:15",kitter969,#0,too late,,
"2024-11-06,22:14:35",_ego.0,#0,"I knooooooow, would look so pretty",yuriiiiiiiiie#0,
"2024-11-06,22:14:40",kitter969,#0,who gonna stop me,,
"2024-11-06,22:14:40",_ego.0,#0,<:SH_yellow_cringe2:1273020279215493274>,kitter969#0,
"2024-11-06,22:14:50",_ego.0,#0,Nd3i 3lik,kitter969#0,
"2024-11-06,22:15:18",kitter969,#0,my life is already suck nothing gonna change,,
"2024-11-06,22:15:25",kitter969,#0,Aaaaaaaaaaaaaaah,,
"2024-11-06,22:15:53",_ego.0,#0,Nah it can always change for the worse,,
"2024-11-06,22:15:58",_ego.0,#0,<:3_Ce_lipbite:1054673650302849045>,,
"2024-11-06,22:16:01",kitter969,#0,jokes beside,,
"2024-11-06,22:16:11",edwardkenwayy,#0,Salut,,
"2024-11-06,22:16:20",kitter969,#0,ribbon look so coquette,,
"2024-11-06,22:16:40",_ego.0,#0,I know <a:ALG_Lmfao:822067665786503218>,kitter969#0,
"2024-11-06,22:17:04",_ego.0,#0,I find it funny coz it’s not my vibes,,
"2024-11-06,22:17:14",_ego.0,#0,Nn dsl,edwardkenwayy#0,
"2024-11-06,22:17:25",yuriiiiiiiiie,#0,salem,edwardkenwayy#0,
"2024-11-06,22:17:28",edwardkenwayy,#0,Pourquoi mommy,_ego.0#0,
"2024-11-06,22:17:37",_ego.0,#0,Ayah <:3_yummy:1055752690661068831>,edwardkenwayy#0,
"2024-11-06,22:17:39",edwardkenwayy,#0,Ca va yuriee,yuriiiiiiiiie#0,
"2024-11-06,22:17:48",edwardkenwayy,#0,Nchrilk louboutin w ysl,_ego.0#0,
"2024-11-06,22:17:49",yuriiiiiiiiie,#0,ghaya w nta ?,edwardkenwayy#0,
"2024-11-06,22:17:55",kitter969,#0,nn everything is ur vibe tabe3 ghaleb,_ego.0#0,
"2024-11-06,22:18:03",edwardkenwayy,#0,Ca vaaa n9olk happy bday ?,yuriiiiiiiiie#0,
"2024-11-06,22:18:10",_ego.0,#0,Hawjiyanaaa Mngoulch la,edwardkenwayy#0,
"2024-11-06,22:18:24",kitter969,#0,Aaaaaaaaaaaaaaah can't believe I'm simping too hard,,
"2024-11-06,22:18:25",edwardkenwayy,#0,🫦,_ego.0#0,
"2024-11-06,22:18:28",yuriiiiiiiiie,#0,ki telhag 00:00 not now,edwardkenwayy#0,
"2024-11-06,22:18:31",_ego.0,#0,Kifh mfhmtch,kitter969#0,
"2024-11-06,22:18:42",_ego.0,#0,Nigga,kitter969#0,
"2024-11-06,22:18:51",kitter969,#0,u don't know طابع غالب,_ego.0#0,
"2024-11-06,22:19:10",_ego.0,#0,Nn,kitter969#0,
"2024-11-06,22:19:36",edwardkenwayy,#0,C quoi le sujet stp,,
"2024-11-06,22:19:47",love.rias,#0,kayna,,
"2024-11-06,22:20:13",kitter969,#0,it mean ur too beautiful even if u  wear a bag of potato u will look good on it,_ego.0#0,
"2024-11-06,22:20:14",nemouz,#0,,edwardkenwayy#0,https://cdn.discordapp.com/attachments/840535839138119680/1303831335735001088/Snapinsta.app_video_8240832980BF5DE8F8D9D6F971E6A3B8_video_dashinit.mp4?ex=672dd7ce&is=672c864e&hm=08c2a5df40c1da46e83d41f62f87aba452c12dcb8dfe0868109dbdcfff959587&
"2024-11-06,22:20:37",kitter969,#0,Aaaaaaaaaaaaaaah can't believe I'm explaining this,,
"2024-11-06,22:20:48",su.nny_,#0,shhh shhh shh shh,nemouz#0,
"2024-11-06,22:20:50",love.rias,#0,i'd put everything i own on the fact that u record those vids,nemouz#0,
"2024-11-06,22:20:51",the_doorkeeper,#0,bruh,kitter969#0,
"2024-11-06,22:21:00",_ego.0,#0,"Ooooooh, i acc like that, thank u <:AGR_RedBow:1300050387209945228> <:ALG_tehee:1171127337027391578>",kitter969#0,
"2024-11-06,22:21:03",edwardkenwayy,#0,Bruh,kitter969#0,
"2024-11-06,22:21:07",.coool,#0,,nemouz#0,https://cdn.discordapp.com/attachments/840535839138119680/1303831556690935829/FDownloader.Net_462199214_649600680920775_4579708134859954069_n_360p_SD.mp4?ex=672dd803&is=672c8683&hm=eef45225b67052b5dcdf3cc89d71f0e1b7e23e51faa5db093a9fdab85026f1cb&
"2024-11-06,22:21:11",edwardkenwayy,#0,The fact its on gc is even worse,,
"2024-11-06,22:21:28",_ego.0,#0,Jc*,edwardkenwayy#0,
"2024-11-06,22:21:48",kitter969,#0,<:ALG_kekw:852170231673782332>,edwardkenwayy#0,
"2024-11-06,22:21:49",edwardkenwayy,#0,Medili role taek,_ego.0#0,
"2024-11-06,22:22:04",nemouz,#0,,.coool#0,https://cdn.discordapp.com/attachments/840535839138119680/1303831796718374983/y2mate.com_-__480p.mp4?ex=672dd83c&is=672c86bc&hm=186f3c283f9d47518356ddf17942cbd8af8f415e0edf62e0f7f0ab22bb06b867&
"2024-11-06,22:22:05",love.rias,#0,https://tenor.com/view/ip-address-meme-gif-24881744,nemouz#0,
"2024-11-06,22:22:08",love.rias,#0,same vibe,,
"2024-11-06,22:22:21",kitter969,#0,bulking arc,,
"2024-11-06,22:22:23",edwardkenwayy,#0,Whats her @,,
"2024-11-06,22:22:26",_ego.0,#0,bb role gift add <@265538795472945152>,nemouz#0、edwardkenwayy#0,
"2024-11-06,22:22:26",Booster Bot,#3521,"**Please provide one of the following options**
 `bb role <create | name | color | icon | delete>`",,
"2024-11-06,22:22:31",.coool,#0,,nemouz#0,https://cdn.discordapp.com/attachments/840535839138119680/1303831909293363250/FDownloader.Net_462315794_1201488167590206_160284726983149135_n_360p_SD.mp4?ex=672dd857&is=672c86d7&hm=8ae75292580399759040e1bd5ba6a9600feeec3fbab8148fbddb31abc0c12d93&
"2024-11-06,22:22:36",.coool,#0,hak hadi ma tali,,
"2024-11-06,22:22:42",_ego.0,#0,La ghlat,,
"2024-11-06,22:22:46",_ego.0,#0,HHHHHHHHHHHHHHHHHH,,
"2024-11-06,22:23:07",nemouz,#0,,_ego.0#0,https://cdn.discordapp.com/attachments/840535839138119680/1303832060888354928/VID_165710713_161955_962.mp4?ex=672dd87b&is=672c86fb&hm=6dea99e3cdb5dd9de8e19056617ebb595ab0e72998f0c1061e96e377ab7c3aaa&
"2024-11-06,22:23:10",kitter969,#0,hbet serwalo,.coool#0,
"2024-11-06,22:23:11",edwardkenwayy,#0,😑😑😑😑😑😑,,
"2024-11-06,22:23:11",love.rias,#0,https://tenor.com/view/%D9%86%D8%A7%D9%85%D8%AC%D9%88%D9%86-%D8%A7%D9%84%D8%B9%D8%A8-gif-15367456245004328180,nemouz#0,
"2024-11-06,22:23:29",.coool,#0,nn photoshop,kitter969#0,
"2024-11-06,22:23:32",kitter969,#0,<:ALG_Sadge:1188883647772758106>,,
"2024-11-06,22:23:37",love.rias,#0,https://tenor.com/view/real-spider-man-sad-walking-rain-gif-1924155781469686297,kitter969#0,
"2024-11-06,22:24:01",edwardkenwayy,#0,Oh je suis chikorek,,
"2024-11-06,22:24:17",nemouz,#0,,edwardkenwayy#0,https://cdn.discordapp.com/attachments/840535839138119680/1303832355563245578/Snaptik.app_7417759816958938374.mp4?ex=672dd8c1&is=672c8741&hm=777ca002e95b972d6e3b4e66cbb99a70c9cf5447c8123211075bb7cc3929d694&
"2024-11-06,22:24:25",_ego.0,#0,,nemouz#0,https://cdn.discordapp.com/attachments/840535839138119680/1303832387603529738/v09044g40000crb13ifog65tuteonisg.mov?ex=672dd8c9&is=672c8749&hm=8d42afb2a046d6c013973d3a47e1fd2fc759f954da7461eaa29dd9eb4b2db063&
"2024-11-06,22:24:38",kitter969,#0,🥵,nemouz#0,
"2024-11-06,22:25:35",edwardkenwayy,#0,,,https://cdn.discordapp.com/attachments/840535839138119680/1303832681003487323/Snapchat-1726815846.mov?ex=672dd90f&is=672c878f&hm=6f7c020bf464164a19774fdd26e94fd438b602917f6451fa0ffd2b3cdd4c47c8&
"2024-11-06,22:25:53",love.rias,#0,# word 🗣️🔥,edwardkenwayy#0,
"2024-11-06,22:26:02",kitter969,#0,he moves smoothly,,
"2024-11-06,22:26:33",love.rias,#0,,kitter969#0,https://cdn.discordapp.com/attachments/840535839138119680/1303832926084923392/image.png?ex=672dd949&is=672c87c9&hm=2cfb8c858332e2b5ef9625870b55ead2cb4601b8df23ffba373a11907c706178&
"2024-11-06,22:26:42",love.rias,#0,7chmtna,,
"2024-11-06,22:26:47",kitter969,#0,<:ALG_Sadge:1188883647772758106>,love.rias#0,
"2024-11-06,22:27:18",kitter969,#0,i ate a lot of crayons today,,
"2024-11-06,22:27:50",love.rias,#0,i stole a bmw today,kitter969#0,
"2024-11-06,22:28:11",kitter969,#0,nro7o n7awsso,love.rias#0,
"2024-11-06,22:28:30",love.rias,#0,3ndk chicha ?,kitter969#0,
"2024-11-06,22:28:41",kitter969,#0,nn,love.rias#0,
"2024-11-06,22:28:50",love.rias,#0,jib w7da w nro7o,,
"2024-11-06,22:28:57",kitter969,#0,njibo 9er3a w nekhdmo wa7da,,
"2024-11-06,22:29:16",love.rias,#0,ahhh yes the good old times,kitter969#0,
"2024-11-06,22:29:20",love.rias,#0,t3jbni t3jbni,,
"2024-11-06,22:29:30",kitter969,#0,<:ALG_kekw:852170231673782332>,,
"2024-11-06,22:29:34",love.rias,#0,nta bayna kont ttfrj min ajl lba9aa,,
"2024-11-06,22:29:41",kitter969,#0,lol,,
"2024-11-06,22:29:47",love.rias,#0,https://tenor.com/view/bear-grylls-camp-campfire-gif-10409202,,
"2024-11-06,22:29:48",kitter969,#0,how did u know,,
"2024-11-06,22:30:13",kitter969,#0,it was fake,love.rias#0,
"2024-11-06,22:30:17",all_i,#0,https://tenor.com/view/the-boys-the-boys-thursday-the-boys-season-4-amazon-prime-video-when-your-ex-is-problematic-gif-1454264311109275080,,
"2024-11-06,22:30:19",kitter969,#0,<:ALG_Sadge:1188883647772758106>,,
"2024-11-06,22:30:23",love.rias,#0,,kitter969#0,https://cdn.discordapp.com/attachments/840535839138119680/1303833888103333999/image.png?ex=672dda2e&is=672c88ae&hm=e7e7b90eaed33165f9e513ccef7994b678ff496adf7aa9e0845369dc513d7229&
"2024-11-06,22:30:32",love.rias,#0,but it was good,kitter969#0,
"2024-11-06,22:31:02",kitter969,#0,siyed kan yedreb ftor,,
"2024-11-06,22:31:08",kitter969,#0,khir meni,,
"2024-11-06,22:31:30",love.rias,#0,ana mzal khir mni,kitter969#0,
"2024-11-06,22:31:31",kitter969,#0,i trusted,,
"2024-11-06,22:31:49",love.rias,#0,https://tenor.com/view/denzel-denzel-tear-denzel-cry-man-tears-men-tears-gif-26908522,kitter969#0,
"2024-11-06,22:31:56",kitter969,#0,him kent nhez nmel w naklo,,
"2024-11-06,22:32:08",kitter969,#0,my training was for nothing,,
"2024-11-06,22:32:16",kitter969,#0,<:ALG_Sadge:1188883647772758106>,,
"2024-11-06,22:32:24",kitter969,#0,poor ants,,
"2024-11-06,22:32:31",inxdwetrusted,#0,the goat himself,love.rias#0,
"2024-11-06,22:32:35",love.rias,#0,https://tenor.com/view/waiting-tai-lung-kung-fu-panda-4-i%27m-here-eyes-glowing-gif-10990565529668096865,kitter969#0,
"2024-11-06,22:32:36",inxdwetrusted,#0,<:ALG_EZ:912103139342172210><a:e_cclap:874279023759470603>,,
"2024-11-06,22:32:49",love.rias,#0,fax,inxdwetrusted#0,
"2024-11-06,22:33:10",kitter969,#0,sayonara,,
"2024-11-06,22:33:25",kitter969,#0,bitches,,
"2024-11-06,22:33:57",love.rias,#0,but i dont speak italian,kitter969#0,
"2024-11-06,22:39:30",yuriiiiiiiiie,#0,nightyy chat,,
"2024-11-06,22:39:34",yuriiiiiiiiie,#0,nightyy 🐈,,
"2024-11-06,22:39:41",me_lly,#0,bl3,,
"2024-11-06,22:39:54",yuriiiiiiiiie,#0,bl3ih nti,me_lly#0,
"2024-11-06,22:39:58",yuriiiiiiiiie,#0,iih ha9a nta*,,
"2024-11-06,22:40:00",.coool,#0,<:ALG_sad_moha:907025126376214578> <:ALG_sad_moha:907025126376214578> <:ALG_sad_moha:907025126376214578>,,https://cdn.discordapp.com/attachments/840535839138119680/1303836311706402916/image.png?ex=672ddc70&is=672c8af0&hm=08774a275b234e4de5de4bbb973e48d51373b2efa41e500b05accefa0e2aec9e&
"2024-11-06,22:40:02",yuriiiiiiiiie,#0,hhhhhh,,
"2024-11-06,22:40:17",iroseupfromthedead,#0,medecine students rnow,.coool#0,
"2024-11-06,22:40:23",somhera,#0,mli7aa coool,.coool#0,
"2024-11-06,22:40:34",.coool,#0,labas,somhera#0,
"2024-11-06,22:40:52",somhera,#0,good ou nta,.coool#0,
"2024-11-06,22:41:01",.coool,#0,good,somhera#0,
"2024-11-06,22:41:20",somhera,#0,<:ALG_asmaheart:876783838041358376>,.coool#0,
"2024-11-06,22:43:17",all_i,#0,YA <@776769968955457546>,.coool#0,
"2024-11-06,22:43:30",kitter969,#0,<:ALG_kekw:852170231673782332>,.coool#0,
"2024-11-06,22:44:06",.coool,#0,oui,all_i#0,
"2024-11-06,22:44:31",all_i,#0,jo3t,.coool#0,
"2024-11-06,22:49:11",katiaben,#0,hello,,
"2024-11-06,22:50:27",.coool,#0,ana tan,all_i#0,
"2024-11-06,22:50:34",.coool,#0,hello²,katiaben#0,
"2024-11-06,22:51:11",katiaben,#0,hru,,
"2024-11-06,22:52:38",.coool,#0,good wbu,katiaben#0,
"2024-11-06,22:53:22",all_i,#0,https://tenor.com/view/the-boys-the-boys-thursday-the-boys-season-4-amazon-prime-video-when-your-ex-is-problematic-gif-1454264311109275080,.coool#0,
"2024-11-06,22:53:27",all_i,#0,no valo lyoum?,,
"2024-11-06,22:53:35",.coool,#0,nl3bo ofc,all_i#0,
"2024-11-06,22:53:42",somhera,#0,LETSS GOOOO,.coool#0,
"2024-11-06,22:54:15",kevin_lothbork17_06934,#0,Cc,,
"2024-11-06,22:54:23",somhera,#0,Cv,kevin_lothbork17_06934#0,
"2024-11-06,22:54:25",all_i,#0,https://media.discordapp.net/attachments/1045371918905249843/1054118067396935740/attachment-2.gif,.coool#0,
"2024-11-06,22:54:49",kevin_lothbork17_06934,#0,Cv chwya,somhera#0,
"2024-11-06,22:55:16",.coool,#0,saha kevin,somhera#0,
"2024-11-06,22:55:53",somhera,#0,Calvin klein,.coool#0,
"2024-11-06,22:56:02",_ego.0,#0,https://tenor.com/view/the-boys-s4-homelander-cough-disgust-gif-15540398707739933423,,
"2024-11-06,22:56:12",somhera,#0,cv lbas,kevin_lothbork17_06934#0,
"2024-11-06,22:56:32",all_i,#0,https://tenor.com/view/the-boys-s4-the-boys-season-4-homelander-annoyed-enough-gif-17502586051889420347,_ego.0#0,
"2024-11-06,22:56:51",.coool,#0,<:ALG_Djawed:1267219975471628378>,somhera#0,
"2024-11-06,22:56:59",somhera,#0,☎️ calling .... OMNI MAN,all_i#0,
"2024-11-06,22:57:07",somhera,#0,<:ALG_Honestreaction:1229804446158946415>,.coool#0,
"2024-11-06,22:57:13",all_i,#0,https://tenor.com/view/omni-man-invincible-gif-21644488,somhera#0,
"2024-11-06,23:03:25",kevin_lothbork17_06934,#0,مشكل,,
"2024-11-06,23:06:47",whatever9imdone,#0,<@181607813666177024>,safwan_wilson#0,
"2024-11-06,23:10:15",hotsana.,#0,Rani n9are3,cybert7#0,https://cdn.discordapp.com/attachments/840535839138119680/1303843922254102641/image0.gif?ex=672de387&is=672c9207&hm=de2898ccb227e8ddb465e4656f6ac85dc27301042e9cc9ec4b4a9d3f29f5a611&
"2024-11-06,23:10:17",efreakyduck,#0,Really? <:ALG_Moon:822091070015406091>,love.rias#0,
"2024-11-06,23:15:00",_ego.0,#0,https://tenor.com/view/brandon-lee-gif-7682518358328506732,,
"2024-11-06,23:19:34",kitter969,#0,yes,efreakyduck#0,
"2024-11-06,23:19:50",kitter969,#0,he hate me just bcz he think that u hate me,,
"2024-11-06,23:23:33",efreakyduck,#0,"He hates u because u look mean and not friendly, i think he doesn't understand ur sense of humour",kitter969#0,
"2024-11-06,23:23:53",kitter969,#0,even my fans got fans,efreakyduck#0,
"2024-11-06,23:24:04",kitter969,#0,😜,,
"2024-11-06,23:24:20",lb9999b,#0,<@1238950830434947113> grrr?,errrrrtape#0,
"2024-11-06,23:25:16",errrrrtape,#0,oui khouya lb9b9,lb9999b#0,
"2024-11-06,23:26:01",lb9999b,#0,😻,errrrrtape#0,
"2024-11-06,23:26:52",errrrrtape,#0,twahechtini,lb9999b#0,
"2024-11-06,23:27:24",lb9999b,#0,kol ma nd5ol n7ws 3lik,errrrrtape#0,
"2024-11-06,23:30:40",errrrrtape,#0,profiti,lb9999b#0,
"2024-11-06,23:32:46",glados420,#0,hi,,
"2024-11-06,23:33:55",novexlhbb,#0,is it only for me,,
"2024-11-06,23:34:02",novexlhbb,#0,net is so bad,,
"2024-11-06,23:34:12",glados420,#0,me?,,
"2024-11-06,23:37:51",hadjerrr,#0,<@335481750325035022>,nazeliseo#0,
"2024-11-06,23:37:55",hadjerrr,#0,,,
"2024-11-06,23:38:06",ssxrq_sd,#0,Cc,,
"2024-11-06,23:40:52",novexlhbb,#0,pas de cc,,
"2024-11-06,23:43:33",hadjerrr,#0,<@983802712984518686> ntagik everywhere,hotsana.#0,
"2024-11-06,23:44:02",hotsana.,#0,Ghir galbk li mzl,hadjerrr#0,
"2024-11-06,23:44:20",hotsana.,#0,,,https://cdn.discordapp.com/attachments/840535839138119680/1303852499186356307/image0.gif?ex=672deb84&is=672c9a04&hm=4d0dc34d63d5a19df3f2079fb17950ef789a54a3319cf3230a0a342b86973531&
"2024-11-06,23:46:26",emyyyyyyyyyy,#0,Hi,,
"2024-11-06,23:46:37",emyyyyyyyyyy,#0,M back,,
"2024-11-06,23:47:46",_ego.0,#0,,,https://cdn.discordapp.com/attachments/840535839138119680/1303853364777586770/IMG_2047.jpg?ex=672dec52&is=672c9ad2&hm=1b0e4d968dc8d797b9d4072b0037cdef186a9975f2035e1aa513418cabeab22f&
"2024-11-06,23:47:54",_ego.0,#0,,,https://cdn.discordapp.com/attachments/840535839138119680/1303853395857244170/temp_image_CB172C2E-2C1D-4643-82CD-2C064B2C780F.webp?ex=672dec59&is=672c9ad9&hm=2d636ac2aac390f499ce594463f6435498b75beb713b2a87e22a4c35fa865979&
"2024-11-06,23:51:36",nizomorlecran,#0,9teltina betchach,_ego.0#0,
"2024-11-06,23:51:44",m1k4eru,#0,,,https://cdn.discordapp.com/attachments/840535839138119680/1303854362329612299/VID_40550411_044543_086.mp4?ex=672ded40&is=672c9bc0&hm=db655dbd3545a3aedc4112da512ab2d1d4ba940b3fa01b4907104e88c28f96ac&
"2024-11-06,23:52:26",ch7e,#0,ya39 9tlti rbi btch,_ego.0#0,
"2024-11-06,23:55:41",_ego.0,#0,Huh,nizomorlecran#0,
"2024-11-06,23:56:03",_ego.0,#0,Charak thdr,ch7e#0,
"2024-11-06,23:57:23",_ego.0,#0,Oh they in same vc wonder why they all replied ki Lkbach,,
"2024-11-06,23:57:49",_ego.0,#0,https://tenor.com/view/sheep-gif-26810165,,
"2024-11-06,23:58:01",biloucow,#0,,,
"2024-11-06,23:58:25",ch7e,#0,auto mode 7bsni,_ego.0#0,
"2024-11-06,23:59:17",nemouz,#0,militaire djelfa,_ego.0#0,
"2024-11-06,23:59:30",nemouz,#0,,,https://cdn.discordapp.com/attachments/840535839138119680/1303856316229488692/Snaptik.app_7433377508952739078.mp4?ex=672def12&is=672c9d92&hm=1e0698615e2189fe22c17fd6af19659ae1def673e33a221b6242c1a1e8e18b42&
"2024-11-06,23:59:41",ch7e,#0,<@422498060094930944> kan ysebni,6styler#0,
"2024-11-07,00:00:07",ch7e,#0,gali 7aja 3la ilahi 💔,,
"2024-11-07,00:00:21",akboom,#0,Bonsoir,,
"2024-11-07,00:01:08",_ego.0,#0,,nemouz#0,
"2024-11-07,00:02:16",_ego.0,#0,"Baghi dasarni basif, ha ro7 l3b b3id ya lmongol",6styler#0,
"2024-11-07,00:02:23",ch7e,#0,amin rab l3alamin🙏🏼,6styler#0,
"2024-11-07,00:02:40",ch7e,#0,wiliwili,6styler#0,
"2024-11-07,00:03:20",nazeliseo,#0,https://tenor.com/view/baby-yoda-drink-sip-blink-the-mandalorian-gif-15693643,hadjerrr#0,
"2024-11-07,00:04:13",_ego.0,#0,"Ur mom should’ve swallowed u 3lblk now i gotta put up with u, get blocked bitch",6styler#0,
"2024-11-07,00:04:44",ch7e,#0,this lowkey turned me on,_ego.0#0,
"2024-11-07,00:04:59",_ego.0,#0,,ch7e#0,
"2024-11-07,00:05:17",ch7e,#0,a7777 b3tli rjilat,_ego.0#0,
"2024-11-07,00:07:48",love.rias,#0,ye really,efreakyduck#0,
"2024-11-07,00:07:54",akboom,#0,Bruh was it you on /r algeria l9it same post there,itsbangalore#0,
"2024-11-07,00:12:34",love.rias,#0,dz so jobless it got us all on /r algeria 💀,akboom#0,
"2024-11-07,00:13:28",_ego.0,#0,Twa7chtk,love.rias#0,
"2024-11-07,00:14:41",love.rias,#0,"wouldv said same but the fact that u left me on seen on an app that doesnt even have a ""seen"" feature is wild 💀",_ego.0#0,
"2024-11-07,00:15:37",_ego.0,#0,Lemme fix that real quick,love.rias#0,
"2024-11-07,00:15:44",_ego.0,#0,,,
"2024-11-07,00:16:50",love.rias,#0,"ye how tf u finna un-""left on seen""",_ego.0#0,
"2024-11-07,00:17:06",_ego.0,#0,By sending a msg,love.rias#0,
"2024-11-07,00:17:09",_ego.0,#0,I’m a genius,,
"2024-11-07,00:17:17",_ego.0,#0,See ur not on seen anymore,,
"2024-11-07,00:17:45",love.rias,#0,u r but it doesnt work like that,_ego.0#0,
"2024-11-07,00:19:34",s0yka_,#0,https://tenor.com/view/vince-staples-knocking-knock-knock-peep-hole-ramona-park-gif-25065608,,
"2024-11-07,00:28:40",_ego.0,#0,https://tenor.com/view/brandon-lee-gif-7682518358328506732,,
"2024-11-07,00:29:31",love.rias,#0,https://tenor.com/view/cars-gif-8824523,,
"2024-11-07,00:29:31",ouuuuf,#0,,,
"2024-11-07,00:31:10",edwardkenwayy,#0,,,
"2024-11-07,00:31:58",love.rias,#0,u fr gotta kys,edwardkenwayy#0,
"2024-11-07,00:32:10",drako6,#0,meow,,
"2024-11-07,00:32:11",edwardkenwayy,#0,Saha sigma,love.rias#0,
"2024-11-07,00:32:22",love.rias,#0,saha pick me,edwardkenwayy#0,
"2024-11-07,00:32:48",edwardkenwayy,#0,Chkon rah yhdr 😂😂😂😂,love.rias#0,
"2024-11-07,00:32:51",drako6,#0,saha 3dikm hhh,,
"2024-11-07,00:33:06",ssxrq_sd,#0,Skibidi sigma rizz,,
"2024-11-07,00:33:11",love.rias,#0,aya rigl rigl,edwardkenwayy#0,
"2024-11-07,00:33:13",ssxrq_sd,#0,Skibidi toilet,,
"2024-11-07,00:33:23",edwardkenwayy,#0,Z3ma m3ndoch lwe9t lzm yroh,love.rias#0,
"2024-11-07,00:33:36",love.rias,#0,lmaaaaaaaaaaaaaaao,edwardkenwayy#0,
"2024-11-07,00:33:44",edwardkenwayy,#0,W yreagi b 🗣️🔥,,
"2024-11-07,00:33:58",ssxrq_sd,#0,HHHHHHHHHHHHH,,
"2024-11-07,00:33:59",edwardkenwayy,#0,Z3ma ga3 wsh yhdr mel ktab,,
"2024-11-07,00:34:11",ssxrq_sd,#0,HHHHHHHHHHHHHHHH,edwardkenwayy#0,
"2024-11-07,00:34:13",edwardkenwayy,#0,W myhdrsh bezaf bch yb9a mystérieux,,
"2024-11-07,00:34:21",love.rias,#0,yli9 ykon 3ndk f ras,edwardkenwayy#0,
"2024-11-07,00:34:21",ssxrq_sd,#0,Say,,
"2024-11-07,00:34:25",ssxrq_sd,#0,Not funny,,
"2024-11-07,00:34:27",love.rias,#0,https://tenor.com/view/gentleman-giga-chad-sigma-male-gif-25702945,edwardkenwayy#0,
"2024-11-07,00:34:51",edwardkenwayy,#0,Saha batman,love.rias#0,
"2024-11-07,00:35:05",drako6,#0,https://tenor.com/view/bobby-shmurda-ricky-dance-gif-15375957,,
"2024-11-07,00:35:06",edwardkenwayy,#0,Khelini nmdlo chwiya attention hwa hwss mskin,ssxrq_sd#0,
"2024-11-07,00:35:14",_ego.0,#0,"You can sleep with half the world
Bet you still won't forget me
You could find love, get married, have kids
I'd still be realest nigga to hit it
I was gettin' some head earlier and you crossed my mind 
I'm as solid as they come, but you crossed the line 
Yeah, you been stopped keepin' it real, I can see the signs 
# When it came to havin' your back, I'm so real
# I prolly would've gave you my spine 
I'd rather have loyalty than love
'Cause love really don't mean jack 

See love is just a feeling
You can love somebody and still stab them in they back 
It don't take much to love
# You can love somebody just by being attached 
# See loyalty is a action
# You can love or hate me and still have my back",,
"2024-11-07,00:35:39",ssxrq_sd,#0,Idgf,_ego.0#0,
"2024-11-07,00:35:46",ssxrq_sd,#0,Kayna,edwardkenwayy#0,
"2024-11-07,00:35:57",_ego.0,#0,Who tf asked u,ssxrq_sd#0,
"2024-11-07,00:36:02",_ego.0,#0,Gfto my d,,
"2024-11-07,00:36:10",ssxrq_sd,#0,Just kys,_ego.0#0,
"2024-11-07,00:36:30",_ego.0,#0,,ssxrq_sd#0,
"2024-11-07,00:36:32",love.rias,#0,kayna,_ego.0#0,
"2024-11-07,00:36:35",edwardkenwayy,#0,Ntoma mara hbab mara klab,,
"2024-11-07,00:36:49",love.rias,#0,saha spongebob,edwardkenwayy#0,
"2024-11-07,00:37:03",edwardkenwayy,#0,Yrb m3amn ani nhdr,love.rias#0,
"2024-11-07,00:37:21",love.rias,#0,39li sghir bzf,edwardkenwayy#0,
"2024-11-07,00:37:30",edwardkenwayy,#0,Mchi ghir 39lk apparement,love.rias#0,
"2024-11-07,00:37:44",ssxrq_sd,#0,Wl wl cha glo,edwardkenwayy#0,
"2024-11-07,00:38:00",ssxrq_sd,#0,Chill out,,
"2024-11-07,00:38:14",_ego.0,#0,3lamn rak,edwardkenwayy#0,
"2024-11-07,00:38:30",edwardkenwayy,#0,Nti w <@961341563106099240>,ssxrq_sd#0、_ego.0#0,
"2024-11-07,00:38:35",edwardkenwayy,#0,Mnindk tgssro mnindk ttfatnou,,
"2024-11-07,00:38:40",_ego.0,#0,Idk this lil kid,edwardkenwayy#0,
"2024-11-07,00:38:45",_ego.0,#0,Never,edwardkenwayy#0,
"2024-11-07,00:38:53",_ego.0,#0,Rak tkhalat Ed,,
"2024-11-07,00:38:57",ssxrq_sd,#0,Nogf m3a ly tyha bih,edwardkenwayy#0,
"2024-11-07,00:39:02",.itsskoolio,#0,Bro dkhl 5 times l gym sma roho ego,,
"2024-11-07,00:39:03",.itsskoolio,#0,Lol,,
"2024-11-07,00:39:11",edwardkenwayy,#0,Mala rani out,_ego.0#0,
"2024-11-07,00:39:14",.itsskoolio,#0,Awbash,,
"2024-11-07,00:39:22",_ego.0,#0,Omg who’s this dick rider,,
"2024-11-07,00:39:28",_ego.0,#0,Guys plz leave me alone,,
"2024-11-07,00:39:31",_ego.0,#0,I beeeeg,,
"2024-11-07,00:39:34",love.rias,#0,g3 nhdro : ),edwardkenwayy#0,
"2024-11-07,00:39:40",_ego.0,#0,Oui,edwardkenwayy#0,
"2024-11-07,00:39:57",edwardkenwayy,#0,This mf rani mbloquih ydra wsh darli,,
"2024-11-07,00:40:16",love.rias,#0,<@1286386828571840534>nah this is funny 😂,.itsskoolio#0、_ego.0#0,
"2024-11-07,00:40:31",_ego.0,#0,He’s a retard jay direct yhdrli 3la my username aya es que hada bnadm,edwardkenwayy#0,
"2024-11-07,00:40:51",_ego.0,#0,Wsh dkhl ego fl gym bs7,love.rias#0,
"2024-11-07,00:41:02",edwardkenwayy,#0,He’s a femboy fr f server whdokjer mssmi roho femboy,_ego.0#0,
"2024-11-07,00:41:05",edwardkenwayy,#0,W y7al fi fomo,,
"2024-11-07,00:41:07",love.rias,#0,thats the joke 😂,_ego.0#0,
"2024-11-07,00:41:13",_ego.0,#0,HHHHHHHHHHHHHHHHHH,edwardkenwayy#0,
"2024-11-07,00:41:14",love.rias,#0,it doesnt make sense,,
"2024-11-07,00:41:24",edwardkenwayy,#0,Hdwin chft alash bloquito dja tyhli mskin,_ego.0#0,
"2024-11-07,00:41:37",_ego.0,#0,I can’t with these idiots wlh 😂😂😂,love.rias#0,
"2024-11-07,00:41:51",_ego.0,#0,Mskin <a:ALG_Lmfao:822067665786503218>,edwardkenwayy#0,
"2024-11-07,00:41:56",ssxrq_sd,#0,Damn,edwardkenwayy#0,
"2024-11-07,00:42:04",edwardkenwayy,#0,Insecure about someone who’s jacked meamrin dw,,
"2024-11-07,00:42:19",love.rias,#0,kayna,edwardkenwayy#0,
"2024-11-07,00:42:21",love.rias,#0,kayna,,
"2024-11-07,00:42:23",edwardkenwayy,#0,Wlh,ssxrq_sd#0,
"2024-11-07,00:42:36",edwardkenwayy,#0,Z3ma bch n3rfo bli nta jacked w gharo menek,love.rias#0,
"2024-11-07,00:42:39",edwardkenwayy,#0,😂😂😂😂 khlss khlss,,
"2024-11-07,00:43:11",ssxrq_sd,#0,HHHHHHHHHHHHHH,,
"2024-11-07,00:43:49",ssxrq_sd,#0,https://tenor.com/view/very-cat-gif-27584673,,
"2024-11-07,00:44:27",_ego.0,#0,bayna dayr ki ... 3ndk wsh ja direct ktabli HHHHHHHHHHHHHHHHHHHHHHH,edwardkenwayy#0,https://cdn.discordapp.com/attachments/840535839138119680/1303867630247215145/image.png?ex=672df99b&is=672ca81b&hm=e5b37a9bc138686112382b1777c78d61ee8e8f7febd39c16dd87bae751f19b83&
"2024-11-07,00:45:20",edwardkenwayy,#0,Mskin sab roho 1m60 his only option was to be a femboy,_ego.0#0,
"2024-11-07,00:45:34",edwardkenwayy,#0,Understandable alash ydir haka ma nloumouch,,
"2024-11-07,00:46:08",_mehdi69.,#0,Ando lh9,_ego.0#0,
"2024-11-07,00:46:14",_mehdi69.,#0,cc slm,,
"2024-11-07,00:46:26",love.rias,#0,https://tenor.com/view/black-guy-muscle-funny-honest-reaction-gif-3947249309791731904,edwardkenwayy#0,
"2024-11-07,00:46:59",love.rias,#0,kayna mhdi kayna,_mehdi69.#0,
"2024-11-07,00:47:54",_ego.0,#0,"ch3al nkrh insecure ppl ya chkopi tla9ihm bch3in mn dakhl w mn bara, bch ydkhol ll gym nn yji hna yprovoki 3bed that can bench his weight",edwardkenwayy#0,
"2024-11-07,00:48:09",_ego.0,#0,no more roman for u nta mala,_mehdi69.#0,
"2024-11-07,00:49:17",love.rias,#0,nah insecure ppl r insecure thats why they r insecure,_ego.0#0,
"2024-11-07,00:50:10",_mehdi69.,#0,I swear ni nakoul dhouk f roman,_ego.0#0,
"2024-11-07,00:50:16",_mehdi69.,#0,But teak khir xD,,
"2024-11-07,00:50:31",_mehdi69.,#0,Noise cancellation laaziiiiiz,love.rias#0,
"2024-11-07,00:50:38",edwardkenwayy,#0,If u gym doesn’t mean u can fight,_ego.0#0,
"2024-11-07,00:50:38",_ego.0,#0,kichghol mknch li mafihch insecurities ak fahm ms kyn 3bed ykhdmo 3la insecurities w kyn 3bed la yg3d ki ba3ra hak,love.rias#0,
"2024-11-07,00:50:47",edwardkenwayy,#0,https://tenor.com/view/nerd-little-giants-muscles-flex-gif-3539472,,
"2024-11-07,00:50:55",_ego.0,#0,HHHHHHHHHHHHHHHHHH bsa7tk,_mehdi69.#0,
"2024-11-07,00:50:58",lotf.,#0,<@598649275471101976>,blairsfun#0,
"2024-11-07,00:51:09",_mehdi69.,#0,Yslmkkkk,_ego.0#0,
"2024-11-07,00:51:17",love.rias,#0,ouiiiiiiiiiiiii my g tfhm nta wlh,_mehdi69.#0,
"2024-11-07,00:51:19",_ego.0,#0,ydra <:3_yummy:1055752690661068831>,_mehdi69.#0,
"2024-11-07,00:51:28",_mehdi69.,#0,Bynaaaa,love.rias#0,
"2024-11-07,00:51:33",edwardkenwayy,#0,W ana mandou9sh,_ego.0#0,
"2024-11-07,00:51:35",kitter969,#0,ghachi mezalo y9awed,,
"2024-11-07,00:51:45",_ego.0,#0,,edwardkenwayy#0,
"2024-11-07,00:51:52",_mehdi69.,#0,bezaf bnin hhhhhhhhhhhhhhhhhhhhh,_ego.0#0,
"2024-11-07,00:52:02",_ego.0,#0,next time nta,edwardkenwayy#0,
"2024-11-07,00:52:06",fancyfae,#0,Who’s 160 cm,,
"2024-11-07,00:52:13",edwardkenwayy,#0,Mchi roman stp,_ego.0#0,
"2024-11-07,00:52:17",edwardkenwayy,#0,Ana,fancyfae#0,
"2024-11-07,00:52:30",love.rias,#0,jayin chghol shaggy t3 scooby doo bs7 dumber,_ego.0#0,
"2024-11-07,00:52:31",edwardkenwayy,#0,https://tenor.com/view/angry-beating-gif-24531604,,
"2024-11-07,00:52:33",_ego.0,#0,HHHHHHHHHHHHHHHHHHHHH,_mehdi69.#0,
"2024-11-07,00:52:35",_ego.0,#0,ayah,edwardkenwayy#0,
"2024-11-07,00:52:35",edwardkenwayy,#0,Got a problem ?,,
"2024-11-07,00:52:37",kitter969,#0,challenge impossible live bla ma t9wed ro7k fel nass,,
"2024-11-07,00:52:38",fancyfae,#0,That’s a lie I swear your pic <:ALG_ICANT:1046555506933768233> <:ALG_ICANT:1046555506933768233>,edwardkenwayy#0,
"2024-11-07,00:52:39",_mehdi69.,#0,Sahbi roman bnin dir 3liya,edwardkenwayy#0,
"2024-11-07,00:53:04",edwardkenwayy,#0,Ndirlha stretch bch nban twil,fancyfae#0,
"2024-11-07,00:53:04",fancyfae,#0,Are you trying to pick a fight with me ?,edwardkenwayy#0,
"2024-11-07,00:53:09",edwardkenwayy,#0,Z3ma ?,_mehdi69.#0,
"2024-11-07,00:53:14",drako6,#0,i used to smoke pack and half in a day no i only smoke 2 cigs in a day,,
"2024-11-07,00:53:20",_mehdi69.,#0,Ni n9lk kbir w sweet,edwardkenwayy#0,
"2024-11-07,00:53:25",edwardkenwayy,#0,Nn nrjel mor lecran berk kima <@800807519713886218>,love.rias#0、fancyfae#0,
"2024-11-07,00:53:35",edwardkenwayy,#0,Aw awww,_mehdi69.#0,
"2024-11-07,00:53:37",love.rias,#0,https://tenor.com/view/hmmm-thinking-batman-gif-6153870554148391864,_ego.0#0,
"2024-11-07,00:53:37",_ego.0,#0,"i got trial nitro t3 2 weeks brk chkon 7ab, i got 2 left",,
"2024-11-07,00:53:47",_mehdi69.,#0,Ana,_ego.0#0,
"2024-11-07,00:53:48",fancyfae,#0,Me,_ego.0#0,
"2024-11-07,00:53:54",edwardkenwayy,#0,Ana ana,_ego.0#0,
"2024-11-07,00:54:03",kitter969,#0,talabin,,
"2024-11-07,00:54:12",love.rias,#0,aya rigl rigl,edwardkenwayy#0,
"2024-11-07,00:54:17",fancyfae,#0,Nitro beggars,kitter969#0,
"2024-11-07,00:54:25",fancyfae,#0,Beggars can’t be choosers,,
"2024-11-07,00:54:34",_mehdi69.,#0,Normal jat mn and kabyle,kitter969#0,
"2024-11-07,00:54:46",edwardkenwayy,#0,Zawali ana w m3ndich,,
"2024-11-07,00:54:51",edwardkenwayy,#0,Chkn ji prv,,
"2024-11-07,00:54:52",kitter969,#0,sir oh kind sir wouldn't u mind oh yes plz,,
"2024-11-07,00:55:09",kitter969,#0,ty kindly,,
"2024-11-07,00:55:20",edwardkenwayy,#0,Cordialement,,
"2024-11-07,00:55:22",_ego.0,#0,Ismk marhch ytla3li 3lh,fancyfae#0,
"2024-11-07,00:55:34",edwardkenwayy,#0,3ndha nitro,_ego.0#0,
"2024-11-07,00:55:37",love.rias,#0,nbi3ohm fi 3 w njbo R8,_ego.0#0,https://cdn.discordapp.com/attachments/840535839138119680/1303870439935836191/image.png?ex=672dfc39&is=672caab9&hm=3eea720a093bfee4d548cdd59f152d867a6f80df73014ff4a2d1e27a648a5159&
"2024-11-07,00:55:38",_ego.0,#0,Ki t accpti fr,_mehdi69.#0,
"2024-11-07,00:55:50",fancyfae,#0,Oh maybe I’m not eligible because my nitro ended like 4 days ago,_ego.0#0,
"2024-11-07,00:56:02",_ego.0,#0,Probably,fancyfae#0,
"2024-11-07,00:56:11",edwardkenwayy,#0,Lala mklh tmedili doka mchi roue de secours,,
"2024-11-07,00:56:12",edwardkenwayy,#0,Emchiii,,
"2024-11-07,00:56:13",_ego.0,#0,Nta kont dyr nitro?,edwardkenwayy#0,
"2024-11-07,00:56:22",_ego.0,#0,HHHHHHHHHHHHHHHHHH,love.rias#0,
"2024-11-07,00:56:22",edwardkenwayy,#0,Andha bezaf,_ego.0#0,
"2024-11-07,00:56:27",love.rias,#0,https://tenor.com/view/treat-dog-do-want-smile-gif-18626767,edwardkenwayy#0,
"2024-11-07,00:56:41",love.rias,#0,ykhi good boy ykhi,,
"2024-11-07,00:56:54",edwardkenwayy,#0,https://tenor.com/view/dog-smile-happy-good-boy-dog-smile-happy-good-boy-gif-21703225,love.rias#0,
"2024-11-07,00:56:55",fancyfae,#0,<:ALG_kekw:852170231673782332>,,
"2024-11-07,00:57:02",love.rias,#0,lmaaaaaaaaaaaaaaaao,edwardkenwayy#0,
"2024-11-07,00:57:02",kitter969,#0,dirlo my signature move 🫴🦴,love.rias#0,
"2024-11-07,00:57:13",love.rias,#0,😂😂😂😂😂😂😂😂😂😂😂😂😂,kitter969#0,
"2024-11-07,00:57:22",love.rias,#0,naaaaaaaaah this wins,,
"2024-11-07,00:57:51",kitter969,#0,when i start losing argument i use it,,
"2024-11-07,00:58:07",love.rias,#0,i use the n word,kitter969#0,
"2024-11-07,00:58:08",fancyfae,#0,?setnick 906284686790242304 Tonton Edward 🫴🦴,,
"2024-11-07,00:58:08",Carl-bot,#1536,Set edwardkenwayy's nickname to Tonton Edward 🫴🦴.,,
"2024-11-07,00:58:19",love.rias,#0,,,https://cdn.discordapp.com/attachments/840535839138119680/1303871118779748373/image.png?ex=672dfcdb&is=672cab5b&hm=49612ef3a536b3d193c07c5cf16ea7afeff777232b5fbbb9ea824be525b9aac9&
"2024-11-07,00:58:23",kitter969,#0,Aaaaaaaaaaaaaaah,,
"2024-11-07,00:58:59",fancyfae,#0,?setnick 906284686790242304 Tonton Edward,,
"2024-11-07,00:58:59",Carl-bot,#1536,Set edwardkenwayy's nickname to Tonton Edward.,,
"2024-11-07,00:59:00",kitter969,#0,leave bro alone all he wanted is free nitro,,
"2024-11-07,00:59:07",kitter969,#0,<:ALG_Sadge:1188883647772758106>,,
"2024-11-07,00:59:09",edwardkenwayy,#0,Nahhh,,
"2024-11-07,00:59:10",edwardkenwayy,#0,😂😂😂😂,,
"2024-11-07,00:59:13",love.rias,#0,doesnt matter i got the ss,fancyfae#0,
"2024-11-07,00:59:30",lasdrugasxd._,#0,Guys Ali is such a pretty name fr,,
"2024-11-07,00:59:33",edwardkenwayy,#0,U can leave the nickname at this point 😂😂,love.rias#0,
"2024-11-07,00:59:44",kitter969,#0,ty,lasdrugasxd._#0,
"2024-11-07,00:59:47",edwardkenwayy,#0,Ali l’OM,,
"2024-11-07,00:59:52",drako6,#0,hi im Ali,lasdrugasxd._#0,
"2024-11-07,00:59:54",linger911,#0,دعواتكم بالرحمة والمغفرة شيطانة مقلشة 😞💔,,
"2024-11-07,00:59:55",love.rias,#0,nah kitty the world demolisher is better,lasdrugasxd._#0,
"2024-11-07,00:59:58",beastslmcv,#0,w nari,,
"2024-11-07,01:00:08",edwardkenwayy,#0,Idk if ur being fr 😂😂😂,linger911#0,
"2024-11-07,01:00:10",linger911,#0,Join vc bb,kitter969#0,
"2024-11-07,01:00:11",edwardkenwayy,#0,Alah yrhmha,,
"2024-11-07,01:00:17",linger911,#0,Amine,edwardkenwayy#0,
"2024-11-07,01:00:30",kitter969,#0,re7 ner9od ghedwa 3endi td,linger911#0,
"2024-11-07,01:00:33",love.rias,#0,,kitter969#0,https://cdn.discordapp.com/attachments/840535839138119680/1303871678870196367/php11Sso5.png?ex=672dfd61&is=672cabe1&hm=803c613b20ff35d2be23d52a37eb3d1bb7fbd895b9e27b4cb3d2ed90a6ad14e8&
"2024-11-07,01:00:38",linger911,#0,<@575398172323479563> <@335481750325035022>,salviro#0、nazeliseo#0,
"2024-11-07,01:00:42",kitter969,#0,ma te7chilich,,
"2024-11-07,01:00:47",linger911,#0,Tf khir mni 💔,kitter969#0,
"2024-11-07,01:00:55",beastslmcv,#0,chkon whrani hna,,
"2024-11-07,01:01:05",kitter969,#0,obv not,linger911#0,
"2024-11-07,01:01:05",edwardkenwayy,#0,Ana nskn f bir ljir,beastslmcv#0,
"2024-11-07,01:01:10",beastslmcv,#0,kdab,edwardkenwayy#0,
"2024-11-07,01:01:11",kitter969,#0,<:ALG_Sadge:1188883647772758106>,,
"2024-11-07,01:01:22",edwardkenwayy,#0,Nbeatlk localization ?,beastslmcv#0,
"2024-11-07,01:01:24",pinkiiee,#0,Ana please,_ego.0#0,
"2024-11-07,01:01:30",kitter969,#0,but life force me to choose td,,
"2024-11-07,01:01:33",beastslmcv,#0,win t9ra,edwardkenwayy#0,
"2024-11-07,01:01:41",edwardkenwayy,#0,Kmlt 9raya,beastslmcv#0,
"2024-11-07,01:01:46",beastslmcv,#0,rajl,edwardkenwayy#0,
"2024-11-07,01:01:58",love.rias,#0,cha 9rit,edwardkenwayy#0,
"2024-11-07,01:02:05",edwardkenwayy,#0,Info,love.rias#0,
"2024-11-07,01:02:10",kitter969,#0,normal adam and ali not big difference,love.rias#0,
"2024-11-07,01:02:11",edwardkenwayy,#0,Za3im,beastslmcv#0,
"2024-11-07,01:02:16",kitter969,#0,yetchabho,,
"2024-11-07,01:02:20",love.rias,#0,dont let td decide when do u wake up,kitter969#0,
"2024-11-07,01:02:38",love.rias,#0,nice w chak dir drka,edwardkenwayy#0,
"2024-11-07,01:02:54",fancyfae,#0,https://tenor.com/view/joe-biden-presidential-debate-huh-confused-gif-9508832355999336631,kitter969#0,
"2024-11-07,01:03:03",love.rias,#0,true true,kitter969#0,
"2024-11-07,01:03:09",edwardkenwayy,#0,I work mabid i go outside the country septembre nchlh,love.rias#0,
"2024-11-07,01:03:12",lasdrugasxd._,#0,Huh,love.rias#0,
"2024-11-07,01:03:33",_ego.0,#0,"bro HHHHHHHHHHHHHHHHHHH khalat bin prue w piper, kont nktb f ismk bch nb3tlk w mkhrajlich, dork win fo9t bli fancy li gtli lowla",pinkiiee#0,
"2024-11-07,01:03:45",love.rias,#0,tro7 meetings w kda ? + wina feild rk fih,edwardkenwayy#0,
"2024-11-07,01:03:47",kitter969,#0,still remember  i was talking abt cyberstalking,fancyfae#0,
"2024-11-07,01:04:04",love.rias,#0,its a name,lasdrugasxd._#0,
"2024-11-07,01:04:09",pinkiiee,#0,😭😭,_ego.0#0,
"2024-11-07,01:04:11",kitter969,#0,but u can't do anything with adam,,
"2024-11-07,01:04:12",pinkiiee,#0,Yes she did,,
"2024-11-07,01:04:12",lasdrugasxd._,#0,Weird,love.rias#0,
"2024-11-07,01:04:17",fancyfae,#0,Haha 😂 I bet you don’t remember shit from what I told you,kitter969#0,
"2024-11-07,01:04:26",love.rias,#0,u clearly never met a cat person,lasdrugasxd._#0,
"2024-11-07,01:04:34",edwardkenwayy,#0,Hiya généralement lala psq i work as a network engineer bsh mnindk yes we do,love.rias#0,
"2024-11-07,01:04:46",kitter969,#0,i only remember what i said that what matters,fancyfae#0,
"2024-11-07,01:04:48",lasdrugasxd._,#0,I love cats,,
"2024-11-07,01:05:04",fancyfae,#0,https://tenor.com/view/joe-biden-presidential-debate-huh-confused-gif-9508832355999336631,kitter969#0,
"2024-11-07,01:05:16",kitter969,#0,<:ALG_Sadge:1188883647772758106>,,
"2024-11-07,01:05:18",fancyfae,#0,Then your plan went to waste,,
"2024-11-07,01:05:18",edwardkenwayy,#0,My cat is named grellou btw,,
"2024-11-07,01:05:23",fancyfae,#0,It evaporated,,
"2024-11-07,01:05:25",lasdrugasxd._,#0,No one asked,edwardkenwayy#0,
"2024-11-07,01:05:39",edwardkenwayy,#0,Lucy,lasdrugasxd._#0,
"2024-11-07,01:05:40",kitter969,#0,what plan ?,,
"2024-11-07,01:05:44",lasdrugasxd._,#0,What ?,edwardkenwayy#0,
"2024-11-07,01:05:44",edwardkenwayy,#0,Naerf dar mtnssych,,
"2024-11-07,01:05:51",kitter969,#0,i forgor,,
"2024-11-07,01:05:52",fancyfae,#0,To stalk and kill me,kitter969#0,
"2024-11-07,01:05:54",lasdrugasxd._,#0,Dar what,edwardkenwayy#0,
"2024-11-07,01:06:02",edwardkenwayy,#0,Ur location stfuu,lasdrugasxd._#0,
"2024-11-07,01:06:03",love.rias,#0,3la 7sab mn3rf nta tkon dayr contract m3a kch company w kayn chghol flexibility f time,edwardkenwayy#0,
"2024-11-07,01:06:07",fancyfae,#0,You told me about your plans,kitter969#0,
"2024-11-07,01:06:12",kitter969,#0,why would i kill cool person,,
"2024-11-07,01:06:14",lasdrugasxd._,#0,You don’t know shit,edwardkenwayy#0,
"2024-11-07,01:06:17",lasdrugasxd._,#0,Troll,,
"2024-11-07,01:06:22",edwardkenwayy,#0,Privé chwiya y3ayiw,love.rias#0,
"2024-11-07,01:06:23",kitter969,#0,damn,,
"2024-11-07,01:06:24",fancyfae,#0,Awww,kitter969#0,
"2024-11-07,01:06:32",edwardkenwayy,#0,Kol ma nhdrou neawdlk bli i know,lasdrugasxd._#0,
"2024-11-07,01:06:34",edwardkenwayy,#0,W tnssay,,
"2024-11-07,01:06:40",love.rias,#0,cat ppl name their cats weird names,lasdrugasxd._#0,
"2024-11-07,01:06:41",fancyfae,#0,Thank you you’re cool too,,
"2024-11-07,01:06:43",nbghik.frr,#0,<@905484283668463621>,its_overtaker#0,
"2024-11-07,01:06:57",kitter969,#0,😜🤘,,
"2024-11-07,01:06:58",love.rias,#0,"true true, hiya lmohim mkch tkhdm f dz brk",edwardkenwayy#0,
"2024-11-07,01:07:06",lasdrugasxd._,#0,Bro u don’t know maybe the country w Khalas,edwardkenwayy#0,
"2024-11-07,01:07:20",lasdrugasxd._,#0,So many ppl tell me their pet is called Lucy,love.rias#0,
"2024-11-07,01:07:33",kitter969,#0,two step ahead,,
"2024-11-07,01:07:39",edwardkenwayy,#0,Lucy mnindk nfchel ki nhdr meak,lasdrugasxd._#0,
"2024-11-07,01:08:03",kitter969,#0,those ppl r mean,lasdrugasxd._#0,
"2024-11-07,01:08:14",love.rias,#0,"they r normal ppl, im talking about ppl like me",lasdrugasxd._#0,
"2024-11-07,01:08:26",lasdrugasxd._,#0,Nedahko ?,edwardkenwayy#0,
"2024-11-07,01:08:32",lasdrugasxd._,#0,Lmao what,kitter969#0,
"2024-11-07,01:08:34",love.rias,#0,<@1290752985957138529>btw did u se LV's new collection?,lasdrugasxd._#0,
"2024-11-07,01:08:37",lasdrugasxd._,#0,Like what,love.rias#0,
"2024-11-07,01:08:42",lasdrugasxd._,#0,No show me,love.rias#0,
"2024-11-07,01:08:52",kitter969,#0,adios 7wass biya,love.rias#0,
"2024-11-07,01:08:59",kitter969,#0,nta rich,,
"2024-11-07,01:09:01",m1k4eru,#0,,,
"2024-11-07,01:09:12",lasdrugasxd._,#0,May7abkch,kitter969#0,
"2024-11-07,01:09:26",fancyfae,#0,I saw Ralph Lauren and Versace,love.rias#0,
"2024-11-07,01:09:31",kitter969,#0,is it true <@800807519713886218>,lasdrugasxd._#0、love.rias#0,
"2024-11-07,01:09:34",m1k4eru,#0,,,https://cdn.discordapp.com/attachments/840535839138119680/1303873951012880445/6___Facebook.mp4?ex=672dff7e&is=672cadfe&hm=5c5c12d44cb153aab9adff617f778ea940fd7ef52c366fe5d490844597b7554a&
"2024-11-07,01:09:36",fancyfae,#0,<:ALG_fancy:1263209610744172706> <:ALG_fancy:1263209610744172706>,,
"2024-11-07,01:09:36",kitter969,#0,<:ALG_Sadge:1188883647772758106>,,
"2024-11-07,01:09:56",lasdrugasxd._,#0,Bayna,kitter969#0,
"2024-11-07,01:10:16",kitter969,#0,it physically impossible to hate me,lasdrugasxd._#0,
"2024-11-07,01:10:25",lasdrugasxd._,#0,It’s *,kitter969#0,
"2024-11-07,01:10:32",linger911,#0,Vas-y tr9d,kitter969#0,
"2024-11-07,01:10:38",kitter969,#0,it's,lasdrugasxd._#0,
"2024-11-07,01:10:50",m1k4eru,#0,,,
"2024-11-07,01:10:56",love.rias,#0,"im in love with stellar times fr
https://www.instagram.com/p/DB_rW_bsVgQ/?img_index=1
https://www.instagram.com/p/DCCTzb8pppT/?img_index=1",lasdrugasxd._#0,
"2024-11-07,01:11:15",kitter969,#0,cheft lucy rah n3ass,linger911#0,
"2024-11-07,01:11:33",love.rias,#0,i saw ralph but i dont like versace that much tbh,fancyfae#0,
"2024-11-07,01:11:52",fancyfae,#0,The Ralph Lauren is so cool ngl,love.rias#0,
"2024-11-07,01:12:11",love.rias,#0,ana ml9itch kifch n7ws bro7i n7ws bik ?💀,kitter969#0,
"2024-11-07,01:12:12",fancyfae,#0,Versace walking carnival,,
"2024-11-07,01:12:12",lasdrugasxd._,#0,Omg I gotta go try these tmr,love.rias#0,
"2024-11-07,01:12:21",m1k4eru,#0,b3iiiida 3lik ensa tel7a9,kitter969#0,
"2024-11-07,01:12:25",lasdrugasxd._,#0,Guys Tom Ford >,,
"2024-11-07,01:12:29",m1k4eru,#0,rak f dz bla ma nfakrak,,
"2024-11-07,01:12:30",love.rias,#0,"nope, bunch of lies",kitter969#0,
"2024-11-07,01:12:38",edwardkenwayy,#0,Black>,,
"2024-11-07,01:12:45",lasdrugasxd._,#0,Kabyle >,,
"2024-11-07,01:12:56",kitter969,#0,<:ALG_kekw:852170231673782332>,m1k4eru#0,
"2024-11-07,01:13:03",lasdrugasxd._,#0,Okim kys,,
"2024-11-07,01:13:03",love.rias,#0,exactly what i said yesterday but uni got in the way,lasdrugasxd._#0,
"2024-11-07,01:13:06",edwardkenwayy,#0,Tallagh ppl >,,
"2024-11-07,01:13:15",linger911,#0,Gurl we'll never attend to the era's tour 😞,fancyfae#0,
"2024-11-07,01:13:20",lasdrugasxd._,#0,How do yk this word ?,edwardkenwayy#0,
"2024-11-07,01:13:28",lasdrugasxd._,#0,Don’t tell me ur Irish,,
"2024-11-07,01:13:29",lasdrugasxd._,#0,Nah,,
"2024-11-07,01:13:29",m1k4eru,#0,be aware of em they will eat you and if u talk abt them like for a bit longer you get muted i swear,lasdrugasxd._#0,
"2024-11-07,01:13:30",fancyfae,#0,Tom ford makeup is like so expensive imagine their clothes,lasdrugasxd._#0,
"2024-11-07,01:13:31",lasdrugasxd._,#0,No way,,
"2024-11-07,01:13:40",lasdrugasxd._,#0,I’m literally Kabyle,m1k4eru#0,
"2024-11-07,01:13:49",m1k4eru,#0,me too,lasdrugasxd._#0,
"2024-11-07,01:13:50",m1k4eru,#0,XD,,
"2024-11-07,01:13:51",fancyfae,#0,Inchallah we can attend one of her concerts one day,linger911#0,
"2024-11-07,01:13:51",edwardkenwayy,#0,Maybe,lasdrugasxd._#0,
"2024-11-07,01:13:53",lasdrugasxd._,#0,I have their makeup and clothes and perfume 🔥,fancyfae#0,
"2024-11-07,01:13:54",linger911,#0,Gurl ik u stop capping,lasdrugasxd._#0,
"2024-11-07,01:13:58",lasdrugasxd._,#0,Ur lying,edwardkenwayy#0,
"2024-11-07,01:14:03",love.rias,#0,"true trueee, one of my top fav brands after loro piana",fancyfae#0,
"2024-11-07,01:14:04",lasdrugasxd._,#0,☠️☠️☠️☠️☠️☠️☠️☠️☠️☠️,linger911#0,
"2024-11-07,01:14:04",fancyfae,#0,Ooooh boogie queen,lasdrugasxd._#0,
"2024-11-07,01:14:13",kitter969,#0,do u speak it ?,lasdrugasxd._#0,
"2024-11-07,01:14:15",lasdrugasxd._,#0,I used to work for them 😭,fancyfae#0,
"2024-11-07,01:14:15",linger911,#0,Sayi mar7ch tzid dir concerts,fancyfae#0,
"2024-11-07,01:14:26",lasdrugasxd._,#0,Clearly not I’m not even born in Algeria,kitter969#0,
"2024-11-07,01:14:31",m1k4eru,#0,,,https://cdn.discordapp.com/attachments/840535839138119680/1303875194334478377/nnnnnn.png?ex=672e00a7&is=672caf27&hm=c93728c5325109c7548ebf60af23efd6962b317ad30ef13ca5475225ee088c97&
"2024-11-07,01:14:36",lasdrugasxd._,#0,I can barely speak Arabic 🤣,,
"2024-11-07,01:14:39",kitter969,#0,then u r not,lasdrugasxd._#0,
"2024-11-07,01:14:44",m1k4eru,#0,vive lheinken khawti,,
"2024-11-07,01:14:47",lasdrugasxd._,#0,Jk my Arabic is alright,,
"2024-11-07,01:14:48",m1k4eru,#0,lbira lbira,,
"2024-11-07,01:14:57",lasdrugasxd._,#0,People like u piss me off,kitter969#0,
"2024-11-07,01:15:04",fancyfae,#0,It’s so classy and timeless,love.rias#0,
"2024-11-07,01:15:04",mike.tsu_x,#0,.,,
"2024-11-07,01:15:06",linger911,#0,Moustique f boughni 🥲,m1k4eru#0,
"2024-11-07,01:15:14",linger911,#0,Royale Bouira,,
"2024-11-07,01:15:15",kitter969,#0,kabyle ppl hate kabyle who dont speak it,lasdrugasxd._#0,
"2024-11-07,01:15:21",lasdrugasxd._,#0,I want to buy Ralph Lauren jacket,fancyfae#0,
"2024-11-07,01:15:22",m1k4eru,#0,aaaaaaaaah ya grim,lasdrugasxd._#0,
"2024-11-07,01:15:25",linger911,#0,Tazmalth 😭,,
"2024-11-07,01:15:28",fancyfae,#0,Ooooh nice well in Algeria you’re considered rich if you shop at Zara,lasdrugasxd._#0,
"2024-11-07,01:15:30",love.rias,#0,loro or ralph ? cuz for me they both r,fancyfae#0,
"2024-11-07,01:15:30",kitter969,#0,<:ALG_Sadge:1188883647772758106>,,
"2024-11-07,01:15:42",mike.tsu_x,#0,okay,m1k4eru#0,
"2024-11-07,01:15:44",mike.tsu_x,#0,1,,
"2024-11-07,01:15:45",mike.tsu_x,#0,2,,
"2024-11-07,01:15:46",fancyfae,#0,Idk about that,linger911#0,
"2024-11-07,01:15:49",m1k4eru,#0,lbira sba7 w3chiya 3ndhom all week,linger911#0,
"2024-11-07,01:15:58",fancyfae,#0,Do it,lasdrugasxd._#0,
"2024-11-07,01:16:05",lasdrugasxd._,#0,I genuinely couldn’t care less I’m kablye cause that’s what I am Khalas it’s not that deep if I can’t speak the language wach I change my ethnicity ?,kitter969#0,
"2024-11-07,01:16:06",m1k4eru,#0,aywaaaaaa ro7 khtini wch drt,mike.tsu_x#0,
"2024-11-07,01:16:07",fancyfae,#0,Ralph,love.rias#0,
"2024-11-07,01:16:07",m1k4eru,#0,XD,,
"2024-11-07,01:16:16",lasdrugasxd._,#0,Zara is mid asf,fancyfae#0,
"2024-11-07,01:16:42",kitter969,#0,kabyle is not nationality,lasdrugasxd._#0,
"2024-11-07,01:16:42",fancyfae,#0,Nahhh Zara is actually the best brand when it comes to fast fashion,lasdrugasxd._#0,
"2024-11-07,01:16:43",love.rias,#0,https://tenor.com/view/ego554-gif-6667614090739288603,lasdrugasxd._#0,
"2024-11-07,01:16:49",lasdrugasxd._,#0,Meant ethnicity,kitter969#0,
"2024-11-07,01:17:03",lasdrugasxd._,#0,HATE THIS SO MUCH MY MANAGER USED TO BE OBSSESED AND WORE IT ALL THE TIME EW,love.rias#0,
"2024-11-07,01:17:15",kitter969,#0,I*,lasdrugasxd._#0,
"2024-11-07,01:17:30",lasdrugasxd._,#0,Idk here in Ireland Zara is like basic ygm,fancyfae#0,
"2024-11-07,01:17:42",love.rias,#0,what about prada,fancyfae#0,
"2024-11-07,01:18:00",lasdrugasxd._,#0,You don’t have to add I when it’s clear that I’m talking about myself,kitter969#0,
"2024-11-07,01:18:10",linger911,#0,It is baby,kitter969#0,
"2024-11-07,01:18:12",love.rias,#0,its decent tho 💀,lasdrugasxd._#0,
"2024-11-07,01:18:14",lasdrugasxd._,#0,You don’t have to speak perfect English 😭,,
"2024-11-07,01:18:21",lasdrugasxd._,#0,Got sick of it,love.rias#0,
"2024-11-07,01:18:26",lasdrugasxd._,#0,I rather electric cherry,,
"2024-11-07,01:18:30",fancyfae,#0,I like Prada and Dior but Dior latest campaign was a disaster,love.rias#0,
"2024-11-07,01:18:33",lasdrugasxd._,#0,I can’t believe I lost my lost cherry,,
"2024-11-07,01:18:42",m1k4eru,#0,"khawti 7na f dechra na7taflo noel likom likom hdi fi darna f jbel , 3ndna papa noel o klch",,https://cdn.discordapp.com/attachments/840535839138119680/1303876250497974392/132651080_1375557279461838_5575212882770881937_n.jpg?ex=672e01a2&is=672cb022&hm=26229966d9ce8a215ac8a48039e25b1744553ad8479c1adb7c74d90dfb15a01b&
"2024-11-07,01:18:48",m1k4eru,#0,,,
"2024-11-07,01:18:57",kitter969,#0,said who the it's* girl,lasdrugasxd._#0,
"2024-11-07,01:19:00",m1k4eru,#0,vive noel vive le vent,,
"2024-11-07,01:19:08",lasdrugasxd._,#0,What,kitter969#0,
"2024-11-07,01:19:15",lasdrugasxd._,#0,I hate Christmas,m1k4eru#0,
"2024-11-07,01:19:17",fancyfae,#0,So you’re telling me everyone is rich in irland,lasdrugasxd._#0,
"2024-11-07,01:19:32",kitter969,#0,tbh,,
"2024-11-07,01:19:39",m1k4eru,#0,ahhhhhh us kabyle we n7taflo klch bouddha w na3abdoh,lasdrugasxd._#0,
"2024-11-07,01:19:42",lasdrugasxd._,#0,No I’m saying that I think it’s basic here because girls all wear it and it’s copy paste fashion fhmti,fancyfae#0,
"2024-11-07,01:19:44",m1k4eru,#0,XD,,
"2024-11-07,01:20:07",love.rias,#0,"dont even talk about it, i dont even wear their perfumes, tbh i just love the 2/3 piece special suits that prada provides",fancyfae#0,
"2024-11-07,01:20:09",drako6,#0,okim,,
"2024-11-07,01:20:21",lasdrugasxd._,#0,<@560921773949059075> we aren’t rich bsa7 Dublin is the most expensive city in all of Europe ☠️,fancyfae#0,
"2024-11-07,01:20:33",kitter969,#0,i never cared abt Holliday's,,
"2024-11-07,01:20:55",lasdrugasxd._,#0,Adios rich man,love.rias#0,
"2024-11-07,01:20:57",fancyfae,#0,No it’s just the fact that Zara isn’t actually cheap is what I’m saying,lasdrugasxd._#0,
"2024-11-07,01:21:08",fancyfae,#0,It isn’t affordable to a lot of people,,
"2024-11-07,01:21:19",kitter969,#0,w kifach,love.rias#0,
"2024-11-07,01:21:26",tchob,#0,,,https://cdn.discordapp.com/attachments/840535839138119680/1303876934329045073/IMG_20241106_015146.jpg?ex=672e0246&is=672cb0c6&hm=df5032886795f2f8c2571a8cd3ccba753ae97ce3be4fe5ca5f4fdce1db33b477&
"2024-11-07,01:21:28",m1k4eru,#0,here s our bouddha chichna9,,https://cdn.discordapp.com/attachments/840535839138119680/1303876944189718569/fddgb.jpg?ex=672e0248&is=672cb0c8&hm=13697b4b1cc35a7f3c1d0fab95ab1c843ca7ab5a9718613a9624ccd2db30a340&
"2024-11-07,01:21:37",love.rias,#0,me with my victor&rolf perfume,lasdrugasxd._#0,
"2024-11-07,01:21:38",lasdrugasxd._,#0,Here it is affordable not extremely but ye,fancyfae#0,
"2024-11-07,01:22:09",fancyfae,#0,You have a refined taste,love.rias#0,
"2024-11-07,01:22:10",lasdrugasxd._,#0,I love mango,,
"2024-11-07,01:22:13",lasdrugasxd._,#0,Their clothes is good,,
"2024-11-07,01:22:18",love.rias,#0,lala ana ghi nchll 3yniya (i aint got that money),lasdrugasxd._#0,
"2024-11-07,01:22:22",m1k4eru,#0,https://tenor.com/view/buddha-gif-23893013,,
"2024-11-07,01:22:33",fancyfae,#0,I love mango as well,lasdrugasxd._#0,
"2024-11-07,01:22:35",love.rias,#0,wlh m3labali,kitter969#0,
"2024-11-07,01:22:36",m1k4eru,#0,tchwi9 tchwi9,,
"2024-11-07,01:22:44",headhunterz999,#0,those who know 💀,,
"2024-11-07,01:22:50",lasdrugasxd._,#0,You guys have mango in Algeria omg ?,fancyfae#0,
"2024-11-07,01:23:14",lasdrugasxd._,#0,And massimo dutti is good,,
"2024-11-07,01:23:14",raylo_bux,#0,we kifah hadi lotis,m1k4eru#0,
"2024-11-07,01:23:23",love.rias,#0,"appreciate it, u do have a unique taste urself",fancyfae#0,
"2024-11-07,01:23:24",lasdrugasxd._,#0,Who know what,headhunterz999#0,
"2024-11-07,01:23:28",raylo_bux,#0,rani lotis khoti,,
"2024-11-07,01:23:29",kitter969,#0,i want to drop father joke,,
"2024-11-07,01:23:36",fancyfae,#0,There’s one in Algiers but here in oran we have stores that bring the latest collections they’re pricey but real good,lasdrugasxd._#0,
"2024-11-07,01:23:41",tefouss.,#0,Zalam,,
"2024-11-07,01:23:45",edwardkenwayy,#0,Why?,lasdrugasxd._#0,
"2024-11-07,01:23:59",fancyfae,#0,Thank you much appreciated,love.rias#0,
"2024-11-07,01:24:00",tefouss.,#0,Ak tkhoun fiya ?,edwardkenwayy#0,
"2024-11-07,01:24:04",lasdrugasxd._,#0,Woww that’s so cool,fancyfae#0,
"2024-11-07,01:24:08",lasdrugasxd._,#0,I really wanna go oran,,
"2024-11-07,01:24:09",m1k4eru,#0,"na7awena holocaust , t7b tn7i role 9oli , lotus characteres f w7d jeu",raylo_bux#0,
"2024-11-07,01:24:14",lasdrugasxd._,#0,Ur so lucky u live there,,
"2024-11-07,01:24:14",headhunterz999,#0,w3likom zalam,tefouss.#0,
"2024-11-07,01:24:16",lasdrugasxd._,#0,It’s so pretty,,
"2024-11-07,01:24:22",lasdrugasxd._,#0,U live in Ireland ?,edwardkenwayy#0,
"2024-11-07,01:24:26",tefouss.,#0,Ouzama wchrak,headhunterz999#0,
"2024-11-07,01:24:28",love.rias,#0,with pleasure,fancyfae#0,
"2024-11-07,01:24:37",kitter969,#0,even stores pricey ye7sblek bel euro,fancyfae#0,
"2024-11-07,01:24:42",kitter969,#0,<:ALG_Sadge:1188883647772758106>,,
"2024-11-07,01:24:50",raylo_bux,#0,😢,m1k4eru#0,
"2024-11-07,01:24:55",fancyfae,#0,Thank you <:ALG_Dayxerheart:1109253010091151430> you should come when you visit,lasdrugasxd._#0,
"2024-11-07,01:25:05",lasdrugasxd._,#0,I want to so bad wallah,fancyfae#0,
"2024-11-07,01:25:14",headhunterz999,#0,cv w nta michou,tefouss.#0,
"2024-11-07,01:25:17",raylo_bux,#0,vasy chen laden role,m1k4eru#0,
"2024-11-07,01:25:18",love.rias,#0,<@1290752985957138529>forgot u dont speak that lemme translate: nah i just like watching (i aint got that money),lasdrugasxd._#0,
"2024-11-07,01:25:26",tefouss.,#0,Hmdlh 🥰,headhunterz999#0,
"2024-11-07,01:25:39",headhunterz999,#0,doum nchlh 🥰,tefouss.#0,
"2024-11-07,01:25:41",lasdrugasxd._,#0,☠️☠️☠️,love.rias#0,
"2024-11-07,01:25:46",tefouss.,#0,Nchlh 🥰🥰🥰,headhunterz999#0,
"2024-11-07,01:25:47",fancyfae,#0,Haha yeah at this point everything is expensive,kitter969#0,
"2024-11-07,01:25:48",lasdrugasxd._,#0,I understood but forget to reply 😭,,
"2024-11-07,01:25:50",lasdrugasxd._,#0,My bad,,
"2024-11-07,01:25:53",lasdrugasxd._,#0,Time for bed,,
"2024-11-07,01:25:56",kitter969,#0,how u watch parfum,love.rias#0,
"2024-11-07,01:26:01",lasdrugasxd._,#0,I fucked up my sleep it’s 00:25 kill me,,
"2024-11-07,01:26:04",lasdrugasxd._,#0,Goodnight guys,,
"2024-11-07,01:26:14",love.rias,#0,kyn lextrait,kitter969#0,
"2024-11-07,01:26:23",headhunterz999,#0,,tefouss.#0,https://cdn.discordapp.com/attachments/840535839138119680/1303878182948044811/IMG_2443.jpg?ex=672e036f&is=672cb1ef&hm=8b85b2a9f197e4ecc76b99a4afb6efcba7c74668f637d7d5fc208e78d650af77&
"2024-11-07,01:26:31",fancyfae,#0,Oooh btw you’re the one that recommended the Charlotte tilbury mascara and benefit right ?,lasdrugasxd._#0,
"2024-11-07,01:26:36",love.rias,#0,fr??? thought u said u cant,lasdrugasxd._#0,
"2024-11-07,01:26:37",lasdrugasxd._,#0,Right when I was in Algeria I thought it would be cheaper but prices were similar to Ireland I was so confused,kitter969#0,
"2024-11-07,01:26:40",lasdrugasxd._,#0,Yes why ?,fancyfae#0,
"2024-11-07,01:26:48",lasdrugasxd._,#0,I was joking ☠️,love.rias#0,
"2024-11-07,01:26:52",kitter969,#0,i wish both side of ur pillow get warm,,
"2024-11-07,01:26:54",fancyfae,#0,You have taste,lasdrugasxd._#0,
"2024-11-07,01:26:55",lasdrugasxd._,#0,I understand bsa7 not perfectly,,
"2024-11-07,01:27:03",love.rias,#0,bruuuuuuuh  💀,lasdrugasxd._#0,
"2024-11-07,01:27:03",lasdrugasxd._,#0,Only on call I’m perfect,,
"2024-11-07,01:27:08",m1k4eru,#0,??????,raylo_bux#0,
"2024-11-07,01:27:13",lasdrugasxd._,#0,And u have a pretty face,fancyfae#0,
"2024-11-07,01:27:19",tchob,#0,I wish you are warm,kitter969#0,
"2024-11-07,01:27:20",love.rias,#0,nooooooooooooooooooooooo,kitter969#0,
"2024-11-07,01:27:27",kitter969,#0,more expensive,lasdrugasxd._#0,
"2024-11-07,01:27:30",love.rias,#0,https://tenor.com/view/denzel-denzel-tear-denzel-cry-man-tears-men-tears-gif-26908522,kitter969#0,
"2024-11-07,01:27:31",fancyfae,#0,Awww thank you you too <:ALG_Dayxerheart:1109253010091151430> <:ALG_Dayxerheart:1109253010091151430> <:ALG_slayyluv:821445119252496394>,lasdrugasxd._#0,
"2024-11-07,01:27:36",lasdrugasxd._,#0,Pray for me too it’s so cold,kitter969#0,
"2024-11-07,01:27:49",lasdrugasxd._,#0,No the prices were same,kitter969#0,
"2024-11-07,01:27:51",love.rias,#0,# i got taste but i aint got money 🗣️🔥,,
"2024-11-07,01:27:56",lasdrugasxd._,#0,That was for when I was buying from massimo dutti,,
"2024-11-07,01:28:02",linger911,#0,,,https://cdn.discordapp.com/attachments/840535839138119680/1303878597508861961/4739c13912ef268eb53d821b14b18b60.jpg?ex=672e03d2&is=672cb252&hm=8b06231f35e029924a3a02886c4f04a439f2573963b5e43afc41c95b4453e363&
"2024-11-07,01:28:22",fancyfae,#0,Some things are more expensive some things are the same and some are cheaper,lasdrugasxd._#0,
"2024-11-07,01:28:36",fancyfae,#0,Comsmetics are more expensive as an example,,
"2024-11-07,01:28:48",love.rias,#0,https://tenor.com/view/bnadz-all-day-edit-gif-20739418,lasdrugasxd._#0,
"2024-11-07,01:28:56",tefouss.,#0,Min da bouchwarb 🤤😖😖😖,headhunterz999#0,
"2024-11-07,01:29:09",lasdrugasxd._,#0,OMG,fancyfae#0,
"2024-11-07,01:29:14",lasdrugasxd._,#0,THERE IS SO MANY FAKE IN ALGERIA,,
"2024-11-07,01:29:25",fancyfae,#0,Tell me about it,lasdrugasxd._#0,
"2024-11-07,01:29:26",lasdrugasxd._,#0,Idk how,,
"2024-11-07,01:29:27",kitter969,#0,mkanch cheaper unless it get outdated kima Adidas li chreytha,fancyfae#0,
"2024-11-07,01:29:34",lasdrugasxd._,#0,Even shoes ?? So weird,fancyfae#0,
"2024-11-07,01:29:36",fancyfae,#0,I have trusted sources to buy from,,
"2024-11-07,01:29:43",lasdrugasxd._,#0,Here there is no fakes like in Algeria,,
"2024-11-07,01:29:49",linger911,#0,I get the original bb,,
"2024-11-07,01:29:51",lasdrugasxd._,#0,Like fake makeup too and skincare 😭,,
"2024-11-07,01:29:56",lasdrugasxd._,#0,It’s crazy,,
"2024-11-07,01:29:58",fancyfae,#0,Shoes ?,lasdrugasxd._#0,
"2024-11-07,01:30:13",lasdrugasxd._,#0,Yes they have fake shoes in Algeria 😭,fancyfae#0,
"2024-11-07,01:30:16",linger911,#0,I've been looking for اكليل الجبل collection and it was all fake,lasdrugasxd._#0,
"2024-11-07,01:30:16",fancyfae,#0,Kayen actually,kitter969#0,
"2024-11-07,01:30:27",mike.tsu_x,#0,https://tenor.com/view/tim-gunn-eww-gross-yuck-meme-disgusting-sticks-tongue-out-gif-25378754,headhunterz999#0,
"2024-11-07,01:30:29",lasdrugasxd._,#0,I can’t read Arabic letters can u show me,linger911#0,
"2024-11-07,01:30:36",fancyfae,#0,It depends on where you’re buying really,lasdrugasxd._#0,
"2024-11-07,01:30:55",love.rias,#0,"# just so yall know, i started this current fashion talk",,
"2024-11-07,01:31:00",love.rias,#0,https://tenor.com/view/gentleman-giga-chad-sigma-male-gif-25702945,,
"2024-11-07,01:31:06",kitter969,#0,jibli bzf rosemary nekhdmlk essential oil,linger911#0,
"2024-11-07,01:31:08",raylo_bux,#0,aya rabi m3ak,love.rias#0,
"2024-11-07,01:31:17",fancyfae,#0,There’s this store that I buy from he only sells authentic shoes but like he would bring last year's collection and sell it for half the price,,
"2024-11-07,01:31:17",kitter969,#0,rly,fancyfae#0,
"2024-11-07,01:31:23",linger911,#0,,lasdrugasxd._#0,https://cdn.discordapp.com/attachments/840535839138119680/1303879438848757871/d203879061f0165f4f7604b4187f33b6.jpg?ex=672e049b&is=672cb31b&hm=57b7e3dff3ba7b51c4b8be6948b07b514d913038c385877f0ee1bb63f4b5844e&
"2024-11-07,01:31:31",fancyfae,#0,Destockage,,
"2024-11-07,01:31:37",linger911,#0,For free ?,kitter969#0,
"2024-11-07,01:31:49",lasdrugasxd._,#0,This is so cheap here omg 😭😭,linger911#0,
"2024-11-07,01:31:53",kitter969,#0,besa7 u need a lot,linger911#0,
"2024-11-07,01:31:55",lasdrugasxd._,#0,It’s drugstore,,
"2024-11-07,01:32:07",love.rias,#0,nta byna m9ach7tch mol l7anot bch yn9slk 100 da trj3 biha ll dar,kitter969#0,
"2024-11-07,01:32:18",linger911,#0,"Gurl Ik I tried a lot , but they're all fighting about that",lasdrugasxd._#0,
"2024-11-07,01:32:20",fancyfae,#0,Yeah even Zara is less expensive than Europe when it’s on sale,kitter969#0,
"2024-11-07,01:32:49",fancyfae,#0,I buy my skincare from YesStyle,lasdrugasxd._#0,
"2024-11-07,01:32:56",lasdrugasxd._,#0,I love yesstyle,fancyfae#0,
"2024-11-07,01:33:04",lasdrugasxd._,#0,But it takes way too long to come ☠️,,
"2024-11-07,01:33:06",fancyfae,#0,Saaaame,lasdrugasxd._#0,
"2024-11-07,01:33:06",kitter969,#0,tough economy,love.rias#0,
"2024-11-07,01:33:15",fancyfae,#0,A whole month to get here for me,lasdrugasxd._#0,
"2024-11-07,01:33:19",lasdrugasxd._,#0,Sometimes I buy from oliveyoyng,fancyfae#0,
"2024-11-07,01:33:25",lasdrugasxd._,#0,Wallah too long,fancyfae#0,
"2024-11-07,01:33:32",lasdrugasxd._,#0,But Ykw in boots in Ireland,,
"2024-11-07,01:33:34",fancyfae,#0,Olive young doesn’t ship to Algeria sadly,lasdrugasxd._#0,
"2024-11-07,01:33:36",lasdrugasxd._,#0,They have anua,,
"2024-11-07,01:33:39",love.rias,#0,funny how shit collapsed when its our turn 💀,kitter969#0,
"2024-11-07,01:33:41",lasdrugasxd._,#0,Aw,fancyfae#0,
"2024-11-07,01:33:52",lasdrugasxd._,#0,Yk I hate how things take so long to go to Algeria,,
"2024-11-07,01:34:05",lasdrugasxd._,#0,I bought my cousin a gift in April and it came in August,,
"2024-11-07,01:34:06",fancyfae,#0,Same,lasdrugasxd._#0,
"2024-11-07,01:34:14",fancyfae,#0,wtf,lasdrugasxd._#0,
"2024-11-07,01:34:16",kitter969,#0,living on fake brand is not that bad,love.rias#0,
"2024-11-07,01:34:21",love.rias,#0,try 8 months,lasdrugasxd._#0,
"2024-11-07,01:34:34",raylo_bux,#0,which shippin service,lasdrugasxd._#0,
"2024-11-07,01:34:42",love.rias,#0,never owned an original in my life,kitter969#0,
"2024-11-07,01:34:44",love.rias,#0,https://tenor.com/view/gentleman-giga-chad-sigma-male-gif-25702945,,
"2024-11-07,01:34:50",soheibb,#0,adios,,
"2024-11-07,01:34:51",fancyfae,#0,I mean express shipping doesn’t take long to get here,,
"2024-11-07,01:34:54",linger911,#0,Gurl I'm waiting for my keychains from Canada it's been a year since I ordered them,lasdrugasxd._#0,
"2024-11-07,01:35:01",love.rias,#0,yup,soheibb#0,
"2024-11-07,01:35:08",kitter969,#0,nah my shoes lazem ykono expensive,love.rias#0,
"2024-11-07,01:35:17",love.rias,#0,but not original,kitter969#0,
"2024-11-07,01:35:19",lasdrugasxd._,#0,It was a lash serum she wanted from America,raylo_bux#0,
"2024-11-07,01:35:20",fancyfae,#0,I forgot to tell you i ordered an eras tour sweatshirt,linger911#0,
"2024-11-07,01:35:31",linger911,#0,Omfg 😭,fancyfae#0,
"2024-11-07,01:35:37",lasdrugasxd._,#0,AHAHAJAUSHAHAH STOP WALLAH THIS IS SO FUNNY A WHOLE YEAR WOWWWW,linger911#0,
"2024-11-07,01:35:39",lasdrugasxd._,#0,🤣🤣🤣🤣,,
"2024-11-07,01:35:42",kitter969,#0,my nigga genes wouldn't allow me,love.rias#0,
"2024-11-07,01:35:44",fancyfae,#0,Not that $130 haha right ?,lasdrugasxd._#0,
"2024-11-07,01:35:45",soheibb,#0,nta li tl3b brawl?,love.rias#0,
"2024-11-07,01:35:46",linger911,#0,Wlh it's the truth,lasdrugasxd._#0,
"2024-11-07,01:35:55",kitter969,#0,i check my shoes in google,,
"2024-11-07,01:36:07",kitter969,#0,😜,,
"2024-11-07,01:36:25",love.rias,#0,"i feel i feel u, but i cant 😔",kitter969#0,
"2024-11-07,01:36:29",lasdrugasxd._,#0,What,fancyfae#0,
"2024-11-07,01:36:31",love.rias,#0,yup ana,soheibb#0,
"2024-11-07,01:36:37",lasdrugasxd._,#0,That’s funny tho omg,linger911#0,
"2024-11-07,01:36:46",fancyfae,#0,The lash serum that influencers use,lasdrugasxd._#0,
"2024-11-07,01:36:46",hxndzzz,#0,LOL,linger911#0,
"2024-11-07,01:36:55",fancyfae,#0,I forgot what is it called,,
"2024-11-07,01:36:59",lasdrugasxd._,#0,😭😭😭,,https://cdn.discordapp.com/attachments/840535839138119680/1303880851326767134/v14044g50000cslgmmfog65st6igchl0.mov?ex=672e05eb&is=672cb46b&hm=42b0d3eec63a7b325aee1d335346382db1f916f2dcfe0b1db6aab8298eb31120&
"2024-11-07,01:37:03",linger911,#0,Omfg sonic 😭😭😭,hxndzzz#0,
"2024-11-07,01:37:18",kitter969,#0,bro orange cat outside fighting other cats outside he start speaking in creepy voice bda y9ol eskot eskot eskot eskot,love.rias#0,
"2024-11-07,01:37:20",linger911,#0,Kamala Harris 💔,,
"2024-11-07,01:37:22",love.rias,#0,https://tenor.com/view/my-honest-reaction-honest-reaction-robert-pattinson-luxury-meme-batman-honest-reaction-gif-27703605,lasdrugasxd._#0,
"2024-11-07,01:37:30",hxndzzz,#0,Sup buddy,linger911#0,
"2024-11-07,01:37:39",lasdrugasxd._,#0,It was sinlashes this,fancyfae#0,https://cdn.discordapp.com/attachments/840535839138119680/1303881017458819113/IMG_9971.png?ex=672e0613&is=672cb493&hm=f51dcca618317a0e11f20618ec0846c8a7b0bbe97feae948a7590f696966146f&
"2024-11-07,01:37:45",linger911,#0,It's been ages,hxndzzz#0,
"2024-11-07,01:37:54",fancyfae,#0,Ahh I thought it was revitalash,lasdrugasxd._#0,
"2024-11-07,01:38:18",hxndzzz,#0,yeah 😩,linger911#0,
"2024-11-07,01:38:23",kitter969,#0,the gc start making me feel poor,,
"2024-11-07,01:38:31",saifhachaniii,#0,<@847594538854907954>,yuriiiiiiiiie#0,
"2024-11-07,01:38:35",love.rias,#0,"typical algerian hood, i love it when the "" 103 noises wich cheb eladjel on a speaker"" banger comes at 2:30 am",kitter969#0,
"2024-11-07,01:38:50",fancyfae,#0,Why,kitter969#0,
"2024-11-07,01:38:56",love.rias,#0,we r,kitter969#0,
"2024-11-07,01:38:58",love.rias,#0,we r bro,,
"2024-11-07,01:38:59",love.rias,#0,we r,,
"2024-11-07,01:39:05",kitter969,#0,bro wdym typical the cat is talking,,
"2024-11-07,01:39:14",kitter969,#0,<:ALG_Sadge:1188883647772758106>,fancyfae#0,
"2024-11-07,01:39:24",love.rias,#0,happens everyday in here,kitter969#0,
"2024-11-07,01:39:49",kitter969,#0,i will never fk with that cat,,
"2024-11-07,01:40:16",kitter969,#0,kel yom n7awzo yji y3ayt to his girl friend,,
"2024-11-07,01:40:17",love.rias,#0,,fancyfae#0,https://cdn.discordapp.com/attachments/840535839138119680/1303881680582610965/image.png?ex=672e06b1&is=672cb531&hm=d948440b36684ed60ee35f0731e084de19573612aabd5f72d45aa6a120e2ca01&
"2024-11-07,01:40:23",kitter969,#0,w ana n7awzo,,
"2024-11-07,01:40:41",fancyfae,#0,Haha 😂 I see why,love.rias#0,
"2024-11-07,01:40:43",love.rias,#0,lmaaaaaaaaaaaaaaaaaaao,kitter969#0,
"2024-11-07,01:41:06",fancyfae,#0,Well <@1175876047863038122> I’m not rich,kitter969#0,
"2024-11-07,01:41:08",love.rias,#0,https://tenor.com/view/vince-mcmahon-vince-mcmahon-meme-vince-no-no-no-way-gif-7797789826061351147,fancyfae#0,
"2024-11-07,01:41:19",fancyfae,#0,I can’t afford nitro <:ALG_tehee:1171127337027391578>,,
"2024-11-07,01:41:21",raylo_bux,#0,not expensive ngl,love.rias#0,
"2024-11-07,01:41:23",kitter969,#0,aren't we all,fancyfae#0,
"2024-11-07,01:41:28",kitter969,#0,<:ALG_Sadge:1188883647772758106>,,
"2024-11-07,01:41:32",love.rias,#0,aya rabi m3ak,raylo_bux#0,
"2024-11-07,01:41:42",fancyfae,#0,<:ALG_Feelsbadman:1188998741663953027>,kitter969#0,
"2024-11-07,01:42:02",kitter969,#0,akboom ykherjna mel gher9a,,
"2024-11-07,01:42:05",fancyfae,#0,HHHHHHH Galeh not expensive,love.rias#0,
"2024-11-07,01:42:11",kitter969,#0,he is rich,,
"2024-11-07,01:42:37",fancyfae,#0,9 millions for a perfume is outrageous,,
"2024-11-07,01:42:50",kitter969,#0,bzf,,
"2024-11-07,01:42:55",love.rias,#0,"rah 7sb bli rh ychri fi vista tog3dlh 3 snin, m3lblhch bli 100 ml tkml f chhar w nos",fancyfae#0,
"2024-11-07,01:43:23",kitter969,#0,bro,,
"2024-11-07,01:43:27",fancyfae,#0,Ikrrr 😂 why would you throw 9 millions in a perfume,love.rias#0,
"2024-11-07,01:43:39",safwan_wilson,#0,,,
"2024-11-07,01:43:48",kitter969,#0,9 milion nchem menha i will never use it,,
"2024-11-07,01:44:07",love.rias,#0,if i had the money i'd even buy the 7k dior perfume just to flex,fancyfae#0,
"2024-11-07,01:44:37",love.rias,#0,n7tha dicor 😂,kitter969#0,
"2024-11-07,01:44:45",fancyfae,#0,Haha 😂 yeah that’s a different story I would buy a lot of stuff if I was rich,love.rias#0,
"2024-11-07,01:44:55",raylo_bux,#0,bsah en vrai hadik hia hnaya li problem,fancyfae#0,
"2024-11-07,01:45:09",kitter969,#0,if i had money neb9a fel dar ordering food,,
"2024-11-07,01:45:24",yassine_mhm,#0,https://tenor.com/view/league-of-legends-gragas-dance-gif-20737525,kitter969#0,
"2024-11-07,01:45:47",lb9999b,#0,https://tenor.com/view/kira-yoshikage-yoshikage-kira-jojo%27s-bizarre-adventure-bonjour-good-morning-gif-9764842377161520668,,
"2024-11-07,01:45:51",love.rias,#0,frrrrr like i'd even buy this 14M veneno,fancyfae#0,https://cdn.discordapp.com/attachments/840535839138119680/1303883081580675093/image.png?ex=672e07ff&is=672cb67f&hm=e2358c940dd7e5907b036db24422d6ed3b32f372053e16ab41d0a8e4d01ddec8&
"2024-11-07,01:45:51",lb9999b,#0,cc,,
"2024-11-07,01:45:53",fancyfae,#0,360€ is expensive for anyone that works a 9-5 job especially on a perfume,raylo_bux#0,
"2024-11-07,01:45:54",yassine_mhm,#0,9wed,lb9999b#0,
"2024-11-07,01:46:00",lb9999b,#0,bonjour,yassine_mhm#0,
"2024-11-07,01:46:02",kitter969,#0,i only like gaming and art,,
"2024-11-07,01:46:15",fancyfae,#0,Sexy,love.rias#0,
"2024-11-07,01:46:21",love.rias,#0,i wanna try this fr,kitter969#0,
"2024-11-07,01:46:48",kitter969,#0,kayn yassir,love.rias#0,
"2024-11-07,01:46:55",yassine_mhm,#0,https://tenor.com/view/mamidou-gif-10148586678545833909,lb9999b#0,
"2024-11-07,01:46:59",kitter969,#0,try it so fun,,
"2024-11-07,01:47:00",love.rias,#0,"ye u cant buy it, only 11 ever made",fancyfae#0,
"2024-11-07,01:47:12",fancyfae,#0,Yassir luxe,kitter969#0,
"2024-11-07,01:47:16",lb9999b,#0,da win nodt bs7,yassine_mhm#0,
"2024-11-07,01:47:25",lb9999b,#0,wa9t lvalo,,
"2024-11-07,01:47:31",love.rias,#0,mkach stockage f telephone 💀💀💀💀💀💀💀,kitter969#0,
"2024-11-07,01:47:39",yassine_mhm,#0,ewww,lb9999b#0,
"2024-11-07,01:47:39",tommy_j2nd,#0,,,https://cdn.discordapp.com/attachments/840535839138119680/1303883535228207165/FB_IMG_1730864741033.jpg?ex=672e086b&is=672cb6eb&hm=a1c8b132e225dbb405e41f343e3401f80e4130d2404347faa8920cf942e7c4f9&
"2024-11-07,01:47:40",kitter969,#0,u can order food and grocery,fancyfae#0,
"2024-11-07,01:48:05",fancyfae,#0,I think uber 3andhom a premium service for luxurious cars we need that on Yassir,,
"2024-11-07,01:48:10",lb9999b,#0,https://tenor.com/view/hop-on-hop-on-val-hop-on-valorant-gif-6648815533632003703,yassine_mhm#0,
"2024-11-07,01:48:36",kitter969,#0,rich thoughts,fancyfae#0,
"2024-11-07,01:48:38",fancyfae,#0,Yeah only mega rich businessmen can afford this,love.rias#0,
"2024-11-07,01:48:51",yassine_mhm,#0,9wed kho,lb9999b#0,
"2024-11-07,01:48:59",tommy_j2nd,#0,https://tenor.com/view/scpsl-scp-sl-scp-scp-sl-hop-on-scp-secret-lab-hop-on-gif-9841699717607994645,lb9999b#0,
"2024-11-07,01:49:01",kitter969,#0,👉👈🎀,,
"2024-11-07,01:49:24",lb9999b,#0,gay ban him,tommy_j2nd#0,
"2024-11-07,01:49:24",love.rias,#0,"alo slm
w3lykm slm tfdl
khsni lambo tdini llbaladiya ndf3 wra9i 
ok d9i9a brk",fancyfae#0,
"2024-11-07,01:49:26",fancyfae,#0,Haha 😂 I know I order food from there sometimes but it’s shit,kitter969#0,
"2024-11-07,01:49:31",fancyfae,#0,I prefer wajeez,,
"2024-11-07,01:49:51",tommy_j2nd,#0,"Ain't gay, I'm the most homophobic person ull ever meet in ur god damn life",lb9999b#0,
"2024-11-07,01:50:01",kitter969,#0,it depends on the place,fancyfae#0,
"2024-11-07,01:50:08",lb9999b,#0,chkon,tommy_j2nd#0,
"2024-11-07,01:50:11",fancyfae,#0,I need Rolls Royce,love.rias#0,
"2024-11-07,01:50:19",yassine_mhm,#0,https://tenor.com/view/league-of-legends-thumbs-up-league-of-legends-nice-emote-gif-25153461,tommy_j2nd#0,
"2024-11-07,01:50:20",love.rias,#0,"thats the thing they cant, cuz no one would sell it unless its a part of a big business deal",fancyfae#0,
"2024-11-07,01:50:23",fancyfae,#0,In Oran at least,kitter969#0,
"2024-11-07,01:50:28",love.rias,#0,i need a bentley,fancyfae#0,
"2024-11-07,01:50:29",raylo_bux,#0,9-5 lhih ?,fancyfae#0,
"2024-11-07,01:50:30",tommy_j2nd,#0,,lb9999b#0,https://cdn.discordapp.com/attachments/840535839138119680/1303884249899995226/FB_IMG_1730388444513.jpg?ex=672e0916&is=672cb796&hm=05e8d4eb1857ff60d6c9abe9834a9727fb5ee80e6948021775e545585f37a2ca&
"2024-11-07,01:50:56",tommy_j2nd,#0,I need a m3,love.rias#0,
"2024-11-07,01:51:10",tommy_j2nd,#0,,yassine_mhm#0,https://cdn.discordapp.com/attachments/840535839138119680/1303884417189679204/FB_IMG_1730864741033.jpg?ex=672e093e&is=672cb7be&hm=daf408be3f8a20e713ad76bd9a14330fbab02e6017036b69ef18b52ce4d40158&
"2024-11-07,01:51:18",love.rias,#0,<@1175876047863038122> dogs barking banger is on 🗣️🔥,kitter969#0,
"2024-11-07,01:51:27",love.rias,#0,i need a 208,tommy_j2nd#0,
"2024-11-07,01:51:31",fancyfae,#0,Yeah first of all they get shit ton of tax to pay they need to pay rent bills food clothes and a lot of things you think buying a 360€ perfume is on top of their priorities?,raylo_bux#0,
"2024-11-07,01:51:34",lb9999b,#0,https://tenor.com/view/louder-dr-max-goodwin-new-amsterdam-say-it-again-come-again-gif-14134884,tommy_j2nd#0,
"2024-11-07,01:51:35",kitter969,#0,💀,love.rias#0,
"2024-11-07,01:51:35",love.rias,#0,or ninja,,
"2024-11-07,01:51:37",lb9999b,#0,say it,,
"2024-11-07,01:51:46",kitter969,#0,bro speaking black,,
"2024-11-07,01:52:04",love.rias,#0,klab rhom ynb7o bra,kitter969#0,
"2024-11-07,01:52:10",fancyfae,#0,And dress like a chauffeur I wanna feel like a rich princess 😂,love.rias#0,
"2024-11-07,01:52:28",tommy_j2nd,#0,"Fr ngl I really want a white 208, with a sunroof",love.rias#0,
"2024-11-07,01:52:35",kitter969,#0,can't relate,love.rias#0,
"2024-11-07,01:52:39",kitter969,#0,XD,,
"2024-11-07,01:52:51",raylo_bux,#0,yea thats crazy,fancyfae#0,
"2024-11-07,01:52:58",love.rias,#0,"exactly what im aiming for, a personal everything",fancyfae#0,
"2024-11-07,01:53:04",tommy_j2nd,#0,"If u pay right, shit I'ma get my bike and pedal mena l Oran l3andek",fancyfae#0,
"2024-11-07,01:53:10",kitter969,#0,she is acting poor,fancyfae#0,
"2024-11-07,01:53:12",love.rias,#0,ur hood is developed,kitter969#0,
"2024-11-07,01:53:20",kitter969,#0,while she is rich princess,,
"2024-11-07,01:53:31",love.rias,#0,i just wanna drive,tommy_j2nd#0,
"2024-11-07,01:53:32",kitter969,#0,so Kardashian behavior,,
"2024-11-07,01:53:36",fancyfae,#0,You mean I’m acting rich because I’m not,kitter969#0,
"2024-11-07,01:53:49",fancyfae,#0,I wish,love.rias#0,
"2024-11-07,01:53:55",kitter969,#0,<:ALG_Sadge:1188883647772758106>,,
"2024-11-07,01:54:00",tommy_j2nd,#0,"Real asf, I don't even have a cdl",love.rias#0,
"2024-11-07,01:54:08",kitter969,#0,lets all be delusional,,
"2024-11-07,01:54:11",fancyfae,#0,Haha 😂 we’re imagining life if we were rich,tommy_j2nd#0,
"2024-11-07,01:54:16",fancyfae,#0,This is me being delulu,,
"2024-11-07,01:54:18",love.rias,#0,we wish*,fancyfae#0,
"2024-11-07,01:54:18",kitter969,#0,and act rich,,
"2024-11-07,01:54:30",fancyfae,#0,Exactly,love.rias#0,
"2024-11-07,01:54:40",love.rias,#0,i havent driven anything in 3 months im going insane,tommy_j2nd#0,
"2024-11-07,01:54:43",kitter969,#0,we r rich,love.rias#0,
"2024-11-07,01:54:53",tommy_j2nd,#0,"If u don't already know that's what every car guy does 😭, especially the ones who play car games u just can't help it",fancyfae#0,
"2024-11-07,01:54:56",love.rias,#0,https://tenor.com/view/cry-crying-stoic-boy-man-gif-5328464,fancyfae#0,
"2024-11-07,01:55:05",love.rias,#0,true true,kitter969#0,
"2024-11-07,01:55:09",tommy_j2nd,#0,I haven't driven anything in 19 years,love.rias#0,
"2024-11-07,01:55:15",love.rias,#0,3ndna lakhla9,kitter969#0,
"2024-11-07,01:55:17",fancyfae,#0,Forza players,tommy_j2nd#0,
"2024-11-07,01:55:26",tommy_j2nd,#0,,love.rias#0,https://cdn.discordapp.com/attachments/840535839138119680/1303885493066403860/FB_IMG_1730593111355.jpg?ex=672e0a3e&is=672cb8be&hm=11a87d5ba103841528baa481ac98bc03208a0800dccf97da9d5e85dbb14201e9&
"2024-11-07,01:55:27",love.rias,#0,fkym 19 stop capping,tommy_j2nd#0,
"2024-11-07,01:55:36",kitter969,#0,ana 3endi drahrm,love.rias#0,
"2024-11-07,01:55:39",love.rias,#0,😂😂😂😂,tommy_j2nd#0,
"2024-11-07,01:55:50",fancyfae,#0,That’s not very rich behavior,kitter969#0,
"2024-11-07,01:55:54",kitter969,#0,nar w ma te7re9homch,,
"2024-11-07,01:55:57",love.rias,#0,3ndna*,kitter969#0,
"2024-11-07,01:55:59",tommy_j2nd,#0,"Real, have u seen beamng players? That shit is more realistic than real life",fancyfae#0,
"2024-11-07,01:56:00",fancyfae,#0,Flexing is so new money,,
"2024-11-07,01:56:17",tommy_j2nd,#0,Well I'm 19 so put it together,love.rias#0,
"2024-11-07,01:56:22",fancyfae,#0,Oh no I haven’t,tommy_j2nd#0,
"2024-11-07,01:56:41",love.rias,#0,u havent driven anything ??????? like not even for 10 min ?  not even parking ?,tommy_j2nd#0,
"2024-11-07,01:56:41",m1k4eru,#0,,,
"2024-11-07,01:56:44",fancyfae,#0,Pablo Escobar,kitter969#0,
"2024-11-07,01:56:56",tommy_j2nd,#0,"U should, if ur a car person cause it's complicated asf",fancyfae#0,
"2024-11-07,01:57:06",kitter969,#0,no bcz they don't exist,fancyfae#0,
"2024-11-07,01:57:14",tommy_j2nd,#0,Like a couple minutes yee but it doesn't count,love.rias#0,
"2024-11-07,01:57:14",kitter969,#0,escobar pablo,,
"2024-11-07,01:57:19",tommy_j2nd,#0,I was 15,,
"2024-11-07,01:57:33",fancyfae,#0,I’ll check it out,tommy_j2nd#0,
"2024-11-07,01:57:49",tommy_j2nd,#0,Suree let me know ur thoughts,fancyfae#0,
"2024-11-07,01:57:50",fancyfae,#0,Money doesn’t exist yes it’s an illusion,kitter969#0,
"2024-11-07,01:58:04",love.rias,#0,"they r adidas in an audi
im loro piana in a porsche",fancyfae#0,
"2024-11-07,01:58:09",kitter969,#0,bro self loathing at 2 am is crazy,,
"2024-11-07,01:58:40",tommy_j2nd,#0,Me realizing that,fancyfae#0,https://cdn.discordapp.com/attachments/840535839138119680/1303886307386458162/FB_IMG_1730831987455.jpg?ex=672e0b00&is=672cb980&hm=71b6665cc2515709afb329e1f46d57badde8a0074ed19e4f2f96effa50f69174&
"2024-11-07,01:59:04",love.rias,#0,ohhhh u understand this too ?????????,fancyfae#0,
"2024-11-07,01:59:16",kitter969,#0,nigga u broke (echo effect slowly fading),,
"2024-11-07,01:59:51",fancyfae,#0,Yeaaa 😂 I studied economics,love.rias#0,
"2024-11-07,02:00:05",fancyfae,#0,Exactly,love.rias#0,
"2024-11-07,02:00:16",drako6,#0,mchi andrew tate 9alha hadka l3am,fancyfae#0,
"2024-11-07,02:00:46",tefouss.,#0,Slm,,
"2024-11-07,02:01:25",tommy_j2nd,#0,"Wait a goddamn minute, if money doesn't exist then how tf are these kids getting golf R's and golf GTI's and posting them selfies",kitter969#0,
"2024-11-07,02:01:38",deleted_user_911,#0,Slm,,
"2024-11-07,02:01:44",love.rias,#0,as in uni or on ur own,fancyfae#0,
"2024-11-07,02:01:47",tommy_j2nd,#0,I'm bieng tricked here,,
"2024-11-07,02:02:05",love.rias,#0,https://tenor.com/view/drifting-porsche-911-gt3-rs-gif-13866477248258567128,fancyfae#0,
"2024-11-07,02:02:08",_ego.0,#0,"Money is jus paper printed around the world, and capitalism gave it meaning, back in the day before money there was trading or gold but todays money wouldn’t have meaning if not for rich mfs and capitalism",,
"2024-11-07,02:02:13",deleted_user_911,#0,Location de voiture exists buddy,tommy_j2nd#0,
"2024-11-07,02:02:25",deleted_user_911,#0,Stfu,_ego.0#0,
"2024-11-07,02:02:37",love.rias,#0,agreed but not cuz of rich mfs,_ego.0#0,
"2024-11-07,02:03:04",_ego.0,#0,Ro7 طعطي,deleted_user_911#0,
"2024-11-07,02:03:11",tommy_j2nd,#0,But still I need 40 thousand 1 dollar bills to get a German sports sedan that I call now a goal,_ego.0#0,
"2024-11-07,02:03:20",fancyfae,#0,"Originally, money was backed by gold, meaning you could exchange paper money for a specific amount of gold. But as economies grew, there wasn’t enough gold to support all the money needed. So, governments switched to “fiat” money, which has value simply because the government says it does and people trust it.

If the government suddenly decided that the money was worth less, or even worthless, it would lose its value because, in reality, it’s just paper we all agree to use.",drako6#0,
"2024-11-07,02:03:31",fancyfae,#0,Uni,love.rias#0,
"2024-11-07,02:03:35",_ego.0,#0,It is,love.rias#0,
"2024-11-07,02:03:36",tommy_j2nd,#0,"Still some young ppl own it, without their rich parents",deleted_user_911#0,
"2024-11-07,02:03:37",deleted_user_911,#0,Zuffi arwahi netbawso w nensaw a79ad el madi,_ego.0#0,
"2024-11-07,02:03:51",deleted_user_911,#0,Nearly impossible,tommy_j2nd#0,
"2024-11-07,02:03:57",deleted_user_911,#0,Bla el 7ram ofc,,
"2024-11-07,02:04:04",tommy_j2nd,#0,I feel like I'm getting dumber,fancyfae#0,
"2024-11-07,02:04:13",_ego.0,#0,"Mnjich, nroh nrgd khirli",deleted_user_911#0,
"2024-11-07,02:04:19",kitter969,#0,money value based on trust,fancyfae#0,
"2024-11-07,02:04:25",love.rias,#0,im 90% sure u've read rich dad poor dad,fancyfae#0,
"2024-11-07,02:04:26",fancyfae,#0,Yes,kitter969#0,
"2024-11-07,02:04:32",deleted_user_911,#0,Aji aji 3labali thabini,_ego.0#0,
"2024-11-07,02:04:34",love.rias,#0,hmmm,_ego.0#0,
"2024-11-07,02:04:37",deleted_user_911,#0,<:ALG_tehee:1171127337027391578>,,
"2024-11-07,02:04:45",love.rias,#0,kinda,kitter969#0,
"2024-11-07,02:04:47",kitter969,#0,its not problem though,fancyfae#0,
"2024-11-07,02:04:52",_ego.0,#0,Nn nhab <@800807519713886218>,love.rias#0、deleted_user_911#0,
"2024-11-07,02:05:05",kitter969,#0,even gold is worthless,,
"2024-11-07,02:05:05",tommy_j2nd,#0,"I don't think that's the case, I see some young ppl do stuf like trading and shit and they end up with decent cars at young ages",deleted_user_911#0,
"2024-11-07,02:05:06",deleted_user_911,#0,😯😯😮😮😮,_ego.0#0,
"2024-11-07,02:05:13",drako6,#0,it exit u gotta understand how it works,fancyfae#0,
"2024-11-07,02:05:22",deleted_user_911,#0,Kten 3ando vwatur yek,,
"2024-11-07,02:05:24",fancyfae,#0,I was actually a student in the supreme school of economics or whatever it’s called and I got this info from there,love.rias#0,
"2024-11-07,02:05:25",deleted_user_911,#0,Loto,,
"2024-11-07,02:05:32",deleted_user_911,#0,😞😞,,
"2024-11-07,02:05:50",fancyfae,#0,I didn’t actually I only read fiction,love.rias#0,
"2024-11-07,02:05:53",tommy_j2nd,#0,U still in school now?,fancyfae#0,
"2024-11-07,02:05:57",kitter969,#0,the point of money to do quick exchange in most efficient way,,
"2024-11-07,02:05:59",fancyfae,#0,No,tommy_j2nd#0,
"2024-11-07,02:06:03",deleted_user_911,#0,Trading ta3 sa7 yebda fog 10k$,tommy_j2nd#0,
"2024-11-07,02:06:12",tommy_j2nd,#0,Ur old now huh,fancyfae#0,
"2024-11-07,02:06:12",deleted_user_911,#0,Aka 230melyon,,
"2024-11-07,02:06:23",fancyfae,#0,No it isn’t for now,kitter969#0,
"2024-11-07,02:06:24",_ego.0,#0,Back when ppl ate and drank in gold plates and cups coz gold was so bayar,kitter969#0,
"2024-11-07,02:06:33",fancyfae,#0,Yeah,tommy_j2nd#0,
"2024-11-07,02:06:40",_ego.0,#0,10k is nothing,deleted_user_911#0,
"2024-11-07,02:06:43",love.rias,#0,well i got mine from idk tbh i just search and look around and try to understand,fancyfae#0,
"2024-11-07,02:06:56",love.rias,#0,damn i dont read fiction,fancyfae#0,
"2024-11-07,02:06:59",tommy_j2nd,#0,So ur saying all of these young guys who drive nice cars are doing (7ram ) only to afford it at such age?,deleted_user_911#0,
"2024-11-07,02:07:04",deleted_user_911,#0,3labali bb 3andek kter jss ☺️,_ego.0#0,
"2024-11-07,02:07:07",kitter969,#0,problem of money is when u can make a lot of it,fancyfae#0,
"2024-11-07,02:07:14",deleted_user_911,#0,(medili mesrof UwU),,
"2024-11-07,02:07:20",tommy_j2nd,#0,"How is that back doing, I'm scared",fancyfae#0,
"2024-11-07,02:07:30",fancyfae,#0,That’s a whole different problem,kitter969#0,
"2024-11-07,02:07:33",kitter969,#0,that's why crypto currency is a thing,,
"2024-11-07,02:07:43",tommy_j2nd,#0,What makes u say that with confidence,_ego.0#0,
"2024-11-07,02:07:43",fancyfae,#0,Nicee,love.rias#0,
"2024-11-07,02:07:51",fancyfae,#0,I do a lot,love.rias#0,
"2024-11-07,02:07:57",deleted_user_911,#0,I'm saying impossible wahad bda m 0 bla mayda3moh waldih yjib nice car kima série 7 wla,tommy_j2nd#0,
"2024-11-07,02:08:18",tommy_j2nd,#0,True yee,deleted_user_911#0,
"2024-11-07,02:08:24",tommy_j2nd,#0,So I'm fucked,,
"2024-11-07,02:08:35",kitter969,#0,the currency lost it trust when ppl consider it not valuable,,
"2024-11-07,02:08:40",drako6,#0,theres some ways bruv,deleted_user_911#0,
"2024-11-07,02:08:46",drako6,#0,surf the web,,
"2024-11-07,02:08:58",tommy_j2nd,#0,That's what I'm saying,drako6#0,
"2024-11-07,02:08:58",deleted_user_911,#0,99% of them hram,drako6#0,
"2024-11-07,02:09:07",deleted_user_911,#0,Ur not,tommy_j2nd#0,
"2024-11-07,02:09:11",deleted_user_911,#0,Te9der tosel,,
"2024-11-07,02:09:21",deleted_user_911,#0,Berk it'll take u double the time,,
"2024-11-07,02:09:26",tommy_j2nd,#0,"Not all there is what u might call luck IG, some ppl found good paying jobs",deleted_user_911#0,
"2024-11-07,02:09:26",drako6,#0,"that 1% is 100,000 way",deleted_user_911#0,
"2024-11-07,02:09:30",deleted_user_911,#0,Mkch shortcuts sadly,,
"2024-11-07,02:09:40",fancyfae,#0,"Fiat money works because of trust in the government and economy. The government issues paper money and declares it “legal tender,” meaning it must be accepted for goods and services. Even though it’s just paper (or digital numbers in bank accounts), it has value because people believe it will hold its worth and can be used for purchases.

Banks, businesses, and individuals accept fiat money because they trust that others will accept it, too. As long as the government is stable and the economy is functioning well, people continue to trust and use the currency. This trust allows the economy to run smoothly, enabling everyone to trade and invest without needing to rely on physical commodities like gold.",drako6#0,
"2024-11-07,02:09:49",love.rias,#0,to each their taste i guess (idk how to write it u get it my brain is fried),fancyfae#0,
"2024-11-07,02:09:53",kitter969,#0,tbh it's non of ur business u just use money and turn into materials u don't care abt it,,
"2024-11-07,02:09:53",tommy_j2nd,#0,Yee well I can't see nothing atm,deleted_user_911#0,
"2024-11-07,02:10:10",fancyfae,#0,"As long as the economy is stable and people trust the money, it holds its value, even though it’s not backed by gold or anything physical. This trust is what keeps the money system going.",kitter969#0,
"2024-11-07,02:10:15",deleted_user_911,#0,"Real.
F sonatrak kayan wahd el job hna f blida ytafi do mara f nhar w ycha3lo mara f lil",tommy_j2nd#0,
"2024-11-07,02:10:21",tommy_j2nd,#0,Lmaoo some retard here actually said 10k is nothing <:ALG_kekw:852170231673782332>,,
"2024-11-07,02:10:26",fancyfae,#0,Yeah ofc,love.rias#0,
"2024-11-07,02:10:30",_ego.0,#0,"I’m telling u 10K is nothing, u could get that working a basic job, like trade a 50k+",deleted_user_911#0,
"2024-11-07,02:10:33",deleted_user_911,#0,Hbibna yokhles melyar w 200melyon f chhar..,,
"2024-11-07,02:10:45",deleted_user_911,#0,Bro isn't even algerian..,,
"2024-11-07,02:10:48",mike.tsu_x,#0,.,,
"2024-11-07,02:10:55",tommy_j2nd,#0,Yee well bla ma3rifa wlh mak dakhalha,deleted_user_911#0,
"2024-11-07,02:10:57",drako6,#0,250million wch dir biha,tommy_j2nd#0,
"2024-11-07,02:11:09",deleted_user_911,#0,Chinwi lmao,tommy_j2nd#0,
"2024-11-07,02:11:18",headhunterz999,#0,n7reg  biha,drako6#0,
"2024-11-07,02:11:26",deleted_user_911,#0,10k t3ayachni 3y ana...,_ego.0#0,
"2024-11-07,02:11:30",drako6,#0,emchi,headhunterz999#0,
"2024-11-07,02:11:32",kitter969,#0,that's the whole idea gold was just a currency too,fancyfae#0,
"2024-11-07,02:11:41",tommy_j2nd,#0,Saying that with such confidence it's like u make that in a day 😭,_ego.0#0,
"2024-11-07,02:11:44",love.rias,#0,it is nothing,tommy_j2nd#0,
"2024-11-07,02:11:52",_ego.0,#0,<a:ALG_Lmfao:822067665786503218>,deleted_user_911#0,
"2024-11-07,02:11:55",drako6,#0,depends on whos getting the 10k xd,_ego.0#0,
"2024-11-07,02:12:05",tommy_j2nd,#0,"Wlh, hadik ndakhalha f nhar ana mach 7aja",drako6#0,
"2024-11-07,02:12:06",kitter969,#0,ppl just think it's conspiracy,,
"2024-11-07,02:12:18",fancyfae,#0,Gold is different it’s value will never go,kitter969#0,
"2024-11-07,02:12:34",deleted_user_911,#0,Nvm khoft ydiroli capture,,
"2024-11-07,02:12:36",kitter969,#0,rocks,fancyfae#0,
"2024-11-07,02:12:39",deleted_user_911,#0,,,
"2024-11-07,02:12:45",tommy_j2nd,#0,"Lmaooo, 3andi diplom yo9der ykhadamni f sonatrak mais makanch plaça <:ALG_kekw:852170231673782332>",deleted_user_911#0,
"2024-11-07,02:12:53",headhunterz999,#0,"10k is nothing 
mdili 1k brk",_ego.0#0,
"2024-11-07,02:13:11",fancyfae,#0,It is something that will always have value,kitter969#0,
"2024-11-07,02:13:16",tommy_j2nd,#0,Ok how much do u make a year good sir?,love.rias#0,
"2024-11-07,02:13:23",deleted_user_911,#0,Dok ngolek l khali li gali ki kan fi omri 10y ki tekber ndakhlek tekhdem f sonatrak ydabarlek placa(ana w madabarlich),tommy_j2nd#0,
"2024-11-07,02:13:29",drako6,#0,gold is just perfect,fancyfae#0,
"2024-11-07,02:13:29",kitter969,#0,<:ALG_Sadge:1188883647772758106>,fancyfae#0,
"2024-11-07,02:13:36",kitter969,#0,i get it,,
"2024-11-07,02:13:39",drako6,#0,kyn bzf w mkch bzf hhh,,
"2024-11-07,02:13:46",love.rias,#0,-3k,tommy_j2nd#0,
"2024-11-07,02:13:54",tommy_j2nd,#0,yee Gooduck with that <:ALG_OMEGALUL:842607487098421248>,deleted_user_911#0,
"2024-11-07,02:14:01",kitter969,#0,stop repeating it,,
"2024-11-07,02:14:04",fancyfae,#0,Haha 😂 yeah a lot but not enough at the same time,drako6#0,
"2024-11-07,02:14:04",deleted_user_911,#0,Dayyum bzef,love.rias#0,
"2024-11-07,02:14:06",kitter969,#0,<:ALG_Sadge:1188883647772758106>,,
"2024-11-07,02:14:09",kuro_hana,#0,<:ALG_djibess:822135349215756298>,,
"2024-11-07,02:14:09",deleted_user_911,#0,Mrefah,,
"2024-11-07,02:14:12",tommy_j2nd,#0,"Lmaooo, then 10 k is nothing to u <:ALG_kekw:852170231673782332>",love.rias#0,
"2024-11-07,02:14:21",_ego.0,#0,Nmdlk <a:ALG_Lmfao:822067665786503218>,headhunterz999#0,
"2024-11-07,02:14:25",fancyfae,#0,<:ALG_NOOO:1044681745372545026>,kitter969#0,
"2024-11-07,02:14:30",deleted_user_911,#0,<:ALG_OMEGALUL:842607487098421248>,tommy_j2nd#0,
"2024-11-07,02:14:44",kitter969,#0,w ana,_ego.0#0,
"2024-11-07,02:15:01",fancyfae,#0,Medili ana bb,_ego.0#0,
"2024-11-07,02:15:04",kitter969,#0,1k usd,,
"2024-11-07,02:15:07",deleted_user_911,#0,100da lel réponse merci de rien,kuro_hana#0,
"2024-11-07,02:15:16",love.rias,#0,if u had 10k what would u do,tommy_j2nd#0,
"2024-11-07,02:15:21",love.rias,#0,https://tenor.com/view/gentleman-giga-chad-sigma-male-gif-25702945,deleted_user_911#0,
"2024-11-07,02:15:28",tommy_j2nd,#0,Leave this hell hole,love.rias#0,
"2024-11-07,02:15:30",fancyfae,#0,Business bayna,,
"2024-11-07,02:15:33",kuro_hana,#0,No prob,deleted_user_911#0,
"2024-11-07,02:15:40",kitter969,#0,buy car,love.rias#0,
"2024-11-07,02:15:48",fancyfae,#0,Bel 3aks,tommy_j2nd#0,
"2024-11-07,02:15:54",_ego.0,#0,Nta tani,kitter969#0,
"2024-11-07,02:15:55",kitter969,#0,ndir accident biha,,
"2024-11-07,02:16:01",deleted_user_911,#0,Wch rayak f 30.000da f chhar b khedma m 8-4 🫦🫦,love.rias#0,
"2024-11-07,02:16:02",fancyfae,#0,You stay here and grow it,,
"2024-11-07,02:16:02",tommy_j2nd,#0,What car? U do t even have money for gas,kitter969#0,
"2024-11-07,02:16:07",drako6,#0,invest it,love.rias#0,
"2024-11-07,02:16:09",_ego.0,#0,Nti n3tik kolch,fancyfae#0,
"2024-11-07,02:16:20",fancyfae,#0,https://tenor.com/view/peach-and-goma-gif-16302490032000255283,_ego.0#0,
"2024-11-07,02:16:21",kitter969,#0,Mercedes evo,tommy_j2nd#0,
"2024-11-07,02:16:26",_ego.0,#0,Euro rah ghali 3la usd nn,kitter969#0,
"2024-11-07,02:16:32",fancyfae,#0,Exactly and in Algeria,drako6#0,
"2024-11-07,02:16:36",_ego.0,#0,,fancyfae#0,
"2024-11-07,02:16:37",tommy_j2nd,#0,"Wchu mean, hnaya jik 230 million I know it's a good amount but I'm leaving with it",fancyfae#0,
"2024-11-07,02:16:53",tommy_j2nd,#0,,kitter969#0,https://cdn.discordapp.com/attachments/840535839138119680/1303890890921873449/FB_IMG_1730593096234.jpg?ex=672e0f45&is=672cbdc5&hm=1ad22ae2ac379ada2c49c2d245a4fbb844d979a3b6c624e63b654a2565360779&
"2024-11-07,02:17:01",kitter969,#0,https://tenor.com/view/190e-merc-mercedes-benz-mafia-gif-25978060,,
"2024-11-07,02:17:05",fancyfae,#0,You can do something with that money,tommy_j2nd#0,
"2024-11-07,02:17:08",deleted_user_911,#0,Khalsini hasba rana n7albo batal wa9il,kuro_hana#0,
"2024-11-07,02:17:09",kitter969,#0,nechri hadi,,
"2024-11-07,02:17:15",love.rias,#0,good thinking but ida kont lhih w 3ndk 10k wch dir,tommy_j2nd#0,
"2024-11-07,02:17:17",deleted_user_911,#0,Atini dimil ta3i,,
"2024-11-07,02:17:17",tommy_j2nd,#0,U know how? Cuz I don't so why would I,drako6#0,
"2024-11-07,02:17:31",love.rias,#0,t3jbni but nah,kitter969#0,
"2024-11-07,02:17:31",kitter969,#0,w ndir accident biha,,
"2024-11-07,02:17:42",deleted_user_911,#0,In what exactly,fancyfae#0,
"2024-11-07,02:17:42",kuro_hana,#0,No thanks,deleted_user_911#0,
"2024-11-07,02:17:47",tommy_j2nd,#0,If I was living abroad? Car for sure,love.rias#0,
"2024-11-07,02:17:47",love.rias,#0,m3lich nkhdm,deleted_user_911#0,
"2024-11-07,02:17:55",love.rias,#0,in what,drako6#0,
"2024-11-07,02:17:55",tommy_j2nd,#0,Or bike,,
"2024-11-07,02:18:03",tommy_j2nd,#0,Like a R7 ughhh,,
"2024-11-07,02:18:05",drako6,#0,u dont have to make an idea just bring one that its not here in DZ mn 1st world countries xd,tommy_j2nd#0,
"2024-11-07,02:18:05",fancyfae,#0,Fast food chain,deleted_user_911#0,
"2024-11-07,02:18:07",deleted_user_911,#0,Li9a2ona fil ma7kama,kuro_hana#0,
"2024-11-07,02:18:13",love.rias,#0,but can u afford it,tommy_j2nd#0,
"2024-11-07,02:18:24",deleted_user_911,#0,🤤🤤,tommy_j2nd#0,
"2024-11-07,02:18:28",kitter969,#0,just buy a car,,
"2024-11-07,02:18:30",deleted_user_911,#0,Wch hadi,fancyfae#0,
"2024-11-07,02:18:43",kitter969,#0,mkanch investments fel dzair,,
"2024-11-07,02:18:47",kuro_hana,#0,,deleted_user_911#0,https://cdn.discordapp.com/attachments/840535839138119680/1303891367503859772/image0.gif?ex=672e0fb7&is=672cbe37&hm=ce8a069871af2c978143ff079f37b99ef60210073cba63682af6110ac6aa65d6&
"2024-11-07,02:18:48",tommy_j2nd,#0,"Yee but I don't think 10k would be enough, it's a good idea but I would leave cuz it's easier",drako6#0,
"2024-11-07,02:18:52",kitter969,#0,most investors end with debt,,
"2024-11-07,02:18:58",fancyfae,#0,Dakhal une marque makaynach hna Kima moul kfc dar,deleted_user_911#0,
"2024-11-07,02:19:19",deleted_user_911,#0,Za3ma mkawva rohek ana attorney khti,kuro_hana#0,
"2024-11-07,02:19:20",kitter969,#0,best thing diro fel dzair is buying car,,
"2024-11-07,02:19:22",drako6,#0,bunch of hookers and cocaine,kitter969#0,
"2024-11-07,02:19:23",tommy_j2nd,#0,"Depends lol, i could need it to upgrade a car that I already have who knows",love.rias#0,
"2024-11-07,02:19:30",fancyfae,#0,Kayne bezzef swaleh mazel madakhlouch 3andna,,
"2024-11-07,02:19:36",tommy_j2nd,#0,,deleted_user_911#0,https://cdn.discordapp.com/attachments/840535839138119680/1303891574190637137/FB_IMG_1730864741033.jpg?ex=672e0fe8&is=672cbe68&hm=f2402b9b38e6132a368dbaf72343e39bf1ff312579a2dd5d2f70cb120ede0f54&
"2024-11-07,02:19:46",deleted_user_911,#0,Ana na3ref ghir nbi3 f twabal brk,fancyfae#0,
"2024-11-07,02:19:46",kitter969,#0,hada 3k li tb9ali,drako6#0,
"2024-11-07,02:19:57",drako6,#0,u into cars ?,tommy_j2nd#0,
"2024-11-07,02:20:07",tommy_j2nd,#0,Ngl it's pethatic when u think about it,fancyfae#0,
"2024-11-07,02:20:10",fancyfae,#0,What do you sell,deleted_user_911#0,
"2024-11-07,02:20:11",deleted_user_911,#0,AYA LINA SERWAL B 100 MIL AYA AYA,,
"2024-11-07,02:20:11",tommy_j2nd,#0,Alot,drako6#0,
"2024-11-07,02:20:17",kitter969,#0,nesrefhom 3la nsssa mssaken,,
"2024-11-07,02:20:19",deleted_user_911,#0,SEL3AT LYOM MCHI KOLYOM,,
"2024-11-07,02:20:28",drako6,#0,buy junk cars work on them and sell them,tommy_j2nd#0,
"2024-11-07,02:20:29",fancyfae,#0,Yeah,tommy_j2nd#0,
"2024-11-07,02:20:32",kitter969,#0,ye7tajo drahem,,
"2024-11-07,02:20:35",deleted_user_911,#0,(mkch menha nbi3 same thing kolyom),,
"2024-11-07,02:20:36",kuro_hana,#0,,deleted_user_911#0,
"2024-11-07,02:20:42",fancyfae,#0,Ana na7taj,kitter969#0,
"2024-11-07,02:20:55",deleted_user_911,#0,Nbi3 hwayaj,fancyfae#0,
"2024-11-07,02:21:00",deleted_user_911,#0,Pyjamas,,
"2024-11-07,02:21:06",deleted_user_911,#0,Ta3 nmer,,
"2024-11-07,02:21:10",deleted_user_911,#0,🫦,,
"2024-11-07,02:21:12",tommy_j2nd,#0,That why I want to live abroad lmaoo I know I would make a ton off money from this alone sins I know all about them and I know how to work on them,drako6#0,
"2024-11-07,02:21:16",kitter969,#0,hypothetically nesref 3elik,fancyfae#0,
"2024-11-07,02:21:19",fancyfae,#0,You lost me at nmer,deleted_user_911#0,
"2024-11-07,02:21:26",deleted_user_911,#0,Ayay nbi3lek fifi,,
"2024-11-07,02:21:32",deleted_user_911,#0,Ndirlek soma hbal,,
"2024-11-07,02:21:33",love.rias,#0,well than 10k isnt enough,tommy_j2nd#0,
"2024-11-07,02:21:36",deleted_user_911,#0,99alaf brk,,
"2024-11-07,02:21:42",fancyfae,#0,Kayna,kitter969#0,
"2024-11-07,02:21:44",drako6,#0,dok khsk ghi 10k hhh,tommy_j2nd#0,
"2024-11-07,02:21:53",fancyfae,#0,https://tenor.com/view/nope-no-way-gif-24547692,deleted_user_911#0,
"2024-11-07,02:22:12",deleted_user_911,#0,3limen m3awla teserfihom ghir el khir,fancyfae#0,
"2024-11-07,02:22:19",tommy_j2nd,#0,"It is lmaoo u can literally buy a car from copart for like 500 buks if not less, fix it and sell it for more",love.rias#0,
"2024-11-07,02:22:27",kitter969,#0,using phone is annoying,,
"2024-11-07,02:22:36",kitter969,#0,aya goodnight,,
"2024-11-07,02:22:43",tommy_j2nd,#0,"Ih hhhh, this nchlh",drako6#0,
"2024-11-07,02:22:55",kitter969,#0,ra7 td ghedwa,,
"2024-11-07,02:23:02",kitter969,#0,li 9ra 9ra bekri,,
"2024-11-07,02:24:12",love.rias,#0,in order for u to buy a 500 bucks u gotta have something that makes u that 500 without working on it,tommy_j2nd#0,
"2024-11-07,02:24:40",love.rias,#0,"if u need x u need y
x = y - work",,
"2024-11-07,02:24:48",tommy_j2nd,#0,"Obv, a job? Have u heard of that?",love.rias#0,
"2024-11-07,02:25:13",fancyfae,#0,3la ro7i,deleted_user_911#0,
"2024-11-07,02:25:17",love.rias,#0,well u r paying with ur time and money and taxes come in,tommy_j2nd#0,
"2024-11-07,02:25:37",love.rias,#0,u r pretty much making ur financial position harder,,
"2024-11-07,02:25:40",deleted_user_911,#0,Haka nhabak,fancyfae#0,
"2024-11-07,02:25:51",deleted_user_911,#0,<a:goodgirl:1210748176282427423>,,
"2024-11-07,02:25:58",love.rias,#0,<@560921773949059075>explain cuz i cant,fancyfae#0,
"2024-11-07,02:26:45",edwardkenwayy,#0,Clondalkin wbu?,lasdrugasxd._#0,
"2024-11-07,02:26:54",tommy_j2nd,#0,Not really u can literally work on it in ur free time and still fix it up quick it's not like ur doing a whole rebuild,love.rias#0,
"2024-11-07,02:26:59",tommy_j2nd,#0,Trust,,
"2024-11-07,02:27:26",tommy_j2nd,#0,"Where is that, Disney world?",edwardkenwayy#0,
"2024-11-07,02:27:40",love.rias,#0,u r talking car terms bruv i feel u but im talking on a general idea,tommy_j2nd#0,
"2024-11-07,02:27:41",edwardkenwayy,#0,Nn f chlef,tommy_j2nd#0,
"2024-11-07,02:27:58",love.rias,#0,u gotta know the diff between liabilities and assets,,
"2024-11-07,02:28:02",tommy_j2nd,#0,3lah takdab 3lia <:ALG_OMEGALUL:842607487098421248>,edwardkenwayy#0,
"2024-11-07,02:28:10",drako6,#0,HHHHHHHHHHHHH,edwardkenwayy#0,
"2024-11-07,02:28:18",edwardkenwayy,#0,Dsl,tommy_j2nd#0,
"2024-11-07,02:28:27",tommy_j2nd,#0,Yee I watch plenty off ppl who make money doing it it's not hard,love.rias#0,
"2024-11-07,02:28:55",love.rias,#0,ik ik but u have to understand how money works,tommy_j2nd#0,
"2024-11-07,02:28:56",tommy_j2nd,#0,,edwardkenwayy#0,https://cdn.discordapp.com/attachments/840535839138119680/1303893921872609290/FB_IMG_1730689356325.jpg?ex=672e1218&is=672cc098&hm=a26e2dee9f609339784e518867855d7a503c7f8535b8cb5a03e028a79deba8d3&
"2024-11-07,02:29:03",love.rias,#0,<@1199088520938139751>,tommy_j2nd#0,
"2024-11-07,02:29:04",drako6,#0,how old u is,tommy_j2nd#0,
"2024-11-07,02:29:09",tommy_j2nd,#0,What's ur idea,love.rias#0,
"2024-11-07,02:29:12",tommy_j2nd,#0,19,drako6#0,
"2024-11-07,02:29:24",drako6,#0,lah ybark,tommy_j2nd#0,
"2024-11-07,02:29:27",love.rias,#0,on how money works?,tommy_j2nd#0,
"2024-11-07,02:29:29",yasin0172,#0,bro is speaking ghetto english,drako6#0,
"2024-11-07,02:29:49",kuro_hana,#0,,,
"2024-11-07,02:29:51",drako6,#0,who u is,yasin0172#0,
"2024-11-07,02:30:11",love.rias,#0,fk u is dawg*,drako6#0,
"2024-11-07,02:30:18",yasin0172,#0,who are you,drako6#0,
"2024-11-07,02:30:21",deleted_user_911,#0,,,https://cdn.discordapp.com/attachments/840535839138119680/1303894279520784426/VID_21930130_142534_342.mp4?ex=672e126d&is=672cc0ed&hm=cc14e45b76db003c631be2458664b731c494ea1367418908ffb528dfa67213cc&
"2024-11-07,02:30:45",edwardkenwayy,#0,Smash tbh,deleted_user_911#0,
"2024-11-07,02:30:56",yasin0172,#0,drake would love this,deleted_user_911#0,
"2024-11-07,02:31:10",kuro_hana,#0,Diddy too,,
"2024-11-07,02:31:27",deleted_user_911,#0,Mini smash,edwardkenwayy#0,
"2024-11-07,02:31:32",deleted_user_911,#0,Half smash,,
"2024-11-07,02:31:47",fancyfae,#0,Oh where,love.rias#0,
"2024-11-07,02:32:14",tommy_j2nd,#0,,deleted_user_911#0,https://cdn.discordapp.com/attachments/840535839138119680/1303894752290406451/FB_IMG_1730831987455.jpg?ex=672e12de&is=672cc15e&hm=3b46a517abd3fb9dffde10733c590e0779e8b793039f43a1da1139602046a7f6&
"2024-11-07,02:32:22",deleted_user_911,#0,Prq nti royal friends wana nn,kuro_hana#0,
"2024-11-07,02:32:26",deleted_user_911,#0,😞,,
"2024-11-07,02:32:27",tommy_j2nd,#0,Ybarek feomrek hbb,drako6#0,
"2024-11-07,02:32:36",tommy_j2nd,#0,Ye,love.rias#0,
"2024-11-07,02:32:38",love.rias,#0,,fancyfae#0,https://cdn.discordapp.com/attachments/840535839138119680/1303894853918130306/image.png?ex=672e12f6&is=672cc176&hm=e883845f0d91795d47ed80f6d94f3ef03723de96d324a2946f5c18923fabd7ef&
"2024-11-07,02:32:54",love.rias,#0,money doesnt buy,tommy_j2nd#0,
"2024-11-07,02:33:06",love.rias,#0,cash flow does,,
"2024-11-07,02:34:11",kuro_hana,#0,What's with that,deleted_user_911#0,
"2024-11-07,02:34:21",tommy_j2nd,#0,Wdym exactly,love.rias#0,
"2024-11-07,02:34:36",deleted_user_911,#0,Deja nti khadra,kuro_hana#0,
"2024-11-07,02:34:43",deleted_user_911,#0,A3e9,,
"2024-11-07,02:34:57",kuro_hana,#0,And ._.,deleted_user_911#0,
"2024-11-07,02:35:08",deleted_user_911,#0,Ugly,kuro_hana#0,
"2024-11-07,02:36:11",kuro_hana,#0,,,
"2024-11-07,02:38:30",azsskay,#0,hana,,
"2024-11-07,02:39:35",faker_47,#0,https://tenor.com/view/naruto-naruto-opening-blue-bird-naruto-blue-bird-fall-gif-20353824,,
"2024-11-07,02:39:52",deleted_user_911,#0,,kuro_hana#0,
"2024-11-07,02:40:27",kuro_hana,#0,Yeah?,azsskay#0,
"2024-11-07,02:41:13",azsskay,#0,knt r7 ns9si but khls ansay,kuro_hana#0,
"2024-11-07,02:42:08",kuro_hana,#0,Alright,azsskay#0,
"2024-11-07,02:43:01",edwardkenwayy,#0,,,
"2024-11-07,02:43:05",tommy_j2nd,#0,<@1057616440758390855> thoughts?,aminessss_ch#0,
"2024-11-07,02:43:31",tommy_j2nd,#0,Bro feeling lonely up in chlef,edwardkenwayy#0,
"2024-11-07,02:43:38",tommy_j2nd,#0,Or Disney world,,
"2024-11-07,02:44:19",edwardkenwayy,#0,Bro spitting facts,tommy_j2nd#0,
"2024-11-07,02:44:40",edwardkenwayy,#0,,,
"2024-11-07,02:45:29",feriel.kz_89145,#0,me me me :3,edwardkenwayy#0,
"2024-11-07,02:46:10",edwardkenwayy,#0,https://tenor.com/view/ruby-ruby-hoshino-headpat-anime-oshi-no-ko-gif-1213440811594490886,feriel.kz_89145#0,
"2024-11-07,02:47:31",tommy_j2nd,#0,I feel ya,edwardkenwayy#0,
"2024-11-07,02:47:40",tommy_j2nd,#0,,,https://cdn.discordapp.com/attachments/840535839138119680/1303898638736425065/FB_IMG_1730593104934.jpg?ex=672e167c&is=672cc4fc&hm=3b830f77ef5fda9064a935940cb6d812c554c61b3f1f27ff0705e54506b59c44&
"2024-11-07,02:47:51",tommy_j2nd,#0,Tf did I just witnessed,edwardkenwayy#0,
"2024-11-07,02:48:01",tommy_j2nd,#0,,,https://cdn.discordapp.com/attachments/840535839138119680/1303898726716407848/FB_IMG_1730429171835.jpg?ex=672e1691&is=672cc511&hm=24084d8885bebddb0f2acf1fbf41770ec9426fcca3f55723486ba407809bc64f&
"2024-11-07,02:49:42",edwardkenwayy,#0,Just me and my wife having a normal convo wdym,tommy_j2nd#0,
"2024-11-07,02:50:04",tommy_j2nd,#0,That's a dude <:ALG_kekw:852170231673782332>,edwardkenwayy#0,
"2024-11-07,02:53:29",edwardkenwayy,#0,Its not,tommy_j2nd#0,
"2024-11-07,03:13:55",novexlhbb,#0,?warn 1197682531013763113 mtty7sh fl background astrjl,,
"2024-11-07,03:14:01",tommy_j2nd,#0,I'm pretty sure he is I remember him,edwardkenwayy#0,
"2024-11-07,03:14:01",novexlhbb,#0,wrong chat,,
"2024-11-07,03:14:23",tommy_j2nd,#0,,novexlhbb#0,https://cdn.discordapp.com/attachments/840535839138119680/1303905361241178243/FB_IMG_1730388444513.jpg?ex=672e1cbf&is=672ccb3f&hm=7a922454b81bac388dd130ff6e166eed1a5feb83bca2f819696a7aa1a1fd06b7&
"2024-11-07,03:18:26",tommy_j2nd,#0,https://tenor.com/view/2017x-2017x-rizz-hit-single-hit-single-sonic2017x-rizz-licking-lips-gif-11652327508459589829,,
"2024-11-07,03:18:34",novexlhbb,#0,https://tenor.com/view/diagnosis-brainless-doctor-gif-5940357470164555982,,
"2024-11-07,03:18:51",tommy_j2nd,#0,,novexlhbb#0,https://cdn.discordapp.com/attachments/840535839138119680/1303906483884396564/FB_IMG_1730864741033.jpg?ex=672e1dcb&is=672ccc4b&hm=79421397035fd0e0e8aef4454b3a02bf0baf3d7730f9eaac288011b2b1697b32&
"2024-11-07,03:19:08",novexlhbb,#0,https://tenor.com/view/cartoons-fox-poor-gif-10729250,tommy_j2nd#0,
"2024-11-07,03:19:40",tommy_j2nd,#0,https://tenor.com/view/tantrum-kicking-gif-23507491,novexlhbb#0,
"2024-11-07,04:09:48",scarecrow1378,#0,<@652595057227989002> arwh,habibhmz#0,
"2024-11-07,04:10:01",habibhmz,#0,D9i9a,scarecrow1378#0,
"2024-11-07,04:10:12",scarecrow1378,#0,Ok,,
"2024-11-07,04:56:55",aaamethysttt,#0,,,
"2024-11-07,04:57:47",drako6,#0,https://tenor.com/view/vibing-gif-21512249,aaamethysttt#0,
"2024-11-07,05:00:50",hadjerrr,#0,,,
"2024-11-07,05:22:15",mhndddyyy,#0,chat is dead too,,
"2024-11-07,05:22:21",mhndddyyy,#0,<:ALG_kekw:852170231673782332>,,
"2024-11-07,05:30:01",cybert7,#0,Sorry rgedt,hotsana.#0,
"2024-11-07,05:39:42",.coool,#0,<:ALG_MYKIE:907373072846315561> <:ALG_MYKIE:907373072846315561>,,
"2024-11-07,05:56:36",tommy_j2nd,#0,https://tenor.com/view/afro-beats-dancing-gif-2918938046942114935,,
"2024-11-07,06:08:14",just._.hera,#0,<@1254287417070981243> <@702114100192215042>  <@673908406167273473> t7abouni ? <:ALG_MYKIE:907373072846315561>,s0yka_#0、obato#0、charl.es.1#0,
"2024-11-07,06:11:57",blairsfun,#0,Yes,lotf.#0,
"2024-11-07,06:35:26",anes_911,#0,5AM,mhndddyyy#0,
"2024-11-07,06:35:31",anes_911,#0,<:ALG_pop_anes:1287559103841042516> <:ALG_pop_anes:1287559103841042516> <:ALG_pop_anes:1287559103841042516>,,
"2024-11-07,07:05:07",akboom,#0,Fuck you want it active at 5 am for,mhndddyyy#0,
"2024-11-07,07:05:16",akboom,#0,Not even holidays season,,
"2024-11-07,07:05:18",akboom,#0,Bonjour,,
"2024-11-07,07:28:56",yuriiiiiiiiie,#0,nodoo,,
"2024-11-07,07:29:32",baldguy_,#0,no,,
"2024-11-07,07:32:01",baldguy_,#0,,,https://cdn.discordapp.com/attachments/840535839138119680/1303970195173277706/FB_IMG_1730961109521.jpg?ex=672db061&is=672c5ee1&hm=82b04731c3d5708952e50e05b8cf23ca5a0dd9c134798e321e42ef74d24523b7&
"2024-11-07,07:32:42",3abdelhadi,#0,good morning @everyone,,
"2024-11-07,07:33:10",3abdelhadi,#0,server rah ymoooot,,
"2024-11-07,07:34:00",.coool,#0,rabi yrhmo 😦,3abdelhadi#0,
"2024-11-07,07:34:10",3abdelhadi,#0,dead.,,
"2024-11-07,07:34:23",.coool,#0,rabi yrhmo²,3abdelhadi#0,
"2024-11-07,07:34:24",3abdelhadi,#0,rah ychf,.coool#0,
"2024-11-07,07:35:00",3abdelhadi,#0,la machi os tnktb haka 2(rabi yrhmo),.coool#0,
"2024-11-07,07:36:10",.coool,#0,sm7li,3abdelhadi#0,
"2024-11-07,07:36:24",3abdelhadi,#0,mansma7ch,,
"2024-11-07,07:36:43",.coool,#0,ok achki,3abdelhadi#0,
"2024-11-07,07:36:54",3abdelhadi,#0,tani manchkich,,
"2024-11-07,07:37:42",3abdelhadi,#0,sa7a lmn nchki,.coool#0,
"2024-11-07,07:38:17",3abdelhadi,#0,9arrt bach nmchi nchki,,
"2024-11-07,07:55:30",lorytanez_,#0,nodo ya lizapach nodo,,
"2024-11-07,07:58:15",samwasgreat,#0,<@274345077147697172>,cyrax_d3xterity#0,
"2024-11-07,08:00:12",sarsouri,#0,,,https://cdn.discordapp.com/attachments/840535839138119680/1303977287066193930/TikTok_-_Make_Your_Day_3.mp4?ex=672db6fb&is=672c657b&hm=dbfe6561601dc72b84436ab5b9fed7ed5811686c4b77a3319a557e4fbad201e8&
"2024-11-07,08:01:35",yuriiiiiiiiie,#0,<:ALG_NOOO:1044681745372545026>,sarsouri#0,
"2024-11-07,08:02:55",sarsouri,#0,HHHHHHHHHHHHHHHHHHHHHHHHHHHHHHHHHHHHHHHHHHHHHH,yuriiiiiiiiie#0,
"2024-11-07,08:03:07",sarsouri,#0,vedio lwl tea tiktok sbah rebi,,
"2024-11-07,08:03:53",edwardkenwayy,#0,No wayyyyy,sarsouri#0,
"2024-11-07,08:04:05",edwardkenwayy,#0,<@847594538854907954> 😂😂😂😂😂,yuriiiiiiiiie#0,
"2024-11-07,08:04:46",yuriiiiiiiiie,#0,tchouf tiktok drwk !!,sarsouri#0,
"2024-11-07,08:04:51",sarsouri,#0,cheft ghir yruie khliha,edwardkenwayy#0,
"2024-11-07,08:05:02",edwardkenwayy,#0,Tissimsilt 😢,sarsouri#0,
"2024-11-07,08:05:10",yuriiiiiiiiie,#0,jitkom ghir ana 3la l3ayn l3awra ma t3rfoch taguiw emyy wela oussama,edwardkenwayy#0,
"2024-11-07,08:05:12",sarsouri,#0,wch nchouf ?,yuriiiiiiiiie#0,
"2024-11-07,08:05:24",edwardkenwayy,#0,Naerf ghir nti win tsskni idk,yuriiiiiiiiie#0,
"2024-11-07,08:05:28",yuriiiiiiiiie,#0,asm3 ghna,sarsouri#0,
"2024-11-07,08:05:37",sarsouri,#0,7ram,yuriiiiiiiiie#0,
"2024-11-07,08:07:23",edwardkenwayy,#0,Sasouri logic : ghna whdou hram,,
"2024-11-07,08:07:27",edwardkenwayy,#0,Ghna + images,,
"2024-11-07,08:07:29",edwardkenwayy,#0,7lal,,
"2024-11-07,08:07:46",yuriiiiiiiiie,#0,,sarsouri#0,https://cdn.discordapp.com/attachments/840535839138119680/1303979192274128936/IMG_20241107_080735.jpg?ex=672db8c2&is=672c6742&hm=a595ab0e12d5109a7d4c0b8596aa9dfd72d430c65540eaaa7f1662af63e63d0a&
"2024-11-07,08:08:02",sarsouri,#0,fotochoup,yuriiiiiiiiie#0,
"2024-11-07,08:08:14",yuriiiiiiiiie,#0,aw yesma3 <:ALG_OMEGALUL:842607487098421248> <:ALG_OMEGALUL:842607487098421248>,edwardkenwayy#0,
"2024-11-07,08:08:27",yuriiiiiiiiie,#0,# 8:O8,,
"2024-11-07,08:08:45",edwardkenwayy,#0,Happyyy,yuriiiiiiiiie#0,
"2024-11-07,08:09:30",sarsouri,#0,,,https://cdn.discordapp.com/attachments/840535839138119680/1303979631438991450/Snapchat-944453870.jpg?ex=672db92a&is=672c67aa&hm=ffdfda17d183e98d14a983fb6ab008f4afccc41948792b58e8a1a840ec7cc996&
"2024-11-07,08:09:54",sarsouri,#0,bff too late,,
"2024-11-07,08:10:29",edwardkenwayy,#0,Essrf ala cnx taek,sarsouri#0,
"2024-11-07,08:11:43",sarsouri,#0,3ndi fiber la3ndk haja khir echrili wla slkli :)),edwardkenwayy#0,
"2024-11-07,08:18:18",iroseupfromthedead,#0,<:ALG_FBI:966729033607946370>,sarsouri#0,
"2024-11-07,08:18:29",iroseupfromthedead,#0,Nvm i thought tonton edward was a girl,,
"2024-11-07,08:18:50",iroseupfromthedead,#0,Continue what u re doing sorry for interrupting,,
"2024-11-07,08:22:53",djazairi.213,#0,Sbah el kheir Guys,,
"2024-11-07,08:25:06",sarsouri,#0,Gm 9/11 wshrak,djazairi.213#0,
"2024-11-07,08:25:26",djazairi.213,#0,Wala ismi 9/11 ?,,
"2024-11-07,08:25:46",djazairi.213,#0,Labass alhamdullah and u ?,sarsouri#0,
"2024-11-07,08:25:56",sarsouri,#0,Flight = 9/11,,
"2024-11-07,08:26:13",sarsouri,#0,Hamdulaah ni ni3ma,djazairi.213#0,
"2024-11-07,08:26:47",djazairi.213,#0,Ro7 fe air Algérie we dir 9/11 fi Constantine's bridge,sarsouri#0,
"2024-11-07,08:26:53",nono1.1,#0,good morning kids,,
"2024-11-07,08:30:36",sarsouri,#0,Stif mall more ppl more fun,djazairi.213#0,
"2024-11-07,08:33:35",akboom,#0,About Christmas en plus,yuriiiiiiiiie#0,
"2024-11-07,08:33:50",akboom,#0,Bonjour,nono1.1#0,
"2024-11-07,08:40:16",nono1.1,#0,bonDay,akboom#0,
"2024-11-07,08:41:11",maxinetrap,#0,Bonjour,,
"2024-11-07,08:41:22",maxinetrap,#0,Frenglish,nono1.1#0,
"2024-11-07,08:52:45",yuriiiiiiiiie,#0,,,
"2024-11-07,08:53:50",nono1.1,#0,exactlyment,maxinetrap#0,
"2024-11-07,08:55:22",djazairi.213,#0,Ta3 wahran,sarsouri#0,
"2024-11-07,08:55:33",djazairi.213,#0,howa li fil the more,,
"2024-11-07,09:09:59",muliarcsc25,#0,Slam,,
"2024-11-07,09:10:12",nono1.1,#0,slam alaikom,muliarcsc25#0,
"2024-11-07,09:13:54",maxinetrap,#0,Je see,nono1.1#0,
"2024-11-07,09:14:31",nono1.1,#0,moi too,maxinetrap#0,
"2024-11-07,09:27:23",roxxie.e,#0,Hola,,
"2024-11-07,09:27:25",roxxie.e,#0,Hola hola,,
"2024-11-07,09:27:41",cenestpasreel,#0,Bonjorno,,
"2024-11-07,09:27:53",roxxie.e,#0,Hruu,,
"2024-11-07,09:27:57",muliarcsc25,#0,Tab7oooo,,
"2024-11-07,09:28:15",w1ssal,#0,morning,,
"2024-11-07,09:28:27",roxxie.e,#0,Ayhhhhh ya cHaba,w1ssal#0,
"2024-11-07,09:28:38",muliarcsc25,#0,Tab7oooo,w1ssal#0,
"2024-11-07,09:28:52",w1ssal,#0,cc zina 🤭,roxxie.e#0,
"2024-11-07,09:28:54",cenestpasreel,#0,Well i didn’t sleep,roxxie.e#0,
"2024-11-07,09:29:10",roxxie.e,#0,Heyyyy love,w1ssal#0,
"2024-11-07,09:29:13",w1ssal,#0,sbah noor,muliarcsc25#0,
"2024-11-07,09:29:15",w1ssal,#0,hruuu,roxxie.e#0,
"2024-11-07,09:29:16",roxxie.e,#0,Why 😭,cenestpasreel#0,
"2024-11-07,09:29:24",roxxie.e,#0,M goooood and uuuu,w1ssal#0,
"2024-11-07,09:29:26",muliarcsc25,#0,Batman <:ALG_HUHH:848908737682604082>,cenestpasreel#0,
"2024-11-07,09:29:38",muliarcsc25,#0,يخدم في ليل هو 🙏,roxxie.e#0,
"2024-11-07,09:29:39",cenestpasreel,#0,😉😉,muliarcsc25#0,
"2024-11-07,09:29:46",w1ssal,#0,m great 93dt 9dami whd zela fl cous 🤭,roxxie.e#0,
"2024-11-07,09:29:48",muliarcsc25,#0,🤫,cenestpasreel#0,
"2024-11-07,09:29:50",roxxie.e,#0,Saving Gotham city,muliarcsc25#0,
"2024-11-07,09:30:08",roxxie.e,#0,"Mm ana rni ghir nchuf fiha , damn i wanna get her number",w1ssal#0,
"2024-11-07,09:30:10",muliarcsc25,#0,Nn Save Algeria,roxxie.e#0,
"2024-11-07,09:30:19",cenestpasreel,#0,Nah fr idk,roxxie.e#0,
"2024-11-07,09:30:20",roxxie.e,#0,From who? Kyn bzf,muliarcsc25#0,
"2024-11-07,09:30:23",su.nny_,#0,bards are OP,cyrax_d3xterity#0,
"2024-11-07,09:30:36",su.nny_,#0,yele3bo bihem boss farmers,,
"2024-11-07,09:30:37",muliarcsc25,#0,Old people كهول,roxxie.e#0,
"2024-11-07,09:30:39",w1ssal,#0,u should do it i bet 3jbtiha 😚,roxxie.e#0,
"2024-11-07,09:30:40",roxxie.e,#0,"Esln mklh tr9d , r9ad zyada",cenestpasreel#0,
"2024-11-07,09:30:46",cenestpasreel,#0,Kyna,,
"2024-11-07,09:30:56",roxxie.e,#0,I'll help,muliarcsc25#0,
"2024-11-07,09:31:08",roxxie.e,#0,Okay wait I'll ask her,w1ssal#0,
"2024-11-07,09:31:12",muliarcsc25,#0,Yeppppp,roxxie.e#0,
"2024-11-07,09:31:13",roxxie.e,#0,<@1213493254264328276> khty aray number,w1ssal#0,
"2024-11-07,09:31:18",roxxie.e,#0,Letssssss goooo,muliarcsc25#0,
"2024-11-07,09:32:10",muliarcsc25,#0,إستمرو سوف أصل للفل 10,roxxie.e#0,
"2024-11-07,09:32:19",muliarcsc25,#0,إستمرو,,
"2024-11-07,09:32:21",cenestpasreel,#0,Living life at100%,roxxie.e#0,
"2024-11-07,09:32:59",.coool,#0,<:ALG_Djawed:1267219975471628378> <:ALG_Djawed:1267219975471628378> <:ALG_Djawed:1267219975471628378>,,
"2024-11-07,09:33:41",su.nny_,#0,<@274345077147697172>,cyrax_d3xterity#0,
"2024-11-07,09:33:47",su.nny_,#0,,,https://cdn.discordapp.com/attachments/840535839138119680/1304000839223869491/image.png?ex=672dcceb&is=672c7b6b&hm=6418515f19905ac0d01527adba15d4f0c07c0c988d81b9c1d60cef724cb63321&
"2024-11-07,09:34:27",roxxie.e,#0,Ah? 😭😭😭,muliarcsc25#0,
"2024-11-07,09:34:28",w1ssal,#0,😭😭😭😭😭,roxxie.e#0,
"2024-11-07,09:34:32",w1ssal,#0,7chmtini,,
"2024-11-07,09:34:40",w1ssal,#0,06--------,,
"2024-11-07,09:34:42",roxxie.e,#0,<@735093400063180810> Esm3i ana w <@1213493254264328276> rna tl3in l bouzeri3a,wakumiiee.#0、w1ssal#0,
"2024-11-07,09:34:43",.coool,#0,sunny l mahbol l motawa7id,su.nny_#0,
"2024-11-07,09:34:44",bill8109,#0,Gm everyone,,
"2024-11-07,09:35:20",w1ssal,#0,<:ALG_FeelsInLoveMan:834145582540521562>,roxxie.e#0,
"2024-11-07,09:35:28",.coool,#0,rahi 9:35,bill8109#0,
"2024-11-07,09:35:32",.coool,#0,wach mn gm,,
"2024-11-07,09:35:58",bill8109,#0,I woke up at 5 am,.coool#0,
"2024-11-07,09:36:05",bill8109,#0,Doesn't mean everyone does too,,
"2024-11-07,09:36:15",.coool,#0,mala arwa7 9olna gm 3la 5 am,bill8109#0,
"2024-11-07,09:36:19",.coool,#0,3lah hata l drwk,,
"2024-11-07,09:36:25",.coool,#0,wach had takasol yal kasol,,
"2024-11-07,09:36:33",muliarcsc25,#0,nothing 🫠👆,roxxie.e#0,
"2024-11-07,09:36:34",bill8109,#0,U do use discord the sec U wake up,.coool#0,
"2024-11-07,09:36:36",bill8109,#0,I don't,,
"2024-11-07,09:36:48",.coool,#0,nn ana nodt 3la 7 am,bill8109#0,
"2024-11-07,09:36:53",.coool,#0,chbrt my vodka,,
"2024-11-07,09:37:09",bill8109,#0,Life changing information,.coool#0,
"2024-11-07,09:37:27",.coool,#0,mala kifah hasbni n7ml l members li hna lzm l vodka,bill8109#0,
"2024-11-07,09:37:29",yuriiiiiiiiie,#0,kifeh t9dr thdr m3a sbah fel vc,.coool#0,
"2024-11-07,09:37:30",bill8109,#0,Dok nweli nchrb vodka ana Tania sbah,,
"2024-11-07,09:37:30",muliarcsc25,#0,9bailia,.coool#0,
"2024-11-07,09:37:42",bill8109,#0,Valid,.coool#0,
"2024-11-07,09:37:53",roxxie.e,#0,Explain!,muliarcsc25#0,
"2024-11-07,09:38:01",.coool,#0,l vodka,yuriiiiiiiiie#0,
"2024-11-07,09:38:08",.coool,#0,nn dsl,muliarcsc25#0,
"2024-11-07,09:38:21",muliarcsc25,#0,I talk randomly,roxxie.e#0,
"2024-11-07,09:38:24",muliarcsc25,#0,🫠👆,,
"2024-11-07,09:38:35",whostheodos,#0,yo,,
"2024-11-07,09:38:38",muliarcsc25,#0,Wt ?,.coool#0,
"2024-11-07,09:38:41",bill8109,#0,Deep morning voice,yuriiiiiiiiie#0,
"2024-11-07,09:38:43",.coool,#0,el mohim madiroch l fawda,,
"2024-11-07,09:38:45",muliarcsc25,#0,Wspppp,whostheodos#0,
"2024-11-07,09:38:54",whostheodos,#0,the sky,muliarcsc25#0,
"2024-11-07,09:39:02",whostheodos,#0,<:ALG_kekw:852170231673782332>,,
"2024-11-07,09:39:04",.coool,#0,rani machi ndir garo w nji,,
"2024-11-07,09:39:07",whostheodos,#0,<:ALG_kekw:852170231673782332>,,
"2024-11-07,09:39:10",bill8109,#0,Wsg,whostheodos#0,
"2024-11-07,09:39:12",muliarcsc25,#0,clear sky 🙏,whostheodos#0,
"2024-11-07,09:39:22",bill8109,#0,No coffee ?,.coool#0,
"2024-11-07,09:39:24",the_doorkeeper,#0,bjr,,
"2024-11-07,09:39:28",whostheodos,#0,yooo,bill8109#0,
"2024-11-07,09:39:30",whostheodos,#0,fr,muliarcsc25#0,
"2024-11-07,09:39:31",the_doorkeeper,#0,cool tetkyef ?,.coool#0,
"2024-11-07,09:39:33",the_doorkeeper,#0,ur so cool,,
"2024-11-07,09:39:44",.coool,#0,coffee + garo + vodka bch n7ml members kima dooekeeper,bill8109#0,
"2024-11-07,09:39:52",bill8109,#0,اسم على مسمى,the_doorkeeper#0,
"2024-11-07,09:40:01",whostheodos,#0,life,.coool#0,
"2024-11-07,09:40:04",the_doorkeeper,#0,te3 wdjhk members kima na,.coool#0,
"2024-11-07,09:40:07",bill8109,#0,Coool taking it srsly,,
"2024-11-07,09:40:10",the_doorkeeper,#0,ana ki ndji serveur yweli mnewer,,
"2024-11-07,09:40:17",bill8109,#0,Can't ruin his discord personality,,
"2024-11-07,09:40:24",.coool,#0,abda tktb lzm ki nrj3 nglk katb +50 message,the_doorkeeper#0,
"2024-11-07,09:40:31",.coool,#0,https://tenor.com/view/get-to-work-work-simpsons-smithers-trendizisst-gif-15496843,,
"2024-11-07,09:40:36",muliarcsc25,#0,Your life is hard,,
"2024-11-07,09:40:44",the_doorkeeper,#0,fakyo,.coool#0,
"2024-11-07,09:40:48",yuriiiiiiiiie,#0,sleepy voice <:ALG_Nash:1270654012210810883>,bill8109#0,
"2024-11-07,09:40:56",the_doorkeeper,#0,why do u have sideway boobs in ur name,muliarcsc25#0,
"2024-11-07,09:41:05",whostheodos,#0,lmfao,,
"2024-11-07,09:41:12",bill8109,#0,Lmao,,
"2024-11-07,09:41:14",.coool,#0,nn it's good,muliarcsc25#0,
"2024-11-07,09:41:31",muliarcsc25,#0,Are you Muslim ?🙏,the_doorkeeper#0,
"2024-11-07,09:41:36",.coool,#0,1,the_doorkeeper#0,
"2024-11-07,09:41:42",nono1.1,#0,https://tenor.com/view/bailar-moves-alien-grooves-dance-gif-16520672,,
"2024-11-07,09:41:48",muliarcsc25,#0,Dom,.coool#0,
"2024-11-07,09:42:03",.coool,#0,<@221709070984413185> ani ch3lt l garo,the_doorkeeper#0,
"2024-11-07,09:42:13",.coool,#0,max 15 min,,
"2024-11-07,09:42:22",.coool,#0,+50 message wala,,
"2024-11-07,09:42:26",whostheodos,#0,i always read this as dumb,muliarcsc25#0,
"2024-11-07,09:42:29",.coool,#0,?mute,,
"2024-11-07,09:42:30",Carl-bot,#1536,"```?mute <member> [duration]
      ^^^^^^^^
member is a required argument that is missing.```",,
"2024-11-07,09:42:42",muliarcsc25,#0,دوم ليك يعني 👆,whostheodos#0,
"2024-11-07,09:42:47",.coool,#0,https://tenor.com/view/stalin-soviet-gulag-happy-stalin-dancing-stalin-gif-22030464,,
"2024-11-07,09:42:57",whostheodos,#0,https://tenor.com/view/get-to-work-work-simpsons-smithers-trendizisst-gif-15496843,,
"2024-11-07,09:43:00",whostheodos,#0,50 msg,,
"2024-11-07,09:43:10",whostheodos,#0,yeah iknow,muliarcsc25#0,
"2024-11-07,09:43:14",whostheodos,#0,u told me,,
"2024-11-07,09:43:57",muliarcsc25,#0,🙂👆نعاود في كلام لسبب,whostheodos#0,
"2024-11-07,09:44:11",whostheodos,#0,dom,muliarcsc25#0,
"2024-11-07,09:44:45",roxxie.e,#0,I live randomly,muliarcsc25#0,
"2024-11-07,09:45:01",bill8109,#0,Spam msmou7 ?,.coool#0,
"2024-11-07,09:45:24",bill8109,#0,I shit randomly,roxxie.e#0,
"2024-11-07,09:45:34",bill8109,#0,Nzg 3la taxiat,,
"2024-11-07,09:45:46",bill8109,#0,🗣️,,
"2024-11-07,09:45:51",whostheodos,#0,🗣️,,
"2024-11-07,09:47:15",muliarcsc25,#0,Me too Things change fast,roxxie.e#0,
"2024-11-07,09:48:19",.coool,#0,nn,bill8109#0,
"2024-11-07,09:48:32",.coool,#0,for each spam msg + 1 h mute,,
"2024-11-07,09:48:40",.coool,#0,50 msg 50 h mute,,
"2024-11-07,09:48:54",bill8109,#0,Define spam,.coool#0,
"2024-11-07,09:49:12",akboom,#0,https://tenor.com/view/side-eye-dog-suspicious-look-suspicious-doubt-dog-doubt-gif-23680990,the_doorkeeper#0,
"2024-11-07,09:50:08",.coool,#0,akboom wjah l kef,akboom#0,
"2024-11-07,09:50:22",akboom,#0,chhal towzn*,.coool#0,
"2024-11-07,09:50:27",.coool,#0,https://tenor.com/view/slap-in-the-face-smack-batman-gif-11782391931311024735,,
"2024-11-07,09:50:34",.coool,#0,295,akboom#0,
"2024-11-07,09:50:44",.coool,#0,mg,,
"2024-11-07,09:51:10",akboom,#0,nta bayna introvert f sah w mweswes,.coool#0,
"2024-11-07,09:51:33",bill8109,#0,<:ALG_kekw:852170231673782332> <:ALG_kekw:852170231673782332>,akboom#0,
"2024-11-07,09:52:20",bill8109,#0,Akboom ch7al towzn,,
"2024-11-07,09:52:49",.coool,#0,nn ana nbi3 chemma,akboom#0,
"2024-11-07,09:52:56",bill8109,#0,Math says there is 7 billion people on earth,,
"2024-11-07,09:53:04",bill8109,#0,Akboom wahdou 3 billion,,
"2024-11-07,09:53:21",.coool,#0,kan 3 billion,,
"2024-11-07,09:53:24",.coool,#0,zid a half,,
"2024-11-07,09:53:45",cyrax_d3xterity,#0,wtf is this sunny ? xD u back to wotlk,su.nny_#0,
"2024-11-07,09:53:56",bill8109,#0,Did U know he can bench press 160 kg ?,.coool#0,
"2024-11-07,09:54:09",bill8109,#0,( half his weight ),,
"2024-11-07,09:54:15",.coool,#0,yeah ofc drink vodka,bill8109#0,
"2024-11-07,09:54:27",roxxie.e,#0,Shbty 9atlk haja,bill8109#0,
"2024-11-07,09:54:37",roxxie.e,#0,Kayna,muliarcsc25#0,
"2024-11-07,09:54:44",bill8109,#0,Bghat tji nshitiw randomly ?,roxxie.e#0,
"2024-11-07,09:54:52",.coool,#0,lyoum l weekend,,
"2024-11-07,09:55:01",bill8109,#0,Lyoum zetla,.coool#0,
"2024-11-07,09:55:06",.coool,#0,hadik hiya khabta l3chiya,,
"2024-11-07,09:55:11",.coool,#0,KO,,
"2024-11-07,09:55:22",.coool,#0,7it yadik w 7it yjibk,,
"2024-11-07,09:55:28",m1k4eru,#0,,,
"2024-11-07,09:55:50",.coool,#0,el mohim yal members,,
"2024-11-07,09:55:55",.coool,#0,madiroch l fawda,,
"2024-11-07,09:56:05",.coool,#0,rani machi nsyd kach fatayat fi valo,,
"2024-11-07,09:56:11",.coool,#0,malgré mn7bhach,,
"2024-11-07,09:56:32",m1k4eru,#0,me rn as a kabyle man XD mziya li jit 9bayli sinon mn9drch ndir hka,,https://cdn.discordapp.com/attachments/840535839138119680/1304006565548003338/1cd332e59c76311dbc21bcb481101617.png?ex=672dd240&is=672c80c0&hm=f96dfe94c108b833e44205ea1bc61b063dee2943116c11883735b3821382a003&
"2024-11-07,09:56:48",m1k4eru,#0,vive bira,,
"2024-11-07,09:57:17",.coool,#0,me rn,m1k4eru#0,https://cdn.discordapp.com/attachments/840535839138119680/1304006753171537930/398231191_178082865360276_7184494765846927506_n.jpg?ex=672dd26d&is=672c80ed&hm=184d642f2cfaf8f1fb8287b2092d14ff1e7b21bc8b625e8473eab71ed05b957c&
"2024-11-07,09:57:33",m1k4eru,#0,hohoooooooooooooooooo,.coool#0,
"2024-11-07,09:57:39",m1k4eru,#0,bs7 nta mchi 9bayli,,
"2024-11-07,09:57:51",m1k4eru,#0,lzm tkoun 9bayli,,
"2024-11-07,09:58:18",bill8109,#0,Chrab 7lal ghire 3la.l9bayl,,
"2024-11-07,09:58:18",.coool,#0,3la russia 9byle !,,
"2024-11-07,09:58:33",bill8109,#0,Oui,.coool#0,
"2024-11-07,09:58:42",bill8109,#0,3lah tfhmhm ki yhdro?,,
"2024-11-07,09:58:56",m1k4eru,#0,khelina bs7 ghir 9bayel li yechrbo bira ta3na n7boha,,
"2024-11-07,09:59:00",m1k4eru,#0,bibron t3na,,
"2024-11-07,09:59:12",m1k4eru,#0,mzl ma cheftch 9byli mayechrobch,,
"2024-11-07,09:59:31",ya_zaraki,#0,Pffffff,,
"2024-11-07,09:59:46",su.nny_,#0,icryaftersex,cyrax_d3xterity#0,
"2024-11-07,09:59:50",su.nny_,#0,makhlofi's new look,,
"2024-11-07,10:00:30",m1k4eru,#0,,,
"2024-11-07,10:01:13",bill8109,#0,Akboom hiding behind a tree thinking no one will see him eat like this,m1k4eru#0,
"2024-11-07,10:02:09",m1k4eru,#0,<@322247763385647114> fd7k,akboom#0、bill8109#0,
"2024-11-07,10:02:13",m1k4eru,#0,XDDDDDDDDDD,,
"2024-11-07,10:03:24",bill8109,#0,Akboom koun ymout,m1k4eru#0,
"2024-11-07,10:03:31",nono1.1,#0,ana nji ghi ki tji nta,the_doorkeeper#0,
"2024-11-07,10:03:37",bill8109,#0,لزملو قبر فيه نصف قطر الارض,,
"2024-11-07,10:04:06",bill8109,#0,Lmchkl houwa ja gbile,nono1.1#0,
"2024-11-07,10:05:08",nono1.1,#0,ana dima mwakhar,bill8109#0,
"2024-11-07,10:05:35",bill8109,#0,Hassalha f ljazayr,nono1.1#0,
"2024-11-07,10:05:53",nono1.1,#0,kayna,bill8109#0,
"2024-11-07,10:08:01",the_doorkeeper,#0,,nono1.1#0,
"2024-11-07,10:10:34",roxxie.e,#0,Y'all m going to a place jsp mm pas win,,
"2024-11-07,10:10:56",roxxie.e,#0,Ew,bill8109#0,
"2024-11-07,10:11:27",yuriiiiiiiiie,#0,# 10:11,,
"2024-11-07,10:11:31",yuriiiiiiiiie,#0,ugh,,
"2024-11-07,10:12:21",muliarcsc25,#0,Fr 😭,roxxie.e#0,
"2024-11-07,10:13:28",muliarcsc25,#0,9bailia,.coool#0,
"2024-11-07,10:17:52",roxxie.e,#0,M hungry,muliarcsc25#0,
"2024-11-07,10:21:29",muliarcsc25,#0,Wt ?,roxxie.e#0,
"2024-11-07,10:21:46",muliarcsc25,#0,go eat,roxxie.e#0,
"2024-11-07,10:23:42",roxxie.e,#0,Ni nstna fl kous,muliarcsc25#0,
"2024-11-07,10:24:06",muliarcsc25,#0,فوائد bac <:ALG_kekw:852170231673782332>,roxxie.e#0,
"2024-11-07,10:24:16",muliarcsc25,#0,مكانش قراية ليوم,,
"2024-11-07,10:24:29",muliarcsc25,#0,ربي معاك,roxxie.e#0,
"2024-11-07,10:24:40",roxxie.e,#0,"N9ra end dar, bsh nfhtlna nhbtu l bouzeri3a",muliarcsc25#0,
"2024-11-07,10:24:47",roxxie.e,#0,Rni f tafoura tlftli,,
"2024-11-07,10:26:11",muliarcsc25,#0,يب,roxxie.e#0,
"2024-11-07,10:26:58",muliarcsc25,#0,موهم مكش ماكثة في بيت,,
"2024-11-07,10:27:25",roxxie.e,#0,N9itha w khrjt 😔,muliarcsc25#0,
"2024-11-07,10:30:02",roxxie.e,#0,There's a pedo besides us 💀,,
"2024-11-07,10:30:30",whostheodos,#0,lmao,,
"2024-11-07,10:32:30",kruncheeey,#0,Yo,,
"2024-11-07,10:35:52",cyrax_d3xterity,#0,adek nta u cryforit a lhaj not me 😄 anyway u crazy to return to that shit :DDDD,su.nny_#0,
"2024-11-07,10:38:48",muliarcsc25,#0,💀,roxxie.e#0,
"2024-11-07,10:39:17",muliarcsc25,#0,Deem,,
"2024-11-07,10:40:32",tommy_j2nd,#0,,,https://cdn.discordapp.com/attachments/840535839138119680/1304017638292197386/0E32E076-7112-429F-BE70-1652BB6D57F4.jpg?ex=672ddc90&is=672c8b10&hm=79b69ab9c330222d0b9dd9fa1f2f7c82af640005d4e21013e01eb2b98309c598&
"2024-11-07,10:42:55",su.nny_,#0,aha nta berk retard,cyrax_d3xterity#0,
"2024-11-07,10:42:59",mike.tsu_x,#0,.,,
"2024-11-07,10:43:02",su.nny_,#0,,,https://cdn.discordapp.com/attachments/840535839138119680/1304018267396112384/image.png?ex=672ddd26&is=672c8ba6&hm=a774d1830b277c7f6e91b750dc17e5a9ddb4f94eb6a575aa7d142a693c85844c&
"2024-11-07,10:43:04",su.nny_,#0,*fahmti shaibi*,,
"2024-11-07,10:43:45",.coool,#0,ya sunny ro7 tr9d,su.nny_#0,
"2024-11-07,10:43:50",.coool,#0,ya ex staff,,
"2024-11-07,10:43:54",.coool,#0,ya l useless,,
"2024-11-07,10:48:26",.coool,#0,ya rabi nod kach nhar mnl9ach dzair,,
"2024-11-07,10:49:23",akboom,#0,arwah ll retail yahdik rebi,su.nny_#0,
"2024-11-07,10:49:42",akboom,#0,98,bill8109#0,
"2024-11-07,10:49:59",.coool,#0,<@221709070984413185> mala mtktbch !!,the_doorkeeper#0,
"2024-11-07,10:52:03",yuriiiiiiiiie,#0,10:51,,
"2024-11-07,10:53:24",.coool,#0,ih w mnb3d,yuriiiiiiiiie#0,
"2024-11-07,10:54:11",yuriiiiiiiiie,#0,walou nfkr fikom brk,.coool#0,
"2024-11-07,10:54:54",7xr.,#0,,,
"2024-11-07,10:55:58",baldguy_,#0,half of my salary sahbi,akboom#0,
"2024-11-07,10:56:08",baldguy_,#0,ara private server Ana lowal nji,,
"2024-11-07,10:56:12",baldguy_,#0,<:ALG_akboom:1215420419339980891>,,
"2024-11-07,10:56:31",baldguy_,#0,chohria nta3 batala matakfinich,,
"2024-11-07,10:57:10",baldguy_,#0,haja wahida li rah tektloha hiya ads <:ALG_Sunny:1263209544188694641>,su.nny_#0,
"2024-11-07,10:58:04",baldguy_,#0,,,https://cdn.discordapp.com/attachments/840535839138119680/1304022049756286996/FB_IMG_1730960701211.jpg?ex=672de0ac&is=672c8f2c&hm=09c6836c3cbd9140a45a7350168c42e431d171506174947682f499f3ac1d5ed0&
"2024-11-07,10:59:07",baldguy_,#0,amen ya rab <:ALG_sadge_borgar:877129707592753192>,,https://cdn.discordapp.com/attachments/840535839138119680/1304022315016654888/Screenshot_20241107_105854_Instagram.jpg?ex=672de0eb&is=672c8f6b&hm=dee0630c428663dc56cf114b1eef5b094b4837029313144bca46a5ab0867ab39&
"2024-11-07,11:00:55",mike.tsu_x,#0,lol nice one,baldguy_#0,
"2024-11-07,11:01:19",pinkiiee,#0,<@717201126859997234> daye3,su.nny_#0,
"2024-11-07,11:01:24",pinkiiee,#0,Rak 7ay,,
"2024-11-07,11:01:24",mike.tsu_x,#0,,baldguy_#0,
"2024-11-07,11:01:30",pinkiiee,#0,7sebtek dead,,
"2024-11-07,11:01:58",mike.tsu_x,#0,https://tenor.com/view/legends-never-die-rip-rest-in-power-rest-in-peace-blessings-gif-13892566,pinkiiee#0,
"2024-11-07,11:02:06",mike.tsu_x,#0,,,
"2024-11-07,11:02:25",baldguy_,#0,hardest npc in ds1,mike.tsu_x#0,
"2024-11-07,11:02:45",baldguy_,#0,first word with all its meanings,,
"2024-11-07,11:03:08",mike.tsu_x,#0,i  agree,baldguy_#0,
"2024-11-07,11:03:24",pinkiiee,#0,Hadek mechi legend,mike.tsu_x#0,
"2024-11-07,11:03:27",pinkiiee,#0,Daye3,,
"2024-11-07,11:03:41",the_doorkeeper,#0,nn,.coool#0,
"2024-11-07,11:03:49",mike.tsu_x,#0,daye3 f hajat w legend f hajat,pinkiiee#0,
"2024-11-07,11:04:24",mike.tsu_x,#0,but legend  ktermen  daye3,,
"2024-11-07,11:04:59",pinkiiee,#0,The only ostoura I know is <@776769968955457546>,.coool#0、mike.tsu_x#0,
"2024-11-07,11:05:12",7.fik,#0,.,,
"2024-11-07,11:05:42",mike.tsu_x,#0,,pinkiiee#0,
"2024-11-07,11:06:43",akboom,#0,sman gue3 mhanyin,bill8109#0,
"2024-11-07,11:06:59",akboom,#0,oustourat l autism you mean,pinkiiee#0,
"2024-11-07,11:07:35",pinkiiee,#0,Skot skot,akboom#0,
"2024-11-07,11:07:50",pinkiiee,#0,Lakboom nta ma3andekch 7yat,,
"2024-11-07,11:08:07",akboom,#0,true,pinkiiee#0,
"2024-11-07,11:08:12",.coool,#0,byna hadi l binkie,pinkiiee#0,
"2024-11-07,11:08:12",the_doorkeeper,#0,fina ga3 the only one who actually has a life is akboom,,
"2024-11-07,11:08:14",the_doorkeeper,#0,mouwatin sallih,,
"2024-11-07,11:08:21",the_doorkeeper,#0,he pays his taxes and everythign,,
"2024-11-07,11:08:22",mike.tsu_x,#0,<@322247763385647114> still alive,akboom#0,
"2024-11-07,11:08:34",akboom,#0,i find that offensive i don't want to be mouwatin saleh kraht <:ALG_kekw:852170231673782332>,the_doorkeeper#0,
"2024-11-07,11:08:39",.coool,#0,?mute,the_doorkeeper#0,
"2024-11-07,11:08:39",Carl-bot,#1536,"```?mute <member> [duration]
      ^^^^^^^^
member is a required argument that is missing.```",,
"2024-11-07,11:08:41",akboom,#0,bghit nweli ma neslahch,,
"2024-11-07,11:08:48",akboom,#0,cc mike,mike.tsu_x#0,
"2024-11-07,11:08:54",akboom,#0,yes,,
"2024-11-07,11:08:55",akboom,#0,so far,,
"2024-11-07,11:09:04",muliarcsc25,#0,Hmmmm,,
"2024-11-07,11:09:41",the_doorkeeper,#0,shutup,.coool#0,
"2024-11-07,11:10:27",.coool,#0,?mute 221709070984413185 2 min me no shutup you shutup ok !!,the_doorkeeper#0,
"2024-11-07,11:10:28",Carl-bot,#1536,**.coool** muted **the_doorkeeper** for 1 minute and 59 seconds. Reason: me no shutup you shutup ok !!,,
"2024-11-07,11:10:32",mike.tsu_x,#0,how's it going,akboom#0,
"2024-11-07,11:12:32",7xr.,#0,,.coool#0,
"2024-11-07,11:12:40",m1k4eru,#0,,,
"2024-11-07,11:13:08",ssxrq_sd,#0,gng,,
"2024-11-07,11:15:08",akboom,#0,https://tenor.com/view/coraline-dad-gif-typing-gif-18806780,mike.tsu_x#0,
"2024-11-07,11:15:10",akboom,#0,living the dream man,,
"2024-11-07,11:15:13",akboom,#0,what about you,,
"2024-11-07,11:15:33",pinkiiee,#0,😞,akboom#0,https://cdn.discordapp.com/attachments/840535839138119680/1304026452261343313/SmartSelect_20240901-080038_Discord.jpg?ex=672de4c5&is=672c9345&hm=15ce63c549e17b3e87f49c648cee46c9621716a39d601e25e9003234cdd4a418&
"2024-11-07,11:15:44",pinkiiee,#0,Akboom's life,,
"2024-11-07,11:15:47",akboom,#0,https://tenor.com/view/homelander-the-boys-perfect-it-was-perfect-gif-13138526129365655091,pinkiiee#0,
"2024-11-07,11:15:49",7xr.,#0,الإدمان,pinkiiee#0,
"2024-11-07,11:15:50",akboom,#0,wlh best life,,
"2024-11-07,11:15:52",mike.tsu_x,#0,things r kind of under control,akboom#0,
"2024-11-07,11:16:08",mike.tsu_x,#0,ofc,akboom#0,
"2024-11-07,11:16:26",7xr.,#0,كنت كيما نتا نلعب سكاي بلوك هاي بيكسل 24 ساعة,akboom#0,
"2024-11-07,11:16:35",akboom,#0,logging into new zone fighting new enemies getting stronger defeat raid bosses,pinkiiee#0,
"2024-11-07,11:16:45",akboom,#0,https://tenor.com/view/perfect-nice-great-excellent-the-boys-gif-15593741,,
"2024-11-07,11:17:01",akboom,#0,that's great man,mike.tsu_x#0,
"2024-11-07,11:17:07",pinkiiee,#0,I keep getting influenced to try wow by friends,akboom#0,
"2024-11-07,11:17:18",7xr.,#0,المشكلة الأكبر العاب هذي ماعندهاش نهاية ديما تلقى حاجة ديرها,akboom#0,
"2024-11-07,11:17:27",akboom,#0,it consumes your life too much time consuming,pinkiiee#0,
"2024-11-07,11:17:38",akboom,#0,i am in an endless cycle between wow and lol,,
"2024-11-07,11:17:47",akboom,#0,HOWEVER,,
"2024-11-07,11:17:49",ssxrq_sd,#0,https://tenor.com/view/very-cat-gif-27584673,,
"2024-11-07,11:17:51",akboom,#0,it's the best mmo game out there,,
"2024-11-07,11:17:56",mike.tsu_x,#0,yeah,akboom#0,
"2024-11-07,11:17:56",.coool,#0,photo t3 rjli,,https://cdn.discordapp.com/attachments/840535839138119680/1304027051627515924/Screenshot_2.png?ex=672de554&is=672c93d4&hm=f1953e64342fb433ed7de0d8cc1e8ae0a61f39ba5fb48d2ab93f7a2f27eb297b&
"2024-11-07,11:17:56",akboom,#0,very balanced,,
"2024-11-07,11:18:16",ssxrq_sd,#0,A777777777777777,.coool#0,
"2024-11-07,11:18:37",pinkiiee,#0,,.coool#0,https://cdn.discordapp.com/attachments/840535839138119680/1304027222302134292/aghir_bechwiya.mp4?ex=672de57d&is=672c93fd&hm=3bc6ac6eb6cc503f341c628f1adf35b449e48967d7f044e11cbbacf54c174a8b&
"2024-11-07,11:18:49",akboom,#0,cool you work in a red team wela schizo hacker  for fun berk,.coool#0,
"2024-11-07,11:19:10",the_doorkeeper,#0,https://tenor.com/view/white-dog-dancing-dancing-dog-gif-1180541100385615006,pinkiiee#0,
"2024-11-07,11:19:26",the_doorkeeper,#0,bro is a full time mod wsh men red team,akboom#0,
"2024-11-07,11:19:41",.coool,#0,both of them,akboom#0,
"2024-11-07,11:20:01",aaamethysttt,#0,,,
"2024-11-07,11:20:03",.coool,#0,red team f nhar w nbol 3lihom f lil,,
"2024-11-07,11:20:03",akboom,#0,hhhhhhhhhhhhhhh true,the_doorkeeper#0,
"2024-11-07,11:20:14",.coool,#0,,pinkiiee#0,https://cdn.discordapp.com/attachments/840535839138119680/1304027626964385823/aghir_bechwiya.mp4?ex=672de5dd&is=672c945d&hm=a18af0300c3b6ca612a8df027baab8ddd46f10c7210e65c15eef27f4949965fa&
"2024-11-07,11:21:05",.coool,#0,doorkeeper nta khdmtk tktb f chat brk,the_doorkeeper#0,
"2024-11-07,11:21:21",.coool,#0,3mr chat bl ktba bach yban server active,,
"2024-11-07,11:21:25",.coool,#0,hada makan,,
"2024-11-07,11:21:28",.coool,#0,so,,
"2024-11-07,11:21:35",.coool,#0,https://tenor.com/view/back-to-work-gif-18382095,,
"2024-11-07,11:21:41",.coool,#0,wala nrj3lk l ban,,
"2024-11-07,11:26:10",cyrax_d3xterity,#0,thel fi termtek and they gave u a character fully geard kill urself,su.nny_#0,
"2024-11-07,11:27:04",baldguy_,#0,hadak howa makhlofi,cyrax_d3xterity#0,
"2024-11-07,11:27:18",baldguy_,#0,paladin nta3o badalo ismo <:ALG_akboom:1215420419339980891>,,
"2024-11-07,11:34:27",cyrax_d3xterity,#0,gay ass shit character kill urself sunny :DDD,baldguy_#0,
"2024-11-07,11:34:46",baldguy_,#0,<:ALG_akboom:1215420419339980891>,,
"2024-11-07,11:34:56",baldguy_,#0,mahabch y9tl roho,,
"2024-11-07,11:35:11",baldguy_,#0,dima ngolo a9tl rohek ndiro 7afla kbira,,
"2024-11-07,11:38:15",yia06555,#0,Ana 😦,baldguy_#0,
"2024-11-07,11:38:56",baldguy_,#0,ndirolel hafla nta than a9atlo rwa7kom f nhar wahed brk bah tekfiha budget,yia06555#0,
"2024-11-07,11:45:00",yia06555,#0,3leh habni n9tl rohi bessah,baldguy_#0,
"2024-11-07,11:45:31",baldguy_,#0,I thought that what you wanted <:ALG_akboom:1215420419339980891>,yia06555#0,
"2024-11-07,11:46:06",yia06555,#0,No my mum will miss me,baldguy_#0,
"2024-11-07,11:46:40",whostheodos,#0,https://tenor.com/view/albertcamus-gif-7556182206836743979,,
"2024-11-07,11:46:45",whostheodos,#0,me btw,,
"2024-11-07,11:48:23",wakumiiee.,#0,mtbkinich,roxxie.e#0,
"2024-11-07,11:51:14",baldguy_,#0,ma3lich rabi yekhlf eliha,yia06555#0,
"2024-11-07,11:52:04",2wyz,#0,https://tenor.com/view/frog-chill-gif-7771013229184068709,,
"2024-11-07,11:55:13",scarecrow1378,#0,https://tenor.com/view/lmao-meme-gif-6370185573434594642,,
"2024-11-07,11:56:18",su.nny_,#0,ri7et apex player,,
"2024-11-07,11:56:44",su.nny_,#0,mane9derch ndir gifs lmao,,
"2024-11-07,11:58:13",roxxie.e,#0,Rna f la fac,wakumiiee.#0,
"2024-11-07,11:58:55",roxxie.e,#0,Wait am an adult sma mythsbch pedo,muliarcsc25#0,
"2024-11-07,11:59:24",su.nny_,#0,akhi,cyrax_d3xterity#0,
"2024-11-07,11:59:41",su.nny_,#0,لا اكلم القرود,,
"2024-11-07,11:59:56",yia06555,#0,Inchallah,baldguy_#0,
"2024-11-07,11:59:58",su.nny_,#0,jib l easiest ashiev mbe3d sahel,,
"2024-11-07,12:00:01",su.nny_,#0,,,https://cdn.discordapp.com/attachments/840535839138119680/1304037639997100032/image.png?ex=672def31&is=672c9db1&hm=d8c40278318d1ddccdf9ec7d52f230f4584f31a7384393f155dcd9b176b6301a&
"2024-11-07,12:00:31",wakumiiee,#0,chwiya wnroh lsbitar lbst,roxxie.e#0,
"2024-11-07,12:00:38",yia06555,#0,Njo na9raw ?,roxxie.e#0,
"2024-11-07,12:02:00",wakumiiee.,#0,zidili pics 3jbtoni,roxxie.e#0,
"2024-11-07,12:02:05",wakumiiee.,#0,ig ofc,,
"2024-11-07,12:04:52",baldguy_,#0,<:ALG_akboom:1215420419339980891>,su.nny_#0,
"2024-11-07,12:04:54",roxxie.e,#0,Mzl mkhrjtich?,wakumiiee#0,
"2024-11-07,12:05:01",roxxie.e,#0,Mch la fac dyali,yia06555#0,
"2024-11-07,12:05:10",roxxie.e,#0,Face or la fac,wakumiiee.#0,
"2024-11-07,12:05:22",wakumiiee,#0,knt nakl 😭,roxxie.e#0,
"2024-11-07,12:05:29",wakumiiee,#0,both,roxxie.e#0,
"2024-11-07,12:07:06",hiba0355,#0,👯‍♂️,,
"2024-11-07,12:07:53",whostheodos,#0,https://tenor.com/view/funny-dance-gif-10587235,,
"2024-11-07,12:09:09",baldguy_,#0,<:ALG_akboom:1215420419339980891>,,https://cdn.discordapp.com/attachments/840535839138119680/1304039939880521808/koning_sonic-20241107-0001.mp4?ex=672df155&is=672c9fd5&hm=14956244077f90ecd2decd60ec09fc0d164f312d699b4f6c3e6b7bea607082ab&
"2024-11-07,12:16:49",8menn,#0,Alo,,
"2024-11-07,12:17:03",8menn,#0,Lythero,baldguy_#0,
"2024-11-07,12:20:48",djazairi.213,#0,Salam Guys !,,
"2024-11-07,12:25:53",daddymingo,#0,hada mingo w7da5r,lb9999b#0,
"2024-11-07,12:26:05",ssxrq_sd,#0,Mango mango mango,,
"2024-11-07,12:26:20",ssxrq_sd,#0,https://tenor.com/view/phonk-trollface-gif-27242792,,
"2024-11-07,12:26:28",daddymingo,#0,man go?,ssxrq_sd#0,
"2024-11-07,12:26:59",ssxrq_sd,#0,Ur not skibidi sigma rizz GET OU-,daddymingo#0,
"2024-11-07,12:27:11",daddymingo,#0,i'm black,ssxrq_sd#0,
"2024-11-07,12:27:44",ssxrq_sd,#0,Dw nigga,daddymingo#0,
"2024-11-07,12:28:12",ssxrq_sd,#0,https://tenor.com/view/skibidi-principal-mr-electric-office-send-him-gif-757347946470273734,,
"2024-11-07,12:28:25",daddymingo,#0,you just said the nigga word... you're racist,ssxrq_sd#0,
"2024-11-07,12:28:44",ssxrq_sd,#0,Yes nigga idgf,daddymingo#0,
"2024-11-07,12:39:54",nono1.1,#0,https://tenor.com/view/cat-funny-cat-funny-smile-happy-gif-7621419476068285580,the_doorkeeper#0,
"2024-11-07,12:41:29",exenoness,#0,NONO I MISSED U,nono1.1#0,
"2024-11-07,12:41:59",exenoness,#0,<@373146874523287552> u here nigga aya,attano__#0,
"2024-11-07,12:53:09",attano__,#0,Wassup,,
"2024-11-07,12:53:30",attano__,#0,Wiiin,exenoness#0,
"2024-11-07,12:53:53",attano__,#0,M3labalich 3lach rani lehna anyway,,
"2024-11-07,12:55:03",cyrax_d3xterity,#0,<:ALG_noice:800765090793390180>,su.nny_#0,
"2024-11-07,12:56:23",nazeliseo,#0,HELLOOOOOOOOOOOOO,,
"2024-11-07,12:56:30",nazeliseo,#0,https://tenor.com/view/cat-cat-tongue-cat-licking-white-cat-cursed-cat-gif-27575167,,
"2024-11-07,12:57:25",.coool,#0,https://tenor.com/view/ok-gif-1293616557059689182,nazeliseo#0,
"2024-11-07,12:57:34",nazeliseo,#0,JAWAAAAD,.coool#0,
"2024-11-07,12:58:11",.coool,#0,chrit skin t3 sheriff,nazeliseo#0,
"2024-11-07,12:58:44",nazeliseo,#0,Cool,.coool#0,
"2024-11-07,12:58:49",nazeliseo,#0,<:ALG_OMEGALUL:842607487098421248>,,
"2024-11-07,12:58:59",nazeliseo,#0,Jawad hada win accepted my request,,
"2024-11-07,12:59:06",nazeliseo,#0,You should be ashamed,,
"2024-11-07,12:59:10",nazeliseo,#0,<:ALG_theuncaty:1137537510621335634>,,
"2024-11-07,12:59:31",mike.tsu_x,#0,djawaaaaaaaaaaaaaaad ashamed mahboul nta,nazeliseo#0,
"2024-11-07,12:59:32",.coool,#0,ya kho hada win clickit 3la profile t3k l9itk b3tli friend request,,
"2024-11-07,13:00:14",aaamethysttt,#0,,,
"2024-11-07,13:00:32",.coool,#0,3wdha manini,aaamethysttt#0,
"2024-11-07,13:03:05",aaamethysttt,#0,A7la manini,.coool#0,
"2024-11-07,13:03:09",aaamethysttt,#0,Roh,,
"2024-11-07,13:07:42",.coool,#0,https://tenor.com/view/b3louk-kid-wayway-dance-morocco-gif-18335530,aaamethysttt#0,
"2024-11-07,13:12:49",ssxrq_sd,#0,,,https://cdn.discordapp.com/attachments/840535839138119680/1304055961052381195/lowqualityreel_14030817_131112480.jpg?ex=672e0041&is=672caec1&hm=579332ed0b2b67e4c16971a129c44e41164299d2c45d3a08ad4199dc508358e2&
"2024-11-07,13:19:41",exenoness,#0,ana retard who invited u,attano__#0,
"2024-11-07,13:23:23",attano__,#0,Retarded,exenoness#0,
"2024-11-07,13:23:28",attano__,#0,Bain men ismk,,
"2024-11-07,13:28:43",wakumiiee.,#0,.,,
"2024-11-07,13:32:42",hiba0355,#0,,,https://cdn.discordapp.com/attachments/840535839138119680/1304060967235354636/98835912ec732192963fa71de52d9a92.jpg?ex=672e04ea&is=672cb36a&hm=ace8b021337fc1e2ecb7b042ce6c8b570320cb21b2026074c514195cc8945994&
"2024-11-07,13:34:29",su.nny_,#0,zid chouf 10hc 9 man run,cyrax_d3xterity#0,
"2024-11-07,13:34:36",su.nny_,#0,,,https://cdn.discordapp.com/attachments/840535839138119680/1304061442454061056/image.png?ex=672e055c&is=672cb3dc&hm=bb24de832351d6165eb1257fba9720c3355b240334641700842a3340833e957a&
"2024-11-07,13:43:23",m1k4eru,#0,piiiiiiiiiiii wch raw sari,,
"2024-11-07,13:58:59",headhunterz999,#0,<@743592225166065754> <@911675421072949259>,yawimo#0、jsppp_23#0,
"2024-11-07,13:59:16",headhunterz999,#0,@nael_ebrr,,
"2024-11-07,14:01:44",uglybaby,#0,show the gear,su.nny_#0,
"2024-11-07,14:01:49",ssxrq_sd,#0,https://tenor.com/view/very-cat-gif-27584673,,
"2024-11-07,14:04:10",cyrax_d3xterity,#0,we done bro ngl 😉 time for some changes we did our time there,su.nny_#0,
"2024-11-07,14:04:14",cyrax_d3xterity,#0,time to move on,,
"2024-11-07,14:14:22",lasdrugasxd._,#0,Bruh what ur fr ?,edwardkenwayy#0,
"2024-11-07,14:14:43",deleted_user_911,#0,https://tenor.com/view/rat-eats-mm-rat-aardman-gif-25764900,,
"2024-11-07,14:18:24",miwmiw_3,#0,,,
"2024-11-07,14:18:51",wakumiiee.,#0,wy emri cv,miwmiw_3#0,
"2024-11-07,14:19:46",miwmiw_3,#0,Cv w nti bbg<:curious_cat:1295888051205181480>,wakumiiee.#0,
"2024-11-07,14:20:06",wakumiiee.,#0,lbs hmdlh <a:hk_hellokittylove:1095089247322640405>,miwmiw_3#0,
"2024-11-07,14:20:15",miwmiw_3,#0,Hmdlh muah,wakumiiee.#0,
"2024-11-07,14:20:22",wakumiiee.,#0,mwahhh,miwmiw_3#0,
"2024-11-07,14:21:24",miwmiw_3,#0,https://tenor.com/view/cat-kiss-cock-mrekk-vaxei-whitefcat-gif-20435871,wakumiiee.#0,
"2024-11-07,14:24:54",kitter969,#0,<:ALG_Sadge:1188883647772758106>,,
"2024-11-07,14:27:35",.coool,#0,<:ALG_Djawed:1267219975471628378>,,
"2024-11-07,14:28:07",soheibb,#0,dzai,,
"2024-11-07,14:28:37",mike.tsu_x,#0,.,,
"2024-11-07,14:32:35",aymen._1,#0,Dzai dzai,soheibb#0,
"2024-11-07,14:33:59",soheibb,#0,https://tenor.com/view/oggy-and-the-cockroaches-oggy-and-jack-peeing-oggy-gif-25220401,aymen._1#0,
"2024-11-07,14:37:41",kitter969,#0,zai  zai,,
"2024-11-07,14:37:41",.itsskoolio,#0,<@776769968955457546>cool li jms kan cool,.coool#0,
"2024-11-07,14:37:47",.itsskoolio,#0,https://tenor.com/view/dragei-sergei-dragunov-dragunov-tekken-tekken7-gif-25594866,,
"2024-11-07,14:39:07",_ego.0,#0,I fuckin hate ppl bro,,
"2024-11-07,14:39:17",headhunterz999,#0,I fuckin hate ppl bro,,
"2024-11-07,14:39:27",.itsskoolio,#0,Leh,,
"2024-11-07,14:39:27",_ego.0,#0,Mchi w9tk,,
"2024-11-07,14:39:32",.itsskoolio,#0,Tkrh ppl,,
"2024-11-07,14:39:34",.itsskoolio,#0,Head,,
"2024-11-07,14:39:38",.itsskoolio,#0,Hntaz,,
"2024-11-07,14:39:45",headhunterz999,#0,slm,,
"2024-11-07,14:39:50",.itsskoolio,#0,Slm,,
"2024-11-07,14:39:52",.itsskoolio,#0,Slm,,
"2024-11-07,14:39:54",.itsskoolio,#0,Cc,,
"2024-11-07,14:39:58",headhunterz999,#0,cc slm cv,,
"2024-11-07,14:40:06",headhunterz999,#0,leh tkrhi ppl,_ego.0#0,
"2024-11-07,14:40:10",headhunterz999,#0,ana nbghik zuffy,,
"2024-11-07,14:40:20",.itsskoolio,#0,Cv,headhunterz999#0,
"2024-11-07,14:40:22",.itsskoolio,#0,Hmdullah,,
"2024-11-07,14:40:23",.itsskoolio,#0,Bye,,
"2024-11-07,14:40:31",headhunterz999,#0,hmdlh,,
"2024-11-07,14:40:32",headhunterz999,#0,bye,,
"2024-11-07,14:40:58",_ego.0,#0,https://tenor.com/view/spike-cowboy-bebop-gif-18169283,headhunterz999#0,
"2024-11-07,14:41:06",kitter969,#0,same,_ego.0#0,
"2024-11-07,14:41:18",headhunterz999,#0,,,https://cdn.discordapp.com/attachments/840535839138119680/1304078230348632064/images_15.jpeg?ex=672e14fe&is=672cc37e&hm=3bfcd8b9888267b52ef34334d01f5cfc3deea71196525a5879ef96db1fcc90ed&
"2024-11-07,14:41:36",nazeliseo,#0,https://tenor.com/view/cat-cat-tongue-cat-licking-white-cat-cursed-cat-gif-27575167,,
"2024-11-07,14:41:37",_ego.0,#0,Weren’t u the same guy who told me to be kind to ppl,kitter969#0,
"2024-11-07,14:42:01",kitter969,#0,u r kind,_ego.0#0,
"2024-11-07,14:42:08",kitter969,#0,u tolerate what u hate,,
"2024-11-07,14:42:34",kitter969,#0,it take a lot of self control,,
"2024-11-07,14:43:07",_ego.0,#0,It really is,kitter969#0,
"2024-11-07,14:43:12",kitter969,#0,i always wanted to shove needles inside ppl necks,,
"2024-11-07,14:43:27",_ego.0,#0,What needles,kitter969#0,
"2024-11-07,14:43:49",.coool,#0,<:ALG_Djawed:1267219975471628378>,,
"2024-11-07,14:44:00",kitter969,#0,,_ego.0#0,https://cdn.discordapp.com/attachments/840535839138119680/1304078907795832922/side-threading.png?ex=672e15a0&is=672cc420&hm=429c6c921dfbfba4d0e3611b8840f62c9116ea95455792152664618ca2499338&
"2024-11-07,14:44:06",kitter969,#0,thread needles,,
"2024-11-07,14:44:16",_ego.0,#0,"I wanna see ppl burn,",,
"2024-11-07,14:44:22",_mehdi69.,#0,Aw,_ego.0#0,
"2024-11-07,14:44:25",_ego.0,#0,Oooooh,kitter969#0,
"2024-11-07,14:44:33",_ego.0,#0,Wah,_mehdi69.#0,
"2024-11-07,14:44:46",_mehdi69.,#0,Laaziza,_ego.0#0,
"2024-11-07,14:45:02",_ego.0,#0,😂😂😂😂,_mehdi69.#0,
"2024-11-07,14:45:07",kitter969,#0,enough being emo and edgy,,
"2024-11-07,14:45:09",kitter969,#0,time,,
"2024-11-07,14:45:12",kitter969,#0,for,,
"2024-11-07,14:45:31",kitter969,#0,mirmir,,
"2024-11-07,14:45:37",_ego.0,#0,Yea go back to ur mister nice guy who loves ppl,,
"2024-11-07,14:45:43",_ego.0,#0,Lemme hate openly,,
"2024-11-07,14:45:56",kitter969,#0,🥺,_ego.0#0,
"2024-11-07,14:46:04",_ego.0,#0,,kitter969#0,
"2024-11-07,14:46:15",kitter969,#0,🥺 🥺,_ego.0#0,
"2024-11-07,14:46:29",kitter969,#0,btw imagine nigga making this face,,
"2024-11-07,14:46:35",kitter969,#0,🥺🥺🥺🥺<:ALG_Sadge:1188883647772758106>,,
"2024-11-07,14:46:50",headhunterz999,#0,🥺🥺,,
"2024-11-07,14:46:52",_ego.0,#0,I can’t,,
"2024-11-07,14:47:02",kitter969,#0,🥺,,
"2024-11-07,14:47:04",kitter969,#0,but,,
"2024-11-07,14:47:09",kitter969,#0,🥺,,
"2024-11-07,14:47:23",kitter969,#0,aya bye,,
"2024-11-07,14:47:25",kitter969,#0,fr,,
"2024-11-07,14:47:29",_ego.0,#0,Bye 9wd,,
"2024-11-07,14:47:29",kitter969,#0,🥺,,
"2024-11-07,14:47:38",kitter969,#0,9wd 9wadtk,_ego.0#0,
"2024-11-07,14:47:46",kitter969,#0,******************,,
"2024-11-07,14:47:52",kitter969,#0,🥺,,
"2024-11-07,14:48:04",_ego.0,#0,I feel like there’s a response to that line which idk,kitter969#0,
"2024-11-07,14:48:07",_ego.0,#0,<:ALG_Kirbing:1168325854712041512>,,
"2024-11-07,14:48:33",kitter969,#0,don't bother,_ego.0#0,
"2024-11-07,14:48:39",_ego.0,#0,Saha,kitter969#0,
"2024-11-07,14:48:46",kitter969,#0,🥺,,
"2024-11-07,14:48:58",kitter969,#0,but ana insecure ma t9olich sa7a,,
"2024-11-07,14:49:02",kitter969,#0,🥺,,
"2024-11-07,14:49:14",_ego.0,#0,Ha roh Mlk,,
"2024-11-07,14:49:34",kitter969,#0,lokan nro7 u will be okay,_ego.0#0,
"2024-11-07,14:49:38",kitter969,#0,🥺,,
"2024-11-07,14:49:55",_ego.0,#0,Nn,kitter969#0,
"2024-11-07,14:49:57",_ego.0,#0,🥺,,
"2024-11-07,14:50:11",kitter969,#0,chkon li rah fel chat,,
"2024-11-07,14:50:14",kitter969,#0,🥺,,
"2024-11-07,14:50:19",_ego.0,#0,HHHHHHHHHHHHHHHHHH,,
"2024-11-07,14:50:21",_ego.0,#0,9wd,,
"2024-11-07,14:50:24",kitter969,#0,yji ychati bidma nro7,,
"2024-11-07,14:50:27",kitter969,#0,🥺,,
"2024-11-07,14:51:03",_ego.0,#0,https://tenor.com/view/patrick-bateman-american-psycho-erratic-schizophrenic-mood-swings-gif-24784582,,
"2024-11-07,14:51:29",kitter969,#0,telephone mezal ma wslch 50%,,
"2024-11-07,14:51:31",kitter969,#0,🥺,,
"2024-11-07,14:53:21",yuriiiiiiiiie,#0,salem,,
"2024-11-07,14:54:27",blyat0587,#0,Hey,,
"2024-11-07,14:55:07",lb9999b,#0,https://tenor.com/view/luna-cat-crunchy-cat-glasses-cat-luna-glasses-cat-gif-12732289841207803174,daddymingo#0,
"2024-11-07,14:58:01",headhunterz999,#0,daddy mingo,daddymingo#0,
"2024-11-07,14:58:10",headhunterz999,#0,wlid 7ouch torchi,,
"2024-11-07,14:58:23",headhunterz999,#0,bonjour mv,lb9999b#0,
"2024-11-07,14:59:30",grazydesu,#0,Bonjour tout le monde,,
"2024-11-07,14:59:40",lb9999b,#0,"A dream, I saw a dream",headhunterz999#0,
"2024-11-07,14:59:45",headhunterz999,#0,nn,grazydesu#0,
"2024-11-07,14:59:51",lb9999b,#0,nn,grazydesu#0,
"2024-11-07,14:59:59",headhunterz999,#0,wet,lb9999b#0,
"2024-11-07,15:00:16",lb9999b,#0,A dream that wouldn't end,headhunterz999#0,
"2024-11-07,15:00:49",headhunterz999,#0,... zid,lb9999b#0,
"2024-11-07,15:01:11",lb9999b,#0,"Over and over again, I repeated and corrected every mistake",headhunterz999#0,
"2024-11-07,15:01:46",headhunterz999,#0,ism lghonya,,
"2024-11-07,15:01:48",headhunterz999,#0,stp,,
"2024-11-07,15:02:27",adnnen,#0,I have died a hundred million times and nothing has changed.,lb9999b#0,
"2024-11-07,15:02:55",lb9999b,#0,nn,adnnen#0,
"2024-11-07,15:03:09",lb9999b,#0,"But before i knew it, I lost count. I died over 100 milion times.",,
"2024-11-07,15:03:46",adnnen,#0,So what's the next step Subaru?,lb9999b#0,
"2024-11-07,15:05:10",lb9999b,#0,https://tenor.com/view/nah-id-die-su-natsuki-subaru-subaru-natsuki-subaru-nah-id-die-gif-1437625080883819527,adnnen#0,
"2024-11-07,15:05:19",mr.3abladji,#0,<@835212854185295892> aya roche roche roche,aymen._1#0,
"2024-11-07,15:06:01",adnnen,#0,https://tenor.com/view/re-zero-gif-25552592,lb9999b#0,
"2024-11-07,15:07:35",lb9999b,#0,https://tenor.com/view/re-zero-gif-25552592,adnnen#0,
"2024-11-07,15:08:00",willywon,#0,Embed failure,,
"2024-11-07,15:08:41",lb9999b,#0,moch ghonya,headhunterz999#0,
"2024-11-07,15:09:57",blyat0587,#0,https://youtu.be/0Vwwr3VGsYg?si=YeM8yHa3GxwmvK_A,headhunterz999#0,
"2024-11-07,15:10:16",blyat0587,#0,A better way to answer 🤷,,
"2024-11-07,15:15:43",headhunterz999,#0,mrc,blyat0587#0,
"2024-11-07,15:16:04",blyat0587,#0,Ur wlcome,,
"2024-11-07,15:19:48",_ego.0,#0,Emo,lb9999b#0,
"2024-11-07,15:21:19",daddymingo,#0,l3laaam,headhunterz999#0,
"2024-11-07,15:24:28",lb9999b,#0,nnn,_ego.0#0,
"2024-11-07,15:26:06",_ego.0,#0,Oui,lb9999b#0,
"2024-11-07,15:27:24",johnny_s1lver,#0,<@712279378163400776>,anes_911#0,
"2024-11-07,15:27:40",anes_911,#0,oui,johnny_s1lver#0,
"2024-11-07,15:27:51",johnny_s1lver,#0,verification ta3 new members,anes_911#0,
"2024-11-07,15:28:03",anes_911,#0,shekon,johnny_s1lver#0,
"2024-11-07,15:28:53",johnny_s1lver,#0,sm7li khoya rah siyed ytmaskher biya svp,anes_911#0,
"2024-11-07,15:30:23",headhunterz999,#0,daddy mingo wsh rak cv,daddymingo#0,
"2024-11-07,15:32:24",_ego.0,#0,https://tenor.com/view/dexter-flabbergasted-scared-gif-9793867658461319957,,
"2024-11-07,15:33:33",uglybaby,#0,https://tenor.com/view/brian-moser-brian-dexter-dexter-morgan-gif-2732092909067843933,_ego.0#0,
"2024-11-07,15:36:03",headhunterz999,#0,https://tenor.com/view/dexter-gif-9593999674752855509,_ego.0#0,
"2024-11-07,15:37:18",lb9999b,#0,https://tenor.com/view/rezero-subaru-subaru-spiderman-2098-re-zero-subaru-re-zero-subaru-death-stare-gif-12504471671407549520,_ego.0#0,
"2024-11-07,15:59:28",w1ssal,#0,yo,,
"2024-11-07,15:59:51",w1ssal,#0,<@873759755800309780> ki twsli ldar lmk,roxxie.e#0,
"2024-11-07,16:04:44",headhunterz999,#0,nn,w1ssal#0,
"2024-11-07,16:06:59",lb9999b,#0,nn,w1ssal#0,
"2024-11-07,16:07:29",w1ssal,#0,si,headhunterz999#0,
"2024-11-07,16:07:37",akboom,#0,https://tenor.com/view/james-bond-the-weeknd-daniel-craig-007-gif-21565879,,
"2024-11-07,16:07:38",w1ssal,#0,aw 🤨,lb9999b#0,
"2024-11-07,16:10:27",headhunterz999,#0,هلا بلخميس,akboom#0,
"2024-11-07,16:10:36",headhunterz999,#0,<@265538795472945152> هلا بلخميس,nemouz#0,
"2024-11-07,16:11:49",akboom,#0,My favorite day,headhunterz999#0,
"2024-11-07,16:11:59",akboom,#0,Khmiss lilet bliss,,
"2024-11-07,16:13:10",lb9999b,#0,oui,w1ssal#0,
"2024-11-07,16:13:12",headhunterz999,#0,ouii,akboom#0,
"2024-11-07,16:13:18",headhunterz999,#0,mwlf nskrha felil,,
"2024-11-07,16:14:08",headhunterz999,#0,<@920444001331585036>,hisobrk.#0,
"2024-11-07,16:14:30",headhunterz999,#0,HHHHHHHHHHHY KYS N3AL DIN BABAK,,
"2024-11-07,16:17:59",anes_911,#0,https://tenor.com/view/drip-dog-poggers-animal-cat-gif-24961744,,
"2024-11-07,16:18:31",w1ssal,#0,non,lb9999b#0,
"2024-11-07,16:21:29",5b5.,#0,agree,akboom#0,
"2024-11-07,16:24:19",yuriiiiiiiiie,#0,salem,,
"2024-11-07,16:25:39",lb9999b,#0,cc cv,w1ssal#0,
"2024-11-07,16:25:40",yuriiiiiiiiie,#0,"waalikoum salem yuriie, hru ?",,
"2024-11-07,16:25:57",yuriiiiiiiiie,#0,good wbu ?,,
"2024-11-07,16:29:12",m1k4eru,#0,9bayel mahomch ybano wa9il koupawelhom trisiti,,
"2024-11-07,16:29:18",m1k4eru,#0,<:ALG_kekw:852170231673782332>,,
"2024-11-07,16:29:28",yuriiiiiiiiie,#0,# HAAANAAAA,m1k4eru#0,
"2024-11-07,16:29:32",m1k4eru,#0,twa7achthom surtt ki yebdaw yekelbo,,
"2024-11-07,16:29:53",m1k4eru,#0,mchi ntiya bzouj kelmat nb3tk ldarkom tbki,yuriiiiiiiiie#0,
"2024-11-07,16:30:12",m1k4eru,#0,ana n7ab li ta7kmo la rage yebda yekleb ki lkelb <:ALG_kekw:852170231673782332>,,
"2024-11-07,16:30:31",m1k4eru,#0,z3ma li 3ndo la7rara y7b yedarab,,
"2024-11-07,16:31:01",m1k4eru,#0,,,
"2024-11-07,16:34:12",w1ssal,#0,cc cv hmdlh ett,lb9999b#0,
"2024-11-07,16:35:02",yuriiiiiiiiie,#0,nta raho hakmk lkleb,m1k4eru#0,
"2024-11-07,16:35:21",5b5.,#0,"salem 
wsp",yuriiiiiiiiie#0,
"2024-11-07,16:36:24",m1k4eru,#0,nn ana manragich hmdlh always chiil and calm aslan bch ntroller if i see em being angry ta7lali if not ill retire my self ez,yuriiiiiiiiie#0,
"2024-11-07,16:37:11",kuro_hana,#0,,,
"2024-11-07,16:43:02",yuriiiiiiiiie,#0,i'm good wbu,5b5.#0,
"2024-11-07,16:44:00",yuriiiiiiiiie,#0,chouflk chi wahed tal3lo la tension,m1k4eru#0,
"2024-11-07,16:44:12",yuriiiiiiiiie,#0,chi 9bayli,,
"2024-11-07,16:46:09",djazairi.213,#0,Salam Guys !,,
"2024-11-07,16:49:32",m1k4eru,#0,salute,djazairi.213#0,
"2024-11-07,16:49:39",m1k4eru,#0,mkchhom,yuriiiiiiiiie#0,
"2024-11-07,16:49:49",miwmiw_3,#0,,,
"2024-11-07,16:54:21",yuriiiiiiiiie,#0,ga3 n trolliw hna makach li t9l9ou ig<:ALG_kekw:852170231673782332>,m1k4eru#0,
"2024-11-07,16:54:44",hm_ed.,#0,i need a video editor  for a long term <:ALG_OMEGALUL:842607487098421248>,,
"2024-11-07,16:58:11",5b5.,#0,Of course m good its the weekend,yuriiiiiiiiie#0,
"2024-11-07,16:58:33",mikadua,#0,Hiii,,
"2024-11-07,16:59:00",yuriiiiiiiiie,#0,wellah n9ar3lo b 10 3ynin,5b5.#0,
"2024-11-07,16:59:20",yuriiiiiiiiie,#0,ana n editilk b cupcut hhhhhh,hm_ed.#0,
"2024-11-07,16:59:27",anes_911,#0,https://tenor.com/view/cat-cat-tongue-cat-licking-white-cat-cursed-cat-gif-27575167,,
"2024-11-07,17:01:11",aaamethysttt,#0,"Wili wili
Wili wili",.coool#0,
"2024-11-07,17:01:47",hm_ed.,#0,no n7ws 3la wa7d ykoun ykhdm pc psq lesd videos kaml fihoum ktar mn 1h footage,yuriiiiiiiiie#0,
"2024-11-07,17:01:53",bill8109,#0,A7chm chwi,anes_911#0,
"2024-11-07,17:02:05",bill8109,#0,,anes_911#0,https://cdn.discordapp.com/attachments/840535839138119680/1304113659047575583/FB_IMG_1729924840331.jpg?ex=672e35fd&is=672ce47d&hm=c6d83e1880224f13ffc58ecea99eac0b4c77c82a4d94e48d252c79aea5158a96&
"2024-11-07,17:02:08",anes_911,#0,l jo3 ta3 lkhemssa hak ydir,bill8109#0,
"2024-11-07,17:02:11",5b5.,#0,"ga3 ga3 
after tough week studying from 8 to 17 every day 😔",yuriiiiiiiiie#0,
"2024-11-07,17:02:35",bill8109,#0,Ydirlak wahad,anes_911#0,
"2024-11-07,17:02:40",bill8109,#0,Lvid,,
"2024-11-07,17:02:43",anes_911,#0,,bill8109#0,https://cdn.discordapp.com/attachments/840535839138119680/1304113818607292476/Screenshot_20241107_135658_TikTok.jpg?ex=672e3623&is=672ce4a3&hm=ac3b5550d685ed6a81045841589672b3491a3da6e146e716898d6087f3cde8a7&
"2024-11-07,17:02:49",anes_911,#0,Wahed lviiid fel krch,bill8109#0,
"2024-11-07,17:02:58",yuriiiiiiiiie,#0,win t9ra ?,5b5.#0,
"2024-11-07,17:03:13",yuriiiiiiiiie,#0,bayna polytech wela kech ecole sup,,
"2024-11-07,17:03:28",bill8109,#0,Hna tfhm bli ljou3 T3 lkhamsa raw hna thani,,
"2024-11-07,17:03:28",bill8109,#0,,anes_911#0,https://cdn.discordapp.com/attachments/840535839138119680/1304114006318911580/VID_25090106_223806_987.mp4?ex=672e3650&is=672ce4d0&hm=932b1c706743cc4258c12b5229f863591f6d4a9e9d847020823b70dd45814284&
"2024-11-07,17:03:42",aaamethysttt,#0,Hey y'all <:ALG_tehee:1171127337027391578>,,
"2024-11-07,17:03:49",yuriiiiiiiiie,#0,coucou ameena,aaamethysttt#0,
"2024-11-07,17:04:03",aaamethysttt,#0,Cvvvvvv l9baylyia,yuriiiiiiiiie#0,
"2024-11-07,17:04:30",5b5.,#0,gaming clips ?,hm_ed.#0,
"2024-11-07,17:04:32",bill8109,#0,Why 6 was afraid of 7,aaamethysttt#0,
"2024-11-07,17:04:39",bill8109,#0,,,https://cdn.discordapp.com/attachments/840535839138119680/1304114303074566154/image0-2.gif.jpg?ex=672e3697&is=672ce517&hm=99df33e0bf30480dc7712de78497dc17ceddb8a4fd6ca511d7b584c04923f9e6&
"2024-11-07,17:04:46",yuriiiiiiiiie,#0,labes hmdlh,aaamethysttt#0,
"2024-11-07,17:05:00",yassersth,#0,Xd,bill8109#0,
"2024-11-07,17:05:22",hm_ed.,#0,ouiiii,5b5.#0,
"2024-11-07,17:05:38",5b5.,#0,naah mazal,yuriiiiiiiiie#0,
"2024-11-07,17:05:47",5b5.,#0,3ndi bac 😔,,
"2024-11-07,17:05:54",yuriiiiiiiiie,#0,yaa messkin,5b5.#0,
"2024-11-07,17:05:55",bill8109,#0,Hhhhh,,
"2024-11-07,17:05:59",5b5.,#0,"valo ?
fort ?",hm_ed.#0,
"2024-11-07,17:06:01",aaamethysttt,#0,Because 7 is a nuggets,bill8109#0,
"2024-11-07,17:06:01",bill8109,#0,Gatlou mskin,,
"2024-11-07,17:06:11",bill8109,#0,Nigge r,aaamethysttt#0,
"2024-11-07,17:06:13",aaamethysttt,#0,Lah yhsn lhwal insh'allah zinn 🌷🌷💗,yuriiiiiiiiie#0,
"2024-11-07,17:06:22",hm_ed.,#0,ana video editor ani 7ab wa7d y3awni kho,5b5.#0,
"2024-11-07,17:06:24",aaamethysttt,#0,N9adro chwya l SUIIIIIIIIII,bill8109#0,
"2024-11-07,17:06:41",bill8109,#0,,,https://cdn.discordapp.com/attachments/840535839138119680/1304114816499060859/2029e9a80203f683da5dd054bcaf335b.jpg?ex=672e3711&is=672ce591&hm=97bdf7b57f6438fa84f09aa37a5362bd17ef89e444942ccd1dee002e31765ca3&
"2024-11-07,17:06:50",bill8109,#0,🙏,,
"2024-11-07,17:07:02",bill8109,#0,Chkoun yji m3aya,,
"2024-11-07,17:07:04",5b5.,#0,ohh 7asbtli khsek video editing wla,hm_ed.#0,
"2024-11-07,17:07:11",sarsouri,#0,<@716321147909701723> kont ha ngoll nji apres tfkrt bli rak tt7lf fiya <:ALG_kekw:852170231673782332>,bill8109#0,
"2024-11-07,17:07:12",5b5.,#0,wbu ?,yuriiiiiiiiie#0,
"2024-11-07,17:07:23",bill8109,#0,Rawaht,sarsouri#0,
"2024-11-07,17:07:30",bill8109,#0,M3naha mndirlak walou,,
"2024-11-07,17:07:34",hm_ed.,#0,hih khasni for a long term ykhdm w nkhlso,5b5.#0,
"2024-11-07,17:07:36",bill8109,#0,Ndirlk ghire fel.koucha,,
"2024-11-07,17:08:08",bill8109,#0,Anes mskin ydel yji  lel koucha ldakhal,,
"2024-11-07,17:08:15",bill8109,#0,Khatra f ramdan,,
"2024-11-07,17:08:22",bill8109,#0,🤭,,
"2024-11-07,17:08:26",sarsouri,#0,<@712279378163400776> wshbih lbas hada kach nhar jito w7di ?,anes_911#0,
"2024-11-07,17:08:36",sarsouri,#0,Nearf sla7i dw,,
"2024-11-07,17:08:48",anes_911,#0,<:ALG_OMEGALUL:842607487098421248> <:ALG_OMEGALUL:842607487098421248> dima kayn li y3sslk dahrek,sarsouri#0,
"2024-11-07,17:08:53",anes_911,#0,Tkhaff ah,,
"2024-11-07,17:08:57",bill8109,#0,Vajin yt7sb 1/3 3bd,sarsouri#0,
"2024-11-07,17:09:11",anes_911,#0,Jit 3la jal lbnat,bill8109#0,
"2024-11-07,17:09:20",sarsouri,#0,Sma ana 1/9,bill8109#0,
"2024-11-07,17:09:31",bill8109,#0,Hadak vajin li yji 3la jal bnat cem,anes_911#0,
"2024-11-07,17:09:39",bill8109,#0,0.25/3,sarsouri#0,
"2024-11-07,17:09:57",anes_911,#0,Aw y7wss yekhtaf lamine zrwal w ykwv ro7o b cem,bill8109#0,
"2024-11-07,17:10:10",bill8109,#0,Wlh Mani ana li khtaftou,anes_911#0,
"2024-11-07,17:10:10",sarsouri,#0,Hhhhhh,anes_911#0,
"2024-11-07,17:10:17",bill8109,#0,NI jit ntb3 bnat sghar brk,,
"2024-11-07,17:10:27",bill8109,#0,<:ALG_kekw:852170231673782332> <:ALG_kekw:852170231673782332> <:ALG_kekw:852170231673782332>,,
"2024-11-07,17:11:13",sarsouri,#0,<@712279378163400776> 3od arwa7 meana nry7o 5.30 fles alles wa7d lminourat,anes_911#0,
"2024-11-07,17:11:22",bill8109,#0,<@907672906358747136> win rak dok ?,sarsouri#0,
"2024-11-07,17:11:28",anes_911,#0,Gololi wktah brk,sarsouri#0,
"2024-11-07,17:11:38",anes_911,#0,Nji njri 3la yediya,,
"2024-11-07,17:11:38",bill8109,#0,Now,anes_911#0,
"2024-11-07,17:12:02",sarsouri,#0,Ah lyom too late ray 5 khli ghodwa,anes_911#0,
"2024-11-07,17:12:13",anes_911,#0,Mn 6AM w ana bara ki lklb 🤡 win now,bill8109#0,
"2024-11-07,17:12:16",sarsouri,#0,1200,bill8109#0,
"2024-11-07,17:12:23",bill8109,#0,https://tenor.com/view/sad-sorry-cow-no-feet-mammary-gland-walk-gif-16776604,anes_911#0,
"2024-11-07,17:12:25",anes_911,#0,Rigolo lbarnamj w sahla,sarsouri#0,
"2024-11-07,17:12:27",sarsouri,#0,Bouzghaya mach 1200,,
"2024-11-07,17:12:30",bill8109,#0,Nji 3la ....,,
"2024-11-07,17:13:06",bill8109,#0,Ak grib ahbt l Les alles,sarsouri#0,
"2024-11-07,17:13:33",sarsouri,#0,Dud rak rajel lbnat homa li ydiro barnamaj,anes_911#0,
"2024-11-07,17:13:44",bill8109,#0,Sah sah,sarsouri#0,
"2024-11-07,17:14:12",anes_911,#0,Nsali ljomo3a ana mn 13 lel 22,sarsouri#0,
"2024-11-07,17:14:12",bill8109,#0,Rajel jamais ydir benrnamaj psq m3a ydirou ytfws,,
"2024-11-07,17:14:13",anes_911,#0,<:ALG_pop_anes:1287559103841042516>,,
"2024-11-07,17:14:19",sarsouri,#0,Ah ?? Les alles griba mala,bill8109#0,
"2024-11-07,17:14:20",lb9999b,#0,hmdlh ett,w1ssal#0,
"2024-11-07,17:14:35",bill8109,#0,خيار العبادات,anes_911#0,
"2024-11-07,17:14:59",bill8109,#0,Oui khmm positive dok tl9a rohak f Les alles,sarsouri#0,
"2024-11-07,17:15:01",sarsouri,#0,Bill ki ngololo rana jayin manrohoch <:ALG_kekw:852170231673782332>,bill8109#0,
"2024-11-07,17:15:30",sarsouri,#0,Nkhmm nigertiv,bill8109#0,
"2024-11-07,17:16:02",bill8109,#0,I don't associate with niggertivity,sarsouri#0,
"2024-11-07,17:16:19",deleted_user_911,#0,Girls be like,,
"2024-11-07,17:16:37",bill8109,#0,Sahit a Harvey spectre,deleted_user_911#0,
"2024-11-07,17:16:38",deleted_user_911,#0,"Very demure,very mindful 🌸",,
"2024-11-07,17:16:49",deleted_user_911,#0,While fucking ur entire life,,
"2024-11-07,17:16:53",bill8109,#0,Jibalna chwi whiskey,,
"2024-11-07,17:17:07",sarsouri,#0,Hala bil khamis tratara tirararara,,
"2024-11-07,17:17:10",deleted_user_911,#0,Ay ta3 weed,bill8109#0,
"2024-11-07,17:17:26",bill8109,#0,Hadik kayna,deleted_user_911#0,
"2024-11-07,17:17:32",bill8109,#0,Ayy f trig Jaya,,
"2024-11-07,17:17:45",bill8109,#0,Tji tztl ?,sarsouri#0,
"2024-11-07,17:17:56",deleted_user_911,#0,Khelili chwiya m3ak,bill8109#0,
"2024-11-07,17:17:57",bill8109,#0,N3lmk 3ada jayida,,
"2024-11-07,17:18:05",sarsouri,#0,Yedrbni nymzz,bill8109#0,
"2024-11-07,17:18:05",bill8109,#0,Nchlh,deleted_user_911#0,
"2024-11-07,17:18:07",deleted_user_911,#0,Nsoulaji biha chwiya,,
"2024-11-07,17:18:17",bill8109,#0,Roh brk mydirlk walou,sarsouri#0,
"2024-11-07,17:18:25",yuriiiiiiiiie,#0,ameen,aaamethysttt#0,
"2024-11-07,17:18:27",bill8109,#0,Ygisak nadih lel koucha,,
"2024-11-07,17:18:46",deleted_user_911,#0,Diro bouraka,bill8109#0,
"2024-11-07,17:18:49",yuriiiiiiiiie,#0,ana chreft 3la l9raya,5b5.#0,
"2024-11-07,17:19:07",bill8109,#0,Sahbi glt koucha Machi restaurant,deleted_user_911#0,
"2024-11-07,17:19:21",m1k4eru,#0,,,https://cdn.discordapp.com/attachments/840535839138119680/1304118002870128782/GN0w6BgT0adEvz0DAI9UQtSAwYEBbmdjAAAF.mp4?ex=672e3a09&is=672ce889&hm=20a66ae043c7889ce2d4ff920d241787d4ae83a0dea87a0c0ad90deff61c598f&
"2024-11-07,17:19:33",sarsouri,#0,<@265538795472945152> golo bli matkhlinich,nemouz#0、bill8109#0,
"2024-11-07,17:19:44",bill8109,#0,Ya wldi ana nkhlik,sarsouri#0,
"2024-11-07,17:19:55",deleted_user_911,#0,Dirlo fomaj w say,bill8109#0,
"2024-11-07,17:20:01",deleted_user_911,#0,Bzf 3lih,,
"2024-11-07,17:20:23",sarsouri,#0,Asdi9ae soue l batniya,,
"2024-11-07,17:20:43",sarsouri,#0,Slkoli chwa khir,,
"2024-11-07,17:21:10",bill8109,#0,N3lmouk cher Bach tweli t9dr lkhir,sarsouri#0,
"2024-11-07,17:21:16",bill8109,#0,🙏,,
"2024-11-07,17:21:29",yassine_mhm,#0,askot 9wed,bill8109#0,
"2024-11-07,17:21:33",sarsouri,#0,<:ALG_kekw:852170231673782332> <:ALG_kekw:852170231673782332>,bill8109#0,
"2024-11-07,17:21:54",5b5.,#0,"srx 💀 
how old are u",yuriiiiiiiiie#0,
"2024-11-07,17:21:56",bill8109,#0,Yassine nta 9bayli wlh mandir 3lik,yassine_mhm#0,
"2024-11-07,17:22:04",bill8109,#0,Sm7li,,
"2024-11-07,17:22:07",yassine_mhm,#0,batni o tahdr,bill8109#0,
"2024-11-07,17:22:20",sarsouri,#0,<@847594538854907954> wash l enemy,yuriiiiiiiiie#0,
"2024-11-07,17:22:23",bill8109,#0,Ni gtlk wlh mandir 3lik,yassine_mhm#0,
"2024-11-07,17:22:53",bill8109,#0,Talgaha 20,5b5.#0,
"2024-11-07,17:22:57",bill8109,#0,<:ALG_kekw:852170231673782332>,,
"2024-11-07,17:23:08",yuriiiiiiiiie,#0,vantront,5b5.#0,
"2024-11-07,17:23:11",bill8109,#0,W tbalha wlat 3jouz,,
"2024-11-07,17:23:19",yuriiiiiiiiie,#0,saha lbatni,sarsouri#0,
"2024-11-07,17:23:45",sarsouri,#0,Howis life,yuriiiiiiiiie#0,
"2024-11-07,17:24:20",sarsouri,#0,Hadak ana wlit chayeb,bill8109#0,
"2024-11-07,17:24:37",yuriiiiiiiiie,#0,pretty great,sarsouri#0,
"2024-11-07,17:25:33",sarsouri,#0,Idont have energy to say a jock,yuriiiiiiiiie#0,
"2024-11-07,17:25:54",sarsouri,#0,Nbdlo lmap ngolha,,
"2024-11-07,17:25:56",yuriiiiiiiiie,#0,mziya ma3ndkch,sarsouri#0,
"2024-11-07,17:26:08",bill8109,#0,High iq,sarsouri#0,
"2024-11-07,17:26:17",bill8109,#0,Galk arwahi dms,,
"2024-11-07,17:26:23",5b5.,#0,yup bayna,bill8109#0,
"2024-11-07,17:26:30",bill8109,#0,👍,,
"2024-11-07,17:26:48",sarsouri,#0,Bill blasto mach fl kocha,,
"2024-11-07,17:26:58",bill8109,#0,Chet chet,,
"2024-11-07,17:27:01",5b5.,#0,i cant believe that,yuriiiiiiiiie#0,
"2024-11-07,17:27:40",sarsouri,#0,Nzid ngoll haja mateamnch sah sah,5b5.#0,
"2024-11-07,17:27:43",bill8109,#0,<@322247763385647114> youzan 46 sna,5b5.#0、akboom#0,
"2024-11-07,17:27:55",yuriiiiiiiiie,#0,galou m3ndkch l energy,sarsouri#0,
"2024-11-07,17:27:57",sarsouri,#0,Hhhhhhhhhhhhhhhhhhhhhh,,
"2024-11-07,17:27:58",yuriiiiiiiiie,#0,bayen 3lik,,
"2024-11-07,17:28:09",bill8109,#0,Roh brk ana n amnk,sarsouri#0,
"2024-11-07,17:28:18",5b5.,#0,zid,sarsouri#0,
"2024-11-07,17:28:26",5b5.,#0,Dad ?,bill8109#0,
"2024-11-07,17:28:43",sarsouri,#0,Hhhhhhhhhhhhhh,yuriiiiiiiiie#0,
"2024-11-07,17:28:45",bill8109,#0,More like dead,5b5.#0,
"2024-11-07,17:29:21",5b5.,#0,😂😂.,bill8109#0,
"2024-11-07,17:29:33",bill8109,#0,3labalk kounnjaw Nas Kamal kima Akboom wch ysra?,,
"2024-11-07,17:29:57",yuriiiiiiiiie,#0,cha ysra,bill8109#0,
"2024-11-07,17:29:59",bill8109,#0,ترجع الكرة الارضية للمرتبة 7 و نموتو كامل من البرد,,
"2024-11-07,17:30:14",bill8109,#0,Youzan 320 kg,,
"2024-11-07,17:30:33",bill8109,#0,Imagine 7 billion × 320 kg,,
"2024-11-07,17:30:43",yuriiiiiiiiie,#0,mn9drch n3ayro wela ndhak 3lih psk ana kifo,,
"2024-11-07,17:31:05",sarsouri,#0,Hbso matbullyiw ak/bom a,,
"2024-11-07,17:31:19",bill8109,#0,I'm stating facts,sarsouri#0,
"2024-11-07,17:31:36",bill8109,#0,Akboom yslh subject f Harvard university,,
"2024-11-07,17:31:51",aaamethysttt,#0,,yuriiiiiiiiie#0,
"2024-11-07,17:31:55",sarsouri,#0,Bill tissmsilt win jaya srx ?,bill8109#0,
"2024-11-07,17:32:02",djazairi.213,#0,<@1065045695951802440>,brakhim#0,https://cdn.discordapp.com/attachments/840535839138119680/1304121196182372393/image.png?ex=672e3d02&is=672ceb82&hm=0689dcbcd21291d5adcb5c549e5270eb97895256d2fa0143bab3c6c194e03cec&
"2024-11-07,17:32:04",akboom,#0,https://tenor.com/view/over-flow-vomit-beer-fat-guy-oh-shoot-gif-16604714,,
"2024-11-07,17:32:05",bill8109,#0,Wtf is that,sarsouri#0,
"2024-11-07,17:32:06",5b5.,#0,💀,,
"2024-11-07,17:32:13",bill8109,#0,Hhhhhh,akboom#0,
"2024-11-07,17:32:13",djazairi.213,#0,<@1237841015193468951>,aaamethysttt#0,
"2024-11-07,17:32:16",yuriiiiiiiiie,#0,khlas stop it,sarsouri#0,
"2024-11-07,17:32:20",sarsouri,#0,<:ALG_kekw:852170231673782332> <:ALG_kekw:852170231673782332>,,
"2024-11-07,17:32:33",5b5.,#0,hhhhhhhhhhhhhhhhhhhhhhhhhhhhhhhhhhhhhh good 1,bill8109#0,
"2024-11-07,17:32:36",sarsouri,#0,Stop what ?,yuriiiiiiiiie#0,
"2024-11-07,17:32:42",akboom,#0,I don't know either got some friends 9alk we go camp there,sarsouri#0,
"2024-11-07,17:32:53",akboom,#0,Mn asmha tban b3ida 3la l7adara,,
"2024-11-07,17:32:58",aaamethysttt,#0,Ohhh what's going on w this one,djazairi.213#0,
"2024-11-07,17:33:09",bill8109,#0,Tban haja out of reach,akboom#0,
"2024-11-07,17:33:11",sarsouri,#0,Hhhhhhhhhhhhhhhhhhhhhhhhhhhhhhhh,akboom#0,
"2024-11-07,17:33:20",djazairi.213,#0,Antonov-12 one of the rarest planes on earth,aaamethysttt#0,
"2024-11-07,17:33:23",5b5.,#0,nrml nrml,yuriiiiiiiiie#0,
"2024-11-07,17:33:30",sarsouri,#0,I love u guys,,
"2024-11-07,17:33:35",yuriiiiiiiiie,#0,<:ALG_ragemeh:1270653949699162155>,sarsouri#0,
"2024-11-07,17:33:45",sarsouri,#0,<:ALG_Dayxerheart:1109253010091151430> <:ALG_Dayxerheart:1109253010091151430>,,
"2024-11-07,17:34:24",yuriiiiiiiiie,#0,ta7oulk 3la lgostau,sarsouri#0,
"2024-11-07,17:34:55",sarsouri,#0,Bill sahbi irl,yuriiiiiiiiie#0,
"2024-11-07,17:35:07",sarsouri,#0,W akboom f discord,,
"2024-11-07,17:35:34",yuriiiiiiiiie,#0,w ana cha dkhlni,sarsouri#0,
"2024-11-07,17:35:45",yuriiiiiiiiie,#0,who cares,,
"2024-11-07,17:35:48",yuriiiiiiiiie,#0,ma s9sitkch,,
"2024-11-07,17:35:49",5b5.,#0,me,yuriiiiiiiiie#0,
"2024-11-07,17:35:54",sarsouri,#0,Sma yes nhbhom,yuriiiiiiiiie#0,
"2024-11-07,17:36:00",5b5.,#0,general chat ?,yuriiiiiiiiie#0,
"2024-11-07,17:36:16",aaamethysttt,#0,Ikrrr bsh why is it coming to Constantine,djazairi.213#0,
"2024-11-07,17:36:16",sarsouri,#0,Wlina shab mlkher,5b5.#0,
"2024-11-07,17:36:19",yuriiiiiiiiie,#0,repondali normalement,5b5.#0,
"2024-11-07,17:36:34",sarsouri,#0,<@712279378163400776> mdlo batna mdlo,anes_911#0,
"2024-11-07,17:36:34",Booster Bot,#3521,"<:redtick:922572638595997776> | Only 4 gifts are allowed for 2 boosts
Check `bb gifts info` to get insights on your gifts and configs.",,
"2024-11-07,17:37:18",w1ssal,#0,wlh hmdlh ett,lb9999b#0,
"2024-11-07,17:37:42",5b5.,#0,l3ziz,sarsouri#0,
"2024-11-07,17:37:50",lasdrugasxd._,#0,Salam,,
"2024-11-07,17:37:59",5b5.,#0,i guess,yuriiiiiiiiie#0,
"2024-11-07,17:38:22",sarsouri,#0,<@186878884736663552> Mnin nta ?,5b5.#0,
"2024-11-07,17:38:35",akboom,#0,Hay nesr,,
"2024-11-07,17:38:38",akboom,#0,9oudm jame3,,
"2024-11-07,17:38:40",akboom,#0,Yeskn,,
"2024-11-07,17:38:53",akboom,#0,Oui,lasdrugasxd._#0,
"2024-11-07,17:38:53",sarsouri,#0,W ida tearf tissmsilt win jaya,,
"2024-11-07,17:38:56",5b5.,#0,salam,lasdrugasxd._#0,
"2024-11-07,17:39:01",5b5.,#0,msila,sarsouri#0,
"2024-11-07,17:39:15",lasdrugasxd._,#0,3lach oui,akboom#0,
"2024-11-07,17:39:24",lasdrugasxd._,#0,Wachrak khoya?,5b5.#0,
"2024-11-07,17:39:45",notgrey.,#0,<:ALG_weirdchamp:911409158119653426>,,
"2024-11-07,17:39:46",5b5.,#0,N7rch kho mn 16,,
"2024-11-07,17:40:04",yia06555,#0,Jit rah nsabo msili,,
"2024-11-07,17:40:20",yia06555,#0,Ombaed ban algerois,,
"2024-11-07,17:40:27",sarsouri,#0,Msilla nhobhom e7chm,yia06555#0,
"2024-11-07,17:40:41",5b5.,#0,m,yia06555#0,
"2024-11-07,17:40:47",5b5.,#0,M3ndhomch trisiti hbb ma y9droch ybano hna asln,,
"2024-11-07,17:41:25",5b5.,#0,hmdlh ett ?,lasdrugasxd._#0,
"2024-11-07,17:41:26",yuriiiiiiiiie,#0,<:ALG_OMEGALUL:842607487098421248> <:ALG_OMEGALUL:842607487098421248> <:ALG_OMEGALUL:842607487098421248> <:ALG_OMEGALUL:842607487098421248> <:ALG_OMEGALUL:842607487098421248> <:ALG_OMEGALUL:842607487098421248>,5b5.#0,
"2024-11-07,17:41:46",5b5.,#0,عنصرية,yuriiiiiiiiie#0,
"2024-11-07,17:41:59",sarsouri,#0,<@847594538854907954> fa9lk,yuriiiiiiiiie#0,
"2024-11-07,17:41:59",yia06555,#0,"Taerf nta plassa asmha tismssilt 
Ktbtha f google tl3li virus hta formatit pc",5b5.#0,
"2024-11-07,17:42:05",yuriiiiiiiiie,#0,za3ma ki mn 16 msgem,5b5.#0,
"2024-11-07,17:42:07",yuriiiiiiiiie,#0,<:ALG_kekw:852170231673782332>,,
"2024-11-07,17:42:20",5b5.,#0,same shit GA3 rana f dz,yuriiiiiiiiie#0,
"2024-11-07,17:42:30",yuriiiiiiiiie,#0,ch7al foukahi bnadem hada,yia06555#0,
"2024-11-07,17:42:33",yia06555,#0,Hadiya 3la jalha hna la9bayal yakrohna meme f مكة,5b5.#0,
"2024-11-07,17:42:42",yuriiiiiiiiie,#0,ki 7amou ki temou,5b5.#0,
"2024-11-07,17:43:06",yuriiiiiiiiie,#0,yerham babek nta ykrhok ki 9bayli ou zid algérois,yia06555#0,
"2024-11-07,17:43:12",yuriiiiiiiiie,#0,algérois ya jdk,,
"2024-11-07,17:43:13",sarsouri,#0,Yo guys ni nbullyi 58 willaya kach sira3 jihawi tagiwni im free,,
"2024-11-07,17:43:14",5b5.,#0,naah temou yban اوروبي,yuriiiiiiiiie#0,
"2024-11-07,17:43:19",yia06555,#0,Ranna nad3olak timsilsst s3iba,yuriiiiiiiiie#0,
"2024-11-07,17:43:21",yuriiiiiiiiie,#0,tnefekh,,
"2024-11-07,17:43:45",5b5.,#0,wchno hadi placa ?,yia06555#0,
"2024-11-07,17:43:50",yuriiiiiiiiie,#0,ya yema ch7al th9al hed les algérois,,
"2024-11-07,17:43:56",yia06555,#0,Had klma i9oloha redjal psq ghir homa li 3ndhom,yuriiiiiiiiie#0,
"2024-11-07,17:43:57",sarsouri,#0,Ana n7bo shut up nkrhok nti,yuriiiiiiiiie#0,
"2024-11-07,17:44:27",yia06555,#0,9alak 9edam libya,5b5.#0,
"2024-11-07,17:45:13",yia06555,#0,S3ib f denya tkon 9bayli,,
"2024-11-07,17:45:17",yuriiiiiiiiie,#0,"li tawdhi7 that means "" T3AYI""",,
"2024-11-07,17:45:36",yuriiiiiiiiie,#0,idc,sarsouri#0,
"2024-11-07,17:45:37",5b5.,#0,<@847594538854907954> u from tismsilt ?,yuriiiiiiiiie#0,
"2024-11-07,17:45:48",yuriiiiiiiiie,#0,wah,5b5.#0,
"2024-11-07,17:45:56",5b5.,#0,shiiit الله يطلق صراحك,yuriiiiiiiiie#0,
"2024-11-07,17:46:12",yia06555,#0,<@907672906358747136> one piece jat f timssilt,sarsouri#0,
"2024-11-07,17:46:28",sarsouri,#0,Hhhhhhhhhhhhhhhhhhhhhhhhhhhhhhhhhhhhhhhhh,yia06555#0,
"2024-11-07,17:46:30",akboom,#0,Nn sebiti rebi c bn,yuriiiiiiiiie#0,
"2024-11-07,17:46:31",akboom,#0,MODS,,
"2024-11-07,17:46:39",akboom,#0,https://tenor.com/view/ltg-british-food-mods-low-tier-god-gif-9108075214677777615,,
"2024-11-07,17:47:05",5b5.,#0,Man3rfhach hbb,yia06555#0,
"2024-11-07,17:47:18",5b5.,#0,7wst f google map ou ma khrjtch,,
"2024-11-07,17:47:29",sarsouri,#0,<@1152342466113048676> labiha malgawhach l doka,yia06555#0,
"2024-11-07,17:47:36",yuriiiiiiiiie,#0,ida nta mata3rfch tktbha kifeh bghit map yfhmha,5b5.#0,
"2024-11-07,17:47:48",yuriiiiiiiiie,#0,bayna ktbthali tismsilt,,
"2024-11-07,17:47:50",yia06555,#0,"Ana tan nasm3 biha brq 
Kyna wahad 9byaliya rahi ltema 9tlna eandna metro taht lma",5b5.#0,
"2024-11-07,17:47:54",yuriiiiiiiiie,#0,ktbthalo*,,
"2024-11-07,17:47:55",sarsouri,#0,Ik gotlk brk,yuriiiiiiiiie#0,
"2024-11-07,17:48:31",yia06555,#0,Timssilt hiya ام الدنيا machi Égypte,,
"2024-11-07,17:48:51",edwardkenwayy,#0,Srx fiha metro?,,
"2024-11-07,17:48:51",yuriiiiiiiiie,#0,ki tbdlou sujet taguiwni,,
"2024-11-07,17:49:05",edwardkenwayy,#0,Yurie zaefet,yuriiiiiiiiie#0,
"2024-11-07,17:49:15",sarsouri,#0,Hhhhhhhhhhhhhhhhhhhhhhhhhhhhhhhhhhhhhhh,edwardkenwayy#0,
"2024-11-07,17:49:19",yia06555,#0,"Aya arwahi khelas 
Ay z3ft",yuriiiiiiiiie#0,
"2024-11-07,17:49:29",yuriiiiiiiiie,#0,rahom ynechto biha chat,edwardkenwayy#0,
"2024-11-07,17:49:35",yia06555,#0,Taht lma ih,edwardkenwayy#0,
"2024-11-07,17:49:38",edwardkenwayy,#0,Matdhkch dok twli mthbnich 😂😂,sarsouri#0,
"2024-11-07,17:49:54",yuriiiiiiiiie,#0,tissemsilt fiha ana,,
"2024-11-07,17:49:59",edwardkenwayy,#0,Wch rayk nhrbo lel khass,yuriiiiiiiiie#0,
"2024-11-07,17:49:59",yuriiiiiiiiie,#0,hada ma fiha,,
"2024-11-07,17:50:02",edwardkenwayy,#0,😂😂😂😂,,
"2024-11-07,17:50:10",yuriiiiiiiiie,#0,nhdro 3la tissemsilt wah,edwardkenwayy#0,
"2024-11-07,17:50:16",yia06555,#0,"<@847594538854907954>  9alak hna nhablou ghir li nhaboh
Hna nachtouk allah ghalab",yuriiiiiiiiie#0,
"2024-11-07,17:50:30",yia06555,#0,Aya yurie khelas,,
"2024-11-07,17:50:37",edwardkenwayy,#0,Oui arwahiii,yuriiiiiiiiie#0,
"2024-11-07,17:50:38",yuriiiiiiiiie,#0,abaaabaaaaab ma 9drtlkch,yia06555#0,
"2024-11-07,17:51:01",maybezaki,#0,,,
"2024-11-07,17:51:11",5b5.,#0,bro i cant send pics,,
"2024-11-07,17:51:21",yia06555,#0,"Ab9ay brq 
Ana tz3fi 3liya mayjinich n3as sa9si <@907672906358747136>",sarsouri#0、yuriiiiiiiiie#0,
"2024-11-07,17:51:39",sarsouri,#0,Ana nhbk wsh dir b smina tissmsiltiya,edwardkenwayy#0,
"2024-11-07,17:51:54",5b5.,#0,"dammm 
سما مطورين لثم ؟",yia06555#0,
"2024-11-07,17:52:11",muliarcsc25,#0,همم,,
"2024-11-07,17:52:17",yia06555,#0,للهيك ماشي للثم,5b5.#0,
"2024-11-07,17:52:31",5b5.,#0,<@1152342466113048676> شحال لازم لفل باش نبعث تصاور ؟,yia06555#0,
"2024-11-07,17:52:34",muliarcsc25,#0,قصدك لفوق ؟,yia06555#0,
"2024-11-07,17:52:37",muliarcsc25,#0,<@186878884736663552>  10,5b5.#0,
"2024-11-07,17:52:39",yuriiiiiiiiie,#0,ma yhamnich,yia06555#0,
"2024-11-07,17:52:42",5b5.,#0,bruh,muliarcsc25#0,
"2024-11-07,17:52:59",muliarcsc25,#0,راني 15 يوم محبيتش نوصل 🙏💀,5b5.#0,
"2024-11-07,17:53:04",muliarcsc25,#0,مقودة,,
"2024-11-07,17:53:27",muliarcsc25,#0,تهدر بش تهدر ومكانش,,
"2024-11-07,17:53:30",yia06555,#0,<@907672906358747136> brooo z3ft 3liya,sarsouri#0、yuriiiiiiiiie#0,
"2024-11-07,17:53:48",5b5.,#0,<@1152342466113048676> يخو تقدر تبعث تصاور ؟,yia06555#0,
"2024-11-07,17:53:56",5b5.,#0,ههههههههه شقوة حبب,muliarcsc25#0,
"2024-11-07,17:53:57",5b5.,#0,متحرش,,
"2024-11-07,17:53:59",sarsouri,#0,<@1152342466113048676> jiblna bnadm wa7d oukher nbullyiwh yurie cbon walft w karht,yia06555#0,
"2024-11-07,17:53:59",edwardkenwayy,#0,Yurir 9lbha byed ma tzeafch,yia06555#0,
"2024-11-07,17:54:04",yia06555,#0,10 wla 9ol l mod imadlk 3 hours rôle t9dr tb3t,5b5.#0,
"2024-11-07,17:54:12",5b5.,#0,<@712279378163400776>,anes_911#0,
"2024-11-07,17:54:24",yia06555,#0,Harbin ga3,muliarcsc25#0,
"2024-11-07,17:54:43",5b5.,#0,TAGILNA KACH MOD,yia06555#0,
"2024-11-07,17:54:44",muliarcsc25,#0,يب حبحب لزمك تبقى تهدر مع كبت لي كاين بش تجيبو وفي لخر مكانش 😭👆,5b5.#0,
"2024-11-07,17:55:03",muliarcsc25,#0,تلقاهم هوما لي صلحو لي برا مش لهن,yia06555#0,
"2024-11-07,17:55:09",sarsouri,#0,Tz3ef w tnsa,edwardkenwayy#0,
"2024-11-07,17:55:15",anes_911,#0,?temprole <@186878884736663552> elite 3h,5b5.#0,
"2024-11-07,17:55:16",Carl-bot,#1536,,,
"2024-11-07,17:55:23",5b5.,#0,L3ZIZ,anes_911#0,
"2024-11-07,17:55:33",5b5.,#0,,yuriiiiiiiiie#0,https://cdn.discordapp.com/attachments/840535839138119680/1304127112072138843/image.png?ex=672e4285&is=672cf105&hm=a71f7ef899250d503da1546c90b3dbf40b9e044d2ecaf18eebe7b1fada06402e&
"2024-11-07,17:55:40",muliarcsc25,#0,تحوس على معرفة في سرفر <:ALG_kekw:852170231673782332>,5b5.#0,
"2024-11-07,17:55:49",sarsouri,#0,<@712279378163400776> redli my english role nchouf wchram ydiro,anes_911#0,
"2024-11-07,17:56:08",yuriiiiiiiiie,#0,علاه عليك ڨع هذوك النافذات تع ليوتيوب,5b5.#0,
"2024-11-07,17:56:30",anes_911,#0,shkon n7lk lzm howa,sarsouri#0,
"2024-11-07,17:56:44",5b5.,#0,ني نحوس على تيسمسيلت و مزال ملقيتها 😔,yuriiiiiiiiie#0,
"2024-11-07,17:56:51",yuriiiiiiiiie,#0,HHHHHHHHHHHHHHHHHHHHHHHHHHHHHHHHHHHHHHHHHHHHHHHHHHHH,anes_911#0,
"2024-11-07,17:56:53",5b5.,#0,خلاص ريقلاوني,muliarcsc25#0,
"2024-11-07,17:56:54",yuriiiiiiiiie,#0,aay rebi,,
"2024-11-07,17:56:58",muliarcsc25,#0,عايش في يتيوب 💀,yuriiiiiiiiie#0,
"2024-11-07,17:56:58",yuriiiiiiiiie,#0,<:ALG_OMEGALUL:842607487098421248> <:ALG_OMEGALUL:842607487098421248> <:ALG_OMEGALUL:842607487098421248> <:ALG_OMEGALUL:842607487098421248> <:ALG_OMEGALUL:842607487098421248> <:ALG_OMEGALUL:842607487098421248>,,
"2024-11-07,17:57:03",anes_911,#0,,yuriiiiiiiiie#0,https://cdn.discordapp.com/attachments/840535839138119680/1304127491652194456/image.png?ex=672e42df&is=672cf15f&hm=fb1ed8a4f2282685807e7c45f565f0c61733a584492482b8fac3ec7368818504&
"2024-11-07,17:57:03",anes_911,#0,mmm,,
"2024-11-07,17:57:06",muliarcsc25,#0,<@186878884736663552> وت 💀 كفاش,5b5.#0,
"2024-11-07,17:57:09",sarsouri,#0,Pinki tbali,anes_911#0,
"2024-11-07,17:57:28",anes_911,#0,<@312729837506789377>,sarsouri#0、pinkiiee#0,
"2024-11-07,17:57:34",yia06555,#0,zaeft eliya 😢,muliarcsc25#0,
"2024-11-07,17:57:38",edwardkenwayy,#0,Bro jwz bac 2024 rah yharech bik <@847594538854907954>,yuriiiiiiiiie#0,
"2024-11-07,17:57:45",akboom,#0,Binance ya wahd lmrefah,anes_911#0,
"2024-11-07,17:58:00",yia06555,#0,<@847594538854907954> sah ?,edwardkenwayy#0、yuriiiiiiiiie#0,
"2024-11-07,17:58:11",muliarcsc25,#0,مفهمتش 🙏,yia06555#0,
"2024-11-07,17:58:13",anes_911,#0,jat men l ads mashi ana,akboom#0,
"2024-11-07,17:58:20",yia06555,#0,she's mad at me,muliarcsc25#0,
"2024-11-07,17:58:26",anes_911,#0,(smile ykhelessna b dolar),,
"2024-11-07,17:58:48",5b5.,#0,كل نافذة فيها فيديو مشي صفحات متكررة,yuriiiiiiiiie#0,
"2024-11-07,17:58:52",muliarcsc25,#0,"Who is ""she""",yia06555#0,
"2024-11-07,17:58:56",yia06555,#0,yurie,muliarcsc25#0,
"2024-11-07,17:59:18",sarsouri,#0,Kayen wa7d lmthel ygolk li 9lbo kbir smthing,,
"2024-11-07,17:59:18",muliarcsc25,#0,كاين بزاف مش غير هي,yia06555#0,
"2024-11-07,17:59:21",akboom,#0,Jamais khlsni,anes_911#0,
"2024-11-07,17:59:23",5b5.,#0,U ARE FUCKED UP,yia06555#0,
"2024-11-07,17:59:25",akboom,#0,For all my hard work,,
"2024-11-07,17:59:30",sarsouri,#0,Kbir haja haka,,
"2024-11-07,17:59:47",yia06555,#0,lala machi f wach rak tkhamam,muliarcsc25#0,
"2024-11-07,17:59:47",anes_911,#0,wa9t hadak kant khedmtk kbira 3la l budget,akboom#0,
"2024-11-07,17:59:54",muliarcsc25,#0,He Feeling sad 😭<:ALG_kekw:852170231673782332>,5b5.#0,
"2024-11-07,17:59:59",yia06555,#0,rak tchof  halkouni,5b5.#0,
"2024-11-07,18:00:06",yuriiiiiiiiie,#0,maalich khlih,edwardkenwayy#0,
"2024-11-07,18:00:15",5b5.,#0,poor guy,muliarcsc25#0,
"2024-11-07,18:00:17",sarsouri,#0,Hat brk ay powerabusat ki n7ato no reason,anes_911#0,
"2024-11-07,18:00:18",yuriiiiiiiiie,#0,fi mizek ?,yia06555#0,
"2024-11-07,18:00:26",yia06555,#0,<@712279378163400776> ya batni r9adt nadt sabt rohi eandi the dark night role mnin ja,anes_911#0,
"2024-11-07,18:00:30",yia06555,#0,lala,yuriiiiiiiiie#0,
"2024-11-07,18:00:37",muliarcsc25,#0,أه فهمت هذو ميحبوش زوالي كيما نتا 🙏,yia06555#0,
"2024-11-07,18:00:40",5b5.,#0,m3lich hbb tl9a ghir rjal f denya hadi,yia06555#0,
"2024-11-07,18:00:55",muliarcsc25,#0,يب راهو زوالي عاونوه <:ALG_kekw:852170231673782332>,5b5.#0,
"2024-11-07,18:00:55",yia06555,#0,ana 9bayli,muliarcsc25#0,
"2024-11-07,18:01:05",yia06555,#0,rak tchof mayhaboch redjal gae,5b5.#0,
"2024-11-07,18:01:18",muliarcsc25,#0,Me tooo <:ALG_Blush:1168084460256907354>,yia06555#0,
"2024-11-07,18:01:19",anes_911,#0,"aaaa l code ygol li dar 3afssa yna7iha 
dok kon tji hya trj3 role l wa7d n7itlo ana nehbel",sarsouri#0,
"2024-11-07,18:01:28",5b5.,#0,ga3 rana zWawla,muliarcsc25#0,
"2024-11-07,18:01:39",anes_911,#0,role ta3 lwa3rin yjik 24h brk,yia06555#0,
"2024-11-07,18:01:55",yia06555,#0,"kifah hta win ja 
wlh srx <:ALG_kekw:852170231673782332>",anes_911#0,
"2024-11-07,18:02:12",yia06555,#0,https://tenor.com/view/cat-dance-dancing-cat-chinese-dancing-cat-funny-cat-meme-cat-gif-18059553370350307210,,
"2024-11-07,18:02:12",anes_911,#0,most ative ta3 lbare7 nta howa,yia06555#0,
"2024-11-07,18:02:20",anes_911,#0,https://tenor.com/view/shutter-authority-skeleton-cuddling-gamer-run-away-gif-15756197,,
"2024-11-07,18:02:22",yia06555,#0,zaaaaamn,anes_911#0,
"2024-11-07,18:02:37",akboom,#0,https://tenor.com/view/box-of-shame-box-shame-gif-5716656840447945106,anes_911#0,
"2024-11-07,18:02:42",yia06555,#0,https://tenor.com/view/mala-ana-nrouh-talking-gif-15410033,,
"2024-11-07,18:02:54",yia06555,#0,dirolna profile a9boom,akboom#0,
"2024-11-07,18:02:54",sarsouri,#0,Discord server wla country,anes_911#0,
"2024-11-07,18:02:56",akboom,#0,9alou ma 3andkch hyat,,
"2024-11-07,18:03:06",anes_911,#0,ma 7abitsh nsar7o,akboom#0,
"2024-11-07,18:03:09",yia06555,#0,tayhtli anes,,
"2024-11-07,18:03:13",anes_911,#0,wilaya montadaba,sarsouri#0,
"2024-11-07,18:03:35",edwardkenwayy,#0,Saha medli access l voice messages,anes_911#0,
"2024-11-07,18:03:36",anes_911,#0,https://tenor.com/view/pepo-gif-20374472,,
"2024-11-07,18:03:37",anes_911,#0,yia,,
"2024-11-07,18:03:40",edwardkenwayy,#0,,,
"2024-11-07,18:03:47",akboom,#0,https://tenor.com/view/imma-head-out-spongebob-squarepants-gif-20183924,yia06555#0,
"2024-11-07,18:03:49",anes_911,#0,,edwardkenwayy#0,
"2024-11-07,18:03:51",anes_911,#0,ccp ?,,
"2024-11-07,18:04:02",yia06555,#0,https://tenor.com/view/first-time-meme-first-time-the-ballad-of-buster-scruggs-gif-24656975,akboom#0,
"2024-11-07,18:04:28",akboom,#0,Chinese communist party,anes_911#0,
"2024-11-07,18:04:30",edwardkenwayy,#0,Nchlh ttl3 twli hdaydi 🥹,anes_911#0,
"2024-11-07,18:04:52",akboom,#0,9alh skinny hhhhh,edwardkenwayy#0,
"2024-11-07,18:05:00",edwardkenwayy,#0,Lalaaaaa,akboom#0,
"2024-11-07,18:05:05",edwardkenwayy,#0,Ywli kter 😂😂,,
"2024-11-07,18:05:47",muliarcsc25,#0,بصح هذو ميحبوش زوالي 😭🙏,5b5.#0,
"2024-11-07,18:05:48",whostheodos,#0,h,,
"2024-11-07,18:05:54",whostheodos,#0,sa7,muliarcsc25#0,
"2024-11-07,18:06:42",yuriiiiiiiiie,#0,ana 3 fois w houwa yjini role te3 high priestess <:ALG_cutie:1168063345966993458>,anes_911#0,
"2024-11-07,18:07:04",5b5.,#0,M3rifa,yuriiiiiiiiie#0,
"2024-11-07,18:07:06",akboom,#0,https://tenor.com/view/no-life-south-park-bummer-gif-16184261,yuriiiiiiiiie#0,
"2024-11-07,18:07:39",yuriiiiiiiiie,#0,lala ma3ndich,5b5.#0,
"2024-11-07,18:07:42",muliarcsc25,#0,يببب,whostheodos#0,
"2024-11-07,18:07:45",muliarcsc25,#0,Hiiii,,
"2024-11-07,18:07:50",5b5.,#0,agree,muliarcsc25#0,
"2024-11-07,18:07:51",whostheodos,#0,hii,,
"2024-11-07,18:08:05",yia06555,#0,https://tenor.com/view/unstable-insane-clinically-insane-were-clinically-insane-gif-26170011,,
"2024-11-07,18:08:15",5b5.,#0,ty,yia06555#0,
"2024-11-07,18:08:17",whostheodos,#0,https://tenor.com/view/albertcamus-gif-7556182206836743979,,
"2024-11-07,18:08:19",whostheodos,#0,me btw,,
"2024-11-07,18:08:33",yia06555,#0,https://media.discordapp.net/attachments/1196505374023487519/1207738640856387645/caption-3.gif,whostheodos#0,
"2024-11-07,18:08:41",yia06555,#0,bla mziya hbb ❤️,5b5.#0,
"2024-11-07,18:08:49",akboom,#0,,,https://cdn.discordapp.com/attachments/840535839138119680/1304130450049994865/VID_944360816_173046_358.mp4?ex=672e45a0&is=672cf420&hm=005b88b0a56833272f52d9e0cd97d139876e3f9abdd5008cd0a3d3cbfed6f73b&
"2024-11-07,18:08:55",muliarcsc25,#0,How did you get level 10,5b5.#0,
"2024-11-07,18:09:03",5b5.,#0,liar,yuriiiiiiiiie#0,
"2024-11-07,18:09:04",whostheodos,#0,https://tenor.com/view/camus-albert-camus-my-beloved-gif-26635172,yia06555#0,
"2024-11-07,18:09:15",5b5.,#0,معريفة حبب,muliarcsc25#0,
"2024-11-07,18:09:18",whostheodos,#0,bro how u aint level 10 yet,muliarcsc25#0,
"2024-11-07,18:09:42",5b5.,#0,🙈🤍 l3ziz,yia06555#0,
"2024-11-07,18:09:55",didinesg,#0,لا تستسلم ياصديقي انها مجرد خداع لأبعادك عن دينك ومبادئك فهناك جنات تنتضرنا يا صديقي وتذكر انه كل من عليها فان ويبقى وجه ربك ذو الجلال و الاكرام.,akboom#0,
"2024-11-07,18:10:14",whostheodos,#0,amen,didinesg#0,
"2024-11-07,18:10:36",muliarcsc25,#0,جزائري عندو معريفة في كل بلاصة <:ALG_OMEGALUL:842607487098421248>,5b5.#0,
"2024-11-07,18:10:37",akboom,#0,https://tenor.com/view/malphite-gif-23133175,didinesg#0,
"2024-11-07,18:10:57",didinesg,#0,whatsapp malphite,akboom#0,
"2024-11-07,18:11:26",muliarcsc25,#0,معلبليش نهدر بساعة كل يوم في شات و موصلتش,whostheodos#0,
"2024-11-07,18:11:46",5b5.,#0,"الجزائري انسان مسكين
سما نعذروه",muliarcsc25#0,
"2024-11-07,18:12:01",5b5.,#0,ان شاء الله توصل خو,muliarcsc25#0,
"2024-11-07,18:12:01",whostheodos,#0,normal tkbr tnsaha,muliarcsc25#0,
"2024-11-07,18:12:06",5b5.,#0,انت تستطيع,,
"2024-11-07,18:12:15",muliarcsc25,#0,لزمنا نعاونوه,5b5.#0,
"2024-11-07,18:12:35",5b5.,#0,بصح انتا جزائري ثان سما تعتبر مسكين ههه,muliarcsc25#0,
"2024-11-07,18:12:38",5b5.,#0,لازم ايادي خارجية,,
"2024-11-07,18:12:49",muliarcsc25,#0,أمين أنت وحيد الذي لديه قدرة على نهوض بنفسه ⁉️⁉️🗣️,5b5.#0,
"2024-11-07,18:12:58",5b5.,#0,ysiiirr,muliarcsc25#0,
"2024-11-07,18:13:08",whostheodos,#0,periood,,
"2024-11-07,18:13:09",muliarcsc25,#0,لزم دولة عميقة,5b5.#0,
"2024-11-07,18:13:16",machine.n1,#0,Bonjour,,
"2024-11-07,18:13:26",whostheodos,#0,bnjr,,
"2024-11-07,18:13:27",muliarcsc25,#0,Hello,machine.n1#0,
"2024-11-07,18:13:32",okami.5270,#0,,,
"2024-11-07,18:13:40",5b5.,#0,s u p,machine.n1#0,
"2024-11-07,18:13:49",muliarcsc25,#0,مبقاش قد لي فات,5b5.#0,
"2024-11-07,18:13:52",machine.n1,#0,Roho ttriniw🗣,,
"2024-11-07,18:13:58",5b5.,#0,nah,machine.n1#0,
"2024-11-07,18:14:06",muliarcsc25,#0,Nah,machine.n1#0,
"2024-11-07,18:14:12",machine.n1,#0,Wait i forgot rana lkhmis,5b5.#0,
"2024-11-07,18:14:12",faysreasonwhy,#0,hi,,
"2024-11-07,18:14:23",muliarcsc25,#0,Hiiiiiiiii,faysreasonwhy#0,
"2024-11-07,18:14:32",machine.n1,#0,Tel9a 5 3ibad dayrin dala,,
"2024-11-07,18:14:33",5b5.,#0,الخميس للسهر و الراحة,machine.n1#0,
"2024-11-07,18:14:48",5b5.,#0,hey,faysreasonwhy#0,
"2024-11-07,18:14:50",whostheodos,#0,hey bro i want some of u,faysreasonwhy#0,
"2024-11-07,18:14:51",faysreasonwhy,#0,how are youuu,muliarcsc25#0,
"2024-11-07,18:14:53",machine.n1,#0,👍🏿,5b5.#0,
"2024-11-07,18:15:04",5b5.,#0,👍🏻,machine.n1#0,
"2024-11-07,18:15:04",faysreasonwhy,#0,whattt ?,whostheodos#0,
"2024-11-07,18:15:14",5b5.,#0,AYOOO,whostheodos#0,
"2024-11-07,18:15:17",faysreasonwhy,#0,wsg,5b5.#0,
"2024-11-07,18:15:18",whostheodos,#0,some of them good stuff,faysreasonwhy#0,
"2024-11-07,18:15:19",whostheodos,#0,uk,,
"2024-11-07,18:15:29",whostheodos,#0,we need stuff,5b5.#0,
"2024-11-07,18:15:37",muliarcsc25,#0,fine wt about u ?,faysreasonwhy#0,
"2024-11-07,18:15:46",yia06555,#0,,whostheodos#0,https://cdn.discordapp.com/attachments/840535839138119680/1304132199251185704/324898546_128981520038411_2609486868348465791_n.mp4?ex=672e4741&is=672cf5c1&hm=cf8b2ef943f9e79987d7c4570a90ef500fbe62cba1fb48ac01a90a071dd3ae4f&
"2024-11-07,18:15:48",faysreasonwhy,#0,i still dont understand could you elaborate,whostheodos#0,
"2024-11-07,18:16:00",whostheodos,#0,fent,faysreasonwhy#0,
"2024-11-07,18:16:02",faysreasonwhy,#0,quiet alright tyfa,muliarcsc25#0,
"2024-11-07,18:16:02",whostheodos,#0,bruh,,
"2024-11-07,18:16:04",whostheodos,#0,nvm,,
"2024-11-07,18:16:09",faysreasonwhy,#0,OH,whostheodos#0,
"2024-11-07,18:16:11",faysreasonwhy,#0,wahahahaha,,
"2024-11-07,18:16:17",5b5.,#0,ITS WEEKEND OF COURS IM GOOD,faysreasonwhy#0,
"2024-11-07,18:16:24",5b5.,#0,WBU,,
"2024-11-07,18:16:29",whostheodos,#0,ayah wchbih,yia06555#0,
"2024-11-07,18:16:45",faysreasonwhy,#0,ISTG SAME,5b5.#0,
"2024-11-07,18:16:46",m1k4eru,#0,guys sema dok trump ki wela president ne9edro n9olo bybye to the fucking retarded lgbtq+,,
"2024-11-07,18:16:46",muliarcsc25,#0,Nice,faysreasonwhy#0,
"2024-11-07,18:16:51",m1k4eru,#0,,,
"2024-11-07,18:16:52",faysreasonwhy,#0,NEVERR FELT THIS CHILL IN A WHILE,,
"2024-11-07,18:16:56",m1k4eru,#0,,,
"2024-11-07,18:16:59",m1k4eru,#0,,,
"2024-11-07,18:17:01",whostheodos,#0,ghir fel marican,m1k4eru#0,
"2024-11-07,18:17:03",m1k4eru,#0,,,
"2024-11-07,18:17:06",faysreasonwhy,#0,yippee,m1k4eru#0,
"2024-11-07,18:17:08",5b5.,#0,its not that ez,m1k4eru#0,
"2024-11-07,18:17:19",m1k4eru,#0,homa li rahom dayinha the most,whostheodos#0,
"2024-11-07,18:17:22",yuriiiiiiiiie,#0,hbibna ja lbareh yhdr brk galk 3ndk m3rifa,5b5.#0,
"2024-11-07,18:17:32",muliarcsc25,#0,Send them all to Europe <:ALG_kekw:852170231673782332> تولي save Europe تع صح,m1k4eru#0,
"2024-11-07,18:17:34",m1k4eru,#0,yekrahom asf,5b5.#0,
"2024-11-07,18:17:41",5b5.,#0,نولي العام الجاي ؟,yuriiiiiiiiie#0,
"2024-11-07,18:17:44",yia06555,#0,https://tenor.com/view/training-day-denzel-gif-21121671,m1k4eru#0,
"2024-11-07,18:17:48",whostheodos,#0,hsbtli canada,m1k4eru#0,
"2024-11-07,18:17:51",faysreasonwhy,#0,haga will he stop the war,,
"2024-11-07,18:17:59",faysreasonwhy,#0,in palestine,,
"2024-11-07,18:18:03",yuriiiiiiiiie,#0,ma twelich ga3<:ALG_kekw:852170231673782332>,5b5.#0,
"2024-11-07,18:18:05",whostheodos,#0,mchkitch,,
"2024-11-07,18:18:13",m1k4eru,#0,ca fiha yea bzf bs7 usa 9er3oha,whostheodos#0,
"2024-11-07,18:18:13",muliarcsc25,#0,دك كامل يحرقو لأوروبا,whostheodos#0,
"2024-11-07,18:18:14",5b5.,#0,الامل مدعوم و ممول من قبل شركات ضخمة راح يكون الامر صعب و اذا قدر اصلا,m1k4eru#0,
"2024-11-07,18:18:28",5b5.,#0,why 😔,yuriiiiiiiiie#0,
"2024-11-07,18:18:32",whostheodos,#0,fr,muliarcsc25#0,
"2024-11-07,18:18:41",m1k4eru,#0,byna no o ydeclenchi ww3 or against muslims ofc cuz yekrahom too,faysreasonwhy#0,
"2024-11-07,18:19:12",m1k4eru,#0,awaaah yrazihom i bet he gonna be strict on tht ig,5b5.#0,
"2024-11-07,18:19:23",faysreasonwhy,#0,no wshbik he doesnt hate muslims w he said in his interviews beli ill stop ww3 and the war between ukraine and russia,m1k4eru#0,
"2024-11-07,18:19:37",edwardkenwayy,#0,https://vm.tiktok.com/ZMhqJqyDY/,,
"2024-11-07,18:19:37",yuriiiiiiiiie,#0,haka,5b5.#0,
"2024-11-07,18:19:49",muliarcsc25,#0,ترمب دك يصعب عليهم معيشتهم و يحشرهم تسمى كابة اوروبا دك تزيد تتعمر بهذو فئات كان عندهم مشكل تع لكحالش يزدولهم متحورين هذو,whostheodos#0,
"2024-11-07,18:19:51",m1k4eru,#0,deja aslan ybdeha m leducation o 9ela3 m la maternelle mknch hdik t3 u choose your gender 7ta 16 ans bet yna7iha,5b5.#0,
"2024-11-07,18:20:06",5b5.,#0,naah u need a reason girl,yuriiiiiiiiie#0,
"2024-11-07,18:20:23",kitter969,#0,today,,
"2024-11-07,18:20:25",whostheodos,#0,normal khali leurope tt3mr,muliarcsc25#0,
"2024-11-07,18:20:27",kitter969,#0,is the day,,
"2024-11-07,18:20:38",yia06555,#0,,,https://cdn.discordapp.com/attachments/840535839138119680/1304133427272089702/RPReplay_Final1700263123.mov?ex=672e4866&is=672cf6e6&hm=84cd1543f80ac84530d9aefeec513f8cad4d7bcfaee5d09a25663ab3adf00c0c&
