Date,Username,User tag,Content,Mentions,link
"2024-08-04,22:54:59",demon_slayer_tanjiro_kamado,#0,نتا غي عس روحك ف اليل,yusef0898#0,
"2024-08-04,22:55:13",demon_slayer_tanjiro_kamado,#0,رادي نسرقلك الطوطة ديالك,yusef0898#0,
"2024-08-04,22:55:13",cha_wew.,#0,ليزوم,demon_slayer_tanjiro_kamado#0,
"2024-08-04,22:55:33",demon_slayer_tanjiro_kamado,#0,رادي تنوض ما تلقى والو,yusef0898#0,
"2024-08-04,22:55:46",demon_slayer_tanjiro_kamado,#0,ابليس و ما يسلككش مني يا و,yusef0898#0,
"2024-08-04,22:55:49",yusef0898,#0,متخافش انا الوسمو,demon_slayer_tanjiro_kamado#0,
"2024-08-04,22:55:51",4246780182,#0,اهدا,yusef0898#0,
"2024-08-04,22:56:29",demon_slayer_tanjiro_kamado,#0,رادي نخويك اليوم,yusef0898#0,
"2024-08-04,22:56:33",4246780182,#0,<:KEKYou:1150418200027201566>,yusef0898#0,
"2024-08-04,22:56:47",4246780182,#0,<:Dead_inside:1150410964659863592>,demon_slayer_tanjiro_kamado#0,
"2024-08-04,22:57:18",cha_wew.,#0,حبيبنا مختص عندي 10طواطي صغار,yusef0898#0,
"2024-08-04,22:57:30",cha_wew.,#0,سبعين مليون,,
"2024-08-04,22:57:41",yusef0898,#0,راك مخصوص,cha_wew.#0,
"2024-08-04,22:57:45",4246780182,#0,منين جاوك,cha_wew.#0,
"2024-08-04,22:57:48",demon_slayer_tanjiro_kamado,#0,يعطيك الصحة بديت تعرف لخدمة,cha_wew.#0,
"2024-08-04,22:57:52",4246780182,#0,متطيليش,,
"2024-08-04,22:57:55",demon_slayer_tanjiro_kamado,#0,من الطوطات,4246780182#0,
"2024-08-04,22:58:15",cha_wew.,#0,هو مانيش انا,yusef0898#0,
"2024-08-04,22:58:21",amirxlol_55368,#0,خوتي شكون يقدر يعطيني رول ميمر,,
"2024-08-04,22:58:27",cha_wew.,#0,سقسيه<@1264558495034769438>,4246780182#0、demon_slayer_tanjiro_kamado#0,
"2024-08-04,22:58:40",cha_wew.,#0,حل تيكت,amirxlol_55368#0,
"2024-08-04,22:59:12",4246780182,#0,<:emoji_104:1191547769664573450>,amirxlol_55368#0,
"2024-08-04,22:59:20",amirxlol_55368,#0,كفه نحلهم,,
"2024-08-04,22:59:24",yusef0898,#0,ديجا كيفاش دير رول ميم,,
"2024-08-04,22:59:26",cha_wew.,#0,وطاغي <@1214967653370691624> قولو راني قابل قوانين الميمر,jordyy.a3ttt#0,
"2024-08-04,22:59:32",4246780182,#0,نعرف,amirxlol_55368#0,
"2024-08-04,22:59:49",amirxlol_55368,#0,كفه,,
"2024-08-04,22:59:54",4246780182,#0,دور,,
"2024-08-04,23:00:01",cha_wew.,#0,روح لticket,amirxlol_55368#0,
"2024-08-04,23:00:10",amirxlol_55368,#0,اه,,
"2024-08-04,23:00:14",cha_wew.,#0,اطلع الفوق خلاص,,
"2024-08-04,23:00:25",amirxlol_55368,#0,نعم,,
"2024-08-04,23:00:28",cha_wew.,#0,لض creat ticket,,
"2024-08-04,23:01:16",cha_wew.,#0,مبعد طاغي <@1214967653370691624> قولو راني قابل قوانين الميمر,jordyy.a3ttt#0,
"2024-08-04,23:01:34",amirxlol_55368,#0,هكا نفتح رول ميمر,,
"2024-08-04,23:01:40",cha_wew.,#0,ايه,,
"2024-08-04,23:01:41",demon_slayer_tanjiro_kamado,#0,راني جبدته <:cum:1152013788653031434>,,
"2024-08-04,23:01:52",amirxlol_55368,#0,صح,,
"2024-08-04,23:02:13",cha_wew.,#0,القوانين تلقاهم في GET-MEMER-EDITER,amirxlol_55368#0,
"2024-08-04,23:02:44",cha_wew.,#0,<@1245055891363856435> فهمت,amirxlol_55368#0,
"2024-08-04,23:02:51",cha_wew.,#0,؟,,
"2024-08-04,23:02:53",demon_slayer_tanjiro_kamado,#0,بصح وين نقولو راني قبلت قوانين لميمز في الخاص ؟,cha_wew.#0,
"2024-08-04,23:03:33",demon_slayer_tanjiro_kamado,#0,وي راني صابر منا لغدوا يا و,,
"2024-08-04,23:03:42",cha_wew.,#0,حل تيكيت,,
"2024-08-04,23:03:56",cha_wew.,#0,في ticket,,
"2024-08-04,23:03:57",demon_slayer_tanjiro_kamado,#0,وش نو دا التيكيت ؟,cha_wew.#0,
"2024-08-04,23:04:11",demon_slayer_tanjiro_kamado,#0,ايه راني لقيته,,
"2024-08-04,23:04:21",cha_wew.,#0,اطلع الفوق خلاص,,
"2024-08-04,23:04:32",cha_wew.,#0,تلقا creat ticket,,
"2024-08-04,23:04:44",cha_wew.,#0,لض عليها,,
"2024-08-04,23:05:25",cha_wew.,#0,ممبعد طاغي <@1214967653370691624> قولو راني قابل قوانين الميمر,jordyy.a3ttt#0,
"2024-08-04,23:06:35",demon_slayer_tanjiro_kamado,#0,صاي درت كلش,,
"2024-08-04,23:07:43",demon_slayer_tanjiro_kamado,#0,ايا يدكم فيه,,
"2024-08-04,23:07:56",cha_wew.,#0,كي يقلك ok تقدر تبعت فيديوهات في حط-فيديو-وقود🤣,,
"2024-08-04,23:08:07",demon_slayer_tanjiro_kamado,#0,مليحة,cha_wew.#0,
"2024-08-04,23:08:53",cha_wew.,#0,بصح تبعتلو الصوالح لي كنت تبعتهملي كي يحكمك الفيد ينحيلك الرول,demon_slayer_tanjiro_kamado#0,
"2024-08-04,23:09:33",demon_slayer_tanjiro_kamado,#0,و كون نبعثلو الطوطا ديالي ؟,cha_wew.#0,
"2024-08-04,23:09:38",demon_slayer_tanjiro_kamado,#0,غلطت,,
"2024-08-04,23:09:47",takkun_27,#0,حبيبي الغالي,,
"2024-08-04,23:09:50",takkun_27,#0,يدك فيه,,
"2024-08-04,23:09:54",cha_wew.,#0,ينحيلك الرول,,
"2024-08-04,23:10:07",takkun_27,#0,Monstre,,
"2024-08-04,23:10:11",demon_slayer_tanjiro_kamado,#0,<:therockreaction5:1152013878641819768>,takkun_27#0,
"2024-08-04,23:10:11",takkun_27,#0,مونستخ,,
"2024-08-04,23:10:25",cha_wew.,#0,<:juan:1150418197581922344>,,
"2024-08-04,23:10:35",demon_slayer_tanjiro_kamado,#0,يا و يدكم فيه,,
"2024-08-04,23:10:39",takkun_27,#0,You are one annoying brat yk that,demon_slayer_tanjiro_kamado#0,
"2024-08-04,23:10:50",cha_wew.,#0,نحيها قبل ما يشوفها,demon_slayer_tanjiro_kamado#0,
"2024-08-04,23:11:00",demon_slayer_tanjiro_kamado,#0,راني نعمر في انمي OVERFLOW,,
"2024-08-04,23:11:11",takkun_27,#0,شيكور,,
"2024-08-04,23:11:16",demon_slayer_tanjiro_kamado,#0,لا ما تخافش ما بعثتلهش تاعي,cha_wew.#0,
"2024-08-04,23:11:32",demon_slayer_tanjiro_kamado,#0,تعرف OVERFLOW ?,takkun_27#0,
"2024-08-04,23:11:35",cha_wew.,#0,اي طوطا ينحيهولك,,
"2024-08-04,23:11:56",themask0239,#0,# خوتنا أروحاو روم صوتي,,
"2024-08-04,23:11:58",cha_wew.,#0,ولا حاجة 18+,,
"2024-08-04,23:12:15",takkun_27,#0,ماشي انا لي هدرت عليه اللول؟,demon_slayer_tanjiro_kamado#0,
"2024-08-04,23:12:38",demon_slayer_tanjiro_kamado,#0,انا قبل ما ندير حساب هنا كنت نتابعه من قبل عام,takkun_27#0,
"2024-08-04,23:12:44",demon_slayer_tanjiro_kamado,#0,نيشان,cha_wew.#0,
"2024-08-04,23:12:48",demon_slayer_tanjiro_kamado,#0,علاه,themask0239#0,
"2024-08-04,23:12:49",themask0239,#0,<@778976907642667018>,q52q#0,
"2024-08-04,23:13:23",jordyy.a3ttt,#0,Yzbi ydkm.fih,,
"2024-08-04,23:13:30",themask0239,#0,وعليكم سلام,jordyy.a3ttt#0,
"2024-08-04,23:14:01",demon_slayer_tanjiro_kamado,#0,راني بعثتلك الشروط تاع لميمز,jordyy.a3ttt#0,
"2024-08-04,23:14:03",cha_wew.,#0,<@1264558495034769438> انسى قاع وشقتلك,demon_slayer_tanjiro_kamado#0,
"2024-08-04,23:14:04",takkun_27,#0,انا تان كي كنت قدك,demon_slayer_tanjiro_kamado#0,
"2024-08-04,23:14:21",takkun_27,#0,خاوتي لبنات تاع تلمسان يفهموا واش معناها طوطة؟,,
"2024-08-04,23:14:24",takkun_27,#0,طوطات,,
"2024-08-04,23:14:32",demon_slayer_tanjiro_kamado,#0,لا,takkun_27#0,
"2024-08-04,23:14:43",takkun_27,#0,يا ودي هي تكون تحلبتلي,,
"2024-08-04,23:14:58",takkun_27,#0,قاتلي,,
"2024-08-04,23:15:10",takkun_27,#0,هذو هوما الناس لي تهدر معاهم ؟,,
"2024-08-04,23:15:11",demon_slayer_tanjiro_kamado,#0,قولها طوطة زعما مصلحا,takkun_27#0,
"2024-08-04,23:15:21",takkun_27,#0,هذي عندها خاوتها صغار,,
"2024-08-04,23:15:27",cha_wew.,#0,طوطا هوفا لي خترعها ولا يهدروها الناس لخرين,,
"2024-08-04,23:15:35",takkun_27,#0,باينة تلعب بالطوطة تاعهم فالدوش,,
"2024-08-04,23:15:39",takkun_27,#0,بالاك,,
"2024-08-04,23:15:54",takkun_27,#0,علاخاطرش ماكاش تفسير خلاف,,
"2024-08-04,23:16:11",cha_wew.,#0,Treu,,
"2024-08-04,23:16:23",jordyy.a3ttt,#0,,,https://cdn.discordapp.com/attachments/1227367017661595708/1269781005418500106/Screenshot_2024-08-04-20-49-34-58_40deb401b9ffe8e1df2f1cc5ba480b12.jpg?ex=672de4f7&is=672c9377&hm=974f1cdac3a3540cd146426e2e0261ee600a61fa099e9306567fc5d7ee207352&
"2024-08-04,23:16:25",jordyy.a3ttt,#0,L'm in love,,
"2024-08-04,23:17:33",cha_wew.,#0,ملوين نبدأ نقرا,jordyy.a3ttt#0,
"2024-08-04,23:17:36",john_amesterdam,#0,Prv,demon_slayer_tanjiro_kamado#0,
"2024-08-04,23:17:46",jordyy.a3ttt,#0,Kifeh ?,cha_wew.#0,
"2024-08-04,23:18:03",demon_slayer_tanjiro_kamado,#0,جماعة راني و لييت,,
"2024-08-04,23:18:05",cha_wew.,#0,واش من فوطو هي اللولة,,
"2024-08-04,23:18:33",chlorophyte_enjoyer,#0,تقرا من اليمين الى اليسار,cha_wew.#0,
"2024-08-04,23:18:41",chlorophyte_enjoyer,#0,مالفوق واهبط,,
"2024-08-04,23:18:54",chlorophyte_enjoyer,#0,مع الوقت توالف,,
"2024-08-04,23:19:17",cha_wew.,#0,That's make sense,chlorophyte_enjoyer#0,
"2024-08-04,23:20:53",cha_wew.,#0,معجبكش هادا,,
"2024-08-04,23:21:56",rayer43,#0,السلام عليكم,,
"2024-08-04,23:22:11",demon_slayer_tanjiro_kamado,#0,و عليكم السلام,rayer43#0,
"2024-08-04,23:22:15",chlorophyte_enjoyer,#0,و عليكم السلام,,
"2024-08-04,23:22:32",chlorophyte_enjoyer,#0,ياخو نسقسيك كيفاه تسرق لبزازل ؟,rayer43#0,
"2024-08-04,23:22:43",rayer43,#0,سر المهنة,chlorophyte_enjoyer#0,
"2024-08-04,23:22:55",chlorophyte_enjoyer,#0,يتباعو بالكيلو ولا بالحبة؟,,
"2024-08-04,23:23:01",rayer43,#0,بالحبة,chlorophyte_enjoyer#0,
"2024-08-04,23:23:10",chlorophyte_enjoyer,#0,شحال ؟,,
"2024-08-04,23:23:36",rayer43,#0,200$ بصح على جالك نخليها 150$,,
"2024-08-04,23:23:48",chlorophyte_enjoyer,#0,اواه غلاو,,
"2024-08-04,23:24:03",rayer43,#0,الله غالب راك تعرف لبزازل,chlorophyte_enjoyer#0,
"2024-08-04,23:24:10",3azo.zk,#0,100راك تهليت فينا,rayer43#0,
"2024-08-04,23:24:13",chlorophyte_enjoyer,#0,عشرية السوداء كنت نشريهم  قريب باطل,,
"2024-08-04,23:24:24",chlorophyte_enjoyer,#0,حسبي الله ونعم الوكيل,,
"2024-08-04,23:24:37",rayer43,#0,هاذوك راهم من الشناوة تاع البلاستيك,chlorophyte_enjoyer#0,
"2024-08-04,23:24:45",rayer43,#0,انا راه عندي تاع الصح,,
"2024-08-04,23:24:49",rayer43,#0,من نساء,,
"2024-08-04,23:24:52",chlorophyte_enjoyer,#0,لا خويا تاع البلاد,rayer43#0,
"2024-08-04,23:24:56",3azo.zk,#0,مكاش اوريجنال,rayer43#0,
"2024-08-04,23:25:08",rayer43,#0,ياخو راك غالط,chlorophyte_enjoyer#0,
"2024-08-04,23:25:30",rayer43,#0,كانو يقولو كيما هاك برك باس يعاونو في الصناعة المحلية,,
"2024-08-04,23:25:44",rayer43,#0,هم في الصح من الشناوة,,
"2024-08-04,23:25:48",chlorophyte_enjoyer,#0,"وليد خالي عمي كان يبيعهم 
كنت نشوفو يصنع فيهم",rayer43#0,
"2024-08-04,23:26:03",rayer43,#0,راك مع خبير,,
"2024-08-04,23:26:32",3azo.zk,#0,متعرفش واحد يسرق الخوخة,rayer43#0,
"2024-08-04,23:26:44",chlorophyte_enjoyer,#0,واه واقيل نبدا نبع القنب الهندي,,
"2024-08-04,23:26:45",rayer43,#0,راني مرة شريت وحدة من الشناوة بعد ما عضيتها لقيتها تقعرت,,
"2024-08-04,23:26:58",rayer43,#0,لالا الله غالب,3azo.zk#0,
"2024-08-04,23:27:11",rayer43,#0,ممكن يجي واحد,,
"2024-08-04,23:27:21",3azo.zk,#0,كي جي قلي,,
"2024-08-04,23:27:25",rayer43,#0,اوكي,,
"2024-08-04,23:27:47",3azo.zk,#0,بطاطة وراه,,
"2024-08-04,23:28:34",rayer43,#0,رماوه في الزيت 😭,3azo.zk#0,
"2024-08-04,23:29:52",3azo.zk,#0,"ماتتمسخرش 
راحا فريت اوملات<:PepeHands:1150411405904859197>",,
"2024-08-04,23:30:50",rayer43,#0,ولا اصبر,,
"2024-08-04,23:31:06",racimo,#0,Win raho jordy,,
"2024-08-04,23:31:07",racimo,#0,???,,
"2024-08-04,23:31:19",rayer43,#0,قاعد يبنيط,racimo#0,
"2024-08-04,23:31:39",racimo,#0,Spongebob=jordy ??,,
"2024-08-04,23:31:48",racimo,#0,Piiii n39l 3la jordy hitler,,
"2024-08-04,23:34:55",3azo.zk,#0,<:hollow46:1152015919900545065>,,
"2024-08-04,23:46:37",cha_wew.,#0,سمعت جوردي هتلر تفكرت ادولف نيغلر,,
"2024-08-04,23:52:13",.u9h.,#0,"ادولف هتلر❌️
جوردي نيغلر✅️",cha_wew.#0,
"2024-08-04,23:52:31",.u9h.,#0,<a:emoji_85:1188620238388994118>,,
"2024-08-04,23:52:41",kingofohio0383,#0,Yo guys,,
"2024-08-04,23:52:53",cha_wew.,#0,Wassup,,
"2024-08-04,23:52:54",kingofohio0383,#0,كاش العاب الغاز كيما 12 min,,
"2024-08-04,23:53:05",cha_wew.,#0,Portal,,
"2024-08-04,23:53:06",themask0239,#0,<@1033395726371270736>,karimplay#0,
"2024-08-04,23:53:26",themask0239,#0,<@1033395726371270736>  ارواح شيل 3,karimplay#0,
"2024-08-04,23:53:33",kingofohio0383,#0,غموض + تحقيق + جرائم قتل,,
"2024-08-04,23:54:18",cha_wew.,#0,معرف,,
"2024-08-04,23:54:45",kingofohio0383,#0,Ty for help anyway,,
"2024-08-04,23:55:10",bilal321e,#0,هوملاندر سراق لبزازل سراق طوطات وشنو هدا السيرفر المقود 😂,,
"2024-08-04,23:56:26",kingofohio0383,#0,في حقيقة نتا مقود,,
"2024-08-04,23:56:35",kingofohio0383,#0,خاطش معندكش اسم مقود,,
"2024-08-04,23:57:09",cha_wew.,#0,مازل مشفتش لوخرين,bilal321e#0,
"2024-08-04,23:57:21",cha_wew.,#0,Hmmm,kingofohio0383#0,
"2024-08-04,23:57:23",bilal321e,#0,كاينة,kingofohio0383#0,
"2024-08-04,23:58:02",cha_wew.,#0,Little nightmare,,
"2024-08-04,23:58:14",kingofohio0383,#0,تم تختيمها,cha_wew.#0,
"2024-08-04,23:58:18",kingofohio0383,#0,1 و 2,,
"2024-08-04,23:58:20",bilal321e,#0,واش نقدر نلقا تاني شرطي الأطفال زعما ؟,cha_wew.#0,
"2024-08-04,23:58:38",kingofohio0383,#0,كان انا عام ليفات,bilal321e#0,
"2024-08-04,23:58:46",cha_wew.,#0,قوات مكافحة العطا. يين,bilal321e#0,
"2024-08-04,23:59:10",kingofohio0383,#0,كنت مسميه دونافان صحاب حضانة الأطفال,,
"2024-08-04,23:59:20",cha_wew.,#0,ادولف نيغلر,bilal321e#0,
"2024-08-04,23:59:33",kingofohio0383,#0,Aura+,cha_wew.#0,
"2024-08-04,23:59:37",bilal321e,#0,Shit 💀,cha_wew.#0,
"2024-08-04,23:59:56",cha_wew.,#0,سولدر بوي المتشرد لي دالي الفين,,
"2024-08-05,00:00:12",cha_wew.,#0,و طوندوز مازال موصلتنيش,,
"2024-08-05,00:00:29",cha_wew.,#0,✨️الوسمو✨️,,
"2024-08-05,00:00:43",cha_wew.,#0,جوردي هتلر,bilal321e#0,
"2024-08-05,00:00:45",kingofohio0383,#0,لازم تبدع,,
"2024-08-05,00:01:13",cha_wew.,#0,واقيل نسميه بائع الكحالش,kingofohio0383#0,
"2024-08-05,00:01:23",cha_wew.,#0,بنيترو؟,,
"2024-08-05,00:02:12",kingofohio0383,#0,I agree,,
"2024-08-05,00:02:13",cha_wew.,#0,قول <@1230234149642702940> خو بالنيترو؟,kingofohio0383#0,
"2024-08-05,00:02:27",kingofohio0383,#0,يب ادعمك,,
"2024-08-05,00:03:09",kingofohio0383,#0,خاوتي مكش واحد زعما كيما انا يعاني معايا في بوزريعة,,
"2024-08-05,00:03:38",cha_wew.,#0,جيبلي باكي زريعة,kingofohio0383#0,
"2024-08-05,00:03:58",kingofohio0383,#0,Really niga,cha_wew.#0,
"2024-08-05,00:04:36",uchihamoh,#0,Slam ya niggers,,
"2024-08-05,00:04:38",cha_wew.,#0,<:way61:1152013922229043310>,,
"2024-08-05,00:06:04",cha_wew.,#0,تدخل لسيرفر باش نكافحو هوفا من انو يلعب الدن رينغ,kingofohio0383#0,
"2024-08-05,00:06:18",uchihamoh,#0,<:sh:1152016071147147319>,,
"2024-08-05,00:06:23",cha_wew.,#0,عليكم السلام,uchihamoh#0,
"2024-08-05,00:06:36",cha_wew.,#0,نبعتلك؟,uchihamoh#0,
"2024-08-05,00:07:02",uchihamoh,#0,<:sh:1152016071147147319>,cha_wew.#0,
"2024-08-05,00:07:51",cha_wew.,#0,تم بنجاح,,
"2024-08-05,00:08:43",uchihamoh,#0,<:megamind5:1152015946874097684> <:megamind5:1152015946874097684> <:megamind5:1152015946874097684> <:megamind5:1152015946874097684> <:megamind5:1152015946874097684>,,
"2024-08-05,00:08:58",kingofohio0383,#0,This moha is sus,,
"2024-08-05,00:09:12",cha_wew.,#0,Yeah bro,,
"2024-08-05,00:10:05",cha_wew.,#0,Do you wanna Join to the server,kingofohio0383#0,
"2024-08-05,00:10:34",cha_wew.,#0,To stop hoova playing elden ring,,
"2024-08-05,00:11:15",kingofohio0383,#0,I stop it playing games so i don't care about hoova i just im here for fun and chill,,
"2024-08-05,00:12:04",cha_wew.,#0,Ok,,
"2024-08-05,00:12:09",cha_wew.,#0,Fun,,
"2024-08-05,00:12:53",kingofohio0383,#0,My fun,,
"2024-08-05,00:12:59",cha_wew.,#0,<:Pog:1150411414243131504> <:tadcarlfachero36:1152016084430487552>,,
"2024-08-05,00:13:00",kingofohio0383,#0,نشوف سكرينات مشؤومة,,
"2024-08-05,00:13:22",kingofohio0383,#0,مهوش يديرهم ولا نعدو انسطا خاص بيهم,,
"2024-08-05,00:15:03",cha_wew.,#0,<:sh:1152016071147147319>,,
"2024-08-05,00:22:16",issj,#0,VOIce chate,,
"2024-08-05,00:22:51",sl_9.,#0,Slm,,
"2024-08-05,00:32:39",mhmdy,#0,جماعه ختمت لعبه ناروتو,,
"2024-08-05,00:32:47",mhmdy,#0,مع اني شريتها غير لول بارح,,
"2024-08-05,00:32:59",mhmdy,#0,ختمت كلش مخليت والو 🗿حيات وختمتها,,
"2024-08-05,00:33:35",mhmdy,#0,روبلوكس منحبهاش خويا دخلني ماب قعد شهرين باش لحق لفل 250 انا ف يومين لحقت والله 356,,
"2024-08-05,00:33:39",mhmdy,#0,وهو لحق 300,,
"2024-08-05,00:33:48",mhmdy,#0,سبيد رن,,
"2024-08-05,00:42:02",c_rx.,#0,راك تقللنا ختمت كل العاب,mhmdy#0,
"2024-08-05,00:42:12",c_rx.,#0,جرب العب تع طاعون,,
"2024-08-05,00:42:21",c_rx.,#0,هايلة راني نختم فيها دورك,,
"2024-08-05,00:44:59",sl_9.,#0,Mkach hna 3bad li yachfaw ll bazar l9dim  prime server hoova,,
"2024-08-05,00:56:19",capon_2.,#0,راااني مطننن,,
"2024-08-05,01:08:51",3azo.zk,#0,<:ccpshook81:1150419222007136348>,capon_2.#0,
"2024-08-05,01:09:29",3azo.zk,#0,خاوتي بطاطا واحد ماشافوا,,
"2024-08-05,01:11:45",midnightakram.,#0,<:emoji_84:1188620191576367134>,,
"2024-08-05,01:18:31",callmefreddy.,#0,Wchbik حزين زعما,midnightakram.#0,
"2024-08-05,01:21:41",3azo.zk,#0,أحزن كي زت فهاذي الدنيا وجحاوهالي خاوتي المنوين,callmefreddy.#0,
"2024-08-05,01:22:39",callmefreddy.,#0,سي كوا سااااا,,
"2024-08-05,01:25:01",_flitox.,#0,Brkana mn drama hbb 🗿,3azo.zk#0,
"2024-08-05,01:25:54",3azo.zk,#0,وعليه راني ندير فدرامة,_flitox.#0,
"2024-08-05,01:26:03",3azo.zk,#0,راني نحوس علا بطاطا,,
"2024-08-05,01:26:13",w.me,#0,Drama Jat mn tna,_flitox.#0,
"2024-08-05,01:26:35",w.me,#0,W Putin ykhdm 3nd tbon,,
"2024-08-05,01:26:53",_flitox.,#0,Jato tna yro7 y7ko fkach 7it,w.me#0,
"2024-08-05,01:27:10",_flitox.,#0,Kayna ydrblo pipa,w.me#0,
"2024-08-05,01:27:39",w.me,#0,S3iba Ki tsyiha tfhm,_flitox.#0,
"2024-08-05,01:28:06",w.me,#0,راهو طايب ماعندو مايبيبلو,_flitox.#0,
"2024-08-05,01:28:12",_flitox.,#0,Awah yachriki khok صنديد hnaya maytmnykch,w.me#0,
"2024-08-05,01:28:56",w.me,#0,Nsta3rf bik l3lam,,
"2024-08-05,01:29:28",_flitox.,#0,"شفت كيفاش دخلتلك تاع بوتين يخدم عند تبون 
دخلها بنفس الطريقة تعرف كيفاش يبيبلو 🗿🙂",w.me#0,
"2024-08-05,01:30:00",1_knock_knock_1,#0,خاوة شكون يلعب RL,,
"2024-08-05,01:30:05",w.me,#0,وشمن تقبه تدخل فيها,_flitox.#0,
"2024-08-05,01:30:28",themask0239,#0,# سلام عليكم,,
"2024-08-05,01:30:36",w.me,#0,ربي يهديك تلعبها دوكا,1_knock_knock_1#0,
"2024-08-05,01:30:38",themask0239,#0,# خوتي مشروع إنتخابي,,
"2024-08-05,01:30:59",1_knock_knock_1,#0,خير من منكفت,w.me#0,
"2024-08-05,01:31:01",w.me,#0,ننتخب اسلام سليماني,themask0239#0,
"2024-08-05,01:31:04",3azo.zk,#0,نفوطي عليك,themask0239#0,
"2024-08-05,01:31:11",themask0239,#0,# نرحل لكحالش ولا يولو خدم عندنا بش نوفرو إجتياطي صرف خلصولنا صرف,,
"2024-08-05,01:31:20",w.me,#0,روح ترقد خير,1_knock_knock_1#0,
"2024-08-05,01:31:32",themask0239,#0,# راني رئيس حملة إنتخابية تع هوفا,3azo.zk#0,
"2024-08-05,01:31:44",_flitox.,#0,# ياخو شكون خصوه خمسينات,,
"2024-08-05,01:31:48",w.me,#0,تحيا سليماني,themask0239#0,
"2024-08-05,01:31:49",3azo.zk,#0,بودي كارد,themask0239#0,
"2024-08-05,01:32:07",3azo.zk,#0,<:emoji_109:1259887162296635402> <:emoji_109:1259887162296635402> <:emoji_109:1259887162296635402> <:emoji_109:1259887162296635402>,,
"2024-08-05,01:32:23",3azo.zk,#0,انا حسابتلي نتا,,
"2024-08-05,01:32:42",3azo.zk,#0,متتمسخرش هوفا,,
"2024-08-05,01:33:40",_flitox.,#0,# yakhawtna li khsoh khmsinat yb3tli,,
"2024-08-05,01:33:56",themask0239,#0,# دك نعتلك بلي راك مع خيار صحيح,3azo.zk#0,
"2024-08-05,01:34:20",3azo.zk,#0,Ok,,
"2024-08-05,01:34:25",themask0239,#0,# إذا نتخبتوا هوفا ريحن نجيبولكم التونسيات و مغربيات,_flitox.#0,
"2024-08-05,01:35:04",abdullah055087,#0,خاوتي,,
"2024-08-05,01:35:13",abdullah055087,#0,راني مطنن,,
"2024-08-05,01:35:17",3azo.zk,#0,خاوتي مكاش الموجي تاع هوفا عد,themask0239#0,
"2024-08-05,01:35:24",abdullah055087,#0,جيبولنا لقحاب😂,,
"2024-08-05,01:35:29",_flitox.,#0,# وين مريض نتا شريكي راني مزوج انا دوك وراني مولا دار,themask0239#0,
"2024-08-05,01:35:40",abdullah055087,#0,تحيا سياربي ✌️,,
"2024-08-05,01:35:57",callmefreddy.,#0,Sa7a w mt3rdnich 🙂,_flitox.#0,
"2024-08-05,01:36:20",3azo.zk,#0,UASMA امش قود,abdullah055087#0,
"2024-08-05,01:36:45",_flitox.,#0,خلاصتلنا الماكلة ياخو فالدوزيام ان شاءالله عاود ولي,callmefreddy.#0,
"2024-08-05,01:36:45",abdullah055087,#0,نتا مقود نعيمة حلوة 😂,3azo.zk#0,
"2024-08-05,01:36:59",3azo.zk,#0,ختك لحلوة,abdullah055087#0,
"2024-08-05,01:37:03",_flitox.,#0,رياس الدزاير رانا جايين فايزين اليوما,3azo.zk#0,
"2024-08-05,01:37:10",callmefreddy.,#0,Nji ndiha w nro7,_flitox.#0,
"2024-08-05,01:37:12",abdullah055087,#0,و فليل كيفاش تجبد السوجي لعزيز ولا تجبدو ديراكت,_flitox.#0,
"2024-08-05,01:37:36",callmefreddy.,#0,3lh 7a ynik m3ak wla m3a mrto,abdullah055087#0,
"2024-08-05,01:37:37",_flitox.,#0,يانميييييي لحم لحلو اون بيغسون راهو يهدر على شواكرو تنااكت الدزاير خلاص,abdullah055087#0,
"2024-08-05,01:38:01",3azo.zk,#0,متتمسخر,_flitox.#0,
"2024-08-05,01:38:05",_flitox.,#0,اواه شريكي انا نجبدو غير لصاليحة,abdullah055087#0,
"2024-08-05,01:38:13",abdullah055087,#0,شواكرو في واش ؟😂 تخسرو ف دومي فينال و تخرجو كونطر مراركة 😂,_flitox.#0,
"2024-08-05,01:38:44",2jz.o7,#0,Lmzntt,_flitox.#0,
"2024-08-05,01:38:48",abdullah055087,#0,"عندك طوطة نتا واش تجبد ديجا 😂
ديجا رانا تزوجنا بيكم يا نعيمة و بعتيقة 😍",_flitox.#0,
"2024-08-05,01:39:05",3azo.zk,#0,أواه مزيدش تقولي برك تسيبورتي بارسا,abdullah055087#0,
"2024-08-05,01:39:14",_flitox.,#0,يانمي نتا علابالك واش صرا وراك داخلها النية فالهبال + نتو دومي فينال جامي جزتوه حبسنا التمنيييك ياخو نعرفوكم,abdullah055087#0,
"2024-08-05,01:39:17",abdullah055087,#0,نن بايرن ❤️‍🩹,3azo.zk#0,
"2024-08-05,01:39:42",3azo.zk,#0,نوير ثقبة,abdullah055087#0,
"2024-08-05,01:39:44",abdullah055087,#0,لعام ليفات خسرنا فلافينال يا لكذاب 😂,_flitox.#0,
"2024-08-05,01:39:52",_flitox.,#0,"والالي روتور كيفاش فدار شرع 🙂
جيتي تدي حقك شبعتي طوطا",abdullah055087#0,
"2024-08-05,01:40:00",abdullah055087,#0,قاعك بصح بسبتو خسرنا 💔,3azo.zk#0,
"2024-08-05,01:40:06",_flitox.,#0,ياربك تكدب <:NIGGA_omg:1150394296680329226>,abdullah055087#0,
"2024-08-05,01:40:14",3azo.zk,#0,رييييمنتادا,,
"2024-08-05,01:40:32",_flitox.,#0,<@1142540508183416883> ياخو يرحم يماك سياربي وقتاش لحقو لفينال فلافريك 😂😂,2jz.o7#0,
"2024-08-05,01:40:41",abdullah055087,#0,"😂😂 نورمال الصح فلاكوب 😂
انا نحبكم يا لياسما بصح مولودية يدهم فيه ما نستعرفش بتاريخهم 😂",_flitox.#0,
"2024-08-05,01:40:55",_flitox.,#0,الصح فالطوطا ماشي <:KEKYou:1150418200027201566> <:KEKYou:1150418200027201566>,abdullah055087#0,
"2024-08-05,01:40:58",abdullah055087,#0,لياسما ملي راحتلكم البهجة خلاص 😂 بصح دكك نشوفو للقروبات,,
"2024-08-05,01:41:12",abdullah055087,#0,خخخخخ فيزوج ذقتو الطولة 😂,_flitox.#0,
"2024-08-05,01:41:16",2jz.o7,#0,Flmnam,,
"2024-08-05,01:41:31",abdullah055087,#0,روح شوف مع شلف ياخي دجال 😂,_flitox.#0,
"2024-08-05,01:41:31",_flitox.,#0,لي ڨروب هادو واش دارو فعام فاناطيز ماداروهش فحياتهم ڨاع 😂😂,abdullah055087#0,
"2024-08-05,01:41:52",2jz.o7,#0,Matst3rch psq marakch 9adr tl7a9,abdullah055087#0,
"2024-08-05,01:42:01",abdullah055087,#0,نتا مقود نكناكم بواحد التيفو ف دومي فينال 😂,_flitox.#0,
"2024-08-05,01:42:31",abdullah055087,#0,ماكانش لي كثرمنا ف لي تيتر حبب 😂,2jz.o7#0,
"2024-08-05,01:42:44",_flitox.,#0,شلف لعبتو معاهم فينال فلافريك؟,abdullah055087#0,
"2024-08-05,01:42:49",abdullah055087,#0,خاوتي سياربي فوق الجميع ملخر و يدكم فيه 😂,,
"2024-08-05,01:43:01",abdullah055087,#0,ني على كوب دالجيري,_flitox.#0,
"2024-08-05,01:43:05",2jz.o7,#0,Matmnykch haka wlito ntoma lwlin fles titre,abdullah055087#0,
"2024-08-05,01:43:06",3azo.zk,#0,في قاعك,abdullah055087#0,
"2024-08-05,01:43:07",_flitox.,#0,لالا كمل فيها لحم لحلو,abdullah055087#0,
"2024-08-05,01:43:17",_flitox.,#0,علاش تجبد لمراركة يمال,abdullah055087#0,
"2024-08-05,01:43:19",abdullah055087,#0,وي باينة شواكرك حبب,2jz.o7#0,
"2024-08-05,01:43:29",abdullah055087,#0,خخخخخ 😂 الغيرة 😂,3azo.zk#0,
"2024-08-05,01:43:34",2jz.o7,#0,Les titre ta3 l3taya rak day ktr,abdullah055087#0,
"2024-08-05,01:43:57",abdullah055087,#0,مالقري الشرف قبل كلش عندك لحق خو,_flitox.#0,
"2024-08-05,01:44:09",abdullah055087,#0,نعرفو سوسطارة 😂,2jz.o7#0,
"2024-08-05,01:44:35",abdullah055087,#0,خاوتي هوفا يسيبورتي مولودية ؟,,
"2024-08-05,01:44:54",3azo.zk,#0,غيرة ولا حريرة نمصلك قاعك فدويرة,abdullah055087#0,
"2024-08-05,01:45:09",_flitox.,#0,"وفرويسو كيفاش؟ 🙂
شكون لي ولا كي لقحيبة 🙂",abdullah055087#0,
"2024-08-05,01:45:46",abdullah055087,#0,وقتاش هادي ؟😂,_flitox.#0,
"2024-08-05,01:45:51",_flitox.,#0,# ياخو كل عام نطلعو ل 20 اوت وعلابالنا شكون لي يطلو من التواقي بل بيجامات ويتيرو بطباسا,abdullah055087#0,
"2024-08-05,01:46:05",abdullah055087,#0,شوف ياخو ف دومي فينال انا مانكذبش قعرونا البيبليك تاعكم 😂,,
"2024-08-05,01:46:18",_flitox.,#0,شفت كيفاش ماعلابالكش + نتا باين تسكن فتيارت وتسيبورتي سياربي 😂😂,abdullah055087#0,
"2024-08-05,01:46:23",abdullah055087,#0,ريح ماتخرط 😂,_flitox.#0,
"2024-08-05,01:46:40",2jz.o7,#0,Ya 5o marahoch ykdb ya si nmi,,
"2024-08-05,01:46:48",_flitox.,#0,والله غير ياصحبي كون مانعرفوكمش مانهدروش,abdullah055087#0,
"2024-08-05,01:46:48",abdullah055087,#0,خخخخخ 😂 وش خصها تيارت ديجا 😂,_flitox.#0,
"2024-08-05,01:47:10",_flitox.,#0,شفت كيفاش قستك + ماعندهمش الماء,abdullah055087#0,
"2024-08-05,01:47:10",abdullah055087,#0,واش تعرفو ؟😂,_flitox.#0,
"2024-08-05,01:47:26",abdullah055087,#0,بصح شكون قالك نسكن فتيارت 😂,_flitox.#0,
"2024-08-05,01:48:06",abdullah055087,#0,خاوتي راكم كامل عليا ؟😂,,
"2024-08-05,01:48:47",_flitox.,#0,"علاش راك تتهرب + معليش نفكرك فهادي 
علاش باشيتو ب ايتوندار تاع On tour فبولوغين 😂😂",abdullah055087#0,
"2024-08-05,01:49:08",2jz.o7,#0,<@1169250247847972887> Ki 9rbt la saison bach t5las 3l9o fl potowat tchratch byoda w7mora chghol hadok anivirsair ta3 drari sghar,_flitox.#0,
"2024-08-05,01:49:16",abdullah055087,#0,خخخخخ 😂,,
"2024-08-05,01:49:27",abdullah055087,#0,ماعلاباليش 🙂,,
"2024-08-05,01:49:29",_flitox.,#0,"ياك سياربي فوق الجميع ولا دارت الحية 🙂
ولا الجميع فوق ال سياربي",abdullah055087#0,
"2024-08-05,01:50:08",abdullah055087,#0,سياربي كبيرة عليكم باينة 😂 و كامل تقعدكم 😂,_flitox.#0,
"2024-08-05,01:50:22",_flitox.,#0,ياخو دايرين هاديك تاع (قف) لي يديروها البلدية نهار يحفرو 😂😂😂<:juan:1150418197581922344> <:NIGGA_omg:1150394296680329226>,2jz.o7#0,
"2024-08-05,01:50:26",abdullah055087,#0,خخخخخ بصح علاش تطلعو خياتكم للصطاد ؟🙂,,
"2024-08-05,01:50:40",abdullah055087,#0,كي نتوما كي مولودية 😂,,
"2024-08-05,01:50:52",abdullah055087,#0,لقليلة مازالت فينا الرجلة 😂,,
"2024-08-05,01:51:36",_flitox.,#0,"فيكم الرجلة وفل باش اللول تاع فاناتيز كاتبين 
Contre soule 😂😂",,
"2024-08-05,01:53:41",abdullah055087,#0,واش دخل هادي ؟😂,,
"2024-08-05,01:54:25",abdullah055087,#0,ياخو شوف لقروب تاعكم قاسها فحاجة برك هاد لعام ف تيفو تاع شوادة 😂 لباقي ماشي حاجة كبيرة 😂,,
"2024-08-05,01:55:24",ilovepeanuts.,#0,واش انت واحد منهم؟,,
"2024-08-05,01:55:57",_flitox.,#0,ياخو نتا بنادم خاطيك وانا راني نحكي معاك 🤦‍♂️😂😂<@1261446439779700840>,abdullah055087#0,
"2024-08-05,02:02:39",2jz.o7,#0,Nas tdir tifou bach t7t fiha 7aja wla bnadem ila 3jbk tifou hakak psq z3ma tmnyko bina ghir nik ro7k,abdullah055087#0,
"2024-08-05,02:02:50",2jz.o7,#0,Tifou machi m5dom ltmnyik,,
"2024-08-05,02:03:01",2jz.o7,#0,Bs7 daroh wnknahom,,
"2024-08-05,02:03:10",2jz.o7,#0,Rb7o ch3r ta3 zb chadi li kano 7atino,,
"2024-08-05,02:06:01",2jz.o7,#0,Mzkm,_flitox.#0,
"2024-08-05,02:06:15",2jz.o7,#0,Bda ytb3 ki daw crb les chmapionat l5rin,,
"2024-08-05,02:12:06",_flitox.,#0,يجو باينين ياخو,2jz.o7#0,
"2024-08-05,02:18:35",2jz.o7,#0,Wlh,_flitox.#0,
"2024-08-05,03:33:33",plxyboizeus,#0,<:NIGGA_omg:1150394296680329226>,,
"2024-08-05,03:56:52",plxyboizeus,#0,´,,
"2024-08-05,06:26:49",mhmdy,#0,لعبتها,c_rx.#0,
"2024-08-05,06:27:19",mhmdy,#0,كاش واحد مزال نايض,,
"2024-08-05,07:25:22",cha_wew.,#0,انا,,
"2024-08-05,07:46:06",mhmdy,#0,نتا فكل وقت نلقاك هكؤ,,
"2024-08-05,07:46:07",mhmdy,#0,ر,,
"2024-08-05,07:46:19",mhmdy,#0,قيقا تشاد خاف منك,,
"2024-08-05,07:46:23",mhmdy,#0,<:gigachad:1150419236989186078>,,
"2024-08-05,07:46:42",mhmdy,#0,شاف هرمون سيقما مرتفع عندك,,
"2024-08-05,07:47:05",mhmdy,#0,كلمه جديده جماعه كي تشوف واحد راجل وحش انيمال قوله نتا هرمون سيقما طالع <:gigachad:1150419236989186078>,,
"2024-08-05,07:53:11",hunters_rage,#0,<:gigachad:1150419236989186078> <:emoji_106:1197267108220915862> <:emoji_107:1197267193713410228>,,
"2024-08-05,08:04:00",mhmdy,#0,Sigma natral,,
"2024-08-05,08:06:59",mhmdy,#0,نتيرال كفاش تتكتب,,
"2024-08-05,08:07:03",mhmdy,#0,راني غالط,,
"2024-08-05,08:19:27",m7_.n8,#0,,,https://cdn.discordapp.com/attachments/1227367017661595708/1269917673131872346/FB_IMG_17228174182227307.jpg?ex=672dbb7f&is=672c69ff&hm=b48675de72be846994330297750bf45c79443d489e021cab3d37d82a2503bedc&
"2024-08-05,09:03:39",7ano_d7_,#0,<:emoji_109:1259887162296635402>,,
"2024-08-05,09:46:39",vv_sr7,#0,<@1191354977193570356>,themask0239#0,https://cdn.discordapp.com/attachments/1227367017661595708/1269939620041457724/20240805_094041.jpg?ex=672dcfef&is=672c7e6f&hm=b4fb4406ddbceedb839d5da392f3ad1971f1bc55a138e0af6485c26a4acdd518&
"2024-08-05,10:28:03",takkun_27,#0,Sba7 lkhir,,
"2024-08-05,10:31:25",ak_miro,#0,يدك فيه على صباح,,
"2024-08-05,10:32:05",themask0239,#0,ملا ياربي يدرولنا عقوبات إقتصادية ونشفو قوة ضاربة,vv_sr7#0,
"2024-08-05,10:32:30",unknown_210565,#0,<:9k:1189273274455179358>,,
"2024-08-05,10:33:53",themask0239,#0,صح,unknown_210565#0,
"2024-08-05,10:33:54",ablm69,#0,wsup,,
"2024-08-05,10:34:10",ablm69,#0,<:emoji_109:1259887162296635402> <:emoji_109:1259887162296635402>,unknown_210565#0,
"2024-08-05,10:34:18",unknown_210565,#0,وين نرحل,,
"2024-08-05,10:34:22",unknown_210565,#0,راني فالغابة,,
"2024-08-05,10:34:31",unknown_210565,#0,وش حبيتو كثر من هك,,
"2024-08-05,10:34:32",ablm69,#0,مزالك تتبع المينورات,,
"2024-08-05,10:34:37",unknown_210565,#0,باينة,,
"2024-08-05,10:34:41",themask0239,#0,# حنا أصلا مضرورين والله كي يبدو غقوبات يطلعو قاع والدهم لفرونسا ويلحقوهم ويصبرو شعب لا تقلق تصرلنا كيما كوبا,,
"2024-08-05,10:34:43",ablm69,#0,💀💀💀,,
"2024-08-05,10:34:56",unknown_210565,#0,انا راح نحرڨ,,
"2024-08-05,10:35:00",unknown_210565,#0,سمانة جاية,,
"2024-08-05,10:35:03",unknown_210565,#0,شكون يجي معاي,,
"2024-08-05,10:35:14",unknown_210565,#0,نجيب بيه الوقت فالبوطي نغتاصبو,,
"2024-08-05,10:35:50",ablm69,#0,"May: Drake
June: dr disrespect 
July: Chris 
August: hoova",,
"2024-08-05,10:35:56",hunters_rage,#0,انا حنروح ندير واش مقدرش هتلر يديرو تحيا الديكتاتوريا <:emoji_91:1188672059321094224> <:emoji_107:1197267193713410228>,,
"2024-08-05,10:36:07",ablm69,#0,not me,unknown_210565#0,
"2024-08-05,10:36:10",unknown_210565,#0,مان شاطافاكاب,,
"2024-08-05,10:36:14",unknown_210565,#0,<:9k:1189273274455179358>,,
"2024-08-05,10:36:24",ablm69,#0,ادي كاش فيم بوي,,
"2024-08-05,10:36:29",unknown_210565,#0,مكاش,,
"2024-08-05,10:36:33",unknown_210565,#0,حوست ملقيتش,,
"2024-08-05,10:36:38",ablm69,#0,(ملاشوفش pfp ),,
"2024-08-05,10:36:40",ablm69,#0,تاعي,,
"2024-08-05,10:36:45",hunters_rage,#0,<:Dead_inside:1150410964659863592>,,
"2024-08-05,10:37:01",hunters_rage,#0,كيرارا فيم بوي,,
"2024-08-05,10:37:03",unknown_210565,#0,<:NIGGA_omg:1150394296680329226>,,
"2024-08-05,10:37:07",ablm69,#0,ايه,hunters_rage#0,
"2024-08-05,10:37:08",unknown_210565,#0,ارواح تروح معاي,,
"2024-08-05,10:37:09",ablm69,#0,💀,,
"2024-08-05,10:37:15",ablm69,#0,oh hell nuh,unknown_210565#0,
"2024-08-05,10:37:19",hunters_rage,#0,<:Dead_inside:1150410964659863592>,,
"2024-08-05,10:37:25",ablm69,#0,ياك علابالك 💀,hunters_rage#0,
"2024-08-05,10:37:26",unknown_210565,#0,مالا نجيب حواي الابطال,,
"2024-08-05,10:37:35",ablm69,#0,أحسن مني,unknown_210565#0,
"2024-08-05,10:37:41",hunters_rage,#0,We all know,,
"2024-08-05,10:37:50",unknown_210565,#0,<:emoji_104:1191547769664573450>,,
"2024-08-05,10:37:59",ablm69,#0,<:emoji_109:1259887162296635402> <:emoji_109:1259887162296635402> <:emoji_109:1259887162296635402> <:emoji_109:1259887162296635402> <:emoji_109:1259887162296635402>,,
"2024-08-05,10:38:23",ablm69,#0,ir7al hoova,,
"2024-08-05,10:38:32",unknown_210565,#0,<:9k:1189273274455179358>,,
"2024-08-05,10:38:50",hunters_rage,#0,<:GAY_reverse_card:1150410491605303428>,,
"2024-08-05,10:38:50",ablm69,#0,hoova 7kmoh m3a wld dah llghaba 😭,,
"2024-08-05,10:38:58",unknown_210565,#0,ليوم 5 في شهر,,
"2024-08-05,10:39:06",unknown_210565,#0,حبيت نقوللكم اعلن افلاسي,,
"2024-08-05,10:39:07",ablm69,#0,yep,unknown_210565#0,
"2024-08-05,10:39:14",unknown_210565,#0,راح نولي نحوي دراري باش نجيب دراهم,,
"2024-08-05,10:39:22",hunters_rage,#0,حكمو هوفا يتربص في الكحالش للمهاجرين,,
"2024-08-05,10:39:32",ablm69,#0,النساء,hunters_rage#0,
"2024-08-05,10:39:36",ablm69,#0,و الرجال,,
"2024-08-05,10:39:38",hunters_rage,#0,كلش,,
"2024-08-05,10:39:38",ablm69,#0,Same,,
"2024-08-05,10:39:42",hunters_rage,#0,حتى الشوادة,,
"2024-08-05,10:39:43",unknown_210565,#0,علاش تكذبو ماكنتش نتربص,,
"2024-08-05,10:39:50",ablm69,#0,كلش يجوز مع هوفا,hunters_rage#0,
"2024-08-05,10:39:50",unknown_210565,#0,كنت غي نحوس على كحلوش صغير,,
"2024-08-05,10:39:52",unknown_210565,#0,يخدم,,
"2024-08-05,10:39:57",ablm69,#0,💀💀,,
"2024-08-05,10:40:17",unknown_210565,#0,انحرق يماه هذا لي راح يبعثلي فتلغرام,,
"2024-08-05,10:40:22",unknown_210565,#0,راح نجبد ديالو ونضربو بيه,,
"2024-08-05,10:40:23",a7_b.,#0,# no,unknown_210565#0,
"2024-08-05,10:40:29",unknown_210565,#0,<:9k:1189273274455179358>,,
"2024-08-05,10:40:45",unknown_210565,#0,في ديجاك انا حر,,
"2024-08-05,10:40:50",unknown_210565,#0,نتربص بالكحالش,,
"2024-08-05,10:40:57",unknown_210565,#0,لي عندو مشكل راني فالغابة,,
"2024-08-05,10:41:10",a7_b.,#0,تع ماين كرافت?,,
"2024-08-05,10:41:22",unknown_210565,#0,ايه,,
"2024-08-05,10:41:28",unknown_210565,#0,خوتي نحكو فالواقع,,
"2024-08-05,10:41:34",unknown_210565,#0,صاحبتي عندها يومين ماهيش ترد,,
"2024-08-05,10:41:36",unknown_210565,#0,واش صرا,,
"2024-08-05,10:41:44",ablm69,#0,Ir7al hoova,,
"2024-08-05,10:41:57",unknown_210565,#0,ABLM,,
"2024-08-05,10:42:02",unknown_210565,#0,حبيت نقولك حاجة,,
"2024-08-05,10:42:11",unknown_210565,#0,بديت نحبك<:RubbingHands:1150410501835202561>,,
"2024-08-05,10:42:21",hunters_rage,#0,على هاذي نتبع النازية <:emoji_91:1188672059321094224>,,
"2024-08-05,10:42:39",a7_b.,#0,شحال عندك ونتا معاها,unknown_210565#0,
"2024-08-05,10:42:56",unknown_210565,#0,4 سنين,,
"2024-08-05,10:43:11",unknown_210565,#0,اذا ماتت يدها فيه,,
"2024-08-05,10:43:15",unknown_210565,#0,البقاء للاقوى,,
"2024-08-05,10:43:25",a7_b.,#0,ياجداك صحبتي تع ماينكرافت  ومكانتش معايا 4 سنين,unknown_210565#0,
"2024-08-05,10:43:30",unknown_210565,#0,<:gigachad:1150419236989186078>,,
"2024-08-05,10:43:57",unknown_210565,#0,معليهش,,
"2024-08-05,10:44:05",unknown_210565,#0,واين,,
"2024-08-05,10:44:14",unknown_210565,#0,صحبتك تاع ماين قلاوي,,
"2024-08-05,10:44:17",unknown_210565,#0,<:KEKYou:1150418200027201566> <:KEKYou:1150418200027201566>,,
"2024-08-05,10:44:47",unknown_210565,#0,راني نتفرج في house of dragons,,
"2024-08-05,10:44:55",unknown_210565,#0,فري اسطوري الابطال,,
"2024-08-05,10:44:58",unknown_210565,#0,<:emoji_47:1151909990727163954>,,
"2024-08-05,10:45:02",a7_b.,#0,مليح,,
"2024-08-05,10:45:09",hunters_rage,#0,<:emoji_47:1151909990727163954>,,
"2024-08-05,10:45:09",hunters_rage,#0,كاش ادمن داها,,
"2024-08-05,10:45:13",hunters_rage,#0,<:Dead_inside:1150410964659863592>,,
"2024-08-05,10:45:13",themask0239,#0,شعار الحملة إنتخابية وش رايكم,,https://cdn.discordapp.com/attachments/1227367017661595708/1269954356673908837/Picsart_24-08-05_10-44-35-060.jpg?ex=672ddda9&is=672c8c29&hm=ac603e4f223b67e0cc1e369f08b3b20f80665a8fdaa049aabbf268c7a405ead2&
"2024-08-05,10:45:14",hunters_rage,#0,<:juan:1150418197581922344>,,
"2024-08-05,10:45:14",unknown_210565,#0,انا,,
"2024-08-05,10:45:23",unknown_210565,#0,وهوفا,themask0239#0,
"2024-08-05,10:45:25",unknown_210565,#0,وينو,,
"2024-08-05,10:45:37",themask0239,#0,دك نخدملو واحدة,unknown_210565#0,
"2024-08-05,10:45:39",hunters_rage,#0,<:emoji_107:1197267193713410228>,themask0239#0,
"2024-08-05,10:45:50",unknown_210565,#0,عندي 100 دولار بصح انا عطا-ي اءا شريت نيترو,,
"2024-08-05,10:45:55",unknown_210565,#0,نحتاجها نبيعها,,
"2024-08-05,10:46:14",hunters_rage,#0,راه يتربص فلكحالش,unknown_210565#0,
"2024-08-05,10:46:15",hunters_rage,#0,المهاجرين,,
"2024-08-05,10:46:26",unknown_210565,#0,<:NIGGA_omg:1150394296680329226>,,
"2024-08-05,10:46:28",themask0239,#0,روح تع.طي فضالو عليك دراهم <:9k:1189273274455179358>  طيشهم,unknown_210565#0,
"2024-08-05,10:46:30",unknown_210565,#0,<:RubbingHands:1150410501835202561>,,
"2024-08-05,10:46:42",unknown_210565,#0,لا سيدي الرئيس,themask0239#0,
"2024-08-05,10:46:45",ablm69,#0,Hi daddy,unknown_210565#0,
"2024-08-05,10:46:47",unknown_210565,#0,حقوق لكحالش,,
"2024-08-05,10:46:54",unknown_210565,#0,باش نشريلهم السوط,,
"2024-08-05,10:46:55",ablm69,#0,wanna slappy tappy with a twist for 100$,,
"2024-08-05,10:47:14",unknown_210565,#0,<:KEKYou:1150418200027201566> <:KEKYou:1150418200027201566>,,
"2024-08-05,10:47:17",unknown_210565,#0,<:9k:1189273274455179358>,,
"2024-08-05,10:47:21",unknown_210565,#0,تدي شعر,,
"2024-08-05,10:47:32",unknown_210565,#0,الخوت لي يحتاج فيزات مزورين يقولي,,
"2024-08-05,10:47:44",ablm69,#0,I need,,
"2024-08-05,10:47:47",ablm69,#0,🥰,,
"2024-08-05,10:47:52",unknown_210565,#0,درك نبعتلك,,
"2024-08-05,10:47:57",ablm69,#0,100$ please,,
"2024-08-05,10:48:11",ablm69,#0,tfk,unknown_210565#0,
"2024-08-05,10:48:14",unknown_210565,#0,"5154620048776452|08|2025|885
5154620048666646|08|2025|735
5154620048844326|08|2025|714
5154620048273880|08|2025|030
5154620048515660|08|2025|806
5154620048752750|08|2025|067
5154620048048084|08|2025|631
5154620048731382|08|2025|883
5154620048664450|08|2025|578
5154620048815557|08|2025|832
5154620048223174|08|2025|345
5154620048862054|08|2025|171",,
"2024-08-05,10:48:23",ablm69,#0,واشنو هذا تفك,,
"2024-08-05,10:48:28",unknown_210565,#0,فيزات,,
"2024-08-05,10:48:31",unknown_210565,#0,مزورين,,
"2024-08-05,10:48:33",ablm69,#0,نايس,,
"2024-08-05,10:48:37",unknown_210565,#0,خدمو بيهم ناس,,
"2024-08-05,10:48:41",unknown_210565,#0,في ديب ويب,,
"2024-08-05,10:48:45",unknown_210565,#0,ودارك ويب,,
"2024-08-05,10:48:46",ablm69,#0,تم الفهم,,
"2024-08-05,10:48:49",unknown_210565,#0,<:Dead_inside:1150410964659863592>,,
"2024-08-05,10:48:50",ablm69,#0,💀💀💀,unknown_210565#0,
"2024-08-05,10:48:58",unknown_210565,#0,نورمال,,
"2024-08-05,10:49:00",ablm69,#0,<:emoji_109:1259887162296635402> <:emoji_109:1259887162296635402>,,
"2024-08-05,10:49:06",unknown_210565,#0,لقيتهم يحو في طفلة في عمرها 7,,
"2024-08-05,10:49:09",unknown_210565,#0,فدارك ويب,,
"2024-08-05,10:49:11",ablm69,#0,احاه,,
"2024-08-05,10:49:14",unknown_210565,#0,تخلص 10 دولار,,
"2024-08-05,10:49:16",unknown_210565,#0,باش تتفرج,,
"2024-08-05,10:49:17",ablm69,#0,hell nuh,,
"2024-08-05,10:49:20",unknown_210565,#0,درتلهم هك<:9k:1189273274455179358>,,
"2024-08-05,10:49:23",unknown_210565,#0,وخرجت,,
"2024-08-05,10:49:26",ablm69,#0,worth it,,
"2024-08-05,10:49:31",ablm69,#0,💀,,
"2024-08-05,10:49:43",unknown_210565,#0,اودي يدهم فيه تكري هكر 100 اورو,,
"2024-08-05,10:49:51",unknown_210565,#0,علاه انمي الون طوطا انا واقيل,,
"2024-08-05,10:50:09",ablm69,#0,واش راك متوقع من دارك ويب,,
"2024-08-05,10:50:34",unknown_210565,#0,كلش,,
"2024-08-05,10:50:43",unknown_210565,#0,عطا-يين يهدرو مور ليكرو,,
"2024-08-05,10:50:51",unknown_210565,#0,نحكم واحد فصح نجبدلو ديالي,,
"2024-08-05,10:52:10",hunters_rage,#0,You cheat with hakari,ablm69#0,
"2024-08-05,10:52:22",ablm69,#0,Uhhhhhhh,,
"2024-08-05,10:52:40",themask0239,#0,صلحته,,https://cdn.discordapp.com/attachments/1227367017661595708/1269956233226354708/Picsart_24-08-05_10-52-15-934.jpg?ex=672ddf68&is=672c8de8&hm=2ea3dd70b469ff4e384f9986dd0882c7d91fe60b593c39bc973514b8e6088e98&
"2024-08-05,10:52:40",ablm69,#0,زيد ل 10 و شوف,,
"2024-08-05,10:53:02",unknown_210565,#0,<:9k:1189273274455179358>,med.ali.0#0,
"2024-08-05,10:53:10",unknown_210565,#0,تجيبلك كارت جرافيك,,
"2024-08-05,10:53:14",unknown_210565,#0,خلاصو دراهمك,,
"2024-08-05,10:53:19",ablm69,#0,واش رايك نديرلك رشوة,themask0239#0,
"2024-08-05,10:53:42",ablm69,#0,خطوات رشوة هوملاندر,,
"2024-08-05,10:53:43",med.ali.0,#0,نولي نبيع الصوف,,
"2024-08-05,10:53:49",ablm69,#0,أعطيه حليب صدر,,
"2024-08-05,10:54:03",unknown_210565,#0,عندي لحلبيب,,
"2024-08-05,10:54:05",unknown_210565,#0,حليب,,
"2024-08-05,10:54:11",themask0239,#0,صدقني مكانش حاجة فسدة دولة قد الرشوة,ablm69#0,
"2024-08-05,10:54:11",unknown_210565,#0,بصح من بلاصة وحد لخرة,,
"2024-08-05,10:54:13",unknown_210565,#0,اذا يقبل,,
"2024-08-05,10:54:19",ablm69,#0,ايه,themask0239#0,
"2024-08-05,10:54:20",med.ali.0,#0,حليب؟ كاين رايب !,,
"2024-08-05,10:54:31",ablm69,#0,المهم تقبل حليب صدر؟,themask0239#0,
"2024-08-05,10:54:33",unknown_210565,#0,انا مستعد نحوي هوملاندر على مصلحة الشعب,,
"2024-08-05,10:54:51",themask0239,#0,كانو يشربوكم حليب كلاب,ablm69#0,
"2024-08-05,10:55:07",unknown_210565,#0,وانا نقول علاش راني معضل,,
"2024-08-05,10:55:08",unknown_210565,#0,<:gigachad:1150419236989186078>,,
"2024-08-05,10:55:16",med.ali.0,#0,مبزل,,
"2024-08-05,10:55:21",unknown_210565,#0,<:9k:1189273274455179358>,,
"2024-08-05,10:56:16",med.ali.0,#0,<:9k:1189273274455179358>,,
"2024-08-05,10:56:45",themask0239,#0,لزمك تعرف أني نستهدف فئة نظيفة من مجتمع قارين واعين شابعين كروشهم مشي كيما تبون يستهدف كهل عايش بدواء تع راس و مشي شابع كرشو وحاسب رحو حاجة,unknown_210565#0,
"2024-08-05,10:57:09",unknown_210565,#0,ملور,,
"2024-08-05,10:57:28",unknown_210565,#0,انا هوملاندر هذا مساعدنيش,,
"2024-08-05,10:57:29",themask0239,#0,هذيك هي ملور,unknown_210565#0,
"2024-08-05,10:57:36",unknown_210565,#0,اعطيني تشو واش درتي للدولة,,
"2024-08-05,10:57:40",unknown_210565,#0,بعد مانحينا هوفا,,
"2024-08-05,10:57:53",themask0239,#0,ريح نحيلهم حقوق نمدهم للطفل,unknown_210565#0,
"2024-08-05,10:58:11",unknown_210565,#0,كيفاه هاذي واحد غير وين خرج من كرش يماه,,
"2024-08-05,10:58:13",unknown_210565,#0,يدي حقوق,,
"2024-08-05,10:58:21",unknown_210565,#0,اااا هنا مانتفاهوش,,
"2024-08-05,10:58:46",themask0239,#0,ولا شي غير أنو ديموقراطية جديدة وصلتنا ل 25 الف بنادم في سرفر,unknown_210565#0,
"2024-08-05,10:59:06",unknown_210565,#0,مليح ونصحهم ماعندهاش حقوق,,
"2024-08-05,10:59:14",unknown_210565,#0,ياخو سلفولي مياتالف,,
"2024-08-05,10:59:18",unknown_210565,#0,نشري ڨارو زطلة,,
"2024-08-05,10:59:35",themask0239,#0,وينما حقوق طفل في الجزائر ميقروهش يبطل يفشل يروح يزطل مبعد يولينا كهل جديد,unknown_210565#0,
"2024-08-05,10:59:51",unknown_210565,#0,كهل متطور,,
"2024-08-05,11:00:25",unknown_210565,#0,يخدم في وزراة العدل,,
"2024-08-05,11:00:46",unknown_210565,#0,نديرلك معاه طريق,,
"2024-08-05,11:00:52",unknown_210565,#0,باش نوصلوك للحكم,,
"2024-08-05,11:01:01",unknown_210565,#0,<:emoji_107:1197267193713410228>,,
"2024-08-05,11:02:40",hunters_rage,#0,صوتو عليا لابادة الكحالش و الكهول,,
"2024-08-05,11:04:17",med.ali.0,#0,<:emoji_91:1188672059321094224>,,
"2024-08-05,11:07:13",hunters_rage,#0,<:emoji_107:1197267193713410228> <:emoji_91:1188672059321094224>,,
"2024-08-05,11:07:22",hunters_rage,#0,معا شعار النازيا الحديثة <:emoji_91:1188672059321094224>,,
"2024-08-05,11:20:09",themask0239,#0,# حسبت دراسة وتحليل مياه صرف صحي في مختلف أرضي وطن وجدنا أن جلفة أكثر ولاية من حيث نسب إستمناء (تبنيط) بعد المسيلة و البليدة,,
"2024-08-05,11:22:22",zaudeooo_15311,#0,قرار حكيم سيادة الرئيس هوملاندر,themask0239#0,
"2024-08-05,11:26:45",c_rx.,#0,سطيف في أي مركز,themask0239#0,
"2024-08-05,11:28:23",c_rx.,#0,من وكتاش هذا رئيس,zaudeooo_15311#0,
"2024-08-05,11:29:55",themask0239,#0,<:emoji_47:1151909990727163954>  دك نحط نتائج,c_rx.#0,
"2024-08-05,11:30:08",a7_b.,#0,صحيح,themask0239#0,
"2024-08-05,11:31:34",a7_b.,#0,<@1191354977193570356>بعثتلك بريفي,themask0239#0,
"2024-08-05,11:31:40",themask0239,#0,<@648531388081111080> اوكي,a7_b.#0,
"2024-08-05,11:31:45",a7_b.,#0,ك,,
"2024-08-05,11:37:49",c_rx.,#0,لازم تحط نتائح في اقرب وقت,themask0239#0,
"2024-08-05,11:38:00",c_rx.,#0,مالا كيفاه تولي رئيس,,
"2024-08-05,11:38:08",hunters_rage,#0,اكثر دولة من ناحية السخانة <:therockreaction5:1152013878641819768>,,
"2024-08-05,11:47:08",c_rx.,#0,عراك,hunters_rage#0,
"2024-08-05,11:48:21",hunters_rage,#0,طفل مابيه والو في العراق👧,,
"2024-08-05,12:11:18",c_rx.,#0,عندهم بزاف قحاب,hunters_rage#0,
"2024-08-05,12:14:38",rayer43,#0,السلام عليكم,,
"2024-08-05,12:14:44",rayer43,#0,واش راكم,,
"2024-08-05,12:15:53",themask0239,#0,مدلل بيت يبدأ من سن 12 إلى 30 سنة له صفات الفمبوي بشرته صافية و بيضاء,hunters_rage#0,
"2024-08-05,12:21:06",cha_wew.,#0,Real,themask0239#0,
"2024-08-05,12:22:11",rayer43,#0,بصح علاه,themask0239#0,
"2024-08-05,12:23:16",cha_wew.,#0,هادي هي الحياة,,
"2024-08-05,12:23:22",a7_b.,#0,بصح منكدبش عليك البورن تاعهم مخ,themask0239#0,
"2024-08-05,12:25:03",a7_b.,#0,اني نلعب لعبة clap clap,,
"2024-08-05,12:25:13",a7_b.,#0,ليوم نصفقهالو,,
"2024-08-05,12:41:38",plxyboizeus,#0,<:NIGGA_omg:1150394296680329226>,,
"2024-08-05,12:46:17",yzgzgdvvtt,#0,سلام,,
"2024-08-05,12:46:21",yzgzgdvvtt,#0,<:emoji_47:1151909990727163954>,,
"2024-08-05,13:01:14",cha_wew.,#0,عليكم سلام,yzgzgdvvtt#0,
"2024-08-05,13:01:35",yzgzgdvvtt,#0,كيراك,,
"2024-08-05,13:01:45",yzgzgdvvtt,#0,<:emoji_47:1151909990727163954>,,
"2024-08-05,13:03:02",cha_wew.,#0,لباس🗿,,
"2024-08-05,13:10:03",c_rx.,#0,كاين كحالش فمبوي,themask0239#0,
"2024-08-05,13:17:06",hunters_rage,#0,I HATE BLACK PEOPLE,,
"2024-08-05,13:17:39",hunters_rage,#0,<:niggacrying:1150418192850767923> <:NIGGA_omg:1150394296680329226> <:g_meme_niggasleep_FGC:1152015896500502649>,,
"2024-08-05,13:49:23",7kxq,#0,"kayn kart edom w7da ta 1000da wkayn ta3 500da 
li 7Ab ychri yji prv
n9bal credit",,
"2024-08-05,13:49:47",hunters_rage,#0,Dame,,
"2024-08-05,14:07:30",demon_slayer_tanjiro_kamado,#0,وي السلام,,
"2024-08-05,14:07:36",demon_slayer_tanjiro_kamado,#0,كيراكم غايا,,
"2024-08-05,14:07:46",demon_slayer_tanjiro_kamado,#0,المهم يدكم فيه,,
"2024-08-05,14:09:23",demon_slayer_tanjiro_kamado,#0,كاين منها <:fbiSpong:1150411393087045682>,a7_b.#0,
"2024-08-05,14:20:15",c_rx.,#0,علاش تسرق طوطات,demon_slayer_tanjiro_kamado#0,
"2024-08-05,14:20:19",c_rx.,#0,وش تدير بيهم,,
"2024-08-05,14:21:20",ak_miro,#0,<:emoji_104:1191547769664573450>,,
"2024-08-05,14:23:02",demon_slayer_tanjiro_kamado,#0,نبيعهم,c_rx.#0,
"2024-08-05,14:26:58",hunters_rage,#0,High hitler <:emoji_107:1197267193713410228>,,
"2024-08-05,14:27:14",c_rx.,#0,كذاب كذاب,demon_slayer_tanjiro_kamado#0,
"2024-08-05,14:27:19",c_rx.,#0,تلعب بيهم,,
"2024-08-05,14:27:25",c_rx.,#0,وتوكلهم,,
"2024-08-05,14:27:29",c_rx.,#0,شفتك,,
"2024-08-05,14:27:34",c_rx.,#0,عندي فيديو تاعك,,
"2024-08-05,14:27:49",hunters_rage,#0,<@1264558495034769438> راك طفل نغ طفلة ؟,demon_slayer_tanjiro_kamado#0,
"2024-08-05,14:32:07",ak_miro,#0,<:emoji_107:1197267193713410228>,,
"2024-08-05,14:32:23",ak_miro,#0,It's called heil hitler,,
"2024-08-05,14:32:27",ak_miro,#0,Not high,,
"2024-08-05,14:32:30",hunters_rage,#0,YOOOOOOO,,
"2024-08-05,14:32:38",ak_miro,#0,Yes,,
"2024-08-05,14:32:44",hunters_rage,#0,<:emoji_107:1197267193713410228> <:emoji_107:1197267193713410228>,,
"2024-08-05,14:32:47",ak_miro,#0,Hitler ist der Beste,,
"2024-08-05,14:32:53",ak_miro,#0,Heil ihm,,
"2024-08-05,14:33:02",ak_miro,#0,Viva Adolf Hitler Chef,,
"2024-08-05,14:33:04",hunters_rage,#0,Hail hitler,,
"2024-08-05,14:33:15",ak_miro,#0,<:emoji_107:1197267193713410228> <:9k:1189273274455179358>,,
"2024-08-05,14:33:16",hunters_rage,#0,<:emoji_107:1197267193713410228> <:emoji_91:1188672059321094224>,,
"2024-08-05,14:33:40",hunters_rage,#0,Viva senior hitler,,
"2024-08-05,14:34:02",demon_slayer_tanjiro_kamado,#0,كيفاه كذاب ؟ انا و صاحبي نسرقوهم و نبيعوهم,c_rx.#0,
"2024-08-05,14:34:20",hunters_rage,#0,شكون صاحبك,,
"2024-08-05,14:34:23",demon_slayer_tanjiro_kamado,#0,امنتك واه,c_rx.#0,
"2024-08-05,14:34:32",demon_slayer_tanjiro_kamado,#0,سراق لبزازل,hunters_rage#0,
"2024-08-05,14:34:44",hunters_rage,#0,اوه نعرف,,
"2024-08-05,14:35:13",hunters_rage,#0,كان يهدر معنا على موضوع ايبادة العراقين و شحال هم زلة,,
"2024-08-05,14:35:17",demon_slayer_tanjiro_kamado,#0,<@926188367421521970> رادي نسرقولك انا و صاحبي الطوطة و القلاوي في الليل غي عس روحك <:gigachad:1150419236989186078>,c_rx.#0,
"2024-08-05,14:35:36",demon_slayer_tanjiro_kamado,#0,ايه و داير فوطو بروفيل تع شيرة,hunters_rage#0,
"2024-08-05,14:36:02",hunters_rage,#0,كحلة ؟,,
"2024-08-05,14:36:08",demon_slayer_tanjiro_kamado,#0,وي,hunters_rage#0,
"2024-08-05,14:36:19",demon_slayer_tanjiro_kamado,#0,و تمص السباغيتي,hunters_rage#0,
"2024-08-05,14:36:26",hunters_rage,#0,كنا نهدورو في الموضوع مع رئيس هومااندر,,
"2024-08-05,14:36:48",demon_slayer_tanjiro_kamado,#0,مليحة و وش نو هو القرار النهائي ؟,hunters_rage#0,
"2024-08-05,14:37:09",hunters_rage,#0,ابادة الكهول مع الكحالش و عرافيين,,
"2024-08-05,14:37:16",hunters_rage,#0,عراقيين*,,
"2024-08-05,14:37:38",demon_slayer_tanjiro_kamado,#0,الناس من كثريت ما خونتلهم الطوطات و صاحبي خونلهم القلاوي و البزازل راهم حابين يديرو حملة علينا 💀,,
"2024-08-05,14:37:59",demon_slayer_tanjiro_kamado,#0,ايه راني معاكم ✋,hunters_rage#0,
"2024-08-05,14:38:32",hunters_rage,#0,معا ضد الكحالش و الكهول مع العراقيين <:emoji_91:1188672059321094224>,,
"2024-08-05,14:39:59",hunters_rage,#0,نبيدو الكحالش و نسرقو طواطيهن خاطش كبار و نبيعهم بسومة كبيرة,,
"2024-08-05,14:40:09",demon_slayer_tanjiro_kamado,#0,راح نحاربو حتى للممات,hunters_rage#0,
"2024-08-05,14:40:35",demon_slayer_tanjiro_kamado,#0,هادي هدرة الطوطة الصغيرة راهي دير قريب 7 ملايين,hunters_rage#0,
"2024-08-05,14:41:02",hunters_rage,#0,🤑🤑,,
"2024-08-05,14:41:02",demon_slayer_tanjiro_kamado,#0,و الكبيرة 14 ملايين,,
"2024-08-05,14:41:20",demon_slayer_tanjiro_kamado,#0,و الضخمة 20 ملايين 💀,,
"2024-08-05,14:41:32",demon_slayer_tanjiro_kamado,#0,عندنا الخبرة يا و,,
"2024-08-05,14:41:50",demon_slayer_tanjiro_kamado,#0,و البزازل روح عند صاحبي انا خاطيني بزازل,,
"2024-08-05,14:41:50",hunters_rage,#0,تسما كبيرة 30 سانتي بشحال 😂,,
"2024-08-05,14:41:51",hunters_rage,#0,💸,,
"2024-08-05,14:41:52",hunters_rage,#0,بزنيس بشباب,,
"2024-08-05,14:41:57",hunters_rage,#0,و زيد العرقيين عنهم بزول,,
"2024-08-05,14:42:07",hunters_rage,#0,اوك,,
"2024-08-05,14:42:17",demon_slayer_tanjiro_kamado,#0,<:fbiSpong:1150411393087045682> كاينة منها,hunters_rage#0,
"2024-08-05,14:42:30",demon_slayer_tanjiro_kamado,#0,قريب 16 ملايين هاكا,hunters_rage#0,
"2024-08-05,14:42:43",hunters_rage,#0,<:emoji_47:1151909990727163954>,,
"2024-08-05,14:43:04",demon_slayer_tanjiro_kamado,#0,كاين ناس الله يبارك تعرف البزنس كيفك,,
"2024-08-05,14:43:15",hunters_rage,#0,🤑,,
"2024-08-05,14:43:23",mehdi6535,#0,سلام,,
"2024-08-05,14:43:26",demon_slayer_tanjiro_kamado,#0,و كاين الموسوسين لي يقولو تسرقهم علاه نتا و صاحبك,,
"2024-08-05,14:43:48",demon_slayer_tanjiro_kamado,#0,سلام راك حاب تشري طوطة و لا بزازل,mehdi6535#0,
"2024-08-05,14:43:58",rayer43,#0,سلام,,
"2024-08-05,14:44:01",hunters_rage,#0,جدي كان بياع صابون في 1936,,
"2024-08-05,14:44:26",demon_slayer_tanjiro_kamado,#0,<@1081296261182935040> مرحبا بيك يا و,rayer43#0,
"2024-08-05,14:44:34",rayer43,#0,واش راكم,,
"2024-08-05,14:45:01",demon_slayer_tanjiro_kamado,#0,مليحة,rayer43#0,
"2024-08-05,14:45:36",demon_slayer_tanjiro_kamado,#0,السيرفر راهو سكت,,
"2024-08-05,14:45:55",hunters_rage,#0,قبل ماقتلوه,,
"2024-08-05,14:46:34",hunters_rage,#0,هاك فوطو,,
"2024-08-05,14:46:37",hunters_rage,#0,<:emoji_105:1191547895724380263>,,
"2024-08-05,14:46:46",demon_slayer_tanjiro_kamado,#0,الله يرحمو <:emoji_108:1197267246662295592>,hunters_rage#0,
"2024-08-05,14:46:54",mehdi6535,#0,<:vergonha:1150411417711804456>,,
"2024-08-05,14:47:02",demon_slayer_tanjiro_kamado,#0,الهيبة +1000,hunters_rage#0,
"2024-08-05,14:47:18",demon_slayer_tanjiro_kamado,#0,قول راك حاب طوطة و لا بزازل,mehdi6535#0,
"2024-08-05,14:47:42",mehdi6535,#0,كاين تبريزة؟,,
"2024-08-05,14:47:42",hunters_rage,#0,كان يجيب الصابون من اليهود,,
"2024-08-05,14:47:43",hunters_rage,#0,و يبيعو ليهم,,
"2024-08-05,14:47:44",hunters_rage,#0,و كي يخلاص يرجعم صابون و يعاود يبيع. ليهم,,
"2024-08-05,14:48:38",hunters_rage,#0,كان داير بيزنيس و كان يعرف يلعب فورت نايت عندو 6 مليون كيل و موتا وحدة,,
"2024-08-05,14:50:29",hunters_rage,#0,تيماو عليه,,
"2024-08-05,14:51:19",cha_wew.,#0,رخاص,,
"2024-08-05,14:52:14",hunters_rage,#0,<:crazyvegeta73:1150419224922165291>,,
"2024-08-05,14:53:45",cha_wew.,#0,<:emoji_100:1188676439273381919>,,
"2024-08-05,14:54:21",cha_wew.,#0,تعرف ادولف نيغلر,hunters_rage#0,
"2024-08-05,14:54:21",demon_slayer_tanjiro_kamado,#0,كانو يعرفو فورت نايت,hunters_rage#0,
"2024-08-05,14:55:13",hunters_rage,#0,اععق نكره لكحالش,,
"2024-08-05,14:55:19",hunters_rage,#0,الزنوجة بئشين,,
"2024-08-05,14:55:50",cha_wew.,#0,7ملاين كنت نلعب معاه خطرات كي يحكمني الفيد,hunters_rage#0,
"2024-08-05,14:56:07",cha_wew.,#0,<:sh:1152016071147147319>,hunters_rage#0,
"2024-08-05,14:56:14",hunters_rage,#0,<:emoji_92:1188672114484580362>,,
"2024-08-05,14:57:15",luffysenpai2011,#0,خلوني نكون جراح البواسير,,
"2024-08-05,14:57:16",cha_wew.,#0,ايا تهلاو الباطري 2%,,
"2024-08-05,14:57:44",luffysenpai2011,#0,نخدم مع <@1267093129928904745> و <@1264558495034769438>,hunters_rage#0、demon_slayer_tanjiro_kamado#0,
"2024-08-05,14:57:58",cha_wew.,#0,اخدم معاهم,,
"2024-08-05,14:58:46",cha_wew.,#0,واش راح نديرولك:<:sh:1152016071147147319>,,
"2024-08-05,14:59:25",demon_slayer_tanjiro_kamado,#0,مليحة,luffysenpai2011#0,
"2024-08-05,15:01:03",hunters_rage,#0,خليه يخدم جراح بواسر,,
"2024-08-05,15:01:34",rayer43,#0,راني رجعت,,
"2024-08-05,15:02:33",hunters_rage,#0,نعرف واحد و سمو ديتها للغابة,,
"2024-08-05,15:02:34",hunters_rage,#0,قال,,
"2024-08-05,15:02:49",rayer43,#0,وش قال,,
"2024-08-05,15:03:59",hunters_rage,#0,ه,,
"2024-08-05,15:04:02",rayer43,#0,يودي وش قال,,
"2024-08-05,15:04:19",rayer43,#0,الهدرة تتمحا,,
"2024-08-05,15:04:20",hunters_rage,#0,كل ما نكتب,,
"2024-08-05,15:04:25",hunters_rage,#0,يفاصي وحدو,,
"2024-08-05,15:04:26",rayer43,#0,جرب دير تشفير,,
"2024-08-05,15:04:41",cha_wew.,#0,لانو فيها طياح,hunters_rage#0,
"2024-08-05,15:04:42",hunters_rage,#0,"قال نبيع """""""" ب 100 دولار",,
"2024-08-05,15:04:47",hunters_rage,#0,به نشري نيترو,,
"2024-08-05,15:04:53",rayer43,#0,لالا راهم دايرين بلي الهدرة تاع التطياح ينحوها,hunters_rage#0,
"2024-08-05,15:05:12",cha_wew.,#0,قصدك تر مة,hunters_rage#0,
"2024-08-05,15:05:16",hunters_rage,#0,و باه 🍑,,
"2024-08-05,15:05:19",rayer43,#0,يبيع النiiك؟,hunters_rage#0,
"2024-08-05,15:05:34",hunters_rage,#0,يبيع 🍑,,
"2024-08-05,15:05:41",rayer43,#0,يصورها؟,,
"2024-08-05,15:05:44",cha_wew.,#0,مليح,hunters_rage#0,
"2024-08-05,15:05:47",hunters_rage,#0,بيميات دولار به يشري نيترو,,
"2024-08-05,15:05:53",rayer43,#0,ولا يقلهم يجي للغابة و يديروهالو,,
"2024-08-05,15:06:05",cha_wew.,#0,زوج ملاين,hunters_rage#0,
"2024-08-05,15:06:06",hunters_rage,#0,نو هو يديرولو,,
"2024-08-05,15:06:11",hunters_rage,#0,يس,,
"2024-08-05,15:06:19",cha_wew.,#0,اااو,hunters_rage#0,
"2024-08-05,15:06:27",rayer43,#0,ياخو قاع هذا على زال نيترو,,
"2024-08-05,15:06:31",hunters_rage,#0,به يشري نيترو,,
"2024-08-05,15:06:35",hunters_rage,#0,ايه,,
"2024-08-05,15:06:44",hunters_rage,#0,زيد كان يحلبو فمبوي,,
"2024-08-05,15:06:50",hunters_rage,#0,كان يقولي,,
"2024-08-05,15:07:07",hunters_rage,#0,Tippy tap come on daddy sleep with me,,
"2024-08-05,15:07:09",cha_wew.,#0,يا زح واش راح يدير بهاد النيترو,,
"2024-08-05,15:07:29",rayer43,#0,واقيلا يحسب يولي رئيس تاع ديسكورد بيه,cha_wew.#0,
"2024-08-05,15:07:32",cha_wew.,#0,WTF,hunters_rage#0,
"2024-08-05,15:07:41",luffysenpai2011,#0,يولي قلوة,,
"2024-08-05,15:07:42",rayer43,#0,هو راه برك اشتراك بعدها يروح,,
"2024-08-05,15:07:43",cha_wew.,#0,واقيل,rayer43#0,
"2024-08-05,15:07:43",demon_slayer_tanjiro_kamado,#0,واه انا تاني,hunters_rage#0,
"2024-08-05,15:07:48",hunters_rage,#0,ناه ما رحش يوصل لفل رئيس هوم لاندر,,
"2024-08-05,15:08:07",cha_wew.,#0,ماعلابالوش واقيل بهادي,rayer43#0,
"2024-08-05,15:08:19",hunters_rage,#0,🤣🤣🤣,,
"2024-08-05,15:08:22",hunters_rage,#0,هيه,,
"2024-08-05,15:08:39",hunters_rage,#0,كان يقول نخليك تدخل ديب ويب ب 10 دولار,,
"2024-08-05,15:09:02",hunters_rage,#0,يقول تقدر تشوف 19 زينجي يحوو في طقلة عمرها 6,,
"2024-08-05,15:09:04",cha_wew.,#0,لفلو 38,hunters_rage#0,
"2024-08-05,15:09:05",luffysenpai2011,#0,و تدخل لل🟧⬛ ب 1 مليون دولار,,
"2024-08-05,15:09:17",demon_slayer_tanjiro_kamado,#0,هادا وين دخلت ماني فاهم وا لو🙂,,
"2024-08-05,15:09:29",cha_wew.,#0,اطلع الفوق,demon_slayer_tanjiro_kamado#0,
"2024-08-05,15:09:30",rayer43,#0,ياخو قول لصاحبك هذا يخرج يدير كاش سبور خير من هدرة العطاiiن هاذو,hunters_rage#0,
"2024-08-05,15:09:35",demon_slayer_tanjiro_kamado,#0,ماتت نورمامو,hunters_rage#0,
"2024-08-05,15:09:46",hunters_rage,#0,ماشي صاحبي شفتو يهدر في شات برك,,
"2024-08-05,15:09:54",rayer43,#0,ايه,hunters_rage#0,
"2024-08-05,15:09:55",cha_wew.,#0,باينة,demon_slayer_tanjiro_kamado#0,
"2024-08-05,15:09:59",hunters_rage,#0,ايه خطفوها,demon_slayer_tanjiro_kamado#0,
"2024-08-05,15:10:11",luffysenpai2011,#0,و ذوك دالتي و لا مزال,,
"2024-08-05,15:10:22",hunters_rage,#0,شفت كي تتفرج هنتاي ويخلاص هكذاك بصح ضرب 9999,,
"2024-08-05,15:10:25",luffysenpai2011,#0,تقنية البواسير المحرمة,,
"2024-08-05,15:10:30",cha_wew.,#0,اهدر,luffysenpai2011#0,
"2024-08-05,15:10:41",demon_slayer_tanjiro_kamado,#0,وي انا نتفرجو <:gigachad:1150419236989186078>,hunters_rage#0,
"2024-08-05,15:10:55",rayer43,#0,ياخو راهم دارولها تقنية تدخل في كل قعرة,hunters_rage#0,
"2024-08-05,15:10:58",demon_slayer_tanjiro_kamado,#0,يضرب كثر من هاك يا و,hunters_rage#0,
"2024-08-05,15:11:07",hunters_rage,#0,<:gigachadeyes:1152013845515223151>,demon_slayer_tanjiro_kamado#0,
"2024-08-05,15:11:10",rayer43,#0,في وذنها فمها نيفها كل جيهة,,
"2024-08-05,15:11:16",luffysenpai2011,#0,نديرلها تقنية البواسير المحرمة,,
"2024-08-05,15:11:21",demon_slayer_tanjiro_kamado,#0,في عينها,,
"2024-08-05,15:11:34",hunters_rage,#0,مسماة لعرق,,
"2024-08-05,15:11:40",cha_wew.,#0,واش خاصو هادا,luffysenpai2011#0,
"2024-08-05,15:11:46",hunters_rage,#0,الله يرحم السرير 🤣🤣🤣,,
"2024-08-05,15:11:47",luffysenpai2011,#0,التقنية تقوم بقطع قلاوي العدو و تبيوعو,,
"2024-08-05,15:11:59",rayer43,#0,قولو يعطيلي فيديو تعليمي كيفية سرقة اي سيارة,hunters_rage#0,
"2024-08-05,15:12:16",hunters_rage,#0,ساهلة,,
"2024-08-05,15:12:17",demon_slayer_tanjiro_kamado,#0,او اي قلوة,rayer43#0,
"2024-08-05,15:12:23",hunters_rage,#0,احوس مول الطونوبيل,,
"2024-08-05,15:12:26",cha_wew.,#0,خدمة. <@1264558495034769438>,luffysenpai2011#0、demon_slayer_tanjiro_kamado#0,
"2024-08-05,15:12:31",rayer43,#0,وي,hunters_rage#0,
"2024-08-05,15:12:33",rayer43,#0,كمل,,
"2024-08-05,15:12:48",luffysenpai2011,#0,و انا نديرلهم البواسير لفل 1000,,
"2024-08-05,15:12:52",hunters_rage,#0,ابعد اسرقها بطرق GTA VI,,
"2024-08-05,15:12:54",demon_slayer_tanjiro_kamado,#0,انا تخصصي غي معا الطوطات,cha_wew.#0,
"2024-08-05,15:12:59",rayer43,#0,أيا صحا,hunters_rage#0,
"2024-08-05,15:13:06",rayer43,#0,يعطيك الصحة ضرك نجربها,,
"2024-08-05,15:13:06",hunters_rage,#0,انا تخصصي كلش,,
"2024-08-05,15:13:17",hunters_rage,#0,حتا حاجا ما تفوت عليا,,
"2024-08-05,15:13:23",rayer43,#0,صحا عندك تخصص نكح كل شي؟,hunters_rage#0,
"2024-08-05,15:13:27",cha_wew.,#0,تخصص حب الكحالش,hunters_rage#0,
"2024-08-05,15:13:27",luffysenpai2011,#0,و طرق GTA 6,hunters_rage#0,
"2024-08-05,15:13:38",hunters_rage,#0,خطرة نكحت دولة الاروبيا,,
"2024-08-05,15:13:49",hunters_rage,#0,Dame,,
"2024-08-05,15:13:57",cha_wew.,#0,فرانسا ولا بلجيكا,hunters_rage#0,
"2024-08-05,15:14:00",luffysenpai2011,#0,يكره لكحالش,cha_wew.#0,
"2024-08-05,15:14:08",hunters_rage,#0,عندي صاحبي ناك كل الحياوانات,,
"2024-08-05,15:14:10",rayer43,#0,كيفاه معناها كبرت ديالك ياسر و نزلتو في الدولة؟,hunters_rage#0,
"2024-08-05,15:14:20",cha_wew.,#0,قال تخصصو كلش,luffysenpai2011#0,
"2024-08-05,15:14:20",demon_slayer_tanjiro_kamado,#0,@everyoneجتيا 6 واقيلا مين تخون سيارت لا تكون فيها بنت تحل الباب و تجبده و تدخله في فمها و موراها نقيسها من الطونوبيل و تهرب <:gigachad:1150419236989186078>,,
"2024-08-05,15:14:27",hunters_rage,#0,جبتو على شق في الارض <:Dead_inside:1150410964659863592>,,
"2024-08-05,15:14:40",luffysenpai2011,#0,عبد السلام هذاك الوغد الشهواني ياك,hunters_rage#0,
"2024-08-05,15:14:46",rayer43,#0,"يقولو ينiيك كاش قطة باس تخرجنا 
Cat girl",hunters_rage#0,
"2024-08-05,15:14:51",hunters_rage,#0,هيه,luffysenpai2011#0,
"2024-08-05,15:15:12",hunters_rage,#0,Interesting,,
"2024-08-05,15:15:30",hunters_rage,#0,Bunny girl خير,,
"2024-08-05,15:15:45",cha_wew.,#0,الكحالش,hunters_rage#0,
"2024-08-05,15:15:49",luffysenpai2011,#0,بنت مايكل,demon_slayer_tanjiro_kamado#0,
"2024-08-05,15:15:57",demon_slayer_tanjiro_kamado,#0,انا cat girl نخير,hunters_rage#0,
"2024-08-05,15:16:04",rayer43,#0,لالا cat girl خير,hunters_rage#0,
"2024-08-05,15:16:06",luffysenpai2011,#0,تصور افلام سيكو سيكو في نص البحر,,
"2024-08-05,15:16:07",hunters_rage,#0,عععع,cha_wew.#0,
"2024-08-05,15:16:11",demon_slayer_tanjiro_kamado,#0,مشي غي هيا قاع لبنات,luffysenpai2011#0,
"2024-08-05,15:16:15",hunters_rage,#0,نكرهم,,
"2024-08-05,15:16:18",luffysenpai2011,#0,ولد و لا بنت,demon_slayer_tanjiro_kamado#0,
"2024-08-05,15:16:23",rayer43,#0,في نص بحر معمر كحالش,luffysenpai2011#0,
"2024-08-05,15:16:30",hunters_rage,#0,What about cow girl,,
"2024-08-05,15:16:31",cha_wew.,#0,نبيعهم,hunters_rage#0,
"2024-08-05,15:16:37",hunters_rage,#0,عندها الحليب يكفي قارة,,
"2024-08-05,15:16:40",rayer43,#0,يودي قا صح,hunters_rage#0,
"2024-08-05,15:16:43",rayer43,#0,فكرة,,
"2024-08-05,15:16:49",rayer43,#0,مخ نتا الله يبارك,,
"2024-08-05,15:17:02",demon_slayer_tanjiro_kamado,#0,🤣,rayer43#0,
"2024-08-05,15:17:06",hunters_rage,#0,درت بيزنيس,,
"2024-08-05,15:17:14",demon_slayer_tanjiro_kamado,#0,لا تحيا cat girl,hunters_rage#0,
"2024-08-05,15:17:15",hunters_rage,#0,قتل الكحالش و بيع طوطيهم,,
"2024-08-05,15:17:16",cha_wew.,#0,WHAT ABOUT NIGGA GIRL,,
"2024-08-05,15:17:27",hunters_rage,#0,🤑,,
"2024-08-05,15:17:30",luffysenpai2011,#0,nah ☠️,rayer43#0,
"2024-08-05,15:17:36",rayer43,#0,بيزتيس حليب cow girl اصلي,hunters_rage#0,
"2024-08-05,15:17:38",demon_slayer_tanjiro_kamado,#0,لا تحيا cat girl,cha_wew.#0,
"2024-08-05,15:17:47",luffysenpai2011,#0,what about postion nedjma,hunters_rage#0,
"2024-08-05,15:17:53",rayer43,#0,لالا cow girl خير,demon_slayer_tanjiro_kamado#0,
"2024-08-05,15:18:02",demon_slayer_tanjiro_kamado,#0,علاه,rayer43#0,
"2024-08-05,15:18:05",hunters_rage,#0,Nagazaki <:gigachad:1150419236989186078>,,
"2024-08-05,15:18:07",cha_wew.,#0,مقسمهم واحدين نبيعهم كاملين وواحد اوخرين نبيع طواطي تاعهم ل<@1264558495034769438>,hunters_rage#0、demon_slayer_tanjiro_kamado#0,
"2024-08-05,15:18:11",luffysenpai2011,#0,نتا و لا نتي طفل و لا طفلا,demon_slayer_tanjiro_kamado#0,
"2024-08-05,15:18:29",demon_slayer_tanjiro_kamado,#0,شير,luffysenpai2011#0,
"2024-08-05,15:18:29",luffysenpai2011,#0,doggystyle,rayer43#0,
"2024-08-05,15:18:39",rayer43,#0,عندها دلاع و مشماش اكبر,demon_slayer_tanjiro_kamado#0,
"2024-08-05,15:18:43",hunters_rage,#0,Hours style,,
"2024-08-05,15:18:52",luffysenpai2011,#0,postion nedjma,,
"2024-08-05,15:18:53",rayer43,#0,69,hunters_rage#0,
"2024-08-05,15:18:56",demon_slayer_tanjiro_kamado,#0,و تعطيك لحليب,rayer43#0,
"2024-08-05,15:18:56",hunters_rage,#0,بزول كبير قد الكرة الارضية,,
"2024-08-05,15:19:02",rayer43,#0,وي,demon_slayer_tanjiro_kamado#0,
"2024-08-05,15:19:02",hunters_rage,#0,تحسو مخدوم بلفرماج,,
"2024-08-05,15:19:11",demon_slayer_tanjiro_kamado,#0,<:Dead_inside:1150410964659863592>,hunters_rage#0,
"2024-08-05,15:19:16",cha_wew.,#0,Treu,hunters_rage#0,
"2024-08-05,15:19:30",mind_job,#0,ترضع و يكفي زعما,,
"2024-08-05,15:19:32",hunters_rage,#0,و كي تهز,,
"2024-08-05,15:19:35",luffysenpai2011,#0,تحريف spy x family تاع الصين دارو هذيك لمرا عندها لحليب في بلاصة الدم في وجهها ☠️,,
"2024-08-05,15:19:44",hunters_rage,#0,ترددات كفر من UZI,,
"2024-08-05,15:19:53",rayer43,#0,و كي تسحق كاش حليب مكالاه تروح الحانوت راه عندك وحدة واجدة,hunters_rage#0,
"2024-08-05,15:20:11",rayer43,#0,هههه,luffysenpai2011#0,
"2024-08-05,15:20:14",hunters_rage,#0,علابيها عمي الجلافوي عندو حديقة ابقار,,
"2024-08-05,15:20:21",cha_wew.,#0,كاينة,rayer43#0,
"2024-08-05,15:20:26",hunters_rage,#0,بصح مايحبش يوريهم,,
"2024-08-05,15:20:33",luffysenpai2011,#0,كي شرب عبد سلام جافيل,,
"2024-08-05,15:20:37",hunters_rage,#0,يحسبوه. Simp,,
"2024-08-05,15:20:40",demon_slayer_tanjiro_kamado,#0,رادي نتفرجو كامل <:gigachad:1150419236989186078>,luffysenpai2011#0,
"2024-08-05,15:20:57",rayer43,#0,تفكرت ذيك لبلاصة لي كانت معمرة دم,luffysenpai2011#0,
"2024-08-05,15:20:57",hunters_rage,#0,<:gigachad:1150419236989186078> <:gigachad:1150419236989186078>,,
"2024-08-05,15:21:13",hunters_rage,#0,<:Dead_inside:1150410964659863592>,,
"2024-08-05,15:21:17",hunters_rage,#0,Nah bro,,
"2024-08-05,15:21:24",rayer43,#0,Cow girl>>> all girls,,
"2024-08-05,15:21:28",demon_slayer_tanjiro_kamado,#0,يا جدك كون دارو غي لما علاه حليب,rayer43#0,
"2024-08-05,15:21:28",hunters_rage,#0,حامل ب خمسين طفل ايهي,,
"2024-08-05,15:22:07",demon_slayer_tanjiro_kamado,#0,جماعة انا سمعة بلي انمي رجل المنشار شبه هنتاي هادي نيشان و لا لا,,
"2024-08-05,15:22:19",hunters_rage,#0,يس,,
"2024-08-05,15:22:28",luffysenpai2011,#0,وليد مايا خليفة,,
"2024-08-05,15:22:31",hunters_rage,#0,راح يرجع في العام الجاي,,
"2024-08-05,15:22:41",luffysenpai2011,#0,و بيرونا هذيك نسيتي,demon_slayer_tanjiro_kamado#0,
"2024-08-05,15:22:45",rayer43,#0,يودي راهم برك يخرطو,demon_slayer_tanjiro_kamado#0,
"2024-08-05,15:22:54",rayer43,#0,ماكيما,luffysenpai2011#0,
"2024-08-05,15:22:59",hunters_rage,#0,المهم هنتاي,,
"2024-08-05,15:23:05",rayer43,#0,متخرطش,hunters_rage#0,
"2024-08-05,15:23:18",rayer43,#0,برك بيه مش بزازلها صار هنتاي؟,,
"2024-08-05,15:23:33",hunters_rage,#0,يب,,
"2024-08-05,15:23:38",hunters_rage,#0,و الوجه,,
"2024-08-05,15:23:45",rayer43,#0,كي يبان البزول و النكح كومبلي وقتها يولي هنتاي,,
"2024-08-05,15:23:50",demon_slayer_tanjiro_kamado,#0,آ وادي تحيا الاتشي,,
"2024-08-05,15:23:52",rayer43,#0,غيرها لالا,,
"2024-08-05,15:24:04",demon_slayer_tanjiro_kamado,#0,فيه البزازل,,
"2024-08-05,15:24:06",hunters_rage,#0,تحيا الاسكاي و الاتشي و الهنتاي,,
"2024-08-05,15:24:12",rayer43,#0,يودي والو,demon_slayer_tanjiro_kamado#0,
"2024-08-05,15:24:12",luffysenpai2011,#0,نامي و هانكوك و روبين و خت سانجي,,
"2024-08-05,15:24:22",rayer43,#0,وي,hunters_rage#0,
"2024-08-05,15:24:32",demon_slayer_tanjiro_kamado,#0,و هادوك حورية البحر الكبيرة,luffysenpai2011#0,
"2024-08-05,15:24:45",hunters_rage,#0,💀💀,,
"2024-08-05,15:24:49",demon_slayer_tanjiro_kamado,#0,جماعة شاوالاا لاسكاي,,
"2024-08-05,15:24:54",hunters_rage,#0,هاذيك تع ارك تيريس روزا,,
"2024-08-05,15:25:04",demon_slayer_tanjiro_kamado,#0,ريبيكا,hunters_rage#0,
"2024-08-05,15:25:16",hunters_rage,#0,@perona_gيسhost_one_piece,,
"2024-08-05,15:25:16",rayer43,#0,<@1127309832203022337>,mouhibzarari55#0,
"2024-08-05,15:25:23",rayer43,#0,واو,,
"2024-08-05,15:25:33",rayer43,#0,ياخو اسمو مبدع,,
"2024-08-05,15:25:37",hunters_rage,#0,<@1081296261182935040> 💀💀💀,rayer43#0,
"2024-08-05,15:25:51",hunters_rage,#0,مالقاش وين يحط اعترفات حطها في البوفيل,,
"2024-08-05,15:25:52",rayer43,#0,<@1161011140810248283>,hunters_rage#0、tata_zinb#0,
"2024-08-05,15:26:07",demon_slayer_tanjiro_kamado,#0,وات فاك,rayer43#0,
"2024-08-05,15:26:07",hunters_rage,#0,اعترفات مشاء الله,,
"2024-08-05,15:26:08",luffysenpai2011,#0,وش بيها الفوطو تاعك,rayer43#0,
"2024-08-05,15:26:17",rayer43,#0,انا ؟,luffysenpai2011#0,
"2024-08-05,15:26:29",demon_slayer_tanjiro_kamado,#0,كانت تمصهلي,luffysenpai2011#0,
"2024-08-05,15:26:30",hunters_rage,#0,المحجبات الله ينعلهم,,
"2024-08-05,15:26:41",rayer43,#0,اووو,hunters_rage#0,
"2024-08-05,15:26:45",demon_slayer_tanjiro_kamado,#0,🤝,hunters_rage#0,
"2024-08-05,15:26:53",hunters_rage,#0,<:gigachad:1150419236989186078>,,
"2024-08-05,15:27:02",rayer43,#0,ياخو المشكل مك محجبة,,
"2024-08-05,15:27:21",hunters_rage,#0,كي تكونة سخونة و زعما دير حيجاب,,
"2024-08-05,15:27:24",hunters_rage,#0,ماينفعش,,
"2024-08-05,15:27:33",hunters_rage,#0,شوف فوطو تع زينب سخونة,,
"2024-08-05,15:27:33",rayer43,#0,كيفاه مفهمتش,,
"2024-08-05,15:27:40",rayer43,#0,وي راني شفتها,hunters_rage#0,
"2024-08-05,15:27:48",hunters_rage,#0,ما تنفعش,,
"2024-08-05,15:27:51",hunters_rage,#0,تحسها منافقة,,
"2024-08-05,15:27:56",demon_slayer_tanjiro_kamado,#0,راني رايح نجبدو على كاش شيرة تاع انمي ايا مبعدا<:cum:1152013788653031434>,,
"2024-08-05,15:27:58",rayer43,#0,متناقضة؟,hunters_rage#0,
"2024-08-05,15:28:08",hunters_rage,#0,يب,,
"2024-08-05,15:28:16",hunters_rage,#0,<@1264558495034769438> ننصحك ب يور,demon_slayer_tanjiro_kamado#0,
"2024-08-05,15:28:20",rayer43,#0,اوكي نوعا ما فهمتك,,
"2024-08-05,15:28:29",rayer43,#0,يوري؟,hunters_rage#0,
"2024-08-05,15:28:34",hunters_rage,#0,يزر,,
"2024-08-05,15:28:37",demon_slayer_tanjiro_kamado,#0,شا كاين راني رايح نجبدو على كاش شيرة تاع انمي ايا مبعدا<:cum:1152013788653031434>,hunters_rage#0,
"2024-08-05,15:28:41",hunters_rage,#0,تع سباي اكس فاميلي,,
"2024-08-05,15:28:54",demon_slayer_tanjiro_kamado,#0,علاه شباب ؟,hunters_rage#0,
"2024-08-05,15:29:03",hunters_rage,#0,طفلة,,
"2024-08-05,15:29:04",rayer43,#0,ياخو هاذو مرة لقيتهم خادمين انيا تنكح في يور,hunters_rage#0,
"2024-08-05,15:29:12",hunters_rage,#0,وووووو,,
"2024-08-05,15:29:17",hunters_rage,#0,لي فيمبوي,,
"2024-08-05,15:29:25",demon_slayer_tanjiro_kamado,#0,سباي اكس فاميلي اتشي ؟ هدرو,,
"2024-08-05,15:29:26",hunters_rage,#0,شادارو 🤣🤣🤣,,
"2024-08-05,15:29:31",rayer43,#0,والو,demon_slayer_tanjiro_kamado#0,
"2024-08-05,15:29:41",demon_slayer_tanjiro_kamado,#0,ايا شا فيه,rayer43#0,
"2024-08-05,15:29:46",rayer43,#0,في وحد المانغا من صنع الفانز,hunters_rage#0,
"2024-08-05,15:30:06",hunters_rage,#0,هنتاي المنغا<الانمي,,
"2024-08-05,15:30:07",rayer43,#0,خدم انيا و هي عندها jب كبير و تنكح فيه يور,,
"2024-08-05,15:30:15",hunters_rage,#0,نقصد >,,
"2024-08-05,15:30:19",rayer43,#0,و يور قاعدة تمصو,,
"2024-08-05,15:30:26",rayer43,#0,أيا نتا و اتخيلها,,
"2024-08-05,15:30:28",hunters_rage,#0,💀💀,,
"2024-08-05,15:30:32",hunters_rage,#0,ديم,,
"2024-08-05,15:30:48",rayer43,#0,ياخو نسقسيك سؤال,,
"2024-08-05,15:30:54",hunters_rage,#0,"لقيت وحدة تع جوجوتسو كايسن 

اوتاهماي حطة لعنة في قاعهة",,
"2024-08-05,15:31:03",hunters_rage,#0,واش,,
"2024-08-05,15:31:10",rayer43,#0,تخير femboy or tomboy,,
"2024-08-05,15:31:18",rayer43,#0,😂,hunters_rage#0,
"2024-08-05,15:31:22",hunters_rage,#0,لا وحدة,,
"2024-08-05,15:31:27",rayer43,#0,و علاه,hunters_rage#0,
"2024-08-05,15:31:34",luffysenpai2011,#0,خاوتي,,
"2024-08-05,15:31:34",hunters_rage,#0,نخير الروسيات,,
"2024-08-05,15:31:35",luffysenpai2011,#0,وشبيكم,,
"2024-08-05,15:31:52",hunters_rage,#0,الخاوة,,
"2024-08-05,15:31:55",rayer43,#0,انا نخير ال milf,hunters_rage#0,
"2024-08-05,15:31:58",hunters_rage,#0,علاه داركي يحب,,
"2024-08-05,15:32:01",rayer43,#0,عندهم خبرة,,
"2024-08-05,15:32:04",hunters_rage,#0,يحب المطلقات,,
"2024-08-05,15:32:25",rayer43,#0,بيه مرة لقا وحد الإعلان تاع عراقية مطلقة,hunters_rage#0,
"2024-08-05,15:32:31",rayer43,#0,و سخن عليها,,
"2024-08-05,15:32:39",hunters_rage,#0,دخل فيه ديريكت 🤣🤣🤣,,
"2024-08-05,15:32:46",hunters_rage,#0,جابو على التيليفون,,
"2024-08-05,15:32:52",rayer43,#0,و ثاني المطلقات عندهم خبرة في راك عارف,,
"2024-08-05,15:32:57",rayer43,#0,السكس,,
"2024-08-05,15:32:58",hunters_rage,#0,ؤدسامسونغ 2004,,
"2024-08-05,15:33:05",hunters_rage,#0,ايههه,,
"2024-08-05,15:33:13",hunters_rage,#0,وزيد قاعهم مشرك,,
"2024-08-05,15:33:24",rayer43,#0,معناها milf,,
"2024-08-05,15:33:26",hunters_rage,#0,و بزازل قد المشتري,,
"2024-08-05,15:33:27",rayer43,#0,ياك,,
"2024-08-05,15:33:32",rayer43,#0,وي,hunters_rage#0,
"2024-08-05,15:33:37",hunters_rage,#0,ايه,,
"2024-08-05,15:34:04",hunters_rage,#0,حكمو هوفا يتربص بلزنوج المهاجرين,,
"2024-08-05,15:34:13",rayer43,#0,هههه,,
"2024-08-05,15:34:15",rayer43,#0,اسمع,,
"2024-08-05,15:34:19",rayer43,#0,نسقسيك,,
"2024-08-05,15:34:19",hunters_rage,#0,وي,,
"2024-08-05,15:34:37",rayer43,#0,علاه ال milf يحبو لولاد لصغار,,
"2024-08-05,15:34:49",hunters_rage,#0,خاطش و مايعرفوش,,
"2024-08-05,15:34:52",hunters_rage,#0,يكلخولهم,,
"2024-08-05,15:35:01",hunters_rage,#0,كيما الكهول يحبو البنات الصغار,,
"2024-08-05,15:35:06",rayer43,#0,مافهمتش,,
"2024-08-05,15:35:21",hunters_rage,#0,مايفهموش واش معنتها الاكس,,
"2024-08-05,15:35:28",hunters_rage,#0,ذغا يكلخولهن,,
"2024-08-05,15:35:33",hunters_rage,#0,يكلخولهم,,
"2024-08-05,15:35:49",hunters_rage,#0,و زيد واعر به يجيبوه به يستمتعو بزاف,,
"2024-08-05,15:35:52",rayer43,#0,ايه معناها هوما كي مايعرفوش راهم يعلموهم,,
"2024-08-05,15:35:59",hunters_rage,#0,ايه,,
"2024-08-05,15:36:06",rayer43,#0,و يتحكمو بيه,,
"2024-08-05,15:36:41",hunters_rage,#0,<:gigachadeyes:1152013845515223151>,,
"2024-08-05,15:37:02",rayer43,#0,واو,,
"2024-08-05,15:37:09",rayer43,#0,صحا آخر سؤال,,
"2024-08-05,15:37:16",rayer43,#0,تحب:,,
"2024-08-05,15:37:30",rayer43,#0,طفلة طويلة عليك و لا قصيرة عليك,,
"2024-08-05,15:37:43",hunters_rage,#0,القصيرات 🗣️🗣️,,
"2024-08-05,15:37:55",hunters_rage,#0,لي طولهم 146,,
"2024-08-05,15:38:11",rayer43,#0,ياخو,,
"2024-08-05,15:38:13",hunters_rage,#0,يركبو هلى نملة,,
"2024-08-05,15:38:19",rayer43,#0,الى الان مافهمتش علاه,,
"2024-08-05,15:38:30",rayer43,#0,واقيلا على حساب طولك ياك؟,,
"2024-08-05,15:38:39",hunters_rage,#0,واشن,,
"2024-08-05,15:38:44",hunters_rage,#0,طولي 174,,
"2024-08-05,15:38:57",rayer43,#0,بصراحة انا نشوف لبنات طوال خير,,
"2024-08-05,15:39:04",hunters_rage,#0,لاه,,
"2024-08-05,15:39:10",rayer43,#0,ما شاء الله,hunters_rage#0,
"2024-08-05,15:39:25",rayer43,#0,صحا انا طولي 183,,
"2024-08-05,15:39:32",rayer43,#0,بصح نشوف لبنات طوال خير,,
"2024-08-05,15:39:34",hunters_rage,#0,مشاء الله,,
"2024-08-05,15:39:37",hunters_rage,#0,علاه,,
"2024-08-05,15:39:37",luffysenpai2011,#0,تحسبها سنفورة و تتزوج شرشبيل,,
"2024-08-05,15:40:06",hunters_rage,#0,ايه,,
"2024-08-05,15:40:18",hunters_rage,#0,و طويلة تحسها mommy,,
"2024-08-05,15:40:31",rayer43,#0,برك كيما هاك,hunters_rage#0,
"2024-08-05,15:40:48",hunters_rage,#0,تحسها.mommy,,
"2024-08-05,15:40:54",rayer43,#0,شوية,hunters_rage#0,
"2024-08-05,15:41:05",hunters_rage,#0,اصلا نادر تلقا طوال,,
"2024-08-05,15:41:06",hunters_rage,#0,البنات قع فصار,,
"2024-08-05,15:41:14",rayer43,#0,للاسف <:Dead_inside:1150410964659863592>,hunters_rage#0,
"2024-08-05,15:41:24",rayer43,#0,شوف هو الصح لي كيما طولي خير,,
"2024-08-05,15:41:33",rayer43,#0,كي تولي كيف كيف معاك خير,,
"2024-08-05,15:41:34",hunters_rage,#0,كي شغ ل الصغار تحسهم كيوت,,
"2024-08-05,15:41:42",rayer43,#0,يودي مش عارف,hunters_rage#0,
"2024-08-05,15:41:48",rayer43,#0,تقول سنافر,,
"2024-08-05,15:41:53",hunters_rage,#0,ايه,,
"2024-08-05,15:41:57",rayer43,#0,استغفر الله مشي تنمر,,
"2024-08-05,15:41:59",hunters_rage,#0,بصح ماشي ذيك الدرجة,,
"2024-08-05,15:42:08",rayer43,#0,وي بصح ياخي,,
"2024-08-05,15:42:11",luffysenpai2011,#0,و تاع 18 تحسبهم 12 سنة,hunters_rage#0,
"2024-08-05,15:42:12",rayer43,#0,الطول خير,,
"2024-08-05,15:42:12",hunters_rage,#0,عندي واحد صاحبي ختم تنمر,,
"2024-08-05,15:42:23",luffysenpai2011,#0,شكون هو,hunters_rage#0,
"2024-08-05,15:42:25",rayer43,#0,لبنات طوال شكلهم خير,,
"2024-08-05,15:42:27",hunters_rage,#0,عندو ما تنمر على لاعبين fc,,
"2024-08-05,15:42:33",hunters_rage,#0,سورتو الكحالش,,
"2024-08-05,15:42:45",luffysenpai2011,#0,شكون هو يا خو,hunters_rage#0,
"2024-08-05,15:42:52",hunters_rage,#0,Ra him,,
"2024-08-05,15:43:05",hunters_rage,#0,خطرة جاب العيد,,
"2024-08-05,15:43:08",rayer43,#0,و صح,,
"2024-08-05,15:43:13",hunters_rage,#0,قال كلمة خفت نقولها هنا,,
"2024-08-05,15:43:17",rayer43,#0,ثاني لبنات طوال عندهم فايدة,,
"2024-08-05,15:43:30",rayer43,#0,توصل للصوالح لبعيدة بكل سهولة,,
"2024-08-05,15:44:02",hunters_rage,#0,ايه,,
"2024-08-05,15:44:16",luffysenpai2011,#0,هذاك لي قعدت معاه حتى 9 تاع صباح و هو رڨد على 3,hunters_rage#0,
"2024-08-05,15:44:25",hunters_rage,#0,ايه,,
"2024-08-05,15:44:34",luffysenpai2011,#0,وش قال,hunters_rage#0,
"2024-08-05,15:44:58",hunters_rage,#0,"قال هندي متعصب """""""" مسجد 💀💀💀",,
"2024-08-05,15:45:06",hunters_rage,#0,استغفر الله,,
"2024-08-05,15:45:21",themask0239,#0,سلام عليكم,,
"2024-08-05,15:45:28",hunters_rage,#0,واش رئيس,,
"2024-08-05,15:45:33",rayer43,#0,و عليكم السلام,themask0239#0,
"2024-08-05,15:45:41",rayer43,#0,كيفاه راهي الانتخابات ؟,,
"2024-08-05,15:46:07",luffysenpai2011,#0,استغفر الله سيد كفر,hunters_rage#0,
"2024-08-05,15:46:18",hunters_rage,#0,هههه,,
"2024-08-05,15:46:20",hunters_rage,#0,قالها بلغلط,,
"2024-08-05,15:46:26",hunters_rage,#0,موالف يجيب اعياد,,
"2024-08-05,15:46:27",luffysenpai2011,#0,و الانتخابات كيفاه جازو على خير,themask0239#0,
"2024-08-05,15:46:42",luffysenpai2011,#0,بصح هذا هو اكبر عيد جابو,hunters_rage#0,
"2024-08-05,15:46:48",hunters_rage,#0,ايه,,
"2024-08-05,15:47:01",hunters_rage,#0,"قال i swear with my god """"""""",,
"2024-08-05,15:47:47",rayer43,#0,<@923527432907137025>,lofy__02#0,
"2024-08-05,15:48:00",hunters_rage,#0,واو,,
"2024-08-05,15:48:02",rayer43,#0,<@991519740210184194>,.xr4#0,
"2024-08-05,15:48:06",hunters_rage,#0,مكاش يتبع ذراري,,
"2024-08-05,15:48:11",rayer43,#0,معانا السيسي<:NIGGA_omg:1150394296680329226>,,
"2024-08-05,15:48:35",luffysenpai2011,#0,حبيت نسقسيك <@1081296261182935040>,rayer43#0,
"2024-08-05,15:48:43",rayer43,#0,وي,luffysenpai2011#0,
"2024-08-05,15:48:52",hunters_rage,#0,رئيس مصر <:juan:1150418197581922344>,,
"2024-08-05,15:49:37",hunters_rage,#0,<@1110657404384854257>,wlydhwf#0,
"2024-08-05,15:49:38",rayer43,#0,ياخو كاين واحد اسمو وليد ق7بة,,
"2024-08-05,15:49:40",luffysenpai2011,#0,وشنو هذي الصورة لي عندك,rayer43#0,
"2024-08-05,15:49:51",hunters_rage,#0,واحد وسمو وليد هوفا,,
"2024-08-05,15:49:52",rayer43,#0,تصويرة من انمي,luffysenpai2011#0,
"2024-08-05,15:49:58",rayer43,#0,هههه,hunters_rage#0,
"2024-08-05,15:50:02",hunters_rage,#0,<@1135895793795080212>,ayato.x01_15087#0,
"2024-08-05,15:50:13",hunters_rage,#0,وليد حراش التشاش 🤣🤣🤣,,
"2024-08-05,15:50:19",rayer43,#0,نحكيلك حكايتها؟,,
"2024-08-05,15:50:25",hunters_rage,#0,<@1265718017585582231>,kind03414#0,
"2024-08-05,15:50:27",rayer43,#0,<@1123196492988039278>,notryndz#0,
"2024-08-05,15:50:28",luffysenpai2011,#0,yup,rayer43#0,
"2024-08-05,15:50:39",hunters_rage,#0,واش,,
"2024-08-05,15:50:53",hunters_rage,#0,<@762379421000531969>,nigger_11111#0,
"2024-08-05,15:51:00",rayer43,#0,هاذي قصتها انو هي بنت عراقية وحد النهار ماتو والديها بسبة الحرب,luffysenpai2011#0,
"2024-08-05,15:51:08",rayer43,#0,أيا كبرت عند داعش,,
"2024-08-05,15:51:27",rayer43,#0,وحد النهار دخلوها في عملية,,
"2024-08-05,15:51:45",rayer43,#0,باس يدمرو وحد مقر,,
"2024-08-05,15:51:46",luffysenpai2011,#0,☠️☠️☠️☠️☠️☠️,rayer43#0,
"2024-08-05,15:51:48",q52q,#0,chkon hadi?,rayer43#0,
"2024-08-05,15:51:53",hunters_rage,#0,<:therockreaction5:1152013878641819768>,,
"2024-08-05,15:52:25",rayer43,#0,بعدها العملية فشلت و داوها الماريكان للحبس,luffysenpai2011#0,
"2024-08-05,15:52:49",hunters_rage,#0,وحد الخطرة واحد كان راقد مع مرتو ناض صباح لقا فرشها مفقوب من قاعها,,
"2024-08-05,15:52:53",hunters_rage,#0,و تشمي كي البطة,,
"2024-08-05,15:52:55",themask0239,#0,<@778976907642667018>,q52q#0,
"2024-08-05,15:53:04",hunters_rage,#0,لقها حامل ب50 كحل,,
"2024-08-05,15:53:21",themask0239,#0,<@778976907642667018> مخطط نسيطر,q52q#0,
"2024-08-05,15:53:25",rayer43,#0,كاين حل مليح ليه,hunters_rage#0,
"2024-08-05,15:53:28",themask0239,#0,على سرفرات,,
"2024-08-05,15:53:42",rayer43,#0,رايحين ندعموك,themask0239#0,
"2024-08-05,15:53:46",themask0239,#0,<@778976907642667018> كيفاش تقدر تفعلي فيزا ؟,q52q#0,
"2024-08-05,15:53:46",luffysenpai2011,#0,بصح وش راهي تلحس ياو,rayer43#0,
"2024-08-05,15:53:57",rayer43,#0,سباغيتي,luffysenpai2011#0,
"2024-08-05,15:54:03",rayer43,#0,يا وحد لموسوس,,
"2024-08-05,15:54:28",hunters_rage,#0,معا ضد الكهول و الكحالش و عراقيين <:emoji_91:1188672059321094224>,,
"2024-08-05,15:54:28",themask0239,#0,حاب ندير تحكم في سرفرات لأخرى نقدم طلبات للإدارة كي نلقهم عطوني نبدأ خطة,rayer43#0,
"2024-08-05,15:54:37",demon_slayer_tanjiro_kamado,#0,سلام,,
"2024-08-05,15:54:46",rayer43,#0,لالا علاه العراقين هايلين,hunters_rage#0,
"2024-08-05,15:54:51",rayer43,#0,و عليكم السلام,demon_slayer_tanjiro_kamado#0,
"2024-08-05,15:55:15",demon_slayer_tanjiro_kamado,#0,ايا قاع يدكم فيه,,
"2024-08-05,15:55:38",rayer43,#0,وي,demon_slayer_tanjiro_kamado#0,
"2024-08-05,15:57:21",cha_wew.,#0,راني وليت,,
"2024-08-05,15:57:32",demon_slayer_tanjiro_kamado,#0,مرحبا,cha_wew.#0,
"2024-08-05,15:57:40",carnage07451,#0,كان عندي صاحبي عراقي مديت لصاحبي يهضر معاه قالو وريلي المطلقة ديالك بلوكاني,rayer43#0,
"2024-08-05,15:57:43",luffysenpai2011,#0,الله غالب <@1267093129928904745> هو لي دخل لي الشبوهات,hunters_rage#0,
"2024-08-05,15:58:12",luffysenpai2011,#0,و نتي ثان,demon_slayer_tanjiro_kamado#0,
"2024-08-05,15:58:14",rayer43,#0,هههه,carnage07451#0,
"2024-08-05,15:58:35",demon_slayer_tanjiro_kamado,#0,ايا قاع يدنا فيه مين هاكا,luffysenpai2011#0,
"2024-08-05,15:58:42",demon_slayer_tanjiro_kamado,#0,طار الحمام,carnage07451#0,
"2024-08-05,15:59:34",carnage07451,#0,"دقيقة لعبت خطرة ففريفاير كونطر واحد عندو نفس اسمك
گعرني👀",rayer43#0,
"2024-08-05,15:59:45",rayer43,#0,ههه,carnage07451#0,
"2024-08-05,15:59:52",luffysenpai2011,#0,ميسي و لا اسمو ظيزي بزي,,
"2024-08-05,16:00:07",frexsnotfound,#0,Ohio gyatt rizzler fanum tax,,
"2024-08-05,16:00:09",hunters_rage,#0,<@1191354977193570356> تشفا لذاك لبغا يبيع 🍑ي,themask0239#0,
"2024-08-05,16:00:23",hunters_rage,#0,مقابل 100 دولار,,
"2024-08-05,16:00:24",hunters_rage,#0,به يشري نيترو 🤣🤣🤣,,
"2024-08-05,16:00:26",hunters_rage,#0,نسرقو بزازل و نبيعوهم 🤑,,
"2024-08-05,16:00:36",frexsnotfound,#0,khaouti chkoun li hab pirati les jeux pc 3andi les sites,,
"2024-08-05,16:00:56",cha_wew.,#0,ابعت,,
"2024-08-05,16:01:01",carnage07451,#0,بيراطيت لعبة گعرتلي لبيسي,frexsnotfound#0,
"2024-08-05,16:01:13",cha_wew.,#0,<:KEKYou:1150418200027201566>,carnage07451#0,
"2024-08-05,16:01:26",rayer43,#0,<@1114882609537896478>,3mk_shadow1#0,
"2024-08-05,16:01:26",frexsnotfound,#0,💀,carnage07451#0,
"2024-08-05,16:01:27",demon_slayer_tanjiro_kamado,#0,هادي هدرا,hunters_rage#0,
"2024-08-05,16:01:35",rayer43,#0,ههههه,,
"2024-08-05,16:01:47",hunters_rage,#0,راني غبت ديقيقة واش صرا,,
"2024-08-05,16:01:52",rayer43,#0,<@1158105129522843781>,abdelilah31__80302#0,
"2024-08-05,16:01:55",demon_slayer_tanjiro_kamado,#0,🙄,rayer43#0,
"2024-08-05,16:02:01",rayer43,#0,<@1119732873629548544>,khlwsh8504#0,
"2024-08-05,16:02:07",rayer43,#0,<@1228805078421602315>,9llwiha#0,
"2024-08-05,16:02:11",rayer43,#0,ههه,,
"2024-08-05,16:02:14",luffysenpai2011,#0,ولد واحد,hunters_rage#0,
"2024-08-05,16:02:17",rayer43,#0,وحد الاسماء,,
"2024-08-05,16:02:33",rayer43,#0,فجرنا 2 ابراج,hunters_rage#0,
"2024-08-05,16:02:43",demon_slayer_tanjiro_kamado,#0,<@1179878559003705435>,twtkbyrwwkhl_22290#0,
"2024-08-05,16:02:55",rayer43,#0,<@1102908006632521758>,yhwftrbhzby#0,
"2024-08-05,16:03:01",carnage07451,#0,مكاش قلاوي لعود 👀,,
"2024-08-05,16:03:10",hunters_rage,#0,<@1127309832203022337>,mouhibzarari55#0,
"2024-08-05,16:03:11",hunters_rage,#0,<@1175416961816068110>,djbbuub#0,
"2024-08-05,16:03:12",demon_slayer_tanjiro_kamado,#0,<@1202931805720944644>,hamed0988#0,
"2024-08-05,16:03:14",hunters_rage,#0,<@1123196492988039278>,notryndz#0,
"2024-08-05,16:03:23",hunters_rage,#0,<@1267093129928904745> وت فك,hunters_rage#0,
"2024-08-05,16:03:24",frexsnotfound,#0,https:steamrip.com,,
"2024-08-05,16:03:38",rayer43,#0,<@1149289372873658388>,tckenzi_h24#0,
"2024-08-05,16:03:51",frexsnotfound,#0,Where,rayer43#0,
"2024-08-05,16:03:56",frexsnotfound,#0,WIN,,
"2024-08-05,16:03:56",hunters_rage,#0,<@1205602407053004842>,zakoxzako_61788#0,
"2024-08-05,16:03:59",demon_slayer_tanjiro_kamado,#0,حفظك,frexsnotfound#0,
"2024-08-05,16:04:01",frexsnotfound,#0,win,,
"2024-08-05,16:04:01",rayer43,#0,<@1102876616427851776>,trbkyng#0,
"2024-08-05,16:04:02",frexsnotfound,#0,gouli dok win,,
"2024-08-05,16:04:29",hunters_rage,#0,<@1119732873629548544>,khlwsh8504#0,
"2024-08-05,16:04:33",frexsnotfound,#0,trap king mid ngl,rayer43#0,
"2024-08-05,16:04:39",rayer43,#0,<@1044675948605345893>,dhrwkmtnn2#0,
"2024-08-05,16:04:50",frexsnotfound,#0,<@1081296261182935040>,rayer43#0,
"2024-08-05,16:04:53",rayer43,#0,<@1160671430673956954>,369.x#0,
"2024-08-05,16:04:54",hunters_rage,#0,<@605720950561832970>,ghost_emptiness#0,
"2024-08-05,16:05:02",rayer43,#0,<@1120836559491580035>,bouzeb.31#0,
"2024-08-05,16:05:12",frexsnotfound,#0,<@778976907642667018>,q52q#0,
"2024-08-05,16:05:16",rayer43,#0,سيرفر هوفا ياجدك,,
"2024-08-05,16:05:21",hunters_rage,#0,<@1209832938028539934>,itanou9ch#0,
"2024-08-05,16:05:23",rayer43,#0,وحد الاسماء,,
"2024-08-05,16:05:50",rayer43,#0,<@1056180957339725845>,bs.aaaaaa#0,
"2024-08-05,16:05:57",carnage07451,#0,نونو,rayer43#0,
"2024-08-05,16:06:03",rayer43,#0,<@1160906539503210536>,islem0749#0,
"2024-08-05,16:06:12",c_rx.,#0,مزال هنا؟,hunters_rage#0,
"2024-08-05,16:06:29",rayer43,#0,<@1214967653370691624>,jordyy.a3ttt#0,
"2024-08-05,16:06:33",c_rx.,#0,<@1121854845989691403>,kwkwlqrshwryjynl.#0,
"2024-08-05,16:06:43",hunters_rage,#0,ايه,,
"2024-08-05,16:06:47",demon_slayer_tanjiro_kamado,#0,يا صاي فهمنا,,
"2024-08-05,16:06:48",hunters_rage,#0,<@926188367421521970> مزالي,c_rx.#0,
"2024-08-05,16:06:50",c_rx.,#0,<@1118573634143916043>  هاهو زعيم,uchiha9irch#0,
"2024-08-05,16:06:53",rayer43,#0,<@1219424054142963796>,mourfyy#0,
"2024-08-05,16:06:57",c_rx.,#0,شكون نتا,hunters_rage#0,
"2024-08-05,16:07:19",rayer43,#0,<@1141106232166465556>,youcef07671#0,
"2024-08-05,16:07:32",hunters_rage,#0,<@926188367421521970> كنت نهدر على العرقيين لقحاب,c_rx.#0,
"2024-08-05,16:07:34",rayer43,#0,أسماء هايلة,,
"2024-08-05,16:07:45",rayer43,#0,ياخو وش دارولك,hunters_rage#0,
"2024-08-05,16:07:46",c_rx.,#0,مش كامل كاينين ناس ملاح,hunters_rage#0,
"2024-08-05,16:07:55",carnage07451,#0,شبيهم لعراقيين ؟ 👀,hunters_rage#0,
"2024-08-05,16:07:58",hunters_rage,#0,ماشي عقليية,,
"2024-08-05,16:08:00",hunters_rage,#0,شكل,,
"2024-08-05,16:08:16",rayer43,#0,<@1081296261182935040>,rayer43#0,
"2024-08-05,16:08:17",hunters_rage,#0,عقليية مشاء الله,,
"2024-08-05,16:08:29",hunters_rage,#0,بصح شكل 💀💀💀,,
"2024-08-05,16:08:41",luffysenpai2011,#0,لمن نسرقولو طوطا و نعطولها للطفلة,,
"2024-08-05,16:08:54",rayer43,#0,جماعة نسقسيكم,,
"2024-08-05,16:09:02",rayer43,#0,سؤال هايل,,
"2024-08-05,16:09:04",hunters_rage,#0,<@1209832938028539934>,itanou9ch#0,
"2024-08-05,16:09:09",carnage07451,#0,جراح البواسير and سراق البزازل are typing. . .,,
"2024-08-05,16:09:11",hunters_rage,#0,<@1130967147737272320> هذا,luffysenpai2011#0,
"2024-08-05,16:09:22",hunters_rage,#0,Me to,,
"2024-08-05,16:09:25",rayer43,#0,جماعة نسقسيكم,,
"2024-08-05,16:09:27",hunters_rage,#0,متخصص في بيع كلش,,
"2024-08-05,16:09:33",hunters_rage,#0,مع,,
"2024-08-05,16:09:41",hunters_rage,#0,<@1264558495034769438>,demon_slayer_tanjiro_kamado#0,
"2024-08-05,16:09:53",rayer43,#0,لوكان تصيرو انثى للابد وش ديرو؟,,
"2024-08-05,16:10:00",carnage07451,#0,كلش كلش؟,hunters_rage#0,
"2024-08-05,16:10:12",rayer43,#0,و انا خليتني 😔,hunters_rage#0,
"2024-08-05,16:10:12",carnage07451,#0,نخلي الناس تستفاد,rayer43#0,
"2024-08-05,16:10:20",rayer43,#0,مليحة,carnage07451#0,
"2024-08-05,16:10:23",hunters_rage,#0,"نركب """" اصطناعي",,
"2024-08-05,16:10:25",demon_slayer_tanjiro_kamado,#0,ايه كلش,carnage07451#0,
"2024-08-05,16:10:35",rayer43,#0,مش عاجبك المهبل؟,hunters_rage#0,
"2024-08-05,16:10:38",luffysenpai2011,#0,و قطع الطوطات باستخدام مكعب الطوطات بالسيف التاعي,,
"2024-08-05,16:11:02",hunters_rage,#0,<@1081296261182935040> اذا وليت طفلة,rayer43#0,
"2024-08-05,16:11:05",hunters_rage,#0,نديرها,,
"2024-08-05,16:11:17",hunters_rage,#0,نكلخ للموقودين,,
"2024-08-05,16:11:17",rayer43,#0,باينة قاع,hunters_rage#0,
"2024-08-05,16:11:21",hunters_rage,#0,و نحشيلهم,,
"2024-08-05,16:11:33",rayer43,#0,تقولهم 100 $,hunters_rage#0,
"2024-08-05,16:11:38",rayer43,#0,ولا 50$,,
"2024-08-05,16:11:42",demon_slayer_tanjiro_kamado,#0,🇿 🅱️ 🇮,,
"2024-08-05,16:11:45",hunters_rage,#0,🥵,,
"2024-08-05,16:11:49",rayer43,#0,<:NIGGA_omg:1150394296680329226>,,
"2024-08-05,16:11:56",hunters_rage,#0,نيترو 🤣🤣🤣,,
"2024-08-05,16:12:06",rayer43,#0,<@1066804545646248136>,yosef.sen#0,
"2024-08-05,16:12:12",luffysenpai2011,#0,english or spanish,,
"2024-08-05,16:12:13",demon_slayer_tanjiro_kamado,#0,🇹 🇴 🇹 🅰️,,
"2024-08-05,16:12:20",rayer43,#0,English,luffysenpai2011#0,
"2024-08-05,16:12:27",carnage07451,#0,"سحقيت ربعة كحالش موايا 
مشي كحالش كحالش جايين بني مشي كحل
و ايدا يجي معاهم سواط خير
و ادا صبتلي معاك كحلوشة عريضة مدهانا تاني
و تكون قصيرة شوية و شعرها طويل بش نشدها مشعوها",demon_slayer_tanjiro_kamado#0,
"2024-08-05,16:12:30",luffysenpai2011,#0,who ever move first is gay,,
"2024-08-05,16:12:40",rayer43,#0,راني تحركت,luffysenpai2011#0,
"2024-08-05,16:12:50",luffysenpai2011,#0,نسكت خير,rayer43#0,
"2024-08-05,16:12:53",rayer43,#0,<:juan:1150418197581922344>,,
"2024-08-05,16:12:59",demon_slayer_tanjiro_kamado,#0,عندنا قاع هادو,carnage07451#0,
"2024-08-05,16:13:00",hunters_rage,#0,🏳️‍🌈,,
"2024-08-05,16:13:13",rayer43,#0,<:juan:1150418197581922344>,,
"2024-08-05,16:13:22",luffysenpai2011,#0,خير ما نستخدم التقنية الاسطورية,,
"2024-08-05,16:13:24",rayer43,#0,متفكر بكري كان كاين رول تاع قاي,,
"2024-08-05,16:13:26",luffysenpai2011,#0,لقطع العبد قا,,
"2024-08-05,16:13:30",demon_slayer_tanjiro_kamado,#0,🇰 🅰️ 🇱 🇼 🅰️,,
"2024-08-05,16:13:31",carnage07451,#0,وجدوهوملي فشكارا راني جاي نديهم,demon_slayer_tanjiro_kamado#0,
"2024-08-05,16:13:41",hunters_rage,#0,ماتحركتش,,
"2024-08-05,16:13:48",demon_slayer_tanjiro_kamado,#0,🅱️ 🇿 🅰️ 🇿 🇱,,
"2024-08-05,16:13:55",rayer43,#0,زعيم,hunters_rage#0,
"2024-08-05,16:14:00",demon_slayer_tanjiro_kamado,#0,ايه,carnage07451#0,
"2024-08-05,16:14:01",hunters_rage,#0,Hail hitler,,
"2024-08-05,16:14:02",luffysenpai2011,#0,هذاك الطفل لي عندو صوت طفلة و ختو لي عندها صوت راجل و جبهة روسيا,rayer43#0,
"2024-08-05,16:14:23",luffysenpai2011,#0,<@1267093129928904745> تعرف شكون نقصد,hunters_rage#0,
"2024-08-05,16:14:32",rayer43,#0,ويناه ذا,luffysenpai2011#0,
"2024-08-05,16:14:58",rayer43,#0,<@636238267083128842>,mfr_7#0,
"2024-08-05,16:15:17",luffysenpai2011,#0,واحد يقرا معنا ڨاي,,
"2024-08-05,16:15:21",hunters_rage,#0,<@1130967147737272320> YOUBA 🥵🥵🥵,luffysenpai2011#0,
"2024-08-05,16:15:27",hunters_rage,#0,الحمد لله تبعت خطا جدي مي سينسي و وليت عنصري,,
"2024-08-05,16:15:29",rayer43,#0,خرا,luffysenpai2011#0,
"2024-08-05,16:15:32",luffysenpai2011,#0,ياب,,
"2024-08-05,16:15:37",carnage07451,#0,قالك معنتها سعادة,luffysenpai2011#0,
"2024-08-05,16:15:38",rayer43,#0,حساهالي,,
"2024-08-05,16:15:45",luffysenpai2011,#0,الحمد الله,hunters_rage#0,
"2024-08-05,16:15:45",carnage07451,#0,يروحو يقودو,,
"2024-08-05,16:15:55",hunters_rage,#0,جراح البواسير نسرقوهالو,,
"2024-08-05,16:16:02",hunters_rage,#0,طوطتي سر ساعدني,,
"2024-08-05,16:16:11",luffysenpai2011,#0,المكعب الخاص باطواطي,carnage07451#0,
"2024-08-05,16:16:12",rayer43,#0,و انا خليتوني؟,hunters_rage#0,
"2024-08-05,16:16:13",hunters_rage,#0,<@636238267083128842> ارواح,mfr_7#0,
"2024-08-05,16:16:24",hunters_rage,#0,<@1081296261182935040> سمين هو ؟,rayer43#0,
"2024-08-05,16:16:32",hunters_rage,#0,خطش السمان عنهم بزازل,,
"2024-08-05,16:16:32",rayer43,#0,واقيلا,hunters_rage#0,
"2024-08-05,16:16:46",rayer43,#0,و عندهم المشماش,hunters_rage#0,
"2024-08-05,16:16:51",hunters_rage,#0,حاط فوطو تع اتاشي سمين ميا بل ميا,,
"2024-08-05,16:17:12",luffysenpai2011,#0,و الله,hunters_rage#0,
"2024-08-05,16:17:24",rayer43,#0,<@1131610992988672070>,shrekmadafak#0,
"2024-08-05,16:17:25",luffysenpai2011,#0,اسرقلو بزازلو,rayer43#0,
"2024-08-05,16:17:25",hunters_rage,#0,Hail hitler,,
"2024-08-05,16:17:38",rayer43,#0,راه كاين تاجر,,
"2024-08-05,16:18:06",carnage07451,#0,عطونا معلومات التواصل,rayer43#0,
"2024-08-05,16:18:50",luffysenpai2011,#0,وشنو,carnage07451#0,
"2024-08-05,16:18:58",rayer43,#0,1548,carnage07451#0,
"2024-08-05,16:19:03",rayer43,#0,هاهو النيميرو,,
"2024-08-05,16:19:13",hunters_rage,#0,<@1081296261182935040> <@1081296261182935040> ندخلوه معنا,rayer43#0,
"2024-08-05,16:19:26",carnage07451,#0,معنديش ليزونيتي دك,,
"2024-08-05,16:20:13",hunters_rage,#0,يخدم في البيز نيس,,
"2024-08-05,16:20:14",hunters_rage,#0,يبيع كحالش,,
"2024-08-05,16:20:15",hunters_rage,#0,<@1014570856791425175> هاك,carnage07451#0,
"2024-08-05,16:20:16",hunters_rage,#0,911,,
"2024-08-05,16:20:18",hunters_rage,#0,<@1014570856791425175> يمشي بلا زينيتي,carnage07451#0,
"2024-08-05,16:20:20",hunters_rage,#0,<:emoji_91:1188672059321094224>,,
"2024-08-05,16:20:25",luffysenpai2011,#0,تقنية تذكير 11/9/2001,,
"2024-08-05,16:20:28",rayer43,#0,وي,hunters_rage#0,
"2024-08-05,16:20:29",hunters_rage,#0,<:emoji_107:1197267193713410228>,,
"2024-08-05,16:20:49",carnage07451,#0,🗿,hunters_rage#0,
"2024-08-05,16:20:52",hunters_rage,#0,<@1130967147737272320> ندخلو تاجر الكحالش معنا في البيس نيز,luffysenpai2011#0,
"2024-08-05,16:21:11",luffysenpai2011,#0,ماشي تكره الكحالش,,
"2024-08-05,16:21:12",hunters_rage,#0,<@1130967147737272320> <:KEKYou:1150418200027201566>,luffysenpai2011#0,
"2024-08-05,16:21:20",hunters_rage,#0,<@1130967147737272320> يبيع كحالش,luffysenpai2011#0,
"2024-08-05,16:21:30",hunters_rage,#0,العوبودية,,
"2024-08-05,16:21:35",luffysenpai2011,#0,حبيت نذكرك 11/9/2001,,
"2024-08-05,16:21:38",carnage07451,#0,واقيل كان يعني تاجر زنجي محترف,,
"2024-08-05,16:21:48",hunters_rage,#0,<@1130967147737272320> 😂,luffysenpai2011#0,
"2024-08-05,16:21:51",luffysenpai2011,#0,انا نكره السود,,
"2024-08-05,16:21:53",rayer43,#0,الشهر الجاي,luffysenpai2011#0,
"2024-08-05,16:21:59",rayer43,#0,راك تعرف,,
"2024-08-05,16:22:03",hunters_rage,#0,خصنا بياع العاهيرات,,
"2024-08-05,16:22:04",carnage07451,#0,Same bro,luffysenpai2011#0,
"2024-08-05,16:22:06",luffysenpai2011,#0,نقطعوهالو لليوبا هذاك,carnage07451#0,
"2024-08-05,16:22:24",rayer43,#0,<@1179878559003705435>,twtkbyrwwkhl_22290#0,
"2024-08-05,16:22:30",rayer43,#0,نسرقولو تاعو؟,,
"2024-08-05,16:22:32",luffysenpai2011,#0,wtf,rayer43#0,
"2024-08-05,16:22:33",hunters_rage,#0,انا تبعت جدي ادلوف هتلر العنصري,,
"2024-08-05,16:22:36",carnage07451,#0,"شنو هيا؟
ماعندي حتا عضو مأنث 
نغير لقلاوي",luffysenpai2011#0,
"2024-08-05,16:22:40",hunters_rage,#0,<@1081296261182935040> ايا نسرقوهالو,rayer43#0,
"2024-08-05,16:22:46",rayer43,#0,ياله,hunters_rage#0,
"2024-08-05,16:22:47",luffysenpai2011,#0,و شنو هذي الاسماء الغريبة,,
"2024-08-05,16:22:49",hunters_rage,#0,راه فرحان بيهل,,
"2024-08-05,16:22:58",hunters_rage,#0,بيها,,
"2024-08-05,16:22:58",rayer43,#0,<@1001125948604829787>,bi_ng0.0#0,
"2024-08-05,16:23:09",luffysenpai2011,#0,مام انا نسرق كلشي الكليو الطوطا البزازل المشماش,hunters_rage#0,
"2024-08-05,16:23:11",rayer43,#0,<:juan:1150418197581922344>,,
"2024-08-05,16:23:14",hunters_rage,#0,وات فك اس فوط. يروفيل,,
"2024-08-05,16:23:34",carnage07451,#0,ديال عيباد كتاشفو ديسكورد منعند هوفا,luffysenpai2011#0,
"2024-08-05,16:23:34",hunters_rage,#0,<@768465358532771880>,the_slave_seller#0,
"2024-08-05,16:23:37",rayer43,#0,<@1247333409005506694>,neyake.com.#0,
"2024-08-05,16:24:00",rayer43,#0,كاين تجار ياسر,hunters_rage#0,
"2024-08-05,16:24:08",c_rx.,#0,عطشت,,
"2024-08-05,16:24:10",c_rx.,#0,سخنت,,
"2024-08-05,16:24:10",hunters_rage,#0,خصنا بياع العاهيرات,,
"2024-08-05,16:24:21",bi_ng0.0,#0,<:Dead_inside:1150410964659863592>,rayer43#0,
"2024-08-05,16:24:27",carnage07451,#0,شرب لما,c_rx.#0,
"2024-08-05,16:24:36",carnage07451,#0,شعل كليماتيزور,c_rx.#0,
"2024-08-05,16:24:41",luffysenpai2011,#0,عبد السلام,hunters_rage#0,
"2024-08-05,16:25:01",luffysenpai2011,#0,هوفا يحب لكحالش,,
"2024-08-05,16:25:14",hunters_rage,#0,<@1130967147737272320> احلف,luffysenpai2011#0,
"2024-08-05,16:25:36",rayer43,#0,هههه,bi_ng0.0#0,
"2024-08-05,16:25:38",luffysenpai2011,#0,شفت ميم في حط فيديو و قود لقيت هوفا في الصحراء,,
"2024-08-05,16:25:42",rayer43,#0,علاه اسمك كيما هاك,,
"2024-08-05,16:25:54",hunters_rage,#0,<@1001125948604829787> عاد تحب هوفا شهوة ؟,bi_ng0.0#0,
"2024-08-05,16:26:24",rayer43,#0,يحب تاعو,hunters_rage#0,
"2024-08-05,16:26:35",hunters_rage,#0,<@1081296261182935040> تسما 69,rayer43#0,
"2024-08-05,16:26:38",luffysenpai2011,#0,دارها هوملاندر هذاك الميم,,
"2024-08-05,16:26:39",rayer43,#0,وي,hunters_rage#0,
"2024-08-05,16:26:46",hunters_rage,#0,<@1081296261182935040> نغ سرقهالو سراق طواطي,rayer43#0,
"2024-08-05,16:26:56",rayer43,#0,ياله,hunters_rage#0,
"2024-08-05,16:27:29",hunters_rage,#0,شكيت,,
"2024-08-05,16:27:44",hunters_rage,#0,قطعها خاطش قصيرة يه يلحسها,,
"2024-08-05,16:27:57",hunters_rage,#0,و يديرها في قاعو,,
"2024-08-05,16:28:10",rayer43,#0,<:juan:1150418197581922344>,,
"2024-08-05,16:28:15",luffysenpai2011,#0,تقنية السيف الحكيم,hunters_rage#0,
"2024-08-05,16:28:46",hunters_rage,#0,الاصبع الحكيم 🖕,,
"2024-08-05,16:29:09",carnage07451,#0,<@1127309832203022337>,mouhibzarari55#0,
"2024-08-05,16:29:14",rayer43,#0,<@1090318261767381172>,idris._.bour#0,
"2024-08-05,16:29:29",rayer43,#0,<@282859044593598464>,ProBot ✨#5803,
"2024-08-05,16:29:31",hunters_rage,#0,<@1151166199837757470>,ynydmybwlyt#0,
"2024-08-05,16:29:36",hunters_rage,#0,شوفو برفيل,,
"2024-08-05,16:29:42",hunters_rage,#0,تع اي نيد بوليتز,,
"2024-08-05,16:29:49",rayer43,#0,هذاك الميمز,,
"2024-08-05,16:29:53",hunters_rage,#0,ايه,,
"2024-08-05,16:29:58",hunters_rage,#0,الفرنسي ذاك,,
"2024-08-05,16:30:00",rayer43,#0,<@1137117013249097819>,adn_cj#0,
"2024-08-05,16:30:08",rayer43,#0,كاين دكتور,,
"2024-08-05,16:30:11",hunters_rage,#0,<@1123196492988039278>,notryndz#0,
"2024-08-05,16:30:29",hunters_rage,#0,<@1056180957339725845>,bs.aaaaaa#0,
"2024-08-05,16:30:32",carnage07451,#0,<@762379421000531969>,nigger_11111#0,
"2024-08-05,16:31:08",hunters_rage,#0,<@1001125948604829787>,bi_ng0.0#0,
"2024-08-05,16:31:10",luffysenpai2011,#0,السيف الحكيم هي تقنية تستختدم لادخالها في المشماش و اخراج الزل و ادخاله في فم العدو,hunters_rage#0,
"2024-08-05,16:31:17",carnage07451,#0,<@1135895793795080212>,ayato.x01_15087#0,
"2024-08-05,16:31:43",hunters_rage,#0,كاين بياع العاهيرات,,
"2024-08-05,16:31:51",hunters_rage,#0,@بياع العاهريات,,
"2024-08-05,16:31:56",hunters_rage,#0,خصارا,,
"2024-08-05,16:31:59",rayer43,#0,وش رايكم في الاسم,,
"2024-08-05,16:32:06",rayer43,#0,هايل ولا والو ؟,,
"2024-08-05,16:32:07",hunters_rage,#0,نيص,,
"2024-08-05,16:32:15",carnage07451,#0,<@1099076925370146868>,mid_oo#0,
"2024-08-05,16:32:32",carnage07451,#0,والو,rayer43#0,
"2024-08-05,16:32:56",rayer43,#0,علاه ؟,carnage07451#0,
"2024-08-05,16:33:05",carnage07451,#0,معجبنيش 🗿,,
"2024-08-05,16:33:12",rayer43,#0,💀,,
"2024-08-05,16:33:24",hunters_rage,#0,القديم خير,,
"2024-08-05,16:33:24",rayer43,#0,ماعليهش الناس قاع عندها راي الخاص,,
"2024-08-05,16:33:37",rayer43,#0,أيا لقديم عجبكم,,
"2024-08-05,16:33:57",carnage07451,#0,ولا نقولك,,
"2024-08-05,16:33:59",rayer43,#0,وش رايكم ضرك,,
"2024-08-05,16:34:09",carnage07451,#0,سميه باراسيطامول,,
"2024-08-05,16:34:26",rayer43,#0,هذا سحور ولا وشنو؟,carnage07451#0,
"2024-08-05,16:34:37",carnage07451,#0,ياخو باراسيطامول 👀,,
"2024-08-05,16:34:44",cha_wew.,#0,دوا تاع الراص,rayer43#0,
"2024-08-05,16:34:49",sl_9.,#0,سلام عليكم,,
"2024-08-05,16:34:50",cha_wew.,#0,والكرش,,
"2024-08-05,16:34:55",cha_wew.,#0,ولادياري,,
"2024-08-05,16:34:58",cha_wew.,#0,وكلش,,
"2024-08-05,16:35:07",carnage07451,#0,يداوي كلش,,
"2024-08-05,16:35:11",cha_wew.,#0,وعليكم السلام,sl_9.#0,
"2024-08-05,16:35:16",rayer43,#0,نسمي روحي ريكاردو لي يخدم كلش,,
"2024-08-05,16:35:18",hunters_rage,#0,نويص,,
"2024-08-05,16:35:19",rayer43,#0,ولا والو,,
"2024-08-05,16:35:30",rayer43,#0,يودي رانا رايحين,,
"2024-08-05,16:35:31",carnage07451,#0,والو,,
"2024-08-05,16:35:34",cha_wew.,#0,براسيطامول اختصار,rayer43#0,
"2024-08-05,16:35:37",sl_9.,#0,راكم ملاح سيرفر شباب تع هوفا,cha_wew.#0,
"2024-08-05,16:35:40",rayer43,#0,أيا تصبحوا على خير,,
"2024-08-05,16:36:12",carnage07451,#0,سيرفر ملعون,sl_9.#0,
"2024-08-05,16:36:19",cha_wew.,#0,شوف الأسماء قبل,sl_9.#0,
"2024-08-05,16:36:31",luffysenpai2011,#0,السيف الحكيم هي تقنية تستختدم لادخالها في المشماش و اخراج الزل و ادخاله في فم العدو,hunters_rage#0,
"2024-08-05,16:36:34",demon_slayer_tanjiro_kamado,#0,وي,,
"2024-08-05,16:36:37",sl_9.,#0,والله,carnage07451#0,
"2024-08-05,16:36:39",luffysenpai2011,#0,السيف الحكيم هي تقنية تستختدم لادخالها في المشماش و اخراج الزل و ادخاله في فم العدو,,
"2024-08-05,16:36:39",demon_slayer_tanjiro_kamado,#0,يدكم فيه,,
"2024-08-05,16:36:42",cha_wew.,#0,مبعد شوف واش يخدمو,,
"2024-08-05,16:36:51",sl_9.,#0,Ikonw,cha_wew.#0,
"2024-08-05,16:37:11",sl_9.,#0,<@1264558495034769438> 🗿 اسمك,demon_slayer_tanjiro_kamado#0,
"2024-08-05,16:37:12",demon_slayer_tanjiro_kamado,#0,ما رايك بالز  ب  الحكيم,luffysenpai2011#0,
"2024-08-05,16:37:18",carnage07451,#0,نتا ولد ولا طفلة؟,demon_slayer_tanjiro_kamado#0,
"2024-08-05,16:37:20",hunters_rage,#0,<@1130967147737272320>,luffysenpai2011#0,
"2024-08-05,16:37:21",demon_slayer_tanjiro_kamado,#0,وي,sl_9.#0,
"2024-08-05,16:37:23",cha_wew.,#0,كيما انا نبيع الكحالش,,
"2024-08-05,16:37:29",demon_slayer_tanjiro_kamado,#0,شير,carnage07451#0,
"2024-08-05,16:37:32",luffysenpai2011,#0,وشبي جدك,hunters_rage#0,
"2024-08-05,16:37:32",hunters_rage,#0,مزالك هوا,,
"2024-08-05,16:37:34",sl_9.,#0,شباب,demon_slayer_tanjiro_kamado#0,
"2024-08-05,16:37:45",luffysenpai2011,#0,وشنو,hunters_rage#0,
"2024-08-05,16:37:48",carnage07451,#0,كيفاه 🗿,demon_slayer_tanjiro_kamado#0,
"2024-08-05,16:37:54",cha_wew.,#0,وي,sl_9.#0,
"2024-08-05,16:38:02",demon_slayer_tanjiro_kamado,#0,انا نبيع طوطات و صاحبي يبيع بزازل,sl_9.#0,
"2024-08-05,16:38:11",cha_wew.,#0,قصدو ولد,carnage07451#0,
"2024-08-05,16:38:11",sl_9.,#0,يسطا اي دا,cha_wew.#0,
"2024-08-05,16:38:28",sl_9.,#0,اسموات من جهنم,,
"2024-08-05,16:38:29",hunters_rage,#0,تحس مزاري مخدوم بشمة ياك,luffysenpai2011#0,
"2024-08-05,16:38:30",hunters_rage,#0,السيرفر فيه كلش لي قاي الكحالش العنصريين النازيين كهول رؤساء,,
"2024-08-05,16:38:31",hunters_rage,#0,<@1264558495034769438> وانا نبيع كلش,demon_slayer_tanjiro_kamado#0,
"2024-08-05,16:38:32",cha_wew.,#0,علا واه,sl_9.#0,
"2024-08-05,16:38:33",hunters_rage,#0,نقصد متخصص,,
"2024-08-05,16:38:37",carnage07451,#0,تبيع طوطات؟,demon_slayer_tanjiro_kamado#0,
"2024-08-05,16:38:43",hunters_rage,#0,تسحق خبرة ارواح عندي,,
"2024-08-05,16:38:50",cha_wew.,#0,متديليش رزق تاعي,hunters_rage#0,
"2024-08-05,16:39:05",sl_9.,#0,واحد سراق طوطات واحد جراح بواسر,cha_wew.#0,
"2024-08-05,16:39:31",demon_slayer_tanjiro_kamado,#0,ايه الطوطة الصغيرة 7 ملايين و الكبيرة 14 ملايين و الضخمة 20 ملايين,carnage07451#0,
"2024-08-05,16:39:43",cha_wew.,#0,<@762379421000531969>,sl_9.#0、nigger_11111#0,
"2024-08-05,16:39:47",demon_slayer_tanjiro_kamado,#0,و البزازل روح شوف عند صاحبي,,
"2024-08-05,16:39:47",sl_9.,#0,خو هوفا مكاشو هنا,,
"2024-08-05,16:39:53",carnage07451,#0,واش قالك اضحية تان,demon_slayer_tanjiro_kamado#0,
"2024-08-05,16:39:59",sl_9.,#0,😂 وتفاك,cha_wew.#0,
"2024-08-05,16:40:02",luffysenpai2011,#0,و الله و يماه اكبر ممثلة افلام,hunters_rage#0,
"2024-08-05,16:40:04",demon_slayer_tanjiro_kamado,#0,واش,carnage07451#0,
"2024-08-05,16:40:08",cha_wew.,#0,<:g_meme_niggasleep_FGC:1152015896500502649>,sl_9.#0,
"2024-08-05,16:40:11",demon_slayer_tanjiro_kamado,#0,قافية,cha_wew.#0,
"2024-08-05,16:40:13",_flitox.,#0,<:emoji_107:1197267193713410228>,,
"2024-08-05,16:40:20",carnage07451,#0,انا زاوالي حقرتني دولة متعاونوش وليد بلادك؟,,
"2024-08-05,16:40:25",hunters_rage,#0,<@1169542240192974910> نتخصص,cha_wew.#0,
"2024-08-05,16:40:38",hunters_rage,#0,في كلش,,
"2024-08-05,16:40:38",sl_9.,#0,تسما كاين غير هوا هوفا,cha_wew.#0,
"2024-08-05,16:40:39",hunters_rage,#0,تسحق خبرة ارواح عندي,,
"2024-08-05,16:40:40",hunters_rage,#0,جدي كان يييع صابون من نوع ياهودي,,
"2024-08-05,16:40:41",hunters_rage,#0,<:emoji_107:1197267193713410228>,,
"2024-08-05,16:40:55",cha_wew.,#0,ايه,sl_9.#0,
"2024-08-05,16:41:05",demon_slayer_tanjiro_kamado,#0,و يلعب فورت نايت <:emoji_105:1191547895724380263>,hunters_rage#0,
"2024-08-05,16:41:07",sl_9.,#0,نحساب راه هنا,cha_wew.#0,
"2024-08-05,16:41:12",cha_wew.,#0,بصح ماشي كيما الأسعار تاعي,hunters_rage#0,
"2024-08-05,16:41:26",hunters_rage,#0,<@1264558495034769438> وي عندو 6 مليون دل,demon_slayer_tanjiro_kamado#0,
"2024-08-05,16:41:31",cha_wew.,#0,نحب الزاوالي,,
"2024-08-05,16:41:31",hunters_rage,#0,كلهم سيرفر اوروبا,,
"2024-08-05,16:41:38",carnage07451,#0,حبيت نبدا بروجي تاع قلاوي سوداء,,
"2024-08-05,16:41:53",cha_wew.,#0,عندي كحالش,carnage07451#0,
"2024-08-05,16:41:56",demon_slayer_tanjiro_kamado,#0,عندو غي 4 انا كنت نلعب معاه فورت نايت,hunters_rage#0,
"2024-08-05,16:42:02",hunters_rage,#0,ثلاوي البغل كحولا,,
"2024-08-05,16:42:20",hunters_rage,#0,لا ستة زيد اليهود,,
"2024-08-05,16:42:23",demon_slayer_tanjiro_kamado,#0,انا عندي قلاوي بيضين و راه عليهم بروموسيو,carnage07451#0,
"2024-08-05,16:42:26",cha_wew.,#0,راه راقد,sl_9.#0,
"2024-08-05,16:42:27",hunters_rage,#0,و لي غاي يولو 8,,
"2024-08-05,16:42:37",sl_9.,#0,طاڨيه,cha_wew.#0,
"2024-08-05,16:42:46",carnage07451,#0,نسحق وحدة مشعرة,demon_slayer_tanjiro_kamado#0,
"2024-08-05,16:42:52",cha_wew.,#0,<@836767184855891998>,sl_9.#0、hoova369#0,
"2024-08-05,16:43:03",cha_wew.,#0,<@836767184855891998> نوض,hoova369#0,
"2024-08-05,16:43:07",demon_slayer_tanjiro_kamado,#0,كاين المشعرين فيهم خصم 20 بالمئة,carnage07451#0,
"2024-08-05,16:43:12",sl_9.,#0,هاذا هوفا يزح نحوس خوه,cha_wew.#0,
"2024-08-05,16:43:18",hunters_rage,#0,و تاع لبغل,,
"2024-08-05,16:43:28",demon_slayer_tanjiro_kamado,#0,<@836767184855891998> ارحل,hoova369#0,
"2024-08-05,16:43:35",cha_wew.,#0,واش راح دير بخوه,sl_9.#0,
"2024-08-05,16:43:46",carnage07451,#0,<@836767184855891998> نوض تسحر,hoova369#0,
"2024-08-05,16:43:48",cha_wew.,#0,طاقو قاع هوفا,demon_slayer_tanjiro_kamado#0,
"2024-08-05,16:43:55",sl_9.,#0,نبيع ونشري معاه كونصول🗿,cha_wew.#0,
"2024-08-05,16:44:12",cha_wew.,#0,<@836767184855891998> نوض,hoova369#0,
"2024-08-05,16:44:16",hunters_rage,#0,نديرو ابادة الكحالش و الكهول,,
"2024-08-05,16:44:18",hunters_rage,#0,تحت قايدة ديكتاتور ADLOF HETLER JR,,
"2024-08-05,16:44:25",carnage07451,#0,قولو يديرلك بيبليسيتي يروجلك لمؤسسة ديالك <@836767184855891998>,hoova369#0、demon_slayer_tanjiro_kamado#0,
"2024-08-05,16:44:27",demon_slayer_tanjiro_kamado,#0,راني جبدته,,
"2024-08-05,16:44:31",cha_wew.,#0,شكون قلك عندو خوه,sl_9.#0,
"2024-08-05,16:44:56",sl_9.,#0,خوه هوا حاكم باجة تع هوفا شوب,cha_wew.#0,
"2024-08-05,16:44:58",demon_slayer_tanjiro_kamado,#0,انا نحب لترام,,
"2024-08-05,16:45:08",hunters_rage,#0,مام انا,,
"2024-08-05,16:45:08",demon_slayer_tanjiro_kamado,#0,سيختو البيضين الكبار,,
"2024-08-05,16:45:15",cha_wew.,#0,متمرمدش,sl_9.#0,
"2024-08-05,16:45:18",demon_slayer_tanjiro_kamado,#0,و تاع طفلات,,
"2024-08-05,16:45:22",carnage07451,#0,مال علاه تسرق طواطي؟ 🤨,demon_slayer_tanjiro_kamado#0,
"2024-08-05,16:45:23",sl_9.,#0,والله,cha_wew.#0,
"2024-08-05,16:45:26",cha_wew.,#0,نبعتلك الباجا,sl_9.#0,
"2024-08-05,16:45:30",hunters_rage,#0,يبيعهم,,
"2024-08-05,16:45:31",cha_wew.,#0,سيرفر,,
"2024-08-05,16:45:34",sl_9.,#0,عندي,cha_wew.#0,
"2024-08-05,16:45:45",sl_9.,#0,مكاش كبفاه نرسل تصاور,,
"2024-08-05,16:45:48",sl_9.,#0,😔,,
"2024-08-05,16:45:49",cha_wew.,#0,تعرف اسم خوه,sl_9.#0,
"2024-08-05,16:45:50",demon_slayer_tanjiro_kamado,#0,لاخاطش الشعب خصو طواطي الترام كاين بزاف,carnage07451#0,
"2024-08-05,16:46:01",cha_wew.,#0,Lvl20,sl_9.#0,
"2024-08-05,16:46:04",carnage07451,#0,منيش نشوفهم 🗿🗿,demon_slayer_tanjiro_kamado#0,
"2024-08-05,16:46:06",hunters_rage,#0,على هاذي حاب نبيد الكحالش,,
"2024-08-05,16:46:13",carnage07451,#0,وين ترام بزاف,,
"2024-08-05,16:46:19",cha_wew.,#0,ابعت بريفي,sl_9.#0,
"2024-08-05,16:46:21",hunters_rage,#0,عنهم طوطات كبار مايستهالوهمش,,
"2024-08-05,16:46:23",sl_9.,#0,نو غير نجيبلو مشتاريا برك وندي مصيرفة 👽,cha_wew.#0,
"2024-08-05,16:46:40",cha_wew.,#0,ولا في حط فيديو وقود,sl_9.#0,
"2024-08-05,16:47:00",cha_wew.,#0,ادي رول ميمر,sl_9.#0,
"2024-08-05,16:47:02",hunters_rage,#0,حكمو هوفا يتربص في الكحالش للمهاجرين,,
"2024-08-05,16:47:11",demon_slayer_tanjiro_kamado,#0,الترامي كاين عند الشاشرا و اشيرات مام الطوطة كاين غي عند الشاشرا تما لترام كاين بزاف,carnage07451#0,
"2024-08-05,16:47:15",cha_wew.,#0,يمدلك نمي,sl_9.#0,
"2024-08-05,16:47:37",sl_9.,#0,🗿 بريفي,cha_wew.#0,
"2024-08-05,16:47:38",carnage07451,#0,وشنو الشاشرا ؟ انا وليد آلجي 👀,demon_slayer_tanjiro_kamado#0,
"2024-08-05,16:47:48",cha_wew.,#0,نعرف واحد اليوتيوب راهو هنا,,
"2024-08-05,16:48:04",cha_wew.,#0,بصح ماهوش مشهور ياسر,,
"2024-08-05,16:48:12",demon_slayer_tanjiro_kamado,#0,الشاشرا يعندي الاولاد,carnage07451#0,
"2024-08-05,16:48:17",hunters_rage,#0,<@442721468829138954>,unfrody#0,
"2024-08-05,16:48:28",demon_slayer_tanjiro_kamado,#0,وات فاك,hunters_rage#0,
"2024-08-05,16:48:29",cha_wew.,#0,Wtf,hunters_rage#0,
"2024-08-05,16:48:42",demon_slayer_tanjiro_kamado,#0,توقعت كلش غي هادي,hunters_rage#0,
"2024-08-05,16:48:44",hunters_rage,#0,و فرانسا علاه 🤣🤣,,
"2024-08-05,16:48:48",sl_9.,#0,Prv,cha_wew.#0,
"2024-08-05,16:48:57",cha_wew.,#0,معرف,,
"2024-08-05,16:48:59",carnage07451,#0,ماعندهمش اصلا,hunters_rage#0,
"2024-08-05,16:49:01",demon_slayer_tanjiro_kamado,#0,<@1030473085155029073>,sid.dsn#0,
"2024-08-05,16:49:03",sl_9.,#0,ديرولي اسم,,
"2024-08-05,16:49:17",hunters_rage,#0,<@1030473085155029073>,sid.dsn#0,
"2024-08-05,16:49:26",demon_slayer_tanjiro_kamado,#0,<@988208130053787719>,dreaml7rach#0,
"2024-08-05,16:49:31",hunters_rage,#0,<@1097204376260591748>,kamel0486#0,
"2024-08-05,16:49:46",hunters_rage,#0,<@1127309832203022337>,mouhibzarari55#0,
"2024-08-05,16:49:48",carnage07451,#0,<@1066804545646248136>,yosef.sen#0,
"2024-08-05,16:50:03",hunters_rage,#0,<@1180214197875908721>,redacity16_50706#0,
"2024-08-05,16:50:07",hunters_rage,#0,لقيت جدي,,
"2024-08-05,16:50:07",demon_slayer_tanjiro_kamado,#0,<@1162783701894176770>,bintalhalaljammutatahhbialsirwal#0,
"2024-08-05,16:50:17",hunters_rage,#0,راهو هنا 🤣🤣🤣,,
"2024-08-05,16:50:20",demon_slayer_tanjiro_kamado,#0,<@1248408909631193273>,bntnmtnn#0,
"2024-08-05,16:50:35",demon_slayer_tanjiro_kamado,#0,<@1160812536699027506>,3ebatolemga_73911#0,
"2024-08-05,16:50:38",redacity16_50706,#0,وي ولد ولدي,hunters_rage#0,
"2024-08-05,16:50:51",hunters_rage,#0,ماشي قتلوك سيرفر اوروبا,,
"2024-08-05,16:50:52",demon_slayer_tanjiro_kamado,#0,<@1162783701894176770>,bintalhalaljammutatahhbialsirwal#0,
"2024-08-05,16:51:07",redacity16_50706,#0,لا حشيتهالهم,hunters_rage#0,
"2024-08-05,16:51:08",demon_slayer_tanjiro_kamado,#0,ز بي,,
"2024-08-05,16:51:19",hunters_rage,#0,و تحارة بيع الصابون كيفاه,,
"2024-08-05,16:51:30",hunters_rage,#0,علاه مزالهم اليهود ؟,,
"2024-08-05,16:51:37",hunters_rage,#0,ماشي عاد تبيعهم,,
"2024-08-05,16:51:43",demon_slayer_tanjiro_kamado,#0,ز بي الشات و لا ك الخرا,,
"2024-08-05,16:51:47",redacity16_50706,#0,"راني نحوس على مواد أولية 
و راهي بانتلي على لقبايل",hunters_rage#0,
"2024-08-05,16:52:17",hunters_rage,#0,راني نخطط نمسح المحالش و الكهول من الكرة الارضية,,
"2024-08-05,16:52:18",redacity16_50706,#0,اني في شات قبل ماتزيدي ريحي عاقلة,demon_slayer_tanjiro_kamado#0,
"2024-08-05,16:52:22",carnage07451,#0,"اواه لياهود تاع دك ماشي كيما تاع بكري 
هادو يفوحو",hunters_rage#0,
"2024-08-05,16:52:31",redacity16_50706,#0,شحال ندي,hunters_rage#0,
"2024-08-05,16:52:48",hunters_rage,#0,70 مليار,,
"2024-08-05,16:52:55",hunters_rage,#0,من تيجارت العبيد,,
"2024-08-05,16:53:04",redacity16_50706,#0,لا مشي دراهم شحال ندي من كحلوش,hunters_rage#0,
"2024-08-05,16:53:13",hunters_rage,#0,لي هوالك,,
"2024-08-05,16:53:27",redacity16_50706,#0,بأه نخدم صابون لازملي عبيد,,
"2024-08-05,16:53:28",hunters_rage,#0,زيد <@1264558495034769438>,demon_slayer_tanjiro_kamado#0,
"2024-08-05,16:53:36",hunters_rage,#0,ينحليهم طوطيهم,,
"2024-08-05,16:53:42",redacity16_50706,#0,تفاهمنا,hunters_rage#0,
"2024-08-05,16:53:48",hunters_rage,#0,<@1180214197875908721> نجيبلك عراقيين,redacity16_50706#0,
"2024-08-05,16:54:02",redacity16_50706,#0,جيب مانقولش لا,hunters_rage#0,
"2024-08-05,16:54:10",carnage07451,#0,جماعا انا نروح نبنيط,,
"2024-08-05,16:54:14",carnage07451,#0,تهلاو 👋🏻,,
"2024-08-05,16:54:39",hunters_rage,#0,وزيد كثرو الكهول و زنوجة ذي اليمات خير نبيعهم,,
"2024-08-05,16:54:54",redacity16_50706,#0,واه ندير بيهم صانيبو,hunters_rage#0,
"2024-08-05,16:55:02",hunters_rage,#0,و جال دوش,,
"2024-08-05,16:55:12",redacity16_50706,#0,متفاهمين,hunters_rage#0,
"2024-08-05,16:55:18",hunters_rage,#0,اك,,
"2024-08-05,16:55:24",hunters_rage,#0,المهم hail hitler,,
"2024-08-05,16:55:32",hunters_rage,#0,<:emoji_91:1188672059321094224>,,
"2024-08-05,16:57:59",hunters_rage,#0,شبيكم سكت,,
"2024-08-05,16:58:01",hunters_rage,#0,سكتو,,
"2024-08-05,16:59:10",hunters_rage,#0,<@1004913902158610575>,karfito#0,
"2024-08-05,16:59:17",sl_9.,#0,حياكم <:emoji_107:1197267193713410228>,,
"2024-08-05,16:59:31",hunters_rage,#0,Yooooo,,
"2024-08-05,16:59:36",hunters_rage,#0,<:emoji_107:1197267193713410228>,,
"2024-08-05,16:59:42",sl_9.,#0,<:emoji_91:1188672059321094224>,,
"2024-08-05,17:00:01",hunters_rage,#0,شكون ذا الثالث,,
"2024-08-05,17:00:05",karfito,#0,wchbik,hunters_rage#0,
"2024-08-05,17:00:19",hunters_rage,#0,علاه راك مطنن,,
"2024-08-05,17:00:19",sl_9.,#0,Ana,hunters_rage#0,
"2024-08-05,17:00:28",hunters_rage,#0,و شكون الثاني,,
"2024-08-05,17:00:41",karfito,#0,aout,hunters_rage#0,
"2024-08-05,17:01:07",karfito,#0,tana ta3 aout,,
"2024-08-05,17:01:59",hunters_rage,#0,المهم,,
"2024-08-05,17:02:11",hunters_rage,#0,ياله نجيبو اسماء جهنم,,
"2024-08-05,17:02:20",hunters_rage,#0,<@1175520337606213655>,yacine.dz.07#0,
"2024-08-05,17:03:13",hunters_rage,#0,<@853425637523587082>,jzrlznwjfyhqwllqtn#0,
"2024-08-05,17:03:48",karfito,#0,<@1066804545646248136>,yosef.sen#0,
"2024-08-05,17:04:27",hunters_rage,#0,<@636238267083128842>,mfr_7#0,
"2024-08-05,17:04:36",hunters_rage,#0,<@1001125948604829787>,bi_ng0.0#0,
"2024-08-05,17:04:39",karfito,#0,<@1127309832203022337>,mouhibzarari55#0,
"2024-08-05,17:04:48",hunters_rage,#0,<@988208130053787719>,dreaml7rach#0,
"2024-08-05,17:05:01",hunters_rage,#0,<@442721468829138954>,unfrody#0,
"2024-08-05,17:05:08",hunters_rage,#0,<@1030473085155029073>,sid.dsn#0,
"2024-08-05,17:05:34",karfito,#0,<@442721468829138954>,unfrody#0,
"2024-08-05,17:06:07",karfito,#0,<@1123196492988039278>,notryndz#0,
"2024-08-05,17:06:40",hunters_rage,#0,<@1055573734745968700>,mztola_01#0,
"2024-08-05,17:06:54",hunters_rage,#0,<@1161011140810248283>,tata_zinb#0,
"2024-08-05,17:07:40",hunters_rage,#0,<@881633794958962758>,merguez4968#0,
"2024-08-05,17:07:49",hunters_rage,#0,<@1265718017585582231>,kind03414#0,
"2024-08-05,17:08:23",hunters_rage,#0,<@605720950561832970>,ghost_emptiness#0,
"2024-08-05,17:10:18",raku_9,#0,كامل ناس راهي مطنة,hunters_rage#0,
"2024-08-05,17:11:37",hunters_rage,#0,ضاربين شمة,,
"2024-08-05,17:12:22",hunters_rage,#0,<@1174025383029522492>,lil_nigga_49#0,
"2024-08-05,17:16:02",sl_9.,#0,<@1107028463401062480> 💀,sl_9.#0,
"2024-08-05,17:16:13",hunters_rage,#0,💀,,
"2024-08-05,17:16:23",hunters_rage,#0,WTF,,
"2024-08-05,17:17:48",sl_9.,#0,كسم سيسي ابن شرموطة,,
"2024-08-05,17:19:58",hunters_rage,#0,كيفاه نعرف لفل تعاي,,
"2024-08-05,17:21:26",demon_slayer_tanjiro_kamado,#0,وي,,
"2024-08-05,17:21:33",demon_slayer_tanjiro_kamado,#0,راني و لييت,,
"2024-08-05,17:21:54",demon_slayer_tanjiro_kamado,#0,<@1119732873629548544>,khlwsh8504#0,
"2024-08-05,17:22:15",demon_slayer_tanjiro_kamado,#0,<@1123196492988039278>,notryndz#0,
"2024-08-05,17:23:35",hunters_rage,#0,اسمع نسقسيك,,
"2024-08-05,17:23:42",hunters_rage,#0,كفاه نعرف لفلي,,
"2024-08-05,17:27:43",hv.u,#0,روح لهنا <#1149424898788306995> واكتب /rank,hunters_rage#0,
"2024-08-05,17:27:49",hv.u,#0,يخرجلك لفل تاعك,,
"2024-08-05,17:28:10",hunters_rage,#0,<:gigachad:1150419236989186078> 🫵,,
"2024-08-05,17:30:56",demon_slayer_tanjiro_kamado,#0,يدكم فيه,,
"2024-08-05,17:31:02",demon_slayer_tanjiro_kamado,#0,حتلى للممات,,
"2024-08-05,17:40:25",hunters_rage,#0,يدكم فيه حتى يوم القيامة <:cum:1152013788653031434> <:cum:1152013788653031434>,,
"2024-08-05,17:42:27",hunters_rage,#0,<@1119732873629548544>,khlwsh8504#0,
"2024-08-05,17:42:41",hunters_rage,#0,<@1131610992988672070>,shrekmadafak#0,
"2024-08-05,17:42:46",hunters_rage,#0,<@1069056849099366422>,jklmlwy#0,
"2024-08-05,17:43:00",hunters_rage,#0,<@442721468829138954>,unfrody#0,
"2024-08-05,17:43:27",salim0429_39263,#0,خاوتي لبارح شفت كحلوش يتباع فدلالة ب300 زعما اه دايرلو promo,,
"2024-08-05,17:43:41",hunters_rage,#0,<@1188216324875354253>,7nak#0,
"2024-08-05,17:43:51",hunters_rage,#0,<@863943221067776010>,oussama3019#0,
"2024-08-05,17:44:17",hunters_rage,#0,شفت وحدة عمرها 6 دارولها 19 كحل طول 190 متر,salim0429_39263#0,
"2024-08-05,17:44:28",demon_slayer_tanjiro_kamado,#0,جماعة راني نعمر في الهنتاي <:gigachad:1150419236989186078>,,
"2024-08-05,17:44:39",salim0429_39263,#0,قيسلنا شوية,demon_slayer_tanjiro_kamado#0,
"2024-08-05,17:44:57",hunters_rage,#0,<:gigachad:1150419236989186078> 🫵,,
"2024-08-05,17:44:59",salim0429_39263,#0,ياخو صحاب الستة سنين اهم مريڨليين,hunters_rage#0,
"2024-08-05,17:45:03",demon_slayer_tanjiro_kamado,#0,كتب في جوجل هنتاي تايم,salim0429_39263#0,
"2024-08-05,17:45:14",hunters_rage,#0,ههه نعرفو,,
"2024-08-05,17:45:18",demon_slayer_tanjiro_kamado,#0,و دخل و عمر,,
"2024-08-05,17:45:26",demon_slayer_tanjiro_kamado,#0,ايه يجي مترجم,hunters_rage#0,
"2024-08-05,17:45:27",salim0429_39263,#0,كاين كامل الشخصيات,demon_slayer_tanjiro_kamado#0,
"2024-08-05,17:45:47",demon_slayer_tanjiro_kamado,#0,راني معمل فايت 20 فيديو من تماك,,
"2024-08-05,17:46:06",demon_slayer_tanjiro_kamado,#0,لي تحبه تلقاه و دايرينلك ال TAGS,salim0429_39263#0,
"2024-08-05,17:46:13",hunters_rage,#0,ديم,,
"2024-08-05,17:46:14",salim0429_39263,#0,Damn,demon_slayer_tanjiro_kamado#0,
"2024-08-05,17:46:25",hunters_rage,#0,تلقا مطلقة ترقط على قضيب جوني سينس,,
"2024-08-05,17:46:25",raku_9,#0,ما تجاهرش,demon_slayer_tanjiro_kamado#0,
"2024-08-05,17:46:28",demon_slayer_tanjiro_kamado,#0,درك رادي نعمر 4,,
"2024-08-05,17:46:41",hunters_rage,#0,نامي تضع قطعة ذهب في كسها,,
"2024-08-05,17:46:52",salim0429_39263,#0,Kayn mikasa,demon_slayer_tanjiro_kamado#0,
"2024-08-05,17:46:53",demon_slayer_tanjiro_kamado,#0,لا لا هادا انميشن,hunters_rage#0,
"2024-08-05,17:46:59",hunters_rage,#0,اه,,
"2024-08-05,17:47:00",demon_slayer_tanjiro_kamado,#0,لا,salim0429_39263#0,
"2024-08-05,17:47:09",demon_slayer_tanjiro_kamado,#0,هادو انميات وحدخرين كاملين,,
"2024-08-05,17:47:24",demon_slayer_tanjiro_kamado,#0,نتوما تقولو نامي و ميكاسا هادو انميشن,,
"2024-08-05,17:47:31",salim0429_39263,#0,Kyn bnat sghar?,demon_slayer_tanjiro_kamado#0,
"2024-08-05,17:47:32",hunters_rage,#0,تلقا روسية ذات بز رفيع تقم بلجنس مع طفل عنره 9,,
"2024-08-05,17:47:34",demon_slayer_tanjiro_kamado,#0,راهو عندي لخبرة,,
"2024-08-05,17:47:43",hunters_rage,#0,واه,,
"2024-08-05,17:47:45",demon_slayer_tanjiro_kamado,#0,صبر نشوف,salim0429_39263#0,
"2024-08-05,17:47:53",hunters_rage,#0,نحبهم سورتو 9,,
"2024-08-05,17:48:08",salim0429_39263,#0,Asm3 ml 9 snin whabt,demon_slayer_tanjiro_kamado#0,
"2024-08-05,17:48:39",raku_9,#0,خاوتي وش نقولكم الله يهديكم,,
"2024-08-05,17:49:01",hunters_rage,#0,ذا سيرفر هوفا نورمال,,
"2024-08-05,17:49:07",hunters_rage,#0,ماشي كوميساريا,,
"2024-08-05,17:49:17",salim0429_39263,#0,Aya sra9 twati,,
"2024-08-05,17:49:22",salim0429_39263,#0,L9itlna,,
"2024-08-05,17:49:55",hunters_rage,#0,نيغا,,
"2024-08-05,17:49:58",demon_slayer_tanjiro_kamado,#0,سمحلي خو مام ما لقيتش هنتاي تع صغار بصح كاين تع ابنة و صديقات و مدرسي و بدون حجب كاين كلش,salim0429_39263#0,
"2024-08-05,17:50:19",demon_slayer_tanjiro_kamado,#0,لخير راهو تماك,,
"2024-08-05,17:50:22",salim0429_39263,#0,Oooh <:crazyvegeta73:1150419224922165291>,demon_slayer_tanjiro_kamado#0,
"2024-08-05,17:50:30",demon_slayer_tanjiro_kamado,#0,صبرو تشو,,
"2024-08-05,17:50:34",hunters_rage,#0,<:767993656816304148:1150411534615453696>,,
"2024-08-05,17:50:43",salim0429_39263,#0,<:crazyvegeta73:1150419224922165291>,,
"2024-08-05,17:50:56",mhmdy,#0,السلام عليكم,,
"2024-08-05,17:51:03",hunters_rage,#0,ديييم,,
"2024-08-05,17:51:06",salim0429_39263,#0,Ns9sik kho,mhmdy#0,
"2024-08-05,17:51:11",q52q,#0,<@1107028463401062480>,sl_9.#0、hunters_rage#0,
"2024-08-05,17:51:12",mhmdy,#0,انعم,salim0429_39263#0,
"2024-08-05,17:51:15",mhmdy,#0,تفضل خويا,,
"2024-08-05,17:51:24",salim0429_39263,#0,3ndkom primaire 9riba likom,mhmdy#0,
"2024-08-05,17:51:41",mhmdy,#0,اعطيني اسم,salim0429_39263#0,
"2024-08-05,17:51:43",hunters_rage,#0,<@442721468829138954>,unfrody#0,
"2024-08-05,17:51:45",mhmdy,#0,نقلك ايه لالا,,
"2024-08-05,17:51:46",demon_slayer_tanjiro_kamado,#0,شكون يدخل بريفي نوريهلو الموقع ؟,,
"2024-08-05,17:51:48",q52q,#0,<@665835058598510612>,chjra123#0,
"2024-08-05,17:51:57",salim0429_39263,#0,Kach primaire wla bah t9islna chwiya,mhmdy#0,
"2024-08-05,17:52:03",raku_9,#0,احشم قلو توريهلنا,demon_slayer_tanjiro_kamado#0,
"2024-08-05,17:52:14",salim0429_39263,#0,Khlih ywroha kho,raku_9#0,
"2024-08-05,17:52:20",q52q,#0,<@1210263988978585643>,user.__.sifou#0,
"2024-08-05,17:52:32",mhmdy,#0,ايه كاين,salim0429_39263#0,
"2024-08-05,17:52:35",raku_9,#0,سيئات ياخو,salim0429_39263#0,
"2024-08-05,17:52:39",q52q,#0,<@1067843840188358746>,salahsalah4106#0,
"2024-08-05,17:52:40",raku_9,#0,نهار الحساب تندم,,
"2024-08-05,17:52:48",q52q,#0,<@1175416961816068110>,djbbuub#0,
"2024-08-05,17:52:51",raku_9,#0,ادخل الجنة منبعد دير رايك,,
"2024-08-05,17:52:52",hunters_rage,#0,<@1265718017585582231>,kind03414#0,
"2024-08-05,17:52:58",salim0429_39263,#0,Damn,raku_9#0,
"2024-08-05,17:53:00",hunters_rage,#0,<@1258071234416087112>,llsshyl_78905#0,
"2024-08-05,17:53:03",y.w5,#0,و عليكم السلام,mhmdy#0,
"2024-08-05,17:53:08",hunters_rage,#0,<@1123196492988039278>,notryndz#0,
"2024-08-05,17:53:13",mhmdy,#0,كاين رجال مزال حمد الله,y.w5#0,
"2024-08-05,17:53:15",q52q,#0,<@1240758485831127061>,outrageous_hamster_07708#0,
"2024-08-05,17:53:16",hunters_rage,#0,<@1119732873629548544>,khlwsh8504#0,
"2024-08-05,17:53:27",q52q,#0,<@1121597626803040308>,thekingofnayt#0,
"2024-08-05,17:53:34",mhmdy,#0,<:gigachad:1150419236989186078>,,
"2024-08-05,17:53:37",raku_9,#0,تلقا الحور العين ثما نساء الارض قاع ما يلحقوهومش في لاطاي و الزين,salim0429_39263#0,
"2024-08-05,17:53:42",demon_slayer_tanjiro_kamado,#0,<@1210263988978585643> شكون هدا تما انا نسرق طوطات و هو يبيعهم ؟,user.__.sifou#0,
"2024-08-05,17:53:47",q52q,#0,<@1037313042104451162>,bigboss5881#0,
"2024-08-05,17:53:54",salim0429_39263,#0,Mzl dak lw9t l7aj,raku_9#0,
"2024-08-05,17:54:07",hunters_rage,#0,شكون يبيعهم,demon_slayer_tanjiro_kamado#0,
"2024-08-05,17:54:18",demon_slayer_tanjiro_kamado,#0,انا,hunters_rage#0,
"2024-08-05,17:54:24",hunters_rage,#0,اهه,,
"2024-08-05,17:54:25",mhmdy,#0,مفهمتش 🗿 باش تقيسلنا شوية,salim0429_39263#0,
"2024-08-05,17:54:36",hunters_rage,#0,<@1235630762473033841>,mgtsbshblshyfhlkbyr#0,
"2024-08-05,17:54:38",q52q,#0,<@1127309832203022337> <:Dead_inside:1150410964659863592>💀,mouhibzarari55#0、hunters_rage#0,
"2024-08-05,17:54:39",mhmdy,#0,<:emoji_47:1151909990727163954>,,
"2024-08-05,17:54:40",salim0429_39263,#0,Dirhom fi cartona wb3thomlna,mhmdy#0,
"2024-08-05,17:54:42",hunters_rage,#0,<@1114260411785691156>,mgtsblsmk#0,
"2024-08-05,17:54:55",mhmdy,#0,💀نقا شرح تدير بيهم,salim0429_39263#0,
"2024-08-05,17:54:56",demon_slayer_tanjiro_kamado,#0,جماعة لي خصو هنتاي يعرف وين يجي (بريفي),,
"2024-08-05,17:54:59",mhmdy,#0,بنات صغار 💀,,
"2024-08-05,17:55:08",salim0429_39263,#0,مشروع جنسي,mhmdy#0,
"2024-08-05,17:55:12",mhmdy,#0,تبعثلو الغالي💀,demon_slayer_tanjiro_kamado#0,
"2024-08-05,17:55:16",hunters_rage,#0,<@1235630762473033841>,mgtsbshblshyfhlkbyr#0,
"2024-08-05,17:55:26",mhmdy,#0,بيعهم احسن من مشروع جنسي,salim0429_39263#0,
"2024-08-05,17:55:28",hunters_rage,#0,<@762379421000531969>,nigger_11111#0,
"2024-08-05,17:55:29",demon_slayer_tanjiro_kamado,#0,انا مشي رخيص,mhmdy#0,
"2024-08-05,17:55:45",mhmdy,#0,تبعثلو الغالي قصدي الحاج نتاعك لي تحت😂🗿,demon_slayer_tanjiro_kamado#0,
"2024-08-05,17:55:45",y.w5,#0,امبعد كي تكمل اعطيهملي ندير بيهم مشروع في تيك توك باش يعاونوني,salim0429_39263#0,
"2024-08-05,17:55:47",raku_9,#0,سراق الطوطات معول يأمن بلاصة حذا فرعون,mhmdy#0,
"2024-08-05,17:55:49",demon_slayer_tanjiro_kamado,#0,يعطيك الصحة دخلني معاك 🤝,salim0429_39263#0,
"2024-08-05,17:55:50",salim0429_39263,#0,ايه مور المشروع لجنسي نقلبها مشروع خيري,mhmdy#0,
"2024-08-05,17:55:52",q52q,#0,<@1239650687101698118>,bnyatmchrlal#0、demon_slayer_tanjiro_kamado#0,
"2024-08-05,17:55:59",sl_9.,#0,Chkon tagani,,
"2024-08-05,17:56:08",mhmdy,#0,حسنات يمحو سيئات,salim0429_39263#0,
"2024-08-05,17:56:13",mhmdy,#0,ابني ثلاث جوامع,,
"2024-08-05,17:56:21",demon_slayer_tanjiro_kamado,#0,نتا واقيلا نبعثلك🇿 🅱️ 🇮,mhmdy#0,
"2024-08-05,17:56:22",mhmdy,#0,ودي يماك ونتا روح عمرة تغسل قع ذنوبك,,
"2024-08-05,17:56:23",salim0429_39263,#0,شت كي تعرف,mhmdy#0,
"2024-08-05,17:56:23",hunters_rage,#0,<@636238267083128842>,mfr_7#0,
"2024-08-05,17:56:24",mhmdy,#0,ترجع جديد,,
"2024-08-05,17:56:33",mhmdy,#0,💀,,
"2024-08-05,17:56:34",mfr_7,#0,؟,hunters_rage#0,
"2024-08-05,17:56:49",q52q,#0,رانا نشوفو فالأسماء,mfr_7#0,
"2024-08-05,17:56:56",q52q,#0,<@1102770471449153716>,ydkfyh_#0,
"2024-08-05,17:57:01",hunters_rage,#0,<@442721468829138954>,unfrody#0,
"2024-08-05,17:57:02",mfr_7,#0,ااااا اوك سليماني لحتولو بلعاني,q52q#0,
"2024-08-05,17:57:09",demon_slayer_tanjiro_kamado,#0,وات فاك تشو عطيني نسرق الطوطة نتاعك,mfr_7#0,
"2024-08-05,17:57:14",mhmdy,#0,<@1175073639851380832> ياخو مش تصويره لي راك دايرها تع سيف نار ؟,salim0429_39263#0,
"2024-08-05,17:57:16",raku_9,#0,<@1174025383029522492>,lil_nigga_49#0,
"2024-08-05,17:57:20",mfr_7,#0,سير تقود نسحقها,demon_slayer_tanjiro_kamado#0,
"2024-08-05,17:57:24",salim0429_39263,#0,تع guts,mhmdy#0,
"2024-08-05,17:57:39",mhmdy,#0,منعرفوش,salim0429_39263#0,
"2024-08-05,17:57:43",salim0429_39263,#0,Berserk,,
"2024-08-05,17:57:44",q52q,#0,<@1141097162462216222>,youcef2431#0,
"2024-08-05,17:57:45",demon_slayer_tanjiro_kamado,#0,علاه تسحقها,mfr_7#0,
"2024-08-05,17:57:50",hunters_rage,#0,<@1264558495034769438> اخطيك منو سحقينة تع الكحالش,demon_slayer_tanjiro_kamado#0,
"2024-08-05,17:57:51",raku_9,#0,<@1121597626803040308>,thekingofnayt#0,
"2024-08-05,17:58:04",salim0429_39263,#0,ننصحك تشوفو pause,mhmdy#0,
"2024-08-05,17:58:10",hunters_rage,#0,تع الكحالش غالية 🤑,,
"2024-08-05,17:58:10",mfr_7,#0,نجيب ذراري,demon_slayer_tanjiro_kamado#0,
"2024-08-05,17:58:13",demon_slayer_tanjiro_kamado,#0,انا نعرفو هاداك لي مين يتنارفا يجبدهولك,mhmdy#0,
"2024-08-05,17:58:15",q52q,#0,<@739403190558261355>,lucifermrbb#0,
"2024-08-05,17:58:27",raku_9,#0,كيفاه ما تعرفش غاتس,mhmdy#0,
"2024-08-05,17:58:41",mhmdy,#0,مدري💀,raku_9#0,
"2024-08-05,17:58:42",salim0429_39263,#0,Meme na ni nkhmm kifh my3rfoch,raku_9#0,
"2024-08-05,17:58:46",mhmdy,#0,ربي يجيب خير عادي,,
"2024-08-05,17:58:48",va.a1,#0,slm khawty,,
"2024-08-05,17:58:55",va.a1,#0,thdro ntouma,,
"2024-08-05,17:58:55",salim0429_39263,#0,3likom salam,va.a1#0,
"2024-08-05,17:58:56",raku_9,#0,غاتس كي يتنارفا يجبدلك واحد سيف طويل,demon_slayer_tanjiro_kamado#0,
"2024-08-05,17:58:58",demon_slayer_tanjiro_kamado,#0,علاه تجيب دراري,mfr_7#0,
"2024-08-05,17:59:03",hunters_rage,#0,وعليكم سلام,,
"2024-08-05,17:59:08",salim0429_39263,#0,طوطة حديدية,raku_9#0,
"2024-08-05,17:59:16",hunters_rage,#0,اه صح وشنو فايدة تاعهم,,
"2024-08-05,17:59:16",va.a1,#0,#  السيرفر هادا قبايل,,
"2024-08-05,17:59:19",mhmdy,#0,شيت💀💀,,
"2024-08-05,17:59:21",demon_slayer_tanjiro_kamado,#0,انا نبيع فالطوطات,,
"2024-08-05,17:59:24",mhmdy,#0,لالا,va.a1#0,
"2024-08-05,17:59:30",mhmdy,#0,نبيعو طوطات,,
"2024-08-05,17:59:36",demon_slayer_tanjiro_kamado,#0,راه عندي سيرفر تع العريانين,,
"2024-08-05,17:59:37",mhmdy,#0,نقطعوهم ب حوايجهم,,
"2024-08-05,17:59:47",raku_9,#0,دارهالو واحد يتبع الذر من كان صغير,mhmdy#0,
"2024-08-05,17:59:48",demon_slayer_tanjiro_kamado,#0,فيه جميع انواع لعريانين,,
"2024-08-05,17:59:50",salim0429_39263,#0,مكاش سيرفر تع هينتاي,demon_slayer_tanjiro_kamado#0,
"2024-08-05,18:00:09",mhmdy,#0,نقا فل انمي ذا؟,raku_9#0,
"2024-08-05,18:00:11",mhmdy,#0,💀💀💀,,
"2024-08-05,18:00:11",demon_slayer_tanjiro_kamado,#0,كاين لخير,salim0429_39263#0,
"2024-08-05,18:00:15",mhmdy,#0,جماعه توسوستلكم,,
"2024-08-05,18:00:21",raku_9,#0,كنت داخل سيرفر هنتاي عرب,,
"2024-08-05,18:00:29",salim0429_39263,#0,نتا أحسن سارق طوطات فسيرفر,demon_slayer_tanjiro_kamado#0,
"2024-08-05,18:00:36",raku_9,#0,بصح فيه غير الملحدين و الكفار و النقوشة,,
"2024-08-05,18:00:37",m7_.n8,#0,<:way61:1152013922229043310>,,https://cdn.discordapp.com/attachments/1227367017661595708/1270063928482861056/FB_IMG_17227111422247294.jpg?ex=672e43b5&is=672cf235&hm=3c12258e5c606d03c0f52dc4ff8108da53a86c719e4d1680422822c5c36a5503&
"2024-08-05,18:00:44",hunters_rage,#0,انا احسن ديكتاتور في سيرفر,,
"2024-08-05,18:00:49",raku_9,#0,مانغا,mhmdy#0,
"2024-08-05,18:00:52",mhmdy,#0,م تأمنوش شويه و يسرقلك طوطتك على غفله,salim0429_39263#0,
"2024-08-05,18:00:55",mhmdy,#0,ونتا راقد,,
"2024-08-05,18:01:03",demon_slayer_tanjiro_kamado,#0,حفظك 🤝  عندي صاحبي سراق لبزازل,salim0429_39263#0,
"2024-08-05,18:01:12",salim0429_39263,#0,عندي طوطة حديدية ميقدرش يرفدها,mhmdy#0,
"2024-08-05,18:01:18",mhmdy,#0,ينصلها,salim0429_39263#0,
"2024-08-05,18:01:22",mhmdy,#0,راح ثعلوب,,
"2024-08-05,18:01:27",mhmdy,#0,راه*,,
"2024-08-05,18:01:28",hunters_rage,#0,<@1264558495034769438> صح وين راه ضرك,demon_slayer_tanjiro_kamado#0,
"2024-08-05,18:01:30",demon_slayer_tanjiro_kamado,#0,نتا رادي نخويك نسرقلك كلش 😂,mhmdy#0,
"2024-08-05,18:01:35",salim0429_39263,#0,اواه سراق طوطات تاوعنا,mhmdy#0,
"2024-08-05,18:01:42",mhmdy,#0,علاه انا 🗿💔ش ذنبي مسكين,demon_slayer_tanjiro_kamado#0,
"2024-08-05,18:01:51",raku_9,#0,ما تدري انه لا يترحم على اسماعيل هنية <:juan:1150418197581922344>,m7_.n8#0,
"2024-08-05,18:01:51",demon_slayer_tanjiro_kamado,#0,راني هنا,hunters_rage#0,
"2024-08-05,18:02:01",hunters_rage,#0,ناه تاعي مخدموة بلقنابل تسي تطرطق في وجهك,,
"2024-08-05,18:02:06",mhmdy,#0,راه يمشي فل خفاء يدير نفسه صاحبك باش يستنفع بيك ويسرقلك اهم ما عندك💀,salim0429_39263#0,
"2024-08-05,18:02:14",hunters_rage,#0,سراق البزازل,demon_slayer_tanjiro_kamado#0,
"2024-08-05,18:02:28",mhmdy,#0,مصدر تيستو ومرتك بلا بيه تشوفك والو و بلا تيشتو تولي تعبان تحس بضعف كلانك قح***,,
"2024-08-05,18:02:31",mhmdy,#0,💀💀💀,,
"2024-08-05,18:02:31",salim0429_39263,#0,Damn <:Dead_inside:1150410964659863592>,mhmdy#0,
"2024-08-05,18:02:35",mhmdy,#0,طوطه اهم مافي ؤجل,,
"2024-08-05,18:02:58",mhmdy,#0,بلا بيه نتا ماك طفله ماك راجل نتا afk معندكش وضيفه فل حيات,,
"2024-08-05,18:03:00",mhmdy,#0,💀💀💀,,
"2024-08-05,18:03:03",m7_.n8,#0,ادري اغلب السلفيين لايترحمون عليه كيف اترحم على احد ترحم على الخميني<:way61:1152013922229043310>,raku_9#0,
"2024-08-05,18:03:12",demon_slayer_tanjiro_kamado,#0,راه واحد عيطلي قالي بلي  NICKTحومتنا و جبدوهولي و قطعولي تاعي ارواح تسرقلهم طواطيهم راهم راقدين💀,,
"2024-08-05,18:03:24",demon_slayer_tanjiro_kamado,#0,نروح و لا لا,,
"2024-08-05,18:03:33",salim0429_39263,#0,كم من طوطة تسرقها فنهار,demon_slayer_tanjiro_kamado#0,
"2024-08-05,18:03:44",demon_slayer_tanjiro_kamado,#0,50,salim0429_39263#0,
"2024-08-05,18:03:45",va.a1,#0,اجرو ليا,,
"2024-08-05,18:03:49",hunters_rage,#0,روح,demon_slayer_tanjiro_kamado#0,
"2024-08-05,18:03:51",mhmdy,#0,جيت ده نرقد لقيته يوجد قشه باش يقطعهملي,salim0429_39263#0,
"2024-08-05,18:03:56",salim0429_39263,#0,وتعاودلها لبيع ولا كيفاش,demon_slayer_tanjiro_kamado#0,
"2024-08-05,18:04:08",demon_slayer_tanjiro_kamado,#0,رادي نربح هاكا 140 ملييون,hunters_rage#0,
"2024-08-05,18:04:10",salim0429_39263,#0,عس طوطتك,mhmdy#0,
"2024-08-05,18:04:15",va.a1,#0,ارواحو لينا سرفر ف البايو ادخلو قاع,,
"2024-08-05,18:04:17",mhmdy,#0,ناس يبيعوهم بل مليتر,demon_slayer_tanjiro_kamado#0,
"2024-08-05,18:04:21",mhmdy,#0,جماعه مش حرام عليكم,,
"2024-08-05,18:04:34",hunters_rage,#0,اسرق تع الكحالش يديرو دراهم ضعف 100🤑,,
"2024-08-05,18:04:35",mhmdy,#0,جماعه طوطه اسوء حاجه تديروها +توجع شخص,,
"2024-08-05,18:04:36",m7_.n8,#0,"تم إنشاء هذه المجموعة فقط لدعم حكومتنا الجميلة ودعم رئيسنا لعهدة اخرى ولا نشجع اي انتماء من اي نوع   
لا نتحمل مسؤولية المنشورات المعاديه لانه يوجد خلل يمكن الاعضاء من النشر خفية عن المسؤولين
ونجدد دعوتكم لانتخاب تبون يوم 17  سبتمبر من اجل جزائر جديدة 

 تحيا الجزائر حكومة جيشا وشعبا",,https://cdn.discordapp.com/attachments/1227367017661595708/1270064933639426048/FB_IMG_17227820115175788.jpg?ex=672e44a4&is=672cf324&hm=87574e940dbc025e802a8e5f7fd9ac97972f5a672015b0e55e5a4c36de419c54&
"2024-08-05,18:04:41",salim0429_39263,#0,ادا مشي هينتاي تع بنات صغار نجي نمي,va.a1#0,
"2024-08-05,18:04:41",demon_slayer_tanjiro_kamado,#0,نعطيها لواحد يبيع طواطي انا ندي 80 بالمئة و هو 20,salim0429_39263#0,
"2024-08-05,18:04:41",mhmdy,#0,اقطع  شحمه اذن,,
"2024-08-05,18:04:54",mhmdy,#0,تسوا 20مليون دولار,,
"2024-08-05,18:04:56",salim0429_39263,#0,راك حاڨرو,demon_slayer_tanjiro_kamado#0,
"2024-08-05,18:04:59",mhmdy,#0,طلع حساباتك,,
"2024-08-05,18:05:04",mhmdy,#0,شحمه اذن متوجعش,,
"2024-08-05,18:05:07",mhmdy,#0,و غاليه,,
"2024-08-05,18:05:15",raku_9,#0,نفوطي ل هوفا ما نفوطيش ل طبون,m7_.n8#0,
"2024-08-05,18:05:29",mhmdy,#0,نتا تروح تقطع طوطه نتا مريض حاب تمس طوطه💀💀💀ادي حاجه ساهلة,,
"2024-08-05,18:05:36",mhmdy,#0,شحمه اذن ساهلة و غاليه,,
"2024-08-05,18:05:54",mhmdy,#0,20مليون دولار,,
"2024-08-05,18:05:55",hunters_rage,#0,فوطي عليا,,
"2024-08-05,18:06:01",m7_.n8,#0,ربي يحفظ تبون,raku_9#0,
"2024-08-05,18:06:02",demon_slayer_tanjiro_kamado,#0,كون مشي انا كون ما راهش عايش و حد النهارا لقيتو راقد برا عريان ايا ديتو للسبيطار ركبوهلو طوطة انا سرقتها من الطبيب و درك راه يخدم عندي <:cum:1152013788653031434>,salim0429_39263#0,
"2024-08-05,18:06:07",mhmdy,#0,تخلي مليح وتروح طوطه ملا نتا تحب تمس طوطه💀💀💀,,
"2024-08-05,18:06:10",salim0429_39263,#0,خاوتي مزال مفهمتش وش ندير بدراهم تع ديسكورد,,
"2024-08-05,18:06:16",hunters_rage,#0,معا ضد الكحالش و كهول <:emoji_91:1188672059321094224>,,
"2024-08-05,18:06:25",raku_9,#0,راك من نيتك؟,m7_.n8#0,
"2024-08-05,18:06:29",salim0429_39263,#0,Damn<:NIGGA_omg:1150394296680329226>,demon_slayer_tanjiro_kamado#0,
"2024-08-05,18:06:35",demon_slayer_tanjiro_kamado,#0,تشري الطوطة,salim0429_39263#0,
"2024-08-05,18:06:36",raku_9,#0,وش دار طبون ؟,,
"2024-08-05,18:06:39",mhmdy,#0,اذا مسني نقلو English or Spanish,salim0429_39263#0,
"2024-08-05,18:06:54",mhmdy,#0,اشري بيهم,salim0429_39263#0,
"2024-08-05,18:06:58",m7_.n8,#0,ولي الأمر تبون,raku_9#0,
"2024-08-05,18:06:59",demon_slayer_tanjiro_kamado,#0,ما نخير وا لو,mhmdy#0,
"2024-08-05,18:06:59",salim0429_39263,#0,Wida 9alk قبايلية,mhmdy#0,
"2024-08-05,18:07:04",m7_.n8,#0,تجب طاعته,,
"2024-08-05,18:07:04",mhmdy,#0,نايرتو او حسابات العاب أو كيما تحب,,
"2024-08-05,18:07:09",themask0239,#0,<@1195134511546105958>  سلام عليكم يأخي,m7_.n8#0,
"2024-08-05,18:07:10",hunters_rage,#0,ياودي فوطو عليا معا ضد الكحالش و الكهول <:emoji_91:1188672059321094224> <:emoji_91:1188672059321094224>,,
"2024-08-05,18:07:11",salim0429_39263,#0,وش نشري معادا طوطة,mhmdy#0,
"2024-08-05,18:07:14",raku_9,#0,طيعو وحدك,m7_.n8#0,
"2024-08-05,18:07:15",demon_slayer_tanjiro_kamado,#0,راني رايح نبنيط ايا مبعدا,,
"2024-08-05,18:07:23",mhmdy,#0,مشكله شيت منعرفش  قبايلي 💀💀💀,salim0429_39263#0,
"2024-08-05,18:07:25",m7_.n8,#0,وعليكم السلام ورحمة الله وبركاته,themask0239#0,
"2024-08-05,18:07:29",m7_.n8,#0,خخخخخخ,raku_9#0,
"2024-08-05,18:07:36",mhmdy,#0,لالا متروحش,,
"2024-08-05,18:07:41",m7_.n8,#0,طاعة الامير واجبة عليك,,
"2024-08-05,18:07:41",mhmdy,#0,طوطتك امانه بين يديك,,
"2024-08-05,18:07:43",salim0429_39263,#0,تودع طوطتك وخلاص,mhmdy#0,
"2024-08-05,18:07:53",mhmdy,#0,مرتك تلقا طوطتك كحله من تبنييط,,
"2024-08-05,18:08:00",raku_9,#0,وش قال حتا نطيعو,m7_.n8#0,
"2024-08-05,18:08:06",mhmdy,#0,و تيستو تاعك يروح متروحش!!,,
"2024-08-05,18:08:10",mhmdy,#0,تحتاجو,,
"2024-08-05,18:08:16",raku_9,#0,"مدار والو 
<:KEKYou:1150418200027201566>",,
"2024-08-05,18:08:17",hunters_rage,#0,🗣️🗣️🗣️,,
"2024-08-05,18:08:22",mhmdy,#0,24 ساعه متعه فل حيات خير من زوج دقائق متعه تبنييط,,
"2024-08-05,18:08:26",mhmdy,#0,💀💀,,
"2024-08-05,18:08:38",m7_.n8,#0,مش لازم يقول ربي اوجب عليك طاعته في مايرضي الله,raku_9#0,
"2024-08-05,18:08:39",hunters_rage,#0,العكس,,
"2024-08-05,18:08:48",raku_9,#0,"عطا لي قاعد ف دار 1500 
و قلك نديرلك فريجدار و ماشينا لافي",,
"2024-08-05,18:08:52",raku_9,#0,<:KEKYou:1150418200027201566>,,
"2024-08-05,18:08:54",mhmdy,#0,جماعه,,
"2024-08-05,18:09:05",mhmdy,#0,كاين لعبه احسن من ناروتو ستورم 4?,,
"2024-08-05,18:09:07",salim0429_39263,#0,خوتي كاش كحلوش شهواني,,
"2024-08-05,18:09:15",mhmdy,#0,+ رديد ريدبشن٢ مليحه؟؟؟,,
"2024-08-05,18:09:16",m7_.n8,#0,دقيقة مع سرعة القذف<:Dead_inside:1150410964659863592>,mhmdy#0,
"2024-08-05,18:09:34",raku_9,#0,"فالجنة :
لا نهاية",mhmdy#0,
"2024-08-05,18:09:39",mhmdy,#0,ثم تجيك 24 ساعه من حزن ملل ونتا سبب وتقعد تدير درتمه,m7_.n8#0,
"2024-08-05,18:09:42",mhmdy,#0,💀💀💀💀,,
"2024-08-05,18:09:45",mhmdy,#0,درامه*,,
"2024-08-05,18:09:49",raku_9,#0,قوة,mhmdy#0,
"2024-08-05,18:09:50",hunters_rage,#0,راني نسي نحكم اوروبا به نبيدهم من العالم و نبيع طوطيهم<:emoji_91:1188672059321094224>,salim0429_39263#0,
"2024-08-05,18:09:51",salim0429_39263,#0,ممبعد تعاود نفس شي,mhmdy#0,
"2024-08-05,18:09:54",mhmdy,#0,وكي تخليها تبطلها تفرح وتندم 💀💀💀,,
"2024-08-05,18:10:09",mhmdy,#0,تقول كون غير من لول حبست,,
"2024-08-05,18:10:12",raku_9,#0,زوج ثواني,m7_.n8#0,
"2024-08-05,18:10:25",salim0429_39263,#0,ابعثلنا واحد ندير لمشروع تاعي حندير زوج واحد للكحالش وواحد لبنات الإبتدائية,hunters_rage#0,
"2024-08-05,18:10:40",m7_.n8,#0,💀,mhmdy#0,
"2024-08-05,18:10:52",hunters_rage,#0,ذي مافكرتش فيها,salim0429_39263#0,
"2024-08-05,18:11:01",hunters_rage,#0,<@1174025383029522492>,lil_nigga_49#0,
"2024-08-05,18:11:07",m7_.n8,#0,<:NIGGA_omg:1150394296680329226>,raku_9#0,
"2024-08-05,18:11:08",hunters_rage,#0,<@442721468829138954>,unfrody#0,
"2024-08-05,18:11:25",raku_9,#0,كاش دوا يؤخر القذف ؟,m7_.n8#0,
"2024-08-05,18:11:26",mhmdy,#0,دوامه تدور فيها متخلش نفسك تعيش هاك أخرج منها متعقبش نفس طريق لي مر منه آلاف نفس سيناريو نفس حيات خلي شوي حياتك مميزة🗿,,
"2024-08-05,18:11:31",salim0429_39263,#0,جيبلنا كحلوش شواربو كبار,hunters_rage#0,
"2024-08-05,18:11:34",mhmdy,#0,يب,raku_9#0,
"2024-08-05,18:11:42",hunters_rage,#0,<@1037313042104451162>,bigboss5881#0,
"2024-08-05,18:11:44",mhmdy,#0,كاين كي تضبط عقلك وحياتك تولي تتحكم بيه تعود قريب تخرج تخمم شوي وتبدل أفكارك ف ثانيه وحده يروح افكار جنسيه ولو نتا تلنيط تروح متعه حرفيا💀,,
"2024-08-05,18:11:45",m7_.n8,#0,روح للطبيب,raku_9#0,
"2024-08-05,18:12:03",raku_9,#0,راني سيريو و الله باغيه للزواج,,
"2024-08-05,18:12:23",raku_9,#0,موش لازم طبيب اي واحد قادر يكون عندو سرعة القذف,m7_.n8#0,
"2024-08-05,18:12:27",mhmdy,#0,كلش ف جسمك ممكن قابل لل تحكم عن تجربه,,
"2024-08-05,18:12:50",raku_9,#0,تحكم فالطةل,,
"2024-08-05,18:12:53",raku_9,#0,الطول,,
"2024-08-05,18:12:55",salim0429_39263,#0,خوتي كاش jeux mlih,,
"2024-08-05,18:13:00",m7_.n8,#0,من الافضل طبيب,raku_9#0,
"2024-08-05,18:13:19",m7_.n8,#0,خاطر تخيل تزوج 10 ثواني تكمل,,
"2024-08-05,18:13:22",mhmdy,#0,مام انا نحوس,salim0429_39263#0,
"2024-08-05,18:13:34",mhmdy,#0,حيات بائسه,m7_.n8#0,
"2024-08-05,18:13:44",salim0429_39263,#0,لمشكل نا معندي ni console ni pc,mhmdy#0,
"2024-08-05,18:13:48",raku_9,#0,الجنس موش كيما التبنييط,m7_.n8#0,
"2024-08-05,18:14:11",raku_9,#0,فرق كبير,,
"2024-08-05,18:14:21",mhmdy,#0,تكبر و تشبع من ني--ك وتقول ضيعت حياتي ونا نخمم ونحوس فقط ع ذا شي رح نسبه رغبتك وتندم,,
"2024-08-05,18:14:50",mhmdy,#0,يب بل ضبط علابيها بطل تبنييط مس رح تشبع جنس حاجه و تبنييط حاجه💀,raku_9#0,
"2024-08-05,18:14:51",m7_.n8,#0,على هاذي كي تزوج مش هدفك يكون غير الجنس,mhmdy#0,
"2024-08-05,18:14:58",mhmdy,#0,بل ضبط,m7_.n8#0,
"2024-08-05,18:15:00",raku_9,#0,وي,mhmdy#0,
"2024-08-05,18:15:03",m7_.n8,#0,اتفكر بلي هاذي شريكة حياة مش اداة جنسية,,
"2024-08-05,18:15:05",mhmdy,#0,عيش حيات استقرار,,
"2024-08-05,18:15:13",mhmdy,#0,عيش حيات استقرار زوجه صالحه اخت ام صديقه,,
"2024-08-05,18:15:17",raku_9,#0,ايه,m7_.n8#0,
"2024-08-05,18:15:25",raku_9,#0,كي تتزوج يتبدل كلش,,
"2024-08-05,18:15:31",mhmdy,#0,شخص قبل يكمل معاك حياته تعيشو مع بعض بيت واحد سقف واحد قبل بيك ب عيوبك ب كلش,m7_.n8#0,
"2024-08-05,18:15:42",raku_9,#0,سيرتو كي تكون تحب مرتك اكثر من روحك,,
"2024-08-05,18:15:54",mhmdy,#0,زوجه صالحه ❤️,raku_9#0,
"2024-08-05,18:16:02",mhmdy,#0,تفهمك تفهمها,,
"2024-08-05,18:16:08",salim0429_39263,#0,Damn khawti ako thdri kaml بحكمة,,
"2024-08-05,18:16:11",mhmdy,#0,جنس حاجه فل حيات جانبيه مش اساسيه شيء تافه,,
"2024-08-05,18:16:22",raku_9,#0,<:emoji_47:1151909990727163954>,salim0429_39263#0,
"2024-08-05,18:16:23",m7_.n8,#0,بصح دزاير وكت تتزوج<:Dead_inside:1150410964659863592>,raku_9#0,
"2024-08-05,18:16:27",mhmdy,#0,اي شي لل دنيا ممكن يكون جيد و سيء كل شخص تفكيره عنه,,
"2024-08-05,18:16:33",raku_9,#0,مزال كاين الخير,m7_.n8#0,
"2024-08-05,18:16:46",m7_.n8,#0,لازم تكون تحبك,mhmdy#0,
"2024-08-05,18:16:50",raku_9,#0,ادعي برك,,
"2024-08-05,18:16:56",mhmdy,#0,حاليا راك صغير بعد عن تبنييط وكلش عيش ابحث دير اي شيء,,
"2024-08-05,18:16:56",raku_9,#0,ما تشفقش,,
"2024-08-05,18:17:27",m7_.n8,#0,شكون قال نجيب طفل فالعوام لولة,salim0429_39263#0,
"2024-08-05,18:17:38",m7_.n8,#0,عامين ولا بلا ولاد,,
"2024-08-05,18:17:42",mhmdy,#0,متخممش خلي ربي يلحقك ذاك وقت خليك من قع ذي امور,m7_.n8#0,
"2024-08-05,18:17:50",salim0429_39263,#0,هديك تعتمد على الزوجة,m7_.n8#0,
"2024-08-05,18:17:56",mhmdy,#0,ركز ف حياتك حاليا لحضه لحضه زوش راك تدير وكفاش راك تقضي حياتك,,
"2024-08-05,18:17:59",salim0429_39263,#0,ادا كانت ممحونة,,
"2024-08-05,18:18:00",raku_9,#0,"ما نجيبش طفل ثم ثم 
انا خليني نشبع من مرتي",,
"2024-08-05,18:18:02",salim0429_39263,#0,<:crazyvegeta73:1150419224922165291>,,
"2024-08-05,18:18:03",mhmdy,#0,باش متندمش,,
"2024-08-05,18:18:08",m7_.n8,#0,عندك حق,mhmdy#0,
"2024-08-05,18:18:19",mhmdy,#0,ز&ـبي بلاك غدوة تموت,,
"2024-08-05,18:18:23",raku_9,#0,ديرها تع شهوة,salim0429_39263#0,
"2024-08-05,18:18:41",m7_.n8,#0,تاع شهوة يجي وقت تكرها,salim0429_39263#0,
"2024-08-05,18:18:44",raku_9,#0,بصح اذا كانت تحوس هي على ذراري هذيك حاجة اخرى,,
"2024-08-05,18:18:48",salim0429_39263,#0,أبعثلها طلب التقدم إلى الفراش لخوض مبارزة,raku_9#0,
"2024-08-05,18:18:57",m7_.n8,#0,اتزوج على انها شريكة مش لعبة فيدك,,
"2024-08-05,18:19:03",mhmdy,#0,بعد اي شخص يحكي عليه و اي شيء يقربك من شي امور بل نهاية حيات شيء بسيط وكلش بلاك يروح وممكن يبقى كل شخص اختياراته حيات ممكن تكون معقده وممكن بسيطه💀,,
"2024-08-05,18:19:18",mhmdy,#0,تخيل نفسك طفله🗿✋,m7_.n8#0,
"2024-08-05,18:19:21",raku_9,#0,نو قصدو اذا هي حكمتها الطنة تع اوت وش يدير,m7_.n8#0,
"2024-08-05,18:19:24",mhmdy,#0,تحب نفسك تكون لعبه؟؟؟,,
"2024-08-05,18:19:37",mhmdy,#0,بطل تعيش ف اوهام ز ذا تخمام,,
"2024-08-05,18:19:57",mhmdy,#0,تخمام تع طفله دايرينها لعبه جابوها فقط مراهقين شهوانيين و كهول,,
"2024-08-05,18:20:03",m7_.n8,#0,ياخو حكمة الله تلقاها هي راضية بهذا الامر,mhmdy#0,
"2024-08-05,18:20:18",demon_slayer_tanjiro_kamado,#0,راني صاي بنيطت و ولييت,,
"2024-08-05,18:20:26",mhmdy,#0,حياتك رح تنتهي ونتا رح تموت,,
"2024-08-05,18:20:31",demon_slayer_tanjiro_kamado,#0,ولقيلا نعاود نبنيط,,
"2024-08-05,18:20:33",salim0429_39263,#0,كل واحد يتزوج يعقل خوتي هنا رانا نحرشو ولي متريڨلش نطوطيوه,,
"2024-08-05,18:20:40",mhmdy,#0,حياتك رح تنتهي ونتا رح تموت,,
"2024-08-05,18:20:42",raku_9,#0,ياخو علاه راك تجاهر,demon_slayer_tanjiro_kamado#0,
"2024-08-05,18:20:50",m7_.n8,#0,تزوجها عندها برود جنسي🗿,raku_9#0,
"2024-08-05,18:20:58",mhmdy,#0,اسكت قول ربي يهديك وخلاص احسن,raku_9#0,
"2024-08-05,18:21:02",demon_slayer_tanjiro_kamado,#0,رادي نعاود نروح نبنيط,raku_9#0,
"2024-08-05,18:21:10",salim0429_39263,#0,اسمع,demon_slayer_tanjiro_kamado#0,
"2024-08-05,18:21:17",raku_9,#0,"رح تحسها ناقصة
مي اذا كنت تحبها بزاف ساعفها",m7_.n8#0,
"2024-08-05,18:21:24",demon_slayer_tanjiro_kamado,#0,وي,salim0429_39263#0,
"2024-08-05,18:21:35",salim0429_39263,#0,تقبل تتزوج بوحدة عندها برود جنسي,demon_slayer_tanjiro_kamado#0,
"2024-08-05,18:21:38",mhmdy,#0,بلاك مرحش تتزوج ربي كاتب لك كلش لهذا عل أقل عيش حيات سعيده بعد ناس مؤذيه وذي امور,salim0429_39263#0,
"2024-08-05,18:21:45",m7_.n8,#0,ياخو جيبها نص نص,raku_9#0,
"2024-08-05,18:21:54",demon_slayer_tanjiro_kamado,#0,كيفاه دي برود جنسيا ؟,salim0429_39263#0,
"2024-08-05,18:21:56",salim0429_39263,#0,كي نخرج مالبلاد باه نوولي سعيد,mhmdy#0,
"2024-08-05,18:21:58",raku_9,#0,قال الرسول صلى الله عليه و سلم: كل أمتي معافى إلا المجاهرون,demon_slayer_tanjiro_kamado#0,
"2024-08-05,18:22:02",mhmdy,#0,خلاص بلعو كل شخص نشرته مختلفه عن ذي امور,,
"2024-08-05,18:22:07",salim0429_39263,#0,باردة متسخنش,demon_slayer_tanjiro_kamado#0,
"2024-08-05,18:22:18",demon_slayer_tanjiro_kamado,#0,وي نقبل,salim0429_39263#0,
"2024-08-05,18:22:20",m7_.n8,#0,غير مهتم كثيرا للجنس,demon_slayer_tanjiro_kamado#0,
"2024-08-05,18:22:20",mhmdy,#0,متقدرش تقنع اي شخص مدام هو مش مقتنع مكاش لي يقدر يساعده غير نفسه,,
"2024-08-05,18:22:23",raku_9,#0,انا اذا كنت نبغيها ما يهمنيش سخونة ولا باردة,m7_.n8#0,
"2024-08-05,18:22:23",hunters_rage,#0,راني وليت,,
"2024-08-05,18:22:26",salim0429_39263,#0,زعيم,demon_slayer_tanjiro_kamado#0,
"2024-08-05,18:22:30",demon_slayer_tanjiro_kamado,#0,رادي نعاود نبنيط,raku_9#0,
"2024-08-05,18:22:37",demon_slayer_tanjiro_kamado,#0,حفظك,salim0429_39263#0,
"2024-08-05,18:22:43",mhmdy,#0,بطل تهتم للناس العالم ينتهي ونتا مزلتو ف ذي امور,,
"2024-08-05,18:22:50",mhmdy,#0,رانا في 2024 حلال باين حرام باين,,
"2024-08-05,18:22:52",m7_.n8,#0,بغل والله,demon_slayer_tanjiro_kamado#0,
"2024-08-05,18:22:57",hunters_rage,#0,<:emoji_109:1259887162296635402>,,
"2024-08-05,18:22:59",demon_slayer_tanjiro_kamado,#0,انا غي من الانميات الاتشي و الهنتاي نخرج طاقتي الجنسية,salim0429_39263#0,
"2024-08-05,18:23:04",raku_9,#0,هايشة,demon_slayer_tanjiro_kamado#0,
"2024-08-05,18:23:07",mhmdy,#0,رانا في 2024 حلال باين حرام باين,,
"2024-08-05,18:23:12",m7_.n8,#0,اتفق,raku_9#0,
"2024-08-05,18:23:14",salim0429_39263,#0,وفلمرا,demon_slayer_tanjiro_kamado#0,
"2024-08-05,18:23:18",demon_slayer_tanjiro_kamado,#0,راني بنيطت,m7_.n8#0,
"2024-08-05,18:23:23",m7_.n8,#0,زمن الفتن,mhmdy#0,
"2024-08-05,18:23:32",demon_slayer_tanjiro_kamado,#0,ما نديرلها والو غي نسلم عليها,salim0429_39263#0,
"2024-08-05,18:23:46",hunters_rage,#0,نحب البنات صغار سورتو 9,,
"2024-08-05,18:23:48",hunters_rage,#0,سنين,,
"2024-08-05,18:23:49",demon_slayer_tanjiro_kamado,#0,و نتوشيلها صدرها,salim0429_39263#0,
"2024-08-05,18:23:57",mhmdy,#0,جماعه قفلو موضوع لانه مرحش يفيد كل شخص ادرى بنفسه كل شخص يساعد نفسه مكاش لي يحب هلاك ويعيش حيات تافها غبيه عيش راجل وشوف  صح حيات مش بهلول يهمه غير جنس,,
"2024-08-05,18:24:03",demon_slayer_tanjiro_kamado,#0,نتا زعيم,hunters_rage#0,
"2024-08-05,18:24:10",mhmdy,#0,جنس شيء جيد خليتوه سيء وبنات خليتوهم لعبه,,
"2024-08-05,18:24:26",mhmdy,#0,جنس مفروض باش تجيب قطعه منك وممن مرتك لي تحبها,,
"2024-08-05,18:24:28",demon_slayer_tanjiro_kamado,#0,حكمة مفيدة,mhmdy#0,
"2024-08-05,18:24:31",raku_9,#0,شكون لي قال,mhmdy#0,
"2024-08-05,18:24:47",m7_.n8,#0,هذا المشكل انو جييها طيب وتغسل وترقد معاه فقط,mhmdy#0,
"2024-08-05,18:24:47",mhmdy,#0,وباش تخلي نسل تاعك يمشي ذي فحاله تزوجت شخص ميحبكش,,
"2024-08-05,18:24:49",demon_slayer_tanjiro_kamado,#0,و لا باش تستمتع <:emoji_89:1188671634509398046>,mhmdy#0,
"2024-08-05,18:24:57",mhmdy,#0,كل شخص حالة أو شيء مختلف,,
"2024-08-05,18:25:11",mhmdy,#0,حيات عمرها ماكانت كيف كيف ولو ف شيء نفسه مثلا جنس أو طريقه عيش,,
"2024-08-05,18:25:17",mhmdy,#0,كل ذي يختلف من شخص شخص,,
"2024-08-05,18:25:17",m7_.n8,#0,لالا الجنس متعة للطرفين,mhmdy#0,
"2024-08-05,18:25:25",salim0429_39263,#0,ايوه,,
"2024-08-05,18:25:29",demon_slayer_tanjiro_kamado,#0,وات,m7_.n8#0,
"2024-08-05,18:25:33",hunters_rage,#0,عنك الحق,m7_.n8#0,
"2024-08-05,18:25:34",mhmdy,#0,موده و رحمه + تدي عليه اجر,m7_.n8#0,
"2024-08-05,18:25:35",raku_9,#0,الجنس عليه اجر كذلك,,
"2024-08-05,18:25:40",raku_9,#0,مع مرتك طبعا,,
"2024-08-05,18:25:44",demon_slayer_tanjiro_kamado,#0,هاكا نبغيك جوردون,m7_.n8#0,
"2024-08-05,18:25:47",salim0429_39263,#0,طبعا,raku_9#0,
"2024-08-05,18:25:47",mhmdy,#0,اخطيكم من قع ذي أمور ركزو ارتاحو وربي يجيب خير,,
"2024-08-05,18:25:52",hunters_rage,#0,كي تسي تكون متعة لا مثيل لها,,
"2024-08-05,18:26:01",m7_.n8,#0,وي,mhmdy#0,
"2024-08-05,18:26:02",raku_9,#0,علاه وش كنت حاسبه,demon_slayer_tanjiro_kamado#0,
"2024-08-05,18:26:17",demon_slayer_tanjiro_kamado,#0,مسلم 🙂,raku_9#0,
"2024-08-05,18:26:20",mhmdy,#0,كل شخص نشرته عن دنيا وعن كل شيء,,
"2024-08-05,18:26:21",salim0429_39263,#0,على حساب هدرتك راح تستمع بوحدة تع 9 سنين,hunters_rage#0,
"2024-08-05,18:26:32",mhmdy,#0,كل شخصيه عنده تجربه خاصه و نتيجه خاصه ولو ف نفس شيء,,
"2024-08-05,18:26:36",raku_9,#0,علاه نتا مشي مسلم ؟,demon_slayer_tanjiro_kamado#0,
"2024-08-05,18:26:37",hunters_rage,#0,طبعا,salim0429_39263#0,
"2024-08-05,18:26:43",mhmdy,#0,المهم خاوتي,,
"2024-08-05,18:26:45",hunters_rage,#0,<@442721468829138954>,unfrody#0,
"2024-08-05,18:26:48",mhmdy,#0,انا نروح,,
"2024-08-05,18:26:57",demon_slayer_tanjiro_kamado,#0,نفس الشيئ هو الاستمتاع قاع نستمتعو مين ندخلوه,mhmdy#0,
"2024-08-05,18:27:02",m7_.n8,#0,,,https://cdn.discordapp.com/attachments/1227367017661595708/1270070577645752361/FB_IMG_1722293897420.jpg?ex=672da126&is=672c4fa6&hm=2a15dc28c87e21aedb71b40ed343bd0a59c508a50392a240916ebbcb6cc1ecd3&
"2024-08-05,18:27:40",mhmdy,#0,تهلاو  و ربي يثبتكم عل خير 🗿عيشو استمتعوا صلو حيات رح تنتهي فا استمتع وصلي و ادعي و سامح ودير لي  تحب متخليش شيء ف نخك أو قلبك ✋🗿,,
"2024-08-05,18:27:55",hunters_rage,#0,خطرة شفت بلي طفلة 6 سنين حشولها 19 زنجي 190 سانتي,,
"2024-08-05,18:27:57",mhmdy,#0,نصيحه الاخير مهما صار لك عمرك ماتخمم ف اي شيء حلي كي يلحق تصرف,,
"2024-08-05,18:28:12",mhmdy,#0,نقا شفت انا شيء اسوء,hunters_rage#0,
"2024-08-05,18:28:20",hunters_rage,#0,واش,,
"2024-08-05,18:28:22",mhmdy,#0,موقع برازيلي ذبح تقطيع بشر,,
"2024-08-05,18:28:29",mhmdy,#0,تلقيت,,
"2024-08-05,18:28:33",hunters_rage,#0,اه نورمال,,
"2024-08-05,18:28:38",raku_9,#0,لا لا اغتصاب اطفال اسوء من القتل,,
"2024-08-05,18:28:47",mhmdy,#0,شفت راس مقطوع شخص دارو ف راصو فأس,,
"2024-08-05,18:29:01",m7_.n8,#0,انا شفت بيبي تتناك<:Dead_inside:1150410964659863592>,hunters_rage#0,
"2024-08-05,18:29:03",mhmdy,#0,كل شيء سيء اخطينا منز,raku_9#0,
"2024-08-05,18:29:07",demon_slayer_tanjiro_kamado,#0,و افضل من القتل <:emoji_89:1188671634509398046>,raku_9#0,
"2024-08-05,18:29:14",salim0429_39263,#0,شفت مراركة قتلو واحد بشاقورة وقطعولو طرف مت راميه,mhmdy#0,
"2024-08-05,18:29:15",hunters_rage,#0,احقا نحكيلكم,,
"2024-08-05,18:29:20",mhmdy,#0,💀💀💀عالم قاسي مقزز سيئ,m7_.n8#0,
"2024-08-05,18:29:24",demon_slayer_tanjiro_kamado,#0,انا شت مرا عريانا بصح ميتا,m7_.n8#0,
"2024-08-05,18:29:28",hunters_rage,#0,كاين واحد هنا في سيرفر ما علاباليش ياخرج,,
"2024-08-05,18:29:35",raku_9,#0,نتا تخمم غير في تاعك,demon_slayer_tanjiro_kamado#0,
"2024-08-05,18:29:38",hunters_rage,#0,كان صباح يقول,,
"2024-08-05,18:29:39",demon_slayer_tanjiro_kamado,#0,و فيه الاغتصاب,mhmdy#0,
"2024-08-05,18:29:50",m7_.n8,#0,مراة يغتاصبو فيها بلا راص,demon_slayer_tanjiro_kamado#0,
"2024-08-05,18:29:52",mhmdy,#0,الحيات فل نهاية تحسها لعبه ناس بلا قلوب حيات كي خرا حشاكم🗿💔,,
"2024-08-05,18:29:55",demon_slayer_tanjiro_kamado,#0,ايا رادي نبنيط ايا مبعدا,,
"2024-08-05,18:29:58",mhmdy,#0,الله غالب,,
"2024-08-05,18:30:03",mhmdy,#0,ربي يجيب خير,,
"2024-08-05,18:30:16",m7_.n8,#0,<:Dead_inside:1150410964659863592>,mhmdy#0,
"2024-08-05,18:30:22",salim0429_39263,#0,حقق رقم قياسي فتكفات,demon_slayer_tanjiro_kamado#0,
"2024-08-05,18:30:23",hunters_rage,#0,قال نعطي ب 100 دولار به نشري نيترو 🤣🤣🤣,,
"2024-08-05,18:31:03",mhmdy,#0,حيات فيها جانب سيء وجيد بصح حنا نكونو واعيين نعرفو جانب سيء بصح نعيشو ونشوفو جانب ممتلئ من كأس فذي حيات كاين كلش كلش تتخيله كاين 💀ناس ملاح ناس لا وكل شخص كفاه خليك شخص لي تريد أن تكونه,m7_.n8#0,
"2024-08-05,18:31:08",raku_9,#0,كون دار كونت طفلة و قال لواحد يعطيلو,hunters_rage#0,
"2024-08-05,18:31:11",raku_9,#0,ما يخممش,,
"2024-08-05,18:31:24",m7_.n8,#0,Bro want nitro so bad💀,hunters_rage#0,
"2024-08-05,18:31:43",salim0429_39263,#0,عايش بنيترو,m7_.n8#0,
"2024-08-05,18:31:53",hunters_rage,#0,حسب روحو حيواي رئيس بنيترو 🤣🤣🤣🤣,,
"2024-08-05,18:31:57",themask0239,#0,# كشمن يجي لشيل 1 نقصرو,,
"2024-08-05,18:32:08",mhmdy,#0,جماعه نعطيم كفاش نربو ناس زنوج لي يتبعو بنات ف مواقع تواصل 💀دير روحي طفله نقلو ابعثلي دراهم من تالي نعطيه ايه قرأن نقله موعدك مع الله ونا طفل وذا عقاب من ربك بيك شخص سيء,,
"2024-08-05,18:32:13",m7_.n8,#0,البشر ماتت قلوبهم<:Dead_inside:1150410964659863592>,mhmdy#0,
"2024-08-05,18:32:19",mhmdy,#0,ذا عقابك بيك تدور بل بنات حمد الله طحت فيا انا,,
"2024-08-05,18:32:24",salim0429_39263,#0,هوملاندر دزيري<:NIGGA_omg:1150394296680329226>,themask0239#0,
"2024-08-05,18:32:33",themask0239,#0,<@1175073639851380832> ايه هو,salim0429_39263#0,
"2024-08-05,18:32:48",mhmdy,#0,كل شي رح يروح مالك سيارتك يعني سياره لي تحلم فيها شيء تافه بصح عادي عيش حياتك دير لي قلبك المهم راك تصلي و راجل,m7_.n8#0,
"2024-08-05,18:32:48",hunters_rage,#0,واش رئيس كفاه انتخبات,,
"2024-08-05,18:32:55",m7_.n8,#0,تلقى عمرو 35 عايش مع باباه وباباه يصرف عليه,mhmdy#0,
"2024-08-05,18:32:56",mhmdy,#0,عل أقل تموت سعيد🗿🗿,,
"2024-08-05,18:32:59",salim0429_39263,#0,ديرلنا كاش قانون لدزاير,themask0239#0,
"2024-08-05,18:33:11",themask0239,#0,نحيو لقبيل,salim0429_39263#0,
"2024-08-05,18:33:20",salim0429_39263,#0,هذا واجب مشي قانون,themask0239#0,
"2024-08-05,18:33:32",hunters_rage,#0,باباه و باباه<:KEKYou:1150418200027201566>,m7_.n8#0,
"2024-08-05,18:33:32",mhmdy,#0,مهما كان فيك متحشمش ب نفسك نتفرج كرتون اي حاجه قولها وكون جدي فيها متضحكش حاجه زعفاتك قول زعفتني وطيحلهم,,
"2024-08-05,18:33:40",mhmdy,#0,عمرك لا تخلي نفسك تخمم من اي شيء,,
"2024-08-05,18:33:57",mhmdy,#0,لازملك تعريلو جيبو,m7_.n8#0,
"2024-08-05,18:34:08",salim0429_39263,#0,عادي خو عندي 21 وتبانلي على كلارنس,mhmdy#0,
"2024-08-05,18:34:10",mhmdy,#0,خبيط موني كاش,,
"2024-08-05,18:34:14",hunters_rage,#0,تقدر تحذف الكحالش من كرة الارضية,themask0239#0,
"2024-08-05,18:34:37",themask0239,#0,# نحذفوهم سع من الجزائر رهم خلصولنا صرف,hunters_rage#0,
"2024-08-05,18:34:55",hunters_rage,#0,معليش انا ديكتاتور نقدر نحذفهم,themask0239#0,
"2024-08-05,18:35:02",salim0429_39263,#0,ولكهول كيفاش ولجلافة,themask0239#0,
"2024-08-05,18:35:18",hunters_rage,#0,مام هذوك,salim0429_39263#0,
"2024-08-05,18:35:23",mhmdy,#0,عمري 15 وحاب نبني عقليتي من الآن  بصح ندير أمور ل نحبهم كرتونات فيهم امور تع كبار و انور تتعلق ب دمار عالم يعجبني ذا ستيل  🗿,salim0429_39263#0,
"2024-08-05,18:35:36",mhmdy,#0,خاوتي,,
"2024-08-05,18:35:49",themask0239,#0,<@1175073639851380832> <@1267093129928904745>,salim0429_39263#0、hunters_rage#0,https://cdn.discordapp.com/attachments/1227367017661595708/1270072787934908437/Picsart_24-08-05_10-52-15-934.jpg?ex=672da335&is=672c51b5&hm=0c17e469385922c314ec57049edd266871d5a887a4551e96282bcaecb35e442b&
"2024-08-05,18:35:50",mhmdy,#0,ريديد ريدبشن٢ سعرها 2000الف,,
"2024-08-05,18:35:51",mhmdy,#0,ريديد ريدبشن٢ سعرها 2000الف,,
"2024-08-05,18:35:57",salim0429_39263,#0,مليحة خو عندك مستقبل مدمر,mhmdy#0,
"2024-08-05,18:36:23",salim0429_39263,#0,اني معاك,themask0239#0,
"2024-08-05,18:36:41",mhmdy,#0,لالا انا مهما نشوف ميأثر عليها نعرف ذي أمور تخمامي عميق  فنفس وقت بسيط منهتمش ومنعمرش راسي ب أمور هاك🗿✋+ كرتونات فيهم معاني ورموز سريه يعجبني ذا نوع,salim0429_39263#0,
"2024-08-05,18:36:54",mhmdy,#0,كرتونات قصتهم مترابطه مثلا وقت مغامره💀,,
"2024-08-05,18:37:05",salim0429_39263,#0,ايييه فهمتك,mhmdy#0,
"2024-08-05,18:37:22",themask0239,#0,# نلغي منحة بطالة بش نمحي بطالة,,
"2024-08-05,18:37:37",mhmdy,#0,خاوتي انا نروح,,
"2024-08-05,18:37:44",mhmdy,#0,تهلاو ف رواحكم,,
"2024-08-05,18:37:45",themask0239,#0,# أتهلى,mhmdy#0,
"2024-08-05,18:37:51",salim0429_39263,#0,تهلى,mhmdy#0,
"2024-08-05,18:38:12",themask0239,#0,# ونزيدها للمعاش تقاعدي,,
"2024-08-05,18:39:04",themask0239,#0,# مشي كي تكون بصحتك تدي 15 مئة وكي تتقاعد وتخلص صحتك تدي 400 ألف,,
"2024-08-05,18:39:37",themask0239,#0,# وديجا كيما قتلكم ريح نرد جلفة دبي,,
"2024-08-05,18:39:47",themask0239,#0,# ونصدرلهم شوية بنات,,
"2024-08-05,18:40:24",themask0239,#0,# الكهول كثر من نساء في جلفة لدرجة يطننون على لكباش و تلقى ليبيدو عندهم بزاف,,
"2024-08-05,18:40:47",hunters_rage,#0,ماشي قلت ممنوع الكهول,,
"2024-08-05,18:41:03",salim0429_39263,#0,ديرلنا قاعدة عسكرية مخصصة لإبادة النسوية,,
"2024-08-05,18:41:23",themask0239,#0,# ومخطط أهم نمحيو لقبيل (الخارجين عن سلطة) بش نضمنو متصرلناش كيما أكراد,,
"2024-08-05,18:41:30",hunters_rage,#0,ذا شغلي بصح للكحالش,salim0429_39263#0,
"2024-08-05,18:41:53",salim0429_39263,#0,لازم نكثرو من القاعدات باه نقدرو نتعاملو مع أي دخيل,hunters_rage#0,
"2024-08-05,18:42:02",mhmdy,#0,خاوتي نكلعلكم مورال؟,,
"2024-08-05,18:42:09",mhmdy,#0,نطلعلكم*,,
"2024-08-05,18:42:09",demon_slayer_tanjiro_kamado,#0,راني و للييت,,
"2024-08-05,18:42:15",themask0239,#0,# نبعثهم ينظفو سكك حديدة في صحراء لإظاهر مساوات بين رجل ومرأة <:emoji_47:1151909990727163954>,salim0429_39263#0,
"2024-08-05,18:42:31",demon_slayer_tanjiro_kamado,#0,و لا نبعثوهم يعطو,themask0239#0,
"2024-08-05,18:42:34",mhmdy,#0,كاين امل من خدمه اونلاين بنت عمي الله يبارك خرجت والله غير 40مليون منها💀,,
"2024-08-05,18:42:37",hunters_rage,#0,🇳🇮🇬🇦,,
"2024-08-05,18:42:39",themask0239,#0,# لكحالش نردوهم عمالة رخيصة يخدم بصرف,,
"2024-08-05,18:42:45",mhmdy,#0,قع قالولها تحلمي اقعدي يضحكو عليك,,
"2024-08-05,18:42:54",mhmdy,#0,من تالي خرجتها ورقات خضرا,,
"2024-08-05,18:42:59",demon_slayer_tanjiro_kamado,#0,نديروهم يعطو و يمصو,themask0239#0,
"2024-08-05,18:43:07",salim0429_39263,#0,وخدمهم فالمناجم وديرني عساس عليهم تسي تهرب نضربهالها,themask0239#0,
"2024-08-05,18:43:08",themask0239,#0,# ولا نستثمرو فيهم نبعثوهم للدبي يدخلونا عملة صعبة,demon_slayer_tanjiro_kamado#0,
"2024-08-05,18:43:24",mhmdy,#0,<:emoji_47:1151909990727163954>,,
"2024-08-05,18:43:26",demon_slayer_tanjiro_kamado,#0,و لا نسرقولهم الطواطي,themask0239#0,
"2024-08-05,18:43:35",themask0239,#0,# لا لي تهرب أبعثها الكوزينة,demon_slayer_tanjiro_kamado#0,
"2024-08-05,18:43:46",hunters_rage,#0,الكحالش نقطعو طواطيهم و نشغلوهم الاشغال الشاقة و نبيعو طواطيهم <:emoji_91:1188672059321094224> <:emoji_107:1197267193713410228> 🤑,,
"2024-08-05,18:43:52",demon_slayer_tanjiro_kamado,#0,كوزينة تمص تاعنا تماك,themask0239#0,
"2024-08-05,18:43:59",salim0429_39263,#0,مشروع مربح,hunters_rage#0,
"2024-08-05,18:44:41",demon_slayer_tanjiro_kamado,#0,انا نعاونك باش نسرقولهم الطواطي,hunters_rage#0,
"2024-08-05,18:45:04",salim0429_39263,#0,اواه نعاودولهم لبيع باش كل واحد يدي حقو,demon_slayer_tanjiro_kamado#0,
"2024-08-05,18:45:30",demon_slayer_tanjiro_kamado,#0,وي راني معاك,salim0429_39263#0,
"2024-08-05,18:45:41",.u9h.,#0,او نسل,,
"2024-08-05,18:45:44",.u9h.,#0,نسا**,,
"2024-08-05,18:45:49",.u9h.,#0,لي تغلط,,
"2024-08-05,18:45:56",salim0429_39263,#0,ممبعد بدوك دراهم نفتحو ابتدائية نا لمدير ونتا نائب,demon_slayer_tanjiro_kamado#0,
"2024-08-05,18:46:01",.u9h.,#0,نحولها طي<ز مها,,
"2024-08-05,18:46:37",demon_slayer_tanjiro_kamado,#0,انا نائب سراق لطوطات,salim0429_39263#0,
"2024-08-05,18:46:52",demon_slayer_tanjiro_kamado,#0,كون تغلط شيرة تماك نعري عليها,salim0429_39263#0,
"2024-08-05,18:47:14",salim0429_39263,#0,نكثرو مالورشات بزاف باش نستدرجوهم,demon_slayer_tanjiro_kamado#0,
"2024-08-05,18:47:22",.u9h.,#0,تنكح  8yo girls?,salim0429_39263#0,
"2024-08-05,18:47:34",demon_slayer_tanjiro_kamado,#0,انا راني نبنيط,,
"2024-08-05,18:47:35",salim0429_39263,#0,Under 8 yo,.u9h.#0,
"2024-08-05,18:47:50",hunters_rage,#0,نوزعو مليار على كل جزايري,,
"2024-08-05,18:47:56",.u9h.,#0,لي تغلط نقصلها طي>ز مها,salim0429_39263#0,
"2024-08-05,18:48:02",.u9h.,#0,لي يغلط,,
"2024-08-05,18:48:06",.u9h.,#0,طوطا تروح,,
"2024-08-05,18:48:14",salim0429_39263,#0,اواه نتا عجبتني نديرك النائب الثاني,.u9h.#0,
"2024-08-05,18:48:33",.u9h.,#0,لي يجب صحيح ينكح لي غلطت,,
"2024-08-05,18:48:58",.u9h.,#0,لي جابت صحيح تمصو لي غلط,,
"2024-08-05,18:49:01",.u9h.,#0,<@1175073639851380832>,salim0429_39263#0,
"2024-08-05,18:49:05",.u9h.,#0,واش قلتي؟,,
"2024-08-05,18:49:44",salim0429_39263,#0,نتا النائب الثاني لإبتدائية guts لتحريك القاصرات,.u9h.#0,
"2024-08-05,18:49:54",demon_slayer_tanjiro_kamado,#0,<@1175073639851380832> و نديرو غرفة التاديب للبنات,salim0429_39263#0,
"2024-08-05,18:50:08",.u9h.,#0,القاصرات🥰,salim0429_39263#0,
"2024-08-05,18:50:20",salim0429_39263,#0,ايوه ولازم يكونو بزوج وثلاثة للواحد,demon_slayer_tanjiro_kamado#0,
"2024-08-05,18:50:31",salim0429_39263,#0,احكم ثلاثة ونا ثلاثة,,
"2024-08-05,18:51:12",demon_slayer_tanjiro_kamado,#0,<@1175073639851380832> و في كل كلاصة نكونومعلقين تصاور تع سوات بزازل طواطي ترامي,salim0429_39263#0,
"2024-08-05,18:51:15",demon_slayer_tanjiro_kamado,#0,وش رايك,,
"2024-08-05,18:51:28",salim0429_39263,#0,فكرة شابة بزاف,demon_slayer_tanjiro_kamado#0,
"2024-08-05,18:51:43",salim0429_39263,#0,ولازم لأساتذة يكونو صحاب سيام,,
"2024-08-05,18:52:26",.u9h.,#0,لي يجيب 9.50 و فوق المعدل,,
"2024-08-05,18:52:35",.u9h.,#0,ندوه للكباري تاع gta,,
"2024-08-05,18:52:51",.u9h.,#0,نخلوه يمس,,
"2024-08-05,18:53:06",demon_slayer_tanjiro_kamado,#0,لي يدي تحت المعدل يتناك,,
"2024-08-05,18:53:26",.u9h.,#0,هذي باينة,demon_slayer_tanjiro_kamado#0,
"2024-08-05,18:53:38",.u9h.,#0,ولا نحطوه فالكباري يتمس,,
"2024-08-05,18:53:59",salim0429_39263,#0,لا للكباري باسكو لمؤسسة ديالي راح تكون خير,,
"2024-08-05,18:54:29",.u9h.,#0,زby لي ينجحه مكافأة,salim0429_39263#0,
"2024-08-05,18:54:32",.u9h.,#0,او طوال,,
"2024-08-05,18:54:40",salim0429_39263,#0,دروس تاوعهم هوما les positions,,
"2024-08-05,18:54:48",.u9h.,#0,اني راح نبينيط يا زby,,
"2024-08-05,18:55:18",.u9h.,#0,انا تعجبني كي تكون قاعد مريح او هيا تطلع,salim0429_39263#0,
"2024-08-05,18:55:40",.u9h.,#0,يا الاخوة ديرو ب >,,
"2024-08-05,18:55:48",demon_slayer_tanjiro_kamado,#0,و نديرو شعب كيما / ن يا ك / مول كاباري / عاه رة / ع طاي / قاي / و مص اص/ كيما هاك,,
"2024-08-05,18:55:50",salim0429_39263,#0,الدرس هادا راه متوفر فالسجل,.u9h.#0,
"2024-08-05,18:55:55",.u9h.,#0,لا لا متصلحش,,
"2024-08-05,18:56:15",.u9h.,#0,ايا مليح,salim0429_39263#0,
"2024-08-05,18:56:21",.u9h.,#0,بصح شكون الاستاذ,,
"2024-08-05,18:56:31",.u9h.,#0,نجيب جارتي لي ديما نلقاها تتناك,,
"2024-08-05,18:56:31",salim0429_39263,#0,بنات السيام,.u9h.#0,
"2024-08-05,18:57:00",.u9h.,#0,او ليسي تاع 15-16,salim0429_39263#0,
"2024-08-05,18:57:03",.u9h.,#0,تاني ملاح,,
"2024-08-05,18:57:24",salim0429_39263,#0,اواه الصغارات عندهم ماتريال خشين,.u9h.#0,
"2024-08-05,18:57:49",.u9h.,#0,شفتيه؟,,
"2024-08-05,18:57:57",salim0429_39263,#0,Yep,.u9h.#0,
"2024-08-05,18:58:16",.u9h.,#0,كيفاه,salim0429_39263#0,
"2024-08-05,18:58:25",.u9h.,#0,نحب نشوف,,
"2024-08-05,18:58:48",salim0429_39263,#0,عندي لمعارف,.u9h.#0,
"2024-08-05,19:00:00",demon_slayer_tanjiro_kamado,#0,ايا كاش جديد فالسيام تاعنا,,
"2024-08-05,19:00:20",salim0429_39263,#0,مزال مانطورو ونريڨليو سيام,demon_slayer_tanjiro_kamado#0,
"2024-08-05,19:01:27",.u9h.,#0,معرف معا طاطات,salim0429_39263#0,
"2024-08-05,19:01:41",salim0429_39263,#0,وبناتهم,.u9h.#0,
"2024-08-05,19:02:11",.u9h.,#0,Chill,salim0429_39263#0,
"2024-08-05,19:02:15",.u9h.,#0,بلعقل,,
"2024-08-05,19:02:27",.u9h.,#0,ياخو صورلي ماتريال,,
"2024-08-05,19:02:47",salim0429_39263,#0,لحد الساعة ني نشوف وحدي بلا منصور,.u9h.#0,
"2024-08-05,19:04:08",demon_slayer_tanjiro_kamado,#0,المهم اليوم راني بنيطت 6 خطرات حتى لدرك,,
"2024-08-05,19:04:19",demon_slayer_tanjiro_kamado,#0,انا في الشهر نبنيط فايت 100,,
"2024-08-05,19:04:26",demon_slayer_tanjiro_kamado,#0,راه عندي لخبرة,,
"2024-08-05,19:04:28",salim0429_39263,#0,التستستيرون,demon_slayer_tanjiro_kamado#0,
"2024-08-05,19:04:36",.u9h.,#0,تصاور soon...,salim0429_39263#0,
"2024-08-05,19:05:01",salim0429_39263,#0,Yep coming soon,.u9h.#0,
"2024-08-05,19:05:04",demon_slayer_tanjiro_kamado,#0,انا نعطيك تصاور بصح تع شاه,.u9h.#0,
"2024-08-05,19:05:16",demon_slayer_tanjiro_kamado,#0,تع سوات,,
"2024-08-05,19:05:18",demon_slayer_tanjiro_kamado,#0,ترامي,,
"2024-08-05,19:05:20",demon_slayer_tanjiro_kamado,#0,طوطات,,
"2024-08-05,19:05:22",demon_slayer_tanjiro_kamado,#0,قلاوي,,
"2024-08-05,19:05:33",salim0429_39263,#0,أغراض الصغارات,demon_slayer_tanjiro_kamado#0,
"2024-08-05,19:05:49",salim0429_39263,#0,Yep,,
"2024-08-05,19:06:08",salim0429_39263,#0,نا كنت نشوف,,
"2024-08-05,19:06:13",salim0429_39263,#0,مي مكنتش نصور,,
"2024-08-05,19:06:18",salim0429_39263,#0,كنت نشوف وحدي,,
"2024-08-05,19:06:19",.u9h.,#0,<@1264558495034769438> ابعت شوية فوطوات هيتنتاي,demon_slayer_tanjiro_kamado#0,
"2024-08-05,19:06:34",demon_slayer_tanjiro_kamado,#0,صبر شويا هاك,.u9h.#0,
"2024-08-05,19:06:40",.u9h.,#0,اوكي,demon_slayer_tanjiro_kamado#0,
"2024-08-05,19:06:44",.u9h.,#0,بزربة,,
"2024-08-05,19:06:49",.u9h.,#0,راني وحدي فدار,,
"2024-08-05,19:06:53",.u9h.,#0,تسما نشوف مرتاح,,
"2024-08-05,19:07:18",salim0429_39263,#0,انا وحدي ديمن,.u9h.#0,
"2024-08-05,19:07:28",demon_slayer_tanjiro_kamado,#0,هادي هي الروح,.u9h.#0,
"2024-08-05,19:07:49",salim0429_39263,#0,الأب متوفي وني فدار بعيد على الأم والأخوة,.u9h.#0,
"2024-08-05,19:07:59",.u9h.,#0,الله يرحمه,salim0429_39263#0,
"2024-08-05,19:08:06",salim0429_39263,#0,آمين,.u9h.#0,
"2024-08-05,19:08:06",vh6517,#0,ياخاوتنا,,
"2024-08-05,19:08:26",salim0429_39263,#0,وي لحاج,vh6517#0,
"2024-08-05,19:08:34",demon_slayer_tanjiro_kamado,#0,الله يرحمو,salim0429_39263#0,
"2024-08-05,19:08:42",vh6517,#0,ادخلو لسيرفر لي راهو فل بروفايل تاعي,,
"2024-08-05,19:09:05",.u9h.,#0,فيه لقلاوي؟,vh6517#0,
"2024-08-05,19:09:05",vh6517,#0,خصنا شويا يطلع السيرفر,,
"2024-08-05,19:09:12",.u9h.,#0,نحب نخصي لقحاب,,
"2024-08-05,19:09:15",vh6517,#0,سيرفر شوب تاعي,.u9h.#0,
"2024-08-05,19:09:16",.u9h.,#0,نضربهم,,
"2024-08-05,19:09:23",.u9h.,#0,نحي المستقبل,,
"2024-08-05,19:09:25",salim0429_39263,#0,مدرناش مالا,vh6517#0,
"2024-08-05,19:09:51",salim0429_39263,#0,ياخو بصح لازم تتهلا,vh6517#0,
"2024-08-05,19:10:02",.u9h.,#0,,,
"2024-08-05,19:10:09",.u9h.,#0,<:cum:1152013788653031434>,,
"2024-08-05,19:10:21",salim0429_39263,#0,موزان ادخل لتماك وراني موراك,,
"2024-08-05,19:10:48",.u9h.,#0,لينك ميت,salim0429_39263#0,
"2024-08-05,19:11:01",salim0429_39263,#0,او مالا لاه,,
"2024-08-05,19:11:09",.u9h.,#0,معرف,salim0429_39263#0,
"2024-08-05,19:11:13",.u9h.,#0,<@979778241793511497> <@979778241793511497>,vh6517#0,
"2024-08-05,19:11:18",vh6517,#0,شوف دوك,,
"2024-08-05,19:11:19",.u9h.,#0,لينك قديم,,
"2024-08-05,19:11:21",vh6517,#0,سيي,,
"2024-08-05,19:11:32",salim0429_39263,#0,واه لينك محوي,,
"2024-08-05,19:11:44",vh6517,#0,سيي دوك,,
"2024-08-05,19:12:02",vh6517,#0,سيرفر مازالو جديد معا الوقت يتطور,.u9h.#0,
"2024-08-05,19:12:18",salim0429_39263,#0,حبيت نسقسيك,,
"2024-08-05,19:12:31",salim0429_39263,#0,كيفاش ولا وش ندير بهاد دراهم تع ديسكورد ونمي,,
"2024-08-05,19:12:34",vh6517,#0,واش,salim0429_39263#0,
"2024-08-05,19:12:46",salim0429_39263,#0,فهمني ڨاع بتفصيل,,
"2024-08-05,19:12:51",.u9h.,#0,سراق راح يجيب x,,
"2024-08-05,19:12:58",vh6517,#0,لالا انا كاين بزاف باش تدفع كاين رام مكتوبين,salim0429_39263#0,
"2024-08-05,19:13:04",vh6517,#0,فسيرفر,,
"2024-08-05,19:13:22",salim0429_39263,#0,يودي فهمني وش ندير بيهم مشي اذا نخلص,,
"2024-08-05,19:13:28",.u9h.,#0,صح يزاف,,
"2024-08-05,19:13:38",vh6517,#0,تقدر ترجعهم بدراهمنا عن طريق انك تبيعهم,salim0429_39263#0,
"2024-08-05,19:13:43",.u9h.,#0,تقدر تشري بيهم,salim0429_39263#0,
"2024-08-05,19:13:46",salim0429_39263,#0,او,,
"2024-08-05,19:13:47",.u9h.,#0,ناتفليكس,,
"2024-08-05,19:13:52",.u9h.,#0,<@1175073639851380832>,salim0429_39263#0,
"2024-08-05,19:13:56",.u9h.,#0,كيما انا كنت نسرق,,
"2024-08-05,19:14:11",vh6517,#0,ادخل لسيرفر تشوف وش تقدر دير بيهم,salim0429_39263#0,
"2024-08-05,19:14:13",salim0429_39263,#0,عندي نا 3600 برك,,
"2024-08-05,19:14:35",vh6517,#0,واه,,
"2024-08-05,19:14:54",salim0429_39263,#0,كيفاش بصح,,
"2024-08-05,19:15:00",salim0429_39263,#0,وكيفاش تجيب دو دراهم,,
"2024-08-05,19:15:10",salim0429_39263,#0,وكيفاش مزال منكت قاصرة,,
"2024-08-05,19:15:14",.u9h.,#0,بيع,salim0429_39263#0,
"2024-08-05,19:15:14",vh6517,#0,شحال تبيعهملي,.u9h.#0,
"2024-08-05,19:15:20",.u9h.,#0,اسرق,,
"2024-08-05,19:15:27",salim0429_39263,#0,علمني,.u9h.#0,
"2024-08-05,19:15:28",.u9h.,#0,400da,vh6517#0,
"2024-08-05,19:15:35",.u9h.,#0,روح عند واحد,salim0429_39263#0,
"2024-08-05,19:15:46",.u9h.,#0,جيب فطوات من يوتيوب,,
"2024-08-05,19:15:46",raku_9,#0,عندك سيرفر شوب وحدوخر ؟,vh6517#0,
"2024-08-05,19:15:54",vh6517,#0,نو اسمحلي,.u9h.#0,
"2024-08-05,19:15:56",vh6517,#0,نو,raku_9#0,
"2024-08-05,19:16:14",vh6517,#0,كاين دا برك معا لوقت نزيد نطورو,raku_9#0,
"2024-08-05,19:16:18",.u9h.,#0,نتا معا يمدلك صوارد,,
"2024-08-05,19:16:20",.u9h.,#0,بلوكيه,,
"2024-08-05,19:16:23",.u9h.,#0,و اهرب,,
"2024-08-05,19:16:27",raku_9,#0,اوكي,vh6517#0,
"2024-08-05,19:16:27",salim0429_39263,#0,Damn,.u9h.#0,
"2024-08-05,19:16:41",salim0429_39263,#0,وكيفاش تبيعهم,,
"2024-08-05,19:16:42",vh6517,#0,ايبري ملاح اعطينا رايك,raku_9#0,
"2024-08-05,19:16:42",.u9h.,#0,انا هكا جبت 11مليوت,salim0429_39263#0,
"2024-08-05,19:16:51",raku_9,#0,ايه ملاح,vh6517#0,
"2024-08-05,19:16:53",.u9h.,#0,تروح لسيرفر,salim0429_39263#0,
"2024-08-05,19:16:58",.u9h.,#0,مباعد تقولهم هذا وش عندي,,
"2024-08-05,19:17:04",.u9h.,#0,و ناس تجي,,
"2024-08-05,19:17:08",vh6517,#0,بصح دراهم لحرامم خو خمم مليح,.u9h.#0,
"2024-08-05,19:17:39",.u9h.,#0,شريت بيعه كونطات مباعد بعتهم بلحلال,vh6517#0,
"2024-08-05,19:17:40",vh6517,#0,راك تسرق او تبيع فيهم,,
"2024-08-05,19:17:41",salim0429_39263,#0,شحال تسوا ديك 11 مليون بدراهمنا,,
"2024-08-05,19:17:56",vh6517,#0,2500 هكدا,salim0429_39263#0,
"2024-08-05,19:17:56",.u9h.,#0,واحد3000da,salim0429_39263#0,
"2024-08-05,19:18:03",vh6517,#0,ايه,.u9h.#0,
"2024-08-05,19:18:09",salim0429_39263,#0,اييه مليحة لحاج,,
"2024-08-05,19:18:26",demon_slayer_tanjiro_kamado,#0,راني جيت,.u9h.#0,
"2024-08-05,19:18:27",salim0429_39263,#0,مكاش طريقة وحدوخرة من غير سرقة,,
"2024-08-05,19:18:31",vh6517,#0,بصح صعيبة تلقا واحد تبيعلو,salim0429_39263#0,
"2024-08-05,19:18:36",demon_slayer_tanjiro_kamado,#0,الXراهو كاين,,
"2024-08-05,19:18:46",salim0429_39263,#0,صح,vh6517#0,
"2024-08-05,19:19:29",.u9h.,#0,ايا مليح,demon_slayer_tanjiro_kamado#0,
"2024-08-05,19:19:41",demon_slayer_tanjiro_kamado,#0,قبل طلب صدقة باش نرسلك,.u9h.#0,
"2024-08-05,19:20:04",vh6517,#0,<@1205601547170349078> علاه خرجت,.u9h.#0,
"2024-08-05,19:20:08",vh6517,#0,من سيرفر,,
"2024-08-05,19:20:21",demon_slayer_tanjiro_kamado,#0,باش نبعثلو الاكس,vh6517#0,
"2024-08-05,19:20:25",salim0429_39263,#0,<@979778241793511497> ياخو فسيرفر ديالك شحن كود مكاش,vh6517#0,
"2024-08-05,19:20:38",vh6517,#0,بلايدي قصدك,salim0429_39263#0,
"2024-08-05,19:20:43",vh6517,#0,كاين بلايدي,,
"2024-08-05,19:20:45",salim0429_39263,#0,هيه,vh6517#0,
"2024-08-05,19:20:55",vh6517,#0,كاين,salim0429_39263#0,
"2024-08-05,19:21:14",salim0429_39263,#0,بصح راك حاڨر صحاب فري فاير,vh6517#0,
"2024-08-05,19:21:28",.u9h.,#0,راني فيه,vh6517#0,
"2024-08-05,19:21:35",salim0429_39263,#0,100 ديامو ب 220,vh6517#0,
"2024-08-05,19:21:49",demon_slayer_tanjiro_kamado,#0,<@1175073639851380832> راني نبعثلك في الهنتاي,salim0429_39263#0,
"2024-08-05,19:21:56",raku_9,#0,"اسعار ممتازة
انا خاصني جو معين من ستيم فالمستقبل ديرولنا تاب تع العاب ستيم",vh6517#0,
"2024-08-05,19:22:01",salim0429_39263,#0,ني نسنا,demon_slayer_tanjiro_kamado#0,
"2024-08-05,19:22:31",vh6517,#0,كاين غير ليكونت بصح اكتب هاد لعفسا فل اقتراحات فسيرفر,raku_9#0,
"2024-08-05,19:23:03",raku_9,#0,ولا ستيم gift card ثاني مليحة,vh6517#0,
"2024-08-05,19:23:06",vh6517,#0,روح شوف برا شحال راهم يبيعوفيهم,salim0429_39263#0,
"2024-08-05,19:23:30",demon_slayer_tanjiro_kamado,#0,ايا يدكم فيه,,
"2024-08-05,19:23:43",salim0429_39263,#0,Bra 100 diamon b 180,vh6517#0,
"2024-08-05,19:24:21",.u9h.,#0,<@1264558495034769438> و انا نسيتيني؟,demon_slayer_tanjiro_kamado#0,
"2024-08-05,19:24:32",vh6517,#0,او انا وش نربح نجي خاسر,raku_9#0,
"2024-08-05,19:24:38",demon_slayer_tanjiro_kamado,#0,راني لاهي,.u9h.#0,
"2024-08-05,19:24:49",.u9h.,#0,ابتعلي شوية هينتاي,demon_slayer_tanjiro_kamado#0,
"2024-08-05,19:25:59",salim0429_39263,#0,Dk mmb3d nchof hintai t3 shinobo ou muzan,.u9h.#0,
"2024-08-05,19:26:32",themask0239,#0,<@1264558495034769438>,demon_slayer_tanjiro_kamado#0,https://cdn.discordapp.com/attachments/1227367017661595708/1270085549067075625/2_gender.mp4.mp4?ex=672daf17&is=672c5d97&hm=5e4b328b1dd6d0c8cdbc6ce8307d52f2f25c0d155dd0e5d15aa1919d84222b3e&
"2024-08-05,19:27:27",.u9h.,#0,Ok,salim0429_39263#0,
"2024-08-05,19:27:31",.u9h.,#0,روح شوف,,
"2024-08-05,19:32:06",salim0429_39263,#0,Nwrilk haja muzan fl prv,,
"2024-08-05,19:32:50",luffysenpai2011,#0,POV:هذوك لي ولدو يوم 11/9/2001,,
"2024-08-05,19:32:51",salim0429_39263,#0,<@1205601547170349078>,.u9h.#0,
"2024-08-05,19:33:18",.u9h.,#0,اعلا,salim0429_39263#0,
"2024-08-05,19:33:23",.u9h.,#0,اهلا**,,
"2024-08-05,19:33:31",salim0429_39263,#0,Prv,.u9h.#0,
"2024-08-05,19:33:51",.u9h.,#0,اوكي,salim0429_39263#0,
"2024-08-05,19:37:03",vh6517,#0,اظخل لسيرفر لي راهو فل بروفيل تاعي,luffysenpai2011#0,
"2024-08-05,19:38:31",salim0429_39263,#0,<@1205601547170349078>  mhbtch ttb3t yzh,.u9h.#0,
"2024-08-05,19:38:58",.u9h.,#0,اخخخ,salim0429_39263#0,
"2024-08-05,19:39:13",.u9h.,#0,خطرة هدرة معا طفلة فالفسبوك,,
"2024-08-05,19:39:17",.u9h.,#0,سرقت كونط,,
"2024-08-05,19:39:20",.u9h.,#0,هدرت معاها,,
"2024-08-05,19:39:25",.u9h.,#0,مباعد بعتهولها,,
"2024-08-05,19:39:41",salim0429_39263,#0,Chikor,,
"2024-08-05,19:39:42",.u9h.,#0,قاتلي درك نقول لبابا وش راك دير او يقول لعمي,,
"2024-08-05,19:40:14",.u9h.,#0,درت مشاكل,,
"2024-08-05,19:40:19",salim0429_39263,#0,Tnakt,,
"2024-08-05,19:40:26",.u9h.,#0,ههه هاه,salim0429_39263#0,
"2024-08-05,19:40:47",salim0429_39263,#0,Yakho t7ya القاصرات,,
"2024-08-05,19:42:37",luffysenpai2011,#0,وشنو,vh6517#0,
"2024-08-05,19:47:01",mhmdy,#0,سلام عليكم,,
"2024-08-05,19:47:32",minou20_11947,#0,وعليكم السلام,mhmdy#0,
"2024-08-05,20:26:22",chjra123,#0,شيني,q52q#0,
"2024-08-05,20:39:06",dreaml7rach,#0,تحيا اللوبيا زكارة في العديان (العدس),,
"2024-08-05,20:41:01",themask0239,#0,# سلام عليكم,,
"2024-08-05,20:48:32",d_franc,#0,عليكم السلام,,
"2024-08-05,20:50:00",4838300265,#0,السلام عليكم خاوتي,,
"2024-08-05,20:50:23",4838300265,#0,راني داخل جديد في القناة معليش تفهموني,,
"2024-08-05,20:50:33",rayer43,#0,سلام,,
"2024-08-05,20:52:10",d_franc,#0,سراق بزازل,,
"2024-08-05,20:52:33",d_franc,#0,بزوله لوحده بشحال,,
"2024-08-05,21:03:25",themask0239,#0,<@1081296261182935040> <@1264558495034769438>  بدل إسمك نتا وياه,rayer43#0、demon_slayer_tanjiro_kamado#0,
"2024-08-05,21:06:25",ryo.q,#0,سراقين😳,,
"2024-08-05,21:10:09",themask0239,#0,<@475314671335899137>  وش علاقة تاعك بجسور,noob_saltou7#0,
"2024-08-05,21:12:41",chlorophyte_enjoyer,#0,تشهيت محاجب,,
"2024-08-05,21:13:05",noob_saltou7,#0,جسور؟,themask0239#0,
"2024-08-05,21:13:37",noob_saltou7,#0,غادي نخرج من الvc. دوك نجي,,
"2024-08-05,21:18:26",themask0239,#0,اوكي راني نستنا فيك تعطني جواب,noob_saltou7#0,
"2024-08-05,21:18:47",dax0o,#0,Smaykom,,
"2024-08-05,21:18:57",themask0239,#0,وتف,,
"2024-08-05,21:20:01",dax0o,#0,<#1227367017661595708>,,
"2024-08-05,21:21:23",themask0239,#0,<@1167195750116102285> شات ميت,dax0o#0,
"2024-08-05,21:26:22",q52q,#0,walo,chjra123#0,
"2024-08-05,21:26:48",joul0745,#0,miyat 3la tota ta3i,,
"2024-08-05,21:27:54",chjra123,#0,ok,q52q#0,
"2024-08-05,21:28:13",chjra123,#0,ياخو غير ارجع لاسمك القديم خير,themask0239#0,
"2024-08-05,21:28:41",noob_saltou7,#0,وي وش من جسور,themask0239#0,
"2024-08-05,21:28:50",noob_saltou7,#0,تاع قسنطينة؟,,
"2024-08-05,21:30:19",vh6517,#0,<@1155119947484246077> واش هو صفا ادخل لسيرفر لي راني دايرو فل بروفايل تاعي,mhmdy#0,
"2024-08-05,21:30:31",rayer43,#0,و علاه,themask0239#0,
"2024-08-05,21:31:19",mhmdy,#0,<:gigachad:1150419236989186078>  تمم,vh6517#0,
"2024-08-05,21:31:38",vh6517,#0,<@1081296261182935040> واش خو صفا ادخل لسيرفر لي راني دايرو فل بروفايل تاعي,rayer43#0,
"2024-08-05,21:31:56",mhmdy,#0,كاتب هو مش خو*,,
"2024-08-05,21:31:57",vh6517,#0,تاع شوب او اعطيني رايك,mhmdy#0,
"2024-08-05,21:32:05",mhmdy,#0,عجبنيييي,vh6517#0,
"2024-08-05,21:32:09",vh6517,#0,شكرا,mhmdy#0,
"2024-08-05,21:32:15",mhmdy,#0,نقدر نصمملك سيرفر كامل مجانا ف ثواني,,
"2024-08-05,21:32:23",mhmdy,#0,واجد من ناحيه رتب رومات وكلش,,
"2024-08-05,21:32:34",mhmdy,#0,عندي آلاف سيرفرات,,
"2024-08-05,21:32:36",hunters_rage,#0,وا جراح البواسير,,
"2024-08-05,21:32:37",mhmdy,#0,تاوعي,,
"2024-08-05,21:32:39",vh6517,#0,معليش يعطيك الصحة عندي 🤍🤍,mhmdy#0,
"2024-08-05,21:32:50",mhmdy,#0,مبيناتناش شكر خويا ❤️,vh6517#0,
"2024-08-05,21:32:55",rayer43,#0,ياخو هذا سيرفر تاع شوب,vh6517#0,
"2024-08-05,21:33:00",rayer43,#0,و انا وش ندير بيه,,
"2024-08-05,21:33:12",vh6517,#0,يس ادخل او لي تعرفهم ابعتلهم تعيش,rayer43#0,
"2024-08-05,21:33:20",noob_saltou7,#0,ما راني فاهمة والو,,
"2024-08-05,21:33:33",noob_saltou7,#0,ايزن ولا محارب شهواني,,
"2024-08-05,21:33:45",noob_saltou7,#0,جزء من الخطة؟,,
"2024-08-05,21:33:46",hunters_rage,#0,<@442721468829138954>,unfrody#0,
"2024-08-05,21:33:50",vh6517,#0,ادخلي للينك لي راني كاتبو فلبروفايل,noob_saltou7#0,
"2024-08-05,21:33:52",noob_saltou7,#0,Wtf,hunters_rage#0,
"2024-08-05,21:33:57",rayer43,#0,<:juan:1150418197581922344>,hunters_rage#0,
"2024-08-05,21:34:02",rayer43,#0,وشبيه هذا,,
"2024-08-05,21:34:02",vh6517,#0,نعم,noob_saltou7#0,
"2024-08-05,21:34:14",hunters_rage,#0,و فرنسا علاه 💀💀,,
"2024-08-05,21:34:16",boss.king2,#0,شكون يلعب It Takes Two,,
"2024-08-05,21:34:21",noob_saltou7,#0,لا صحيت,vh6517#0,
"2024-08-05,21:34:29",rayer43,#0,بيه فيها لكحاليش ياسر,hunters_rage#0,
"2024-08-05,21:34:37",vh6517,#0,شكرا على رأيك,noob_saltou7#0,
"2024-08-05,21:34:45",vh6517,#0,تدخل ولا نو,rayer43#0,
"2024-08-05,21:34:50",noob_saltou7,#0,عفوا على ردك السريع,,
"2024-08-05,21:34:58",rayer43,#0,في السيرفر؟,vh6517#0,
"2024-08-05,21:35:01",raku_9,#0,شوف مع طفلة,boss.king2#0,
"2024-08-05,21:35:05",vh6517,#0,نعم,rayer43#0,
"2024-08-05,21:35:10",rayer43,#0,راني دخلت,vh6517#0,
"2024-08-05,21:35:10",hunters_rage,#0,على هاذي خصني نمحي فرانسا <:emoji_91:1188672059321094224>,,
"2024-08-05,21:35:14",boss.king2,#0,وشمن طفلة,raku_9#0,
"2024-08-05,21:35:19",vh6517,#0,اعطيني رايك,rayer43#0,
"2024-08-05,21:35:33",hunters_rage,#0,طفلة!!!!<:NIGGA_omg:1150394296680329226>,,
"2024-08-05,21:35:38",rayer43,#0,بصراحة هايل,vh6517#0,
"2024-08-05,21:35:44",luffysenpai2011,#0,وش خاوتي,,
"2024-08-05,21:35:50",rayer43,#0,لباس الحمد لله,luffysenpai2011#0,
"2024-08-05,21:35:54",raku_9,#0,باه تلعب نتا بالراجل و هي بالمرا,boss.king2#0,
"2024-08-05,21:36:06",luffysenpai2011,#0,الحمد الله,rayer43#0,
"2024-08-05,21:36:15",luffysenpai2011,#0,و سرلق الطوطا هذاك وين راه,,
"2024-08-05,21:36:20",hunters_rage,#0,كشما مراض,luffysenpai2011#0,
"2024-08-05,21:36:32",rayer43,#0,مش عارف,luffysenpai2011#0,
"2024-08-05,21:36:41",raku_9,#0,تخيل تلعب it takes two مع صاحبك,,
"2024-08-05,21:36:43",luffysenpai2011,#0,بعت الكيلات تعهم و عضم الله اجرهم,,
"2024-08-05,21:36:47",raku_9,#0,قمة الاحراج,,
"2024-08-05,21:36:48",hunters_rage,#0,راح يخدم,,
"2024-08-05,21:36:53",hunters_rage,#0,يسرق طواطي,,
"2024-08-05,21:37:03",luffysenpai2011,#0,و نقطعهم,,
"2024-08-05,21:37:17",luffysenpai2011,#0,بصح شكون بداها كامل,,
"2024-08-05,21:37:29",hunters_rage,#0,شكونو,,
"2024-08-05,21:37:36",luffysenpai2011,#0,هذاك السراق <@1264558495034769438>,demon_slayer_tanjiro_kamado#0,
"2024-08-05,21:37:37",hunters_rage,#0,كحلوش ؟,,
"2024-08-05,21:37:54",luffysenpai2011,#0,لي بدا هذا الاستعمار,,
"2024-08-05,21:37:58",luffysenpai2011,#0,و هتلر عمك,,
"2024-08-05,21:38:01",hunters_rage,#0,نو انا بديتها في خطة,,
"2024-08-05,21:38:10",hunters_rage,#0,تع الحكم,,
"2024-08-05,21:38:16",rayer43,#0,راه هذاك هوملاندار قال بلي لازم نبدلو الاسم,luffysenpai2011#0,
"2024-08-05,21:38:30",rayer43,#0,هاهو,themask0239#0,
"2024-08-05,21:38:32",hunters_rage,#0,معا ضد الكحالش و الكهول <:emoji_107:1197267193713410228>,,
"2024-08-05,21:38:38",luffysenpai2011,#0,هو لي نبدلول الاسم,rayer43#0,
"2024-08-05,21:38:45",hunters_rage,#0,الرئيس؟,,
"2024-08-05,21:39:01",luffysenpai2011,#0,و هذوك الكهول لي فتحو AADL 3,hunters_rage#0,
"2024-08-05,21:39:12",luffysenpai2011,#0,و ثقبولها جد يمها,,
"2024-08-05,21:39:20",luffysenpai2011,#0,هذاك الموقع,,
"2024-08-05,21:39:27",rayer43,#0,وي بصح راني عارف ضرك يلقي لجوردي و يفتحنا,luffysenpai2011#0,
"2024-08-05,21:39:32",hunters_rage,#0,خصهم يوملو صابون,,
"2024-08-05,21:39:46",rayer43,#0,صابون ألمانيا,hunters_rage#0,
"2024-08-05,21:40:30",raku_9,#0,لي يطيحلك,luffysenpai2011#0,
"2024-08-05,21:43:08",luffysenpai2011,#0,وشنو,raku_9#0,
"2024-08-05,21:43:35",raku_9,#0,السيت,luffysenpai2011#0,
"2024-08-05,21:43:38",vh6517,#0,ياخو قول لعيباد تعرفهم يدخلو تعيش,raku_9#0,
"2024-08-05,21:43:46",4838300265,#0,جماعة مكانش ديسكود مليح تاع كرة قدم تاع بالو,,
"2024-08-05,21:44:10",luffysenpai2011,#0,خاوتي كي قلتلكم هذاك الموقع بديتو توسوسو 3 دارولي 🟧⬛ و زوج دارولي 🟦,,
"2024-08-05,21:44:26",luffysenpai2011,#0,الحمد الله أنا عندي سكن,raku_9#0,
"2024-08-05,21:44:32",raku_9,#0,مالقيتش واحد مهتم 🥲,vh6517#0,
"2024-08-05,21:44:48",luffysenpai2011,#0,دخلت واحد صاحبي,vh6517#0,
"2024-08-05,21:44:54",luffysenpai2011,#0,من البارح,,
"2024-08-05,21:44:55",vh6517,#0,شكرل على جهدك,raku_9#0,
"2024-08-05,21:45:01",4838300265,#0,اسمعوني ياخاوتي 😡😡😡😡😡😡,,
"2024-08-05,21:45:04",vh6517,#0,نتا راك داخل,luffysenpai2011#0,
"2024-08-05,21:45:12",vh6517,#0,ماكانش,4838300265#0,
"2024-08-05,21:45:12",luffysenpai2011,#0,سمحلي مكاش,4838300265#0,
"2024-08-05,21:45:23",4838300265,#0,قولتلكم كاين ديسكورد تاع كرة قدم,,
"2024-08-05,21:45:25",luffysenpai2011,#0,ايه,vh6517#0,
"2024-08-05,21:45:26",noob_saltou7,#0,Wa7d ydi hada li rah m3aya fl vc 😂,,
"2024-08-05,21:45:32",luffysenpai2011,#0,لا خويا مكاش,4838300265#0,
"2024-08-05,21:45:35",rayer43,#0,راني رجعت,,
"2024-08-05,21:45:39",rayer43,#0,واش راكم,,
"2024-08-05,21:45:41",raku_9,#0,وش راه يدير,noob_saltou7#0,
"2024-08-05,21:45:44",luffysenpai2011,#0,بصح ضوك نحوساك في اليوتيوب,,
"2024-08-05,21:46:04",noob_saltou7,#0,Ga3d y6ye7 bl english,raku_9#0,
"2024-08-05,21:46:12",noob_saltou7,#0,5rej._.,,
"2024-08-05,21:46:36",raku_9,#0,حشم مسكين,noob_saltou7#0,
"2024-08-05,21:46:44",noob_saltou7,#0,Kayna,,
"2024-08-05,21:47:01",rayer43,#0,"<@1130967147737272320> 

جراح البواسير وش يدير؟",luffysenpai2011#0,
"2024-08-05,21:47:50",luffysenpai2011,#0,راني نحوس لواحد سيرفر ديسكورد تاع كرة قدم,rayer43#0,
"2024-08-05,21:47:54",luffysenpai2011,#0,تعرف واحد,,
"2024-08-05,21:47:59",rayer43,#0,لالا,luffysenpai2011#0,
"2024-08-05,21:48:13",rayer43,#0,صحا نسقسيك,,
"2024-08-05,21:48:30",rayer43,#0,ولا تعرف انسى,,
"2024-08-05,21:49:12",luffysenpai2011,#0,وشنو,rayer43#0,
"2024-08-05,21:49:31",vh6517,#0,نو ماراكش داخل,luffysenpai2011#0,
"2024-08-05,21:49:32",noob_saltou7,#0,<@1157024311568244816> cv chwya?,salah.7c_77519#0,
"2024-08-05,21:49:35",vh6517,#0,مصتكش,,
"2024-08-05,21:49:46",vh6517,#0,نتي بنت,noob_saltou7#0,
"2024-08-05,21:49:58",luffysenpai2011,#0,ما فهمتش,vh6517#0,
"2024-08-05,21:49:58",noob_saltou7,#0,Chof,,
"2024-08-05,21:50:12",noob_saltou7,#0,Bnt fi 3mrha 20 3am,,
"2024-08-05,21:50:20",vh6517,#0,مصتكش فسيرفر,luffysenpai2011#0,
"2024-08-05,21:50:41",luffysenpai2011,#0,وشنو ما عنتها مصتكش,vh6517#0,
"2024-08-05,21:50:53",raku_9,#0,ما لقاكش ثما,luffysenpai2011#0,
"2024-08-05,21:50:54",luffysenpai2011,#0,جامي سمعت باكلمة هذي,,
"2024-08-05,21:51:00",luffysenpai2011,#0,ok,,
"2024-08-05,21:51:18",zaudeooo_15311,#0,يالطيف,,
"2024-08-05,21:51:31",raku_9,#0,ايزن هذي بكري,vh6517#0,
"2024-08-05,21:51:42",raku_9,#0,كي كان سيرفر فيه غير الهوايش,,
"2024-08-05,21:51:50",luffysenpai2011,#0,تاع ميمحو,raku_9#0,
"2024-08-05,21:51:59",vh6517,#0,نتا مباني,raku_9#0,
"2024-08-05,21:52:01",themask0239,#0,فيه نيقرز,luffysenpai2011#0,
"2024-08-05,21:52:02",noob_saltou7,#0,يا زح هذا ايزن يوخاباخ دارلو كاش حاجا,vh6517#0,
"2024-08-05,21:52:06",luffysenpai2011,#0,ok,,
"2024-08-05,21:52:23",raku_9,#0,نو خرجت كان غير تطياح,vh6517#0,
"2024-08-05,21:52:26",vh6517,#0,راني سيريو نتي تتم ني كي,noob_saltou7#0,
"2024-08-05,21:52:29",luffysenpai2011,#0,ما لقيتش صؤاحة,,
"2024-08-05,21:52:33",raku_9,#0,دوك راه تحسن,,
"2024-08-05,21:52:38",vh6517,#0,هاديك هيا حلاوتها,raku_9#0,
"2024-08-05,21:52:40",noob_saltou7,#0,ولله لا عمري.  20,vh6517#0,
"2024-08-05,21:52:52",noob_saltou7,#0,راني نحلف,,
"2024-08-05,21:52:57",noob_saltou7,#0,كاينة,raku_9#0,
"2024-08-05,21:53:02",vh6517,#0,او نورمال تسمعي هاد المواضيع,noob_saltou7#0,
"2024-08-05,21:53:04",vh6517,#0,جاوبيني,,
"2024-08-05,21:53:05",noob_saltou7,#0,ديو>,,
"2024-08-05,21:53:12",noob_saltou7,#0,لا,vh6517#0,
"2024-08-05,21:53:16",raku_9,#0,ايه صراو صوالح ياسر,vh6517#0,
"2024-08-05,21:53:29",a7_b.,#0,real,,
"2024-08-05,21:53:36",luffysenpai2011,#0,يا خو هذي مرا,,
"2024-08-05,21:53:42",vh6517,#0,ايا علاه راكي هنا,noob_saltou7#0,
"2024-08-05,21:53:54",noob_saltou7,#0,ولله ما علابالي,,
"2024-08-05,21:53:55",raku_9,#0,علاه راكي داخلة فويس ضرك قاع كاش زنجي يدخل يسمعك الكلام,,
"2024-08-05,21:53:59",vh6517,#0,تشفالو واسيم,raku_9#0,
"2024-08-05,21:54:07",raku_9,#0,ايه,vh6517#0,
"2024-08-05,21:54:08",noob_saltou7,#0,غدوا نخرج,,
"2024-08-05,21:54:16",luffysenpai2011,#0,خاوتي حبسو تمهبيل هذا 😑,,
"2024-08-05,21:54:24",a7_b.,#0,real,luffysenpai2011#0,
"2024-08-05,21:54:29",vh6517,#0,تشفا كي كانو الليكلان,raku_9#0,
"2024-08-05,21:54:33",raku_9,#0,تبعي في هوفا هاه,noob_saltou7#0,
"2024-08-05,21:54:40",noob_saltou7,#0,رانا ملاح,a7_b.#0,
"2024-08-05,21:54:46",vh6517,#0,هكدا تعجبيني,noob_saltou7#0,
"2024-08-05,21:54:49",noob_saltou7,#0,واه هوفا>>>,raku_9#0,
"2024-08-05,21:54:50",raku_9,#0,نو ما شفيتش عليهم,vh6517#0,
"2024-08-05,21:54:51",a7_b.,#0,good,noob_saltou7#0,
"2024-08-05,21:55:08",noob_saltou7,#0,Mli7,,
"2024-08-05,21:55:12",raku_9,#0,<:emoji_109:1259887162296635402>,noob_saltou7#0,
"2024-08-05,21:55:13",luffysenpai2011,#0,هوفا يتبع ذراري صغار و يخطفهم,,
"2024-08-05,21:55:29",vh6517,#0,قبل ماتخرجي برك ابعتيلي نيميرو تاعك نسحقك,noob_saltou7#0,
"2024-08-05,21:56:10",luffysenpai2011,#0,بصحتك خويا لعزيز,vh6517#0,
"2024-08-05,21:56:38",raku_9,#0,نو راني سيريو ماشي مليح طفلة تسمع عفايس عيانين سيرتو من ولد,noob_saltou7#0,
"2024-08-05,21:56:55",noob_saltou7,#0,._.,raku_9#0,
"2024-08-05,21:56:56",luffysenpai2011,#0,و الله ملازمش يا خو,raku_9#0,
"2024-08-05,21:57:30",vh6517,#0,دوكا نتي تسمعي واحد يهدر علا ز بو بلي تنفخلو جيك نورمال خطار يديروها فهاد السيرفر,,
"2024-08-05,21:57:36",luffysenpai2011,#0,بصح حتى لبنات ماشي كامل يطيحو نورمال كلي ماصرا ولاو,,
"2024-08-05,21:57:42",raku_9,#0,صباح نتفرج فيديو تع اليوم قريب الشيخ سمعني هوفا كي لقى ذاك العريان فالدوش,,
"2024-08-05,21:58:03",luffysenpai2011,#0,wtf,raku_9#0,
"2024-08-05,21:58:24",raku_9,#0,تفرج فيديو تع ليوم,luffysenpai2011#0,
"2024-08-05,21:58:31",luffysenpai2011,#0,قريب متت قريب يسمعو صحابك بلي عظم الله أجركم,raku_9#0,
"2024-08-05,21:58:44",luffysenpai2011,#0,يا خو كي نكون وحدي راني معاك في الرأي العام كيما يقول طراب كينج,raku_9#0,
"2024-08-05,21:59:18",raku_9,#0,<:emoji_47:1151909990727163954>,,
"2024-08-05,21:59:38",raku_9,#0,مي صح ما شفناش وش دار هوفا عند ذاك الراجل لي كان يدوش,,
"2024-08-05,21:59:48",raku_9,#0,باينا مسهالو,,
"2024-08-05,22:00:11",luffysenpai2011,#0,هو ملونات غذائية,raku_9#0,
"2024-08-05,22:00:34",luffysenpai2011,#0,هوفا يتبع ذراري صغار و يخطفهم و يغتاصبهم و يقطعلهم ديالهم بش يبعهم في هوفا شوب,,
"2024-08-05,22:10:29",c_rx.,#0,شكون يلعب فالورنت ولا كود,,
"2024-08-05,22:10:59",c_rx.,#0,شكون يمشي بهدرة طراب كينغ,luffysenpai2011#0,
"2024-08-05,22:11:11",3.6m,#0,<:9k:1189273274455179358>,,
"2024-08-05,22:11:28",3.6m,#0,وسمو,c_rx.#0,
"2024-08-05,22:12:03",c_rx.,#0,.,,
"2024-08-05,22:12:10",rayer43,#0,سلام,,
"2024-08-05,22:29:43",hunters_rage,#0,@لوبيا بلكرعين,,
"2024-08-05,22:31:45",kingofohio0383,#0,You guys,,
"2024-08-05,22:32:14",hunters_rage,#0,What,,
"2024-08-05,22:32:16",kingofohio0383,#0,Ricardo what you can do ?,,
"2024-08-05,22:33:27",rayer43,#0,واش,kingofohio0383#0,
"2024-08-05,22:33:48",rayer43,#0,جماعة نتحداكم تعرفو وش راني نسمع في سبوتفاي,,
"2024-08-05,22:34:08",kingofohio0383,#0,Gays niggers,,
"2024-08-05,22:34:13",rayer43,#0,لالا,kingofohio0383#0,
"2024-08-05,22:34:52",kingofohio0383,#0,واش ؟,,
"2024-08-05,22:35:03",rayer43,#0,شوف في حسابي,kingofohio0383#0,
"2024-08-05,22:35:19",rayer43,#0,تعطيني تقييم؟,,
"2024-08-05,22:35:44",kingofohio0383,#0,8/10,,
"2024-08-05,22:35:49",rayer43,#0,نايس,,
"2024-08-05,22:35:53",rayer43,#0,<:emoji_47:1151909990727163954>,,
"2024-08-05,22:36:26",kingofohio0383,#0,راني نلعب لعبة جامي واحد فيكم ما لعبها,,
"2024-08-05,22:36:37",rayer43,#0,لعبة سباق؟,kingofohio0383#0,
"2024-08-05,22:36:50",rayer43,#0,ولا شوتر,,
"2024-08-05,22:37:07",kingofohio0383,#0,استراتيجي,,
"2024-08-05,22:37:57",kingofohio0383,#0,Univers at war,,
"2024-08-05,22:39:16",rayer43,#0,وي منعرفاش,,
"2024-08-05,22:39:27",kingofohio0383,#0,Sad,,
"2024-08-05,22:39:46",kingofohio0383,#0,خلينا من ألعاب تاع اطفال و ندخلوا في سيريو,,
"2024-08-05,22:42:15",kingofohio0383,#0,واش رايكم في رجلين,,
"2024-08-05,22:47:00",hunters_rage,#0,What,,
"2024-08-05,22:47:05",hunters_rage,#0,عبسان دي واترسن,,
"2024-08-05,22:47:31",hunters_rage,#0,عباس,,
"2024-08-05,22:47:39",hunters_rage,#0,@شهواني_ساتر_روحو,,
"2024-08-05,22:49:04",dzaiko.,#0,سلام,,
"2024-08-05,22:49:05",kingofohio0383,#0,Wanna see my feet,,
"2024-08-05,22:49:24",hunters_rage,#0,نعشقهم,kingofohio0383#0,
"2024-08-05,22:49:32",kingofohio0383,#0,W8,,
"2024-08-05,22:49:51",hunters_rage,#0,لا سمحلي,,
"2024-08-05,22:50:22",kingofohio0383,#0,مش مشكل خصوك رجلين جوز بريفي,,
"2024-08-05,22:50:52",hunters_rage,#0,Your feet is black,,
"2024-08-05,22:50:57",hunters_rage,#0,I love 6 years old feet,,
"2024-08-05,22:51:22",kingofohio0383,#0,Damn bro,,
"2024-08-05,22:51:27",kingofohio0383,#0,ذوقك راقي,,
"2024-08-05,22:52:13",hunters_rage,#0,Feet🦶,,
"2024-08-05,22:52:25",hunters_rage,#0,👶,,
"2024-08-05,22:52:58",q.s7_,#0,ذويق,hunters_rage#0,
"2024-08-05,22:53:10",flen.vx,#0,<:emoji_109:1259887162296635402>,,
"2024-08-05,22:53:26",kingofohio0383,#0,احب المسطحات مع big gyat,,
"2024-08-05,22:53:30",q.s7_,#0,يشوفك يجبدهولك,flen.vx#0,
"2024-08-05,22:53:54",flen.vx,#0,يخو هذي خطة ذكية به يحطني فليتيوب😎,,
"2024-08-05,22:54:20",flen.vx,#0,يقحح فكاوني,,
"2024-08-05,22:54:20",q.s7_,#0,انسا'-',flen.vx#0,
"2024-08-05,22:54:35",q.s7_,#0,وش بيك؟,,
"2024-08-05,22:54:43",flen.vx,#0,"ولو""-""",,
"2024-08-05,22:54:50",q.s7_,#0,'-' كيوت,,
"2024-08-05,22:54:59",flen.vx,#0,نطيحلك؟,,
"2024-08-05,22:55:23",flen.vx,#0,<:fbiSpong:1150411393087045682>,,
"2024-08-05,22:55:28",kingofohio0383,#0,,,https://cdn.discordapp.com/attachments/1227367017661595708/1270138129046700184/voice-message.ogg?ex=672de00f&is=672c8e8f&hm=1053eedb0508374b9cdace63f78e4994c72105ef294c9b746aee1407c51c8793&
"2024-08-05,22:55:47",q.s7_,#0,فرغ قلبك,flen.vx#0,
"2024-08-05,22:55:53",q.s7_,#0,<a:7164blobtrash:1120830496805503057>,,
"2024-08-05,22:56:09",flen.vx,#0,"ندي ذنوب في باطل""-""",,
"2024-08-05,22:56:21",q.s7_,#0,فاقلي الكلب,,
"2024-08-05,22:56:31",kingofohio0383,#0,"Boring
بصح عندك حق",,
"2024-08-05,22:57:02",flen.vx,#0,ريتشارد لبوشي مربب,,
"2024-08-05,22:57:23",kingofohio0383,#0,Average one study in بوزريعة,,
"2024-08-05,22:57:27",flen.vx,#0,وتفاك😂,,
"2024-08-05,22:57:35",hunters_rage,#0,Baby,,
"2024-08-05,22:57:35",hunters_rage,#0,🚼🚼<:cum:1152013788653031434>,,
"2024-08-05,22:57:46",q.s7_,#0,ادعم !!,hunters_rage#0,
"2024-08-05,22:57:59",flen.vx,#0,لا,,
"2024-08-05,22:58:10",kingofohio0383,#0,"Nah bro 
that's to much",hunters_rage#0,
"2024-08-05,22:58:14",q.s7_,#0,علاه؟,flen.vx#0,
"2024-08-05,22:58:35",flen.vx,#0,عيب,,
"2024-08-05,22:58:42",q.s7_,#0,بصح شابين,,
"2024-08-05,22:58:48",kingofohio0383,#0,برو ذراري مفيهمش بنة,,
"2024-08-05,22:58:51",3azo.zk,#0,خاوتي واحد ماشاف  باطاطا,,
"2024-08-05,22:58:56",flen.vx,#0,يقحح ديسكورد ذا شعال عندو وهوا مفتوح,,
"2024-08-05,22:59:10",kingofohio0383,#0,And my dick to big might i kill someone,,
"2024-08-05,22:59:12",flen.vx,#0,"هوفا ارحل ليوم حط فديو ""-""",,
"2024-08-05,22:59:14",q.s7_,#0,العكس سيرتو كي يقولك وش هدا يجدك بنة عظيمة,kingofohio0383#0,
"2024-08-05,22:59:44",flen.vx,#0,"<@1066364891725824100>""-""",Central Bank.#7895,
"2024-08-05,23:00:11",q.s7_,#0,حاس حيجي يجبدهولك و يروح,flen.vx#0,
"2024-08-05,23:00:31",flen.vx,#0,يعطينا وحدا بيتش ويروح,q.s7_#0,
"2024-08-05,23:00:44",kingofohio0383,#0,يقتلك بي طوطا و يروح,,
"2024-08-05,23:01:10",flen.vx,#0,لي يضحك يحب طوطا برعاية جليل,,
"2024-08-05,23:01:31",q.s7_,#0,<:ChineseMan:1150410495434690630>,,
"2024-08-05,23:01:39",q.s7_,#0,ضفك لقيت راس,,
"2024-08-05,23:01:39",flen.vx,#0,ودفاككك,,
"2024-08-05,23:01:44",hunters_rage,#0,<:emoji_91:1188672059321094224> <:emoji_107:1197267193713410228>,,
"2024-08-05,23:01:49",flen.vx,#0,يخو ذا حبة بيض,,
"2024-08-05,23:02:05",q.s7_,#0,<a:emoji_85:1188620238388994118>,,
"2024-08-05,23:02:16",q.s7_,#0,جليل نتا لزرق ولا لحمر؟,,
"2024-08-05,23:02:33",flen.vx,#0,انا لمهم نحويك,q.s7_#0,
"2024-08-05,23:02:42",q.s7_,#0,و انا؟,flen.vx#0,
"2024-08-05,23:02:44",hunters_rage,#0,هذا واش معنتها ege head,,
"2024-08-05,23:03:00",flen.vx,#0,"لا يخو نتا اقعد قاي""-""",,
"2024-08-05,23:03:00",themask0239,#0,# سي بنان,,
"2024-08-05,23:03:13",flen.vx,#0,مروك ول,themask0239#0,
"2024-08-05,23:03:14",themask0239,#0,,,https://cdn.discordapp.com/attachments/1227367017661595708/1270140086239101049/Screenshot_20240805-213006.png?ex=672de1e2&is=672c9062&hm=950369448a0aa7885dc1fe29ae54fe32143fa41a9cb0f85ac038df2dcdcf19b8&
"2024-08-05,23:03:19",q.s7_,#0,تحشيلي قود انا الطوب,flen.vx#0,
"2024-08-05,23:03:22",kingofohio0383,#0,خاوتي نسينا قضية لي جمعتنا مع لول,,
"2024-08-05,23:03:37",q.s7_,#0,وش هي,kingofohio0383#0,
"2024-08-05,23:03:41",kingofohio0383,#0,رجلين,,
"2024-08-05,23:03:42",flen.vx,#0,يخو كمل احكي انا ترشقتلي,,
"2024-08-05,23:03:54",flen.vx,#0,رجلين نسا لحمورة بنة,,
"2024-08-05,23:03:58",3azo.zk,#0,هوم لاندر انتخابات قراب,,
"2024-08-05,23:04:19",kingofohio0383,#0,لي يفوطي على رجلين تاع وحدة بشرة خمرية,,
"2024-08-05,23:04:23",q.s7_,#0,وتفف,flen.vx#0,
"2024-08-05,23:04:34",kingofohio0383,#0,لي يفوطي على رجلين حمورة تاع بشرة بيضة,,
"2024-08-05,23:04:35",flen.vx,#0,<:emoji_109:1259887162296635402>,3azo.zk#0,
"2024-08-05,23:04:47",q.s7_,#0,فوطو عليا,,
"2024-08-05,23:05:10",flen.vx,#0,بيتش,,
"2024-08-05,23:05:10",3azo.zk,#0,<:9k:1189273274455179358>,q.s7_#0,
"2024-08-05,23:05:13",kingofohio0383,#0,نفوطو على رجلسك ؟,,
"2024-08-05,23:05:19",kingofohio0383,#0,رجليك*,,
"2024-08-05,23:05:28",q.s7_,#0,لالا,,
"2024-08-05,23:05:42",q.s7_,#0,يرب وقيل حيحويني جن💀,,
"2024-08-05,23:06:06",flen.vx,#0,لا يلجن متحويهش خليني انا نحويه لول,q.s7_#0,
"2024-08-05,23:06:22",q.s7_,#0,قاعد نشوف في الكوا و نطيح حتى طاحت المانيطا,,
"2024-08-05,23:06:30",3azo.zk,#0,انا درتاها معا لجن العاشق,,
"2024-08-05,23:06:40",flen.vx,#0,باينة هوا درهولك,3azo.zk#0,
"2024-08-05,23:06:40",kingofohio0383,#0,نعرف واحد هكذا حواه جن,q.s7_#0,
"2024-08-05,23:06:54",kingofohio0383,#0,شكون هات مد,3azo.zk#0,
"2024-08-05,23:07:02",q.s7_,#0,يربك نروح ندير قرأن💀,,
"2024-08-05,23:07:03",flen.vx,#0,كيما <@1253227152338456618>,q.s7_#0、kingofohio0383#0,
"2024-08-05,23:07:17",3azo.zk,#0,ياخوا طفلة,flen.vx#0,
"2024-08-05,23:07:29",kingofohio0383,#0,اك راجل,,
"2024-08-05,23:07:30",flen.vx,#0,يعطط طفلة شكي ديري هنا,3azo.zk#0,
"2024-08-05,23:07:40",flen.vx,#0,روحي اغسلي لمواعن,,
"2024-08-05,23:07:43",q.s7_,#0,نتي طفلة؟,3azo.zk#0,
"2024-08-05,23:07:49",kingofohio0383,#0,Wtf,,
"2024-08-05,23:07:52",3azo.zk,#0,<:9k:1189273274455179358>,,
"2024-08-05,23:08:02",q.s7_,#0,سويتي كيراكي,3azo.zk#0,
"2024-08-05,23:08:05",flen.vx,#0,بيتش,,
"2024-08-05,23:08:22",3azo.zk,#0,ياخوا انا طفل,,
"2024-08-05,23:08:32",flen.vx,#0,طفلة متحشيليش,3azo.zk#0,
"2024-08-05,23:08:32",3azo.zk,#0,عندي دليل,,
"2024-08-05,23:08:34",q.s7_,#0,او,3azo.zk#0,
"2024-08-05,23:08:54",flen.vx,#0,هاتي نيميرو تع باباك نقلو نحيلها تيليفون,,
"2024-08-05,23:09:17",q.s7_,#0,وري لريتشارد باش نتأكدو,3azo.zk#0,
"2024-08-05,23:09:29",flen.vx,#0,ضحكت,q.s7_#0,
"2024-08-05,23:09:52",kingofohio0383,#0,انثى,q.s7_#0,
"2024-08-05,23:10:00",q.s7_,#0,وريلنا,kingofohio0383#0,
"2024-08-05,23:10:18",flen.vx,#0,وريلنا S O A,,
"2024-08-05,23:10:32",kingofohio0383,#0,نستر وليات🫡,,
"2024-08-05,23:10:35",hunters_rage,#0,اين هم الايناثثثثث !!!,,
"2024-08-05,23:10:48",flen.vx,#0,يغسلو لمواعن,hunters_rage#0,
"2024-08-05,23:11:00",flen.vx,#0,اخدمي يلبطارة سباح سكتي,,
"2024-08-05,23:11:05",q.s7_,#0,راه ليل🤭,hunters_rage#0,
"2024-08-05,23:11:15",hunters_rage,#0,جيبهم نروريلهم الدولة النازية ،ak47,flen.vx#0,
"2024-08-05,23:11:20",hunters_rage,#0,<:emoji_91:1188672059321094224>,,
"2024-08-05,23:11:22",flen.vx,#0,رهم يتفرجو فل موقع الازرق,,
"2024-08-05,23:11:59",q.s7_,#0,بنات ميعرفوش'-',flen.vx#0,
"2024-08-05,23:12:12",flen.vx,#0,3اصفر 3ابيض من لفائز؟,,
"2024-08-05,23:12:23",flen.vx,#0,يعرفو خير منك😔,q.s7_#0,
"2024-08-05,23:12:28",hunters_rage,#0,بعيت نحوي دولة اوروبيا لي قتلت جدي,,
"2024-08-05,23:12:30",mhmdy,#0,السلام عليكم,,
"2024-08-05,23:12:34",kingofohio0383,#0,مزالك نية,q.s7_#0,
"2024-08-05,23:12:36",q.s7_,#0,هممممم,flen.vx#0,
"2024-08-05,23:12:44",q.s7_,#0,و عليكم السلام,mhmdy#0,
"2024-08-05,23:12:47",flen.vx,#0,وعليكم السلام,mhmdy#0,
"2024-08-05,23:12:56",kingofohio0383,#0,ورينا رجليك,mhmdy#0,
"2024-08-05,23:13:28",mhmdy,#0,جماعه وين راح ذاك لي يكتب ب خط كبير,,
"2024-08-05,23:13:31",mhmdy,#0,نسيت اسمه,,
"2024-08-05,23:13:34",amirxlol_55368,#0,جمعا,,
"2024-08-05,23:13:41",flen.vx,#0,اوو cj,,
"2024-08-05,23:13:41",hunters_rage,#0,<:emoji_105:1191547895724380263>,,
"2024-08-05,23:13:43",mhmdy,#0,🗿نقا رجلين علاه,kingofohio0383#0,
"2024-08-05,23:14:02",flen.vx,#0,يخو تحماو فيا ديرلهم لكود تع سلحات,amirxlol_55368#0,
"2024-08-05,23:14:07",mhmdy,#0,نقا سي جي رآه بيق سموق تمنيخ بيك وسرقك,amirxlol_55368#0,
"2024-08-05,23:14:07",kingofohio0383,#0,for my dark purpose,mhmdy#0,
"2024-08-05,23:14:31",flen.vx,#0,شرلق نط الانستا,,
"2024-08-05,23:14:34",mhmdy,#0,💀,kingofohio0383#0,
"2024-08-05,23:14:43",amirxlol_55368,#0,كفه ندير بش نقبل القونين تع لميمز,,
"2024-08-05,23:14:45",q.s7_,#0,سيجي كفاش ترجع من الموت ؟,amirxlol_55368#0,
"2024-08-05,23:14:55",mhmdy,#0,خايف نقلك تزعف,amirxlol_55368#0,
"2024-08-05,23:14:57",mhmdy,#0,💀,,
"2024-08-05,23:15:07",amirxlol_55368,#0,توسوستلك,,
"2024-08-05,23:15:10",flen.vx,#0,cj كيفاه تحوي باطل,,
"2024-08-05,23:15:13",mhmdy,#0,يقلك اعطيني حاجه💀قع لي راهم يهبطو داروها,,
"2024-08-05,23:15:38",mhmdy,#0,نحاول نحميك من شيء لا رجعه فيه سي جي ارجع حارة نتاعك خير 💀,amirxlol_55368#0,
"2024-08-05,23:15:45",flen.vx,#0,cj مبغاش يحلبنا😔,,
"2024-08-05,23:15:57",flen.vx,#0,cj لم يعد,,
"2024-08-05,23:16:02",mhmdy,#0,راح يني-ك س-وة تع بيق سموك,flen.vx#0,
"2024-08-05,23:16:04",amirxlol_55368,#0,وشبيك وشتشحق,,
"2024-08-05,23:16:23",q.s7_,#0,سيجي و.ق😿 نسا يامات كنت نديه يمدها للابوليس,flen.vx#0,
"2024-08-05,23:16:34",q.s7_,#0,كحالش طغاو,,
"2024-08-05,23:17:06",walide.34.,#0,سلام,,
"2024-08-05,23:17:07",amirxlol_55368,#0,جيت نشقسيكم هبلتو عليا,,
"2024-08-05,23:17:24",q.s7_,#0,و عليكم السلام,walide.34.#0,
"2024-08-05,23:17:26",amirxlol_55368,#0,هدي حقر,,
"2024-08-05,23:17:27",flen.vx,#0,cj تبدل علينا😔,amirxlol_55368#0,
"2024-08-05,23:17:35",mhmdy,#0,ملعبناش بيك من 2015,amirxlol_55368#0,
"2024-08-05,23:17:39",flen.vx,#0,شكون حقرك cj,amirxlol_55368#0,
"2024-08-05,23:17:50",flen.vx,#0,ياخو نتا مشي الاصلي نتا كيوت,,
"2024-08-05,23:17:51",walide.34.,#0,وشراكم شباب CV,,
"2024-08-05,23:17:58",mhmdy,#0,ختمنا لعبه وخلاصت حكايتك,,
"2024-08-05,23:18:07",amirxlol_55368,#0,شكون نت بش نتبدل عليك,,
"2024-08-05,23:18:09",flen.vx,#0,cj مربب يعوم فزيقو,,
"2024-08-05,23:18:26",mhmdy,#0,صدق او لا تصدق شي جي كانت عنده مدامه كحلوشه,flen.vx#0,
"2024-08-05,23:18:30",flen.vx,#0,تسما نتا مشي cj متنكر برك😔,amirxlol_55368#0,
"2024-08-05,23:18:34",mhmdy,#0,أكثر منو,,
"2024-08-05,23:18:47",amirxlol_55368,#0,انا نقلوك شكون,,
"2024-08-05,23:19:03",mhmdy,#0,كان يصوني لل بنات يركبو معاه,,
"2024-08-05,23:19:08",mhmdy,#0,سي جي شيكور,,
"2024-08-05,23:19:13",mhmdy,#0,ايه,amirxlol_55368#0,
"2024-08-05,23:19:17",amirxlol_55368,#0,بيتا,,
"2024-08-05,23:19:19",kingofohio0383,#0,Cj نتا علاش popular,amirxlol_55368#0,
"2024-08-05,23:19:19",flen.vx,#0,<:cum:1152013788653031434>,amirxlol_55368#0,
"2024-08-05,23:19:28",q.s7_,#0,<a:7164blobtrash:1120830496805503057>,,
"2024-08-05,23:20:05",amirxlol_55368,#0,انا,,
"2024-08-05,23:20:21",mhmdy,#0,سي جي كي قتلت بيق سموك وش درت بل جثه,,
"2024-08-05,23:20:42",mhmdy,#0,طوطه و شحمه اذن  اجيبلك +22 مليون دولار,,
"2024-08-05,23:20:46",kingofohio0383,#0,يب,amirxlol_55368#0,
"2024-08-05,23:20:52",amirxlol_55368,#0,وش دخل هدي في هدي,,
"2024-08-05,23:20:53",mhmdy,#0,طوكه زوج مليون وشحمه اذن 20,,
"2024-08-05,23:21:19",mhmdy,#0,"I don't know, you killed him",,
"2024-08-05,23:21:28",mhmdy,#0,You have to do something with his body,,
"2024-08-05,23:21:49",amirxlol_55368,#0,منف همش فرونصي,,
"2024-08-05,23:22:19",mhmdy,#0,مش فرونص,,
"2024-08-05,23:22:20",mhmdy,#0,ي,,
"2024-08-05,23:22:24",mhmdy,#0,ذي إنجليزيه,,
"2024-08-05,23:22:35",amirxlol_55368,#0,كيف كيف,,
"2024-08-05,23:22:43",mhmdy,#0,قلتلك نتا قتلتو لازم تدير حاجه ب جسمو,,
"2024-08-05,23:23:04",mhmdy,#0,<:emoji_47:1151909990727163954>,,
"2024-08-05,23:23:07",amirxlol_55368,#0,نديرك كود,,
"2024-08-05,23:23:29",mhmdy,#0,كفاش مفهمتش 🗿,,
"2024-08-05,23:23:41",mhmdy,#0,تدير كود قصدك😂باش تخفيه,,
"2024-08-05,23:23:51",mhmdy,#0,سي جي شيكور,,
"2024-08-05,23:23:51",amirxlol_55368,#0,لالا,,
"2024-08-05,23:23:58",mhmdy,#0,ملا كفاش,amirxlol_55368#0,
"2024-08-05,23:24:10",amirxlol_55368,#0,بش نجيبو لعندي,,
"2024-08-05,23:24:47",mhmdy,#0,ايههه,amirxlol_55368#0,
"2024-08-05,23:26:00",amirxlol_55368,#0,ندير كود وحد خر بش نكبر سلح,,
"2024-08-05,23:27:39",amirxlol_55368,#0,ماكن حت وحد,,
"2024-08-05,23:43:11",fiyijak201,#0,شاهو صحبي تلعب اونلاين,amirxlol_55368#0,
"2024-08-05,23:47:30",vh6517,#0,<@1243223987627229249> ياخو ادخل لسيرفر لي راهو فلبروفايل,fiyijak201#0,
"2024-08-05,23:47:32",vh6517,#0,تاعي,,
"2024-08-05,23:47:36",vh6517,#0,تاع شوب,,
"2024-08-05,23:47:51",vh6517,#0,او تعيش لي تعرفهما اعرضهم معاك,,
"2024-08-05,23:48:04",fiyijak201,#0,تاعش سيرفر,,
"2024-08-05,23:48:09",vh6517,#0,ولا محبيتش هادا رأيك,,
"2024-08-05,23:48:16",vh6517,#0,تاع شوب,fiyijak201#0,
"2024-08-05,23:48:20",fiyijak201,#0,صح دوك نشوف,,
"2024-08-05,23:48:51",vh6517,#0,شحن . Acc . Credit,,
"2024-08-05,23:48:58",fiyijak201,#0,صح,,
"2024-08-05,23:49:20",vh6517,#0,مرحبابيك<a:emoji_239:1096602774277455882>,,
"2024-08-05,23:49:28",jordyy.a3ttt,#0,,,https://cdn.discordapp.com/attachments/1227367017661595708/1270151722227994624/Screenshot_2024-08-05-02-27-50-98_a74834d505918fcf15f301be6012aa67.jpg?ex=672decb8&is=672c9b38&hm=fe243e388cc4e76141f743223266ccc9aee1df39f1454daffeebd044602551c7&
"2024-08-05,23:50:08",fiyijak201,#0,اا راني دخلت,vh6517#0,
"2024-08-05,23:50:41",vh6517,#0,مازال نطورو,fiyijak201#0,
"2024-08-05,23:50:50",vh6517,#0,راو مليح ول اسعار ؟؟,,
"2024-08-05,23:58:00",gaxtota,#0,Wiiii,,
"2024-08-05,23:59:05",raku_9,#0,مزال كاين قدام,jordyy.a3ttt#0,
"2024-08-06,00:00:03",gaxtota,#0,ليكيب,,
"2024-08-06,00:00:15",gaxtota,#0,عندي فيديو تاع ميمز اسطوووووري,,
"2024-08-06,00:01:57",a7_b.,#0,يخي حالة,,
"2024-08-06,00:02:00",a7_b.,#0,بخصو بينا,,
"2024-08-06,00:02:19",a7_b.,#0,طفلة جزائرية في الاولومبيات حسبوها طفل,,
"2024-08-06,00:02:37",a7_b.,#0,ناقصنا مشاكل <:BL_SkullSob:1223254002502729738> 🙏,,
"2024-08-06,00:04:05",gaxtota,#0,ههههه,,
"2024-08-06,00:04:21",gaxtota,#0,تضربك بكوتبي تمحيك من دنيا,,
"2024-08-06,00:05:34",a7_b.,#0,كاينة,gaxtota#0,
"2024-08-06,00:08:01",demon_slayer_tanjiro_kamado,#0,يدكم فيه,,
"2024-08-06,00:08:26",sp000yler,#0,وشا الياس راك هنا؟,,
"2024-08-06,00:08:41",raku_9,#0,"هبلوني ل مفتاخرين فيها
و كون تقولوا خلي ختك تلعب يطيحلك",a7_b.#0,
"2024-08-06,00:08:55",gaxtota,#0,خلي ختك تلعب,,
"2024-08-06,00:09:13",demon_slayer_tanjiro_kamado,#0,باش تلعب ؟,gaxtota#0,
"2024-08-06,00:09:16",a7_b.,#0,هدوء ماقبل العاصفة,gaxtota#0,
"2024-08-06,00:10:29",gaxtota,#0,شوف نتاا,demon_slayer_tanjiro_kamado#0,
"2024-08-06,00:10:31",raku_9,#0,تلعب بوكسينغ,demon_slayer_tanjiro_kamado#0,
"2024-08-06,00:11:30",a7_b.,#0,ههههههه,,
"2024-08-06,00:11:30",themask0239,#0,نيقرز,jordyy.a3ttt#0,
"2024-08-06,00:11:41",a7_b.,#0,"لقيت واحد كاتب في التعليقات 
بنت بلادي شرفت الجزائر 🇩🇿",,
"2024-08-06,00:11:50",a7_b.,#0,ختك لي شرفت الجزائر,,
"2024-08-06,00:12:02",themask0239,#0,فك ذات مان كشم ولينا في زمان نطننو على رسمات,jordyy.a3ttt#0,
"2024-08-06,00:13:49",raku_9,#0,بسيف رسمات ولاو خير من نساء تع صح,themask0239#0,
"2024-08-06,00:14:29",themask0239,#0,كاينة,raku_9#0,
"2024-08-06,00:14:49",gaxtota,#0,لا لا نطننو لي قيمرز تاع hoova,,
"2024-08-06,00:15:22",a7_b.,#0,US?,jordyy.a3ttt#0,
"2024-08-06,00:15:57",rayer43,#0,واش راكم,,
"2024-08-06,00:16:09",gaxtota,#0,كاينة,,
"2024-08-06,00:16:18",gaxtota,#0,نا لباس,rayer43#0,
"2024-08-06,00:17:05",rayer43,#0,الحمد لله,gaxtota#0,
"2024-08-06,00:17:48",rayer43,#0,واقيلا راه وقت الرقاد,,
"2024-08-06,00:17:59",rayer43,#0,أيا جماعة تصبحو على خير,,
"2024-08-06,00:18:05",rayer43,#0,و متبنيطوش,,
"2024-08-06,00:18:14",gaxtota,#0,Jj,,
"2024-08-06,00:18:34",gaxtota,#0,نشاله,rayer43#0,
"2024-08-06,00:20:14",themask0239,#0,Ty,,
"2024-08-06,00:20:17",themask0239,#0,Trd,,
"2024-08-06,00:20:21",themask0239,#0,Nig,,
"2024-08-06,00:20:26",themask0239,#0,Grs,,
"2024-08-06,00:20:38",gaxtota,#0,Totaaaa,,
"2024-08-06,00:20:47",gaxtota,#0,سعيدا نشاله,,
"2024-08-06,00:26:24",vv_sr7,#0,بزول 🥵,jordyy.a3ttt#0,
"2024-08-06,00:28:05",_flitox.,#0,,jordyy.a3ttt#0,https://cdn.discordapp.com/attachments/1227367017661595708/1270161439117803622/voice-message.ogg?ex=672df5c5&is=672ca445&hm=289ed4b7c8f16df4a309c3ae8fa605316507679afd99c9696c3499ee7a7911ed&
"2024-08-06,00:28:09",_flitox.,#0,,,https://cdn.discordapp.com/attachments/1227367017661595708/1270161456846868530/voice-message.ogg?ex=672df5c9&is=672ca449&hm=1e0aa4d4bb8f5b5a1d3872e2e0a19d32841b3d47c4fdd6282df4a1b7e8f4d750&
"2024-08-06,00:28:14",vv_sr7,#0,,,https://cdn.discordapp.com/attachments/1227367017661595708/1270161476380004393/VID_78120425_205654_179.mp4?ex=672df5ce&is=672ca44e&hm=97c400f6e9625be1b56c171ecccef246ee0354b6fc4e25bfc522f65bd7a49932&
"2024-08-06,00:36:10",themask0239,#0,<@1169250247847972887>,_flitox.#0,
"2024-08-06,00:36:14",themask0239,#0,يلمطنن,,
"2024-08-06,00:36:42",themask0239,#0,<@1169250247847972887> تع ألجي سونطر خرجو عن سيطرة,_flitox.#0,
"2024-08-06,00:41:20",kingofohio0383,#0,واش صرع,themask0239#0,
"2024-08-06,00:58:18",themask0239,#0,قالي أرواح عندي لعاصمة نتهلى فيك,kingofohio0383#0,
"2024-08-06,00:58:28",_flitox.,#0,Wch sra?,themask0239#0,
"2024-08-06,00:58:35",mehdi013482,#0,Nakouk,,
"2024-08-06,00:58:45",themask0239,#0,# عرضني لدارو لي طولاط وسرير,_flitox.#0,
"2024-08-06,00:59:04",themask0239,#0,# ويفتخر بألجي سونطر و باطيمات تع فورنسا,,
"2024-08-06,00:59:22",mehdi013482,#0,Yooo,,
"2024-08-06,00:59:32",themask0239,#0,# شوف نوفال تع قسنطينة لبلاد لي بنتها فرونسا فرغة ناس كامل رحو لمدينة جديدة,,
"2024-08-06,01:00:14",themask0239,#0,# وهو تلقاه عايش في طولايط و كوزينة ديما مطايش في ألجي سونطر عايش بلقرنطيطا,,
"2024-08-06,01:01:59",plxyboizeus,#0,# اجمي,,
"2024-08-06,01:02:12",_flitox.,#0,,,https://cdn.discordapp.com/attachments/1227367017661595708/1270170024581271664/voice-message.ogg?ex=672dfdc4&is=672cac44&hm=df40b6299fe5e4dad83395e31c127539ecdcf3b22f9d65e0bec5c7aa4adbb3cd&
"2024-08-06,01:02:22",_flitox.,#0,# اش هاد لكلاوي,plxyboizeus#0,
"2024-08-06,01:02:59",themask0239,#0,# نتا لي وشبيك على ألجي سونطر <@1169250247847972887>  تتكبر زعما,_flitox.#0,
"2024-08-06,01:03:11",themask0239,#0,# تكحل على روسيات و ميغريات,,
"2024-08-06,01:03:13",its_chmsou,#0,<@418799505060659202> AFT7I LMICE,_jaxmine_#0,
"2024-08-06,01:03:22",_jaxmine_,#0,asbr asbr,its_chmsou#0,
"2024-08-06,01:03:28",_jaxmine_,#0,t9it9a,,
"2024-08-06,01:03:33",themask0239,#0,# ayooo,_jaxmine_#0,
"2024-08-06,01:03:46",its_chmsou,#0,rigl bb girl,_jaxmine_#0,
"2024-08-06,01:03:54",_flitox.,#0,,themask0239#0,https://cdn.discordapp.com/attachments/1227367017661595708/1270170451418808370/voice-message.ogg?ex=672dfe2a&is=672cacaa&hm=ded9549ab6dcf99feb4a23e425de316c2f47ee68a6382bff21e5b5ca7fa3bcaf&
"2024-08-06,01:04:30",_flitox.,#0,<@980171823515840604>  khsk zaba wa9il?,its_chmsou#0,
"2024-08-06,01:04:39",themask0239,#0,# <@1169250247847972887>  مش عليك ياشكوبي على وحد فرشة في دسكورد,_flitox.#0,
"2024-08-06,01:05:20",_flitox.,#0,,themask0239#0,https://cdn.discordapp.com/attachments/1227367017661595708/1270170814527836170/voice-message.ogg?ex=672dfe80&is=672cad00&hm=c8eeff6bf98aecd5e7cb1db69438e0c39b315bc393561e4a0e96072ff5fc3454&
"2024-08-06,01:05:24",themask0239,#0,# قالي كيفاش عايش في قسنطينة ومعرف وشنو شغل ألجي سونطر وعاصمة الجنة,,
"2024-08-06,01:05:44",themask0239,#0,<@1169250247847972887>  غدو ندخلك لهذا سرفر فهمو,_flitox.#0,
"2024-08-06,01:05:50",_flitox.,#0,,themask0239#0,https://cdn.discordapp.com/attachments/1227367017661595708/1270170938293485659/voice-message.ogg?ex=672dfe9e&is=672cad1e&hm=66cbfd4badeeb7971244068428d974ea64b80017e5b7ffb42df1df0f939babbf&
"2024-08-06,01:06:02",_flitox.,#0,,,https://cdn.discordapp.com/attachments/1227367017661595708/1270170988189057140/voice-message.ogg?ex=672dfeaa&is=672cad2a&hm=5e6cb5dc545b3aa51f6cdf5df0c685a51010a1018933dccb45c44bbb730dcf51&
"2024-08-06,01:06:05",_jaxmine_,#0,3lach mn9drch nhat l memes?,,
"2024-08-06,01:06:29",themask0239,#0,# نكذب عليك حبابي في ألجي مشي حكاية نكره عاصمة بصح بنادم كيما هذا عايش بلقرنطيطا يتكبر عليا,_flitox.#0,
"2024-08-06,01:06:37",_flitox.,#0,"<@1214967653370691624> 
ادا مابانيتش هذا اعرف ان الشيطان قد منعك <@980171823515840604>",jordyy.a3ttt#0、its_chmsou#0,
"2024-08-06,01:06:37",themask0239,#0,# دك نعتلك تصويرتو,,
"2024-08-06,01:07:04",_flitox.,#0,لازم رول,_jaxmine_#0,
"2024-08-06,01:07:19",its_chmsou,#0,tzirtli 7bb,_flitox.#0,
"2024-08-06,01:07:32",_jaxmine_,#0,aw kifah njibo?,_flitox.#0,
"2024-08-06,01:07:39",plxyboizeus,#0,فاصي فوطويا خويا,themask0239#0,
"2024-08-06,01:07:40",_flitox.,#0,,themask0239#0,https://cdn.discordapp.com/attachments/1227367017661595708/1270171397976756314/voice-message.ogg?ex=672dff0b&is=672cad8b&hm=70b03c63b048121baef0db3a1a9a2d45e5cef4368c475bd95204260ab035d217&
"2024-08-06,01:07:45",themask0239,#0,# أحمم,_jaxmine_#0,
"2024-08-06,01:07:55",_flitox.,#0,,,https://cdn.discordapp.com/attachments/1227367017661595708/1270171464884162632/voice-message.ogg?ex=672dff1b&is=672cad9b&hm=2aca7616d85369d020a4a73e35912a56d9e098ae645c95fba9a5c40f9b608f2b&
"2024-08-06,01:08:06",_flitox.,#0,<:uncannycat:1152013915954352148>,_jaxmine_#0,
"2024-08-06,01:08:07",themask0239,#0,# ايو كيفاش تفصات,,
"2024-08-06,01:08:22",jordyy.a3ttt,#0,mt7tch tsawr nas,themask0239#0,
"2024-08-06,01:08:32",themask0239,#0,اوكي,jordyy.a3ttt#0,
"2024-08-06,01:08:40",_jaxmine_,#0,lazm tchrih ?,themask0239#0,
"2024-08-06,01:08:53",themask0239,#0,<@418799505060659202>  هاهو قوليلو <@1214967653370691624>,jordyy.a3ttt#0、_jaxmine_#0,
"2024-08-06,01:08:54",_flitox.,#0,<@1214967653370691624> قوللها كيفاش تجيبو,jordyy.a3ttt#0、_jaxmine_#0,
"2024-08-06,01:09:06",plxyboizeus,#0,<:juan:1150418197581922344>,,
"2024-08-06,01:09:13",jordyy.a3ttt,#0,ghamlin grv,,
"2024-08-06,01:09:22",plxyboizeus,#0,<:NIGGA_omg:1150394296680329226>,jordyy.a3ttt#0,
"2024-08-06,01:09:28",_jaxmine_,#0,<@1214967653370691624> kifa njib role ta3 nht memes,jordyy.a3ttt#0,
"2024-08-06,01:09:29",kingofohio0383,#0,و كي رحت للعاصمة واش صرا,themask0239#0,
"2024-08-06,01:09:35",themask0239,#0,<@1169250247847972887> من تصويرتو يبان طالع بلقرنطيطا يتكبر عليا انا ولد عاصمة هو مشي شابع كرشو,_flitox.#0,
"2024-08-06,01:09:42",_flitox.,#0,,jordyy.a3ttt#0,https://cdn.discordapp.com/attachments/1227367017661595708/1270171910130368542/voice-message.ogg?ex=672dff86&is=672cae06&hm=a0354321f1e0b0c03aa95290eb14f56e57042e7a4ee758c0075285156433373b&
"2024-08-06,01:09:50",themask0239,#0,مزلت قتلو كون نجي عندكم,kingofohio0383#0,
"2024-08-06,01:10:02",jordyy.a3ttt,#0,a9ra rules,_jaxmine_#0,
"2024-08-06,01:10:37",themask0239,#0,كيما قلهم طهاري تتمنيخ بيا,_flitox.#0,
"2024-08-06,01:10:38",jordyy.a3ttt,#0,zyr ro7k lmn9ch,_flitox.#0,
"2024-08-06,01:10:58",_jaxmine_,#0,machi mktoub,jordyy.a3ttt#0,
"2024-08-06,01:11:07",themask0239,#0,<@1169250247847972887>,_flitox.#0,https://cdn.discordapp.com/attachments/1227367017661595708/1270172267426615296/VID_20240804_154418.mp4?ex=672dffdb&is=672cae5b&hm=b2d0131e88abdb60800e14bfbf0f06d57867960afec1389084e61de3ee6b6952&
"2024-08-06,01:11:07",jordyy.a3ttt,#0,nikzbi ra7 l nitro,,
"2024-08-06,01:11:11",kingofohio0383,#0,هذا مكان علابالي كاش ما درتوا هدة تاع هوغا,themask0239#0,
"2024-08-06,01:11:42",kingofohio0383,#0,I didn't lost my virginty cus i don't lose ever,themask0239#0,
"2024-08-06,01:11:45",themask0239,#0,لا مكانش ديجا بطلت نروح غير جيجل أرض أجداد,kingofohio0383#0,
"2024-08-06,01:11:45",jordyy.a3ttt,#0,@everyone li 3ndo nitro gift nmdlo admin,,
"2024-08-06,01:11:58",lucasuormahnocarchilos099,#0,<:emoji_47:1151909990727163954>,,
"2024-08-06,01:12:01",rissel_05,#0,9iw,jordyy.a3ttt#0,
"2024-08-06,01:12:03",themask0239,#0,سليماني <:emoji_47:1151909990727163954>,jordyy.a3ttt#0,
"2024-08-06,01:12:12",midnightakram.,#0,<:NIGGA_omg:1150394296680329226>,jordyy.a3ttt#0,
"2024-08-06,01:12:15",kingofohio0383,#0,ولاد ساز من عندي ربي عزاز,themask0239#0,
"2024-08-06,01:12:24",vh6517,#0,عندي نبيعهولك ب 200k,jordyy.a3ttt#0,
"2024-08-06,01:12:27",themask0239,#0,<@1188909935984115803> راك تسمع,midnightakram.#0,
"2024-08-06,01:12:31",_flitox.,#0,,jordyy.a3ttt#0,https://cdn.discordapp.com/attachments/1227367017661595708/1270172618934194250/voice-message.ogg?ex=672e002f&is=672caeaf&hm=2d4e04d045e0b07f4a91fc4c9b88cbe2c9cf2ed35fa4d11a5ee311c636a2c774&
"2024-08-06,01:12:33",mehdi013482,#0,Vive Alger,,
"2024-08-06,01:12:34",themask0239,#0,قلك باطل,vh6517#0,
"2024-08-06,01:12:39",guts_0.,#0,ويييييي,vh6517#0,
"2024-08-06,01:12:42",guts_0.,#0,محارب شهواني,,
"2024-08-06,01:12:44",guts_0.,#0,لاباس,,
"2024-08-06,01:12:53",h.71p,#0,Fr,,
"2024-08-06,01:12:55",h.71p,#0,Hey,,
"2024-08-06,01:12:58",xd7_ofc,#0,zawali,jordyy.a3ttt#0,
"2024-08-06,01:12:58",h.71p,#0,Yakl,,
"2024-08-06,01:13:03",themask0239,#0,<@1214967653370691624> ندير إبادة لهذو ؟,jordyy.a3ttt#0,
"2024-08-06,01:13:10",themask0239,#0,لي درو فلاق قي,,
"2024-08-06,01:13:11",_flitox.,#0,<:uhoh:1150411415572721765>,jordyy.a3ttt#0,
"2024-08-06,01:13:17",h.71p,#0,سلام عليكم,,
"2024-08-06,01:13:21",vooy,#0,هوم لاندر ماشي بيلي بوتشر دقلك شاكوش في عينك؟,themask0239#0,
"2024-08-06,01:13:54",themask0239,#0,دكيتلو تورنفيس في ڨلاويه,vooy#0,
"2024-08-06,01:14:24",vooy,#0,زح بالكوم بواند V,themask0239#0,
"2024-08-06,01:14:47",themask0239,#0,# حملة إنتخابية,,https://cdn.discordapp.com/attachments/1227367017661595708/1270173189665984593/Picsart_24-08-05_10-52-15-934.jpg?ex=672e00b7&is=672caf37&hm=baa050f99d3f00c996d4c03f866210b320927a97282f68056a9a0b084f1049ff&
"2024-08-06,01:14:52",.heythemdz,#0,برااااخ استغلال,jordyy.a3ttt#0,
"2024-08-06,01:15:02",midnightakram.,#0,بالك عندي link <:702623479245307944:1150411530660237343>,themask0239#0,
"2024-08-06,01:15:10",_flitox.,#0,,,https://cdn.discordapp.com/attachments/1227367017661595708/1270173286839484587/voice-message.ogg?ex=672e00ce&is=672caf4e&hm=b71626593a1685cc65feea58873c76925c82ba14bb6718bab8bdbc1c94459a2d&
"2024-08-06,01:15:14",themask0239,#0,<@952618507483381860>  متنساش مناش في سرفرات خليج,.heythemdz#0,
"2024-08-06,01:15:25",kingofohio0383,#0,و الجامعيات كيفاه ؟؟,themask0239#0,
"2024-08-06,01:15:37",.heythemdz,#0,ياخو انا نص حياتي فالسيرفر هذاك كشغل تئقلمت,themask0239#0,
"2024-08-06,01:15:49",themask0239,#0,# بعثتهم ينظفو سكك حديدة في صحراء لإظاهر مساوات بين رجل ومرأة,kingofohio0383#0,
"2024-08-06,01:16:17",kingofohio0383,#0,"Sex abuse 
need it",themask0239#0,
"2024-08-06,01:16:22",themask0239,#0,# لشتى أنا ثاني كنت ادمن في سرفر بندر قبل إنقلاب,.heythemdz#0,
"2024-08-06,01:16:23",6178320442,#0,Zbi,,
"2024-08-06,01:16:24",ak_miro,#0,يانمي راهي 1,,
"2024-08-06,01:16:25",ak_miro,#0,خير,,
"2024-08-06,01:16:34",6178320442,#0,Khalona nrogdo,,
"2024-08-06,01:16:46",noob_saltou7,#0,Chkon pinani?,,
"2024-08-06,01:16:48",t_l_13,#0,oui,,
"2024-08-06,01:16:53",kingofohio0383,#0,رانا راقدين في فراشك ؟,6178320442#0,
"2024-08-06,01:16:53",ak_miro,#0,ياسبونج يالعريان ارحل,,
"2024-08-06,01:16:57",ak_miro,#0,خلينا نرقدو,,
"2024-08-06,01:16:58",.heythemdz,#0,براااخ لهيت ليدير انقلاب تحشالو هو ماشي السيرفر,themask0239#0,
"2024-08-06,01:17:00",t_l_13,#0,3ndi netro gif,,
"2024-08-06,01:17:03",midnightakram.,#0,Fuck معنديش <:emoji_84:1188620191576367134>,,
"2024-08-06,01:17:03",khairo0_65209,#0,Er7al,,
"2024-08-06,01:17:06",_flitox.,#0,,6178320442#0,https://cdn.discordapp.com/attachments/1227367017661595708/1270173774947549225/voice-message.ogg?ex=672e0142&is=672cafc2&hm=a141f91962c3d50a54d8a84e7f85c3ac70afa049abbf50d53e2627b63c812f60&
"2024-08-06,01:17:14",kingofohio0383,#0,<:emoji_109:1259887162296635402>,,
"2024-08-06,01:17:18",6178320442,#0,Ay bl3,kingofohio0383#0,
"2024-08-06,01:17:23",ak_miro,#0,,,https://cdn.discordapp.com/attachments/1227367017661595708/1270173846091071549/voice-message.ogg?ex=672e0153&is=672cafd3&hm=83622a0c3a2da5f321fe7b29a4b66cd1796f52b74a1302cee7b91313318cf532&
"2024-08-06,01:17:45",t_l_13,#0,<@1214967653370691624>,jordyy.a3ttt#0,
"2024-08-06,01:17:52",rahim_gm10_09939,#0,🗿,,
"2024-08-06,01:17:53",t_l_13,#0,ana 3ndi netro gif,,
"2024-08-06,01:17:58",nounou8528,#0,,,https://cdn.discordapp.com/attachments/1227367017661595708/1270173991864238123/voice-message.ogg?ex=672e0176&is=672caff6&hm=8ab5d809c3e8387417e01556debb0eb849d6fdd597deaf9a351d4caa0393954b&
"2024-08-06,01:18:02",ymah0059,#0,Sa7bi la mekhsi nseleflek 9elwa,_flitox.#0,
"2024-08-06,01:18:20",ak_miro,#0,يدكم فيه للابد,,
"2024-08-06,01:18:23",ak_miro,#0,<:9k:1189273274455179358>,,
"2024-08-06,01:18:38",sadakefetihani,#0,تلعب بوبجي,,
"2024-08-06,01:18:49",_flitox.,#0,,ymah0059#0,https://cdn.discordapp.com/attachments/1227367017661595708/1270174207417909409/voice-message.ogg?ex=672e01a9&is=672cb029&hm=65fe2cc6f0886b8725f0b3ed0e3eeb62a76bc4ab66c1235cd6196c04705573fd&
"2024-08-06,01:19:01",ak_miro,#0,ياذباح اليهود احويهم يرح باباك,,
"2024-08-06,01:19:22",t_l_13,#0,<@1214967653370691624>,jordyy.a3ttt#0,
"2024-08-06,01:19:26",t_l_13,#0,aloo,,
"2024-08-06,01:19:31",imraane._93489,#0,خاوتي راه الميساج لنكتبو يتفاصا,,
"2024-08-06,01:19:50",ak_miro,#0,باسكو طيحتي,,
"2024-08-06,01:19:50",chinwi0314,#0,أنا أبحت عن البورنو,,
"2024-08-06,01:19:52",ak_miro,#0,ممنوع طيح,,
"2024-08-06,01:19:52",.heythemdz,#0,صاحبي منين واك تخرا فالنيترو,t_l_13#0,
"2024-08-06,01:19:56",_flitox.,#0,,imraane._93489#0,https://cdn.discordapp.com/attachments/1227367017661595708/1270174485403926609/voice-message.ogg?ex=672e01ec&is=672cb06c&hm=986911ffb08397c5e53f150d2f1bb721697e7d8284fe2056c1e1bc68c6674cb5&
"2024-08-06,01:20:06",ak_miro,#0,ولد وزير مفسد فالارض,.heythemdz#0,
"2024-08-06,01:20:06",chinwi0314,#0,أنا من الشرق الأوسط,,
"2024-08-06,01:20:07",t_l_13,#0,money,.heythemdz#0,
"2024-08-06,01:20:09",ak_miro,#0,يخرى دراهم,,
"2024-08-06,01:20:10",rahim_gm10_09939,#0,دوك عمي حب يمسهالي مسيتهالوا ليه و ل بنتو بنتو عريض حالا 🫠✨,,
"2024-08-06,01:20:13",ymah0059,#0,Mam ida seleftlek tediha khtek,_flitox.#0,
"2024-08-06,01:20:17",.heythemdz,#0,براااخ,ak_miro#0,
"2024-08-06,01:20:32",.heythemdz,#0,برااااخ,t_l_13#0,
"2024-08-06,01:20:41",t_l_13,#0,ouu,.heythemdz#0,
"2024-08-06,01:20:41",imraane._93489,#0,وقتاه نحيتو التطياح من السيرفر؟,_flitox.#0,
"2024-08-06,01:20:50",_flitox.,#0,,ymah0059#0,https://cdn.discordapp.com/attachments/1227367017661595708/1270174714375049286/voice-message.ogg?ex=672e0222&is=672cb0a2&hm=ec03595fd7500d1af014d23493e1239a4b5f1394bebb11d7b5b14438d1264ea8&
"2024-08-06,01:20:52",themask0239,#0,مفهمتني قالك أدمنز بزاف حبين يسيرو سرفر و زعما مؤمرة ومشكل منحولناش رولات عطونا بندات حسب مافهمت خيرو واحيد عشوائين ينحوهم من هذاك يوم سرفر بندر أصبح اسواء,.heythemdz#0,
"2024-08-06,01:21:11",themask0239,#0,<@1169250247847972887>,_flitox.#0,https://cdn.discordapp.com/attachments/1227367017661595708/1270174800739963004/VID_20240806_011834.mp4?ex=672e0237&is=672cb0b7&hm=f7c6d3331e5e30c55f08e4c7e9d2ba1ea73bd3a77488bb549b29d76f6ab30e93&
"2024-08-06,01:21:15",_flitox.,#0,,imraane._93489#0,https://cdn.discordapp.com/attachments/1227367017661595708/1270174818183942237/voice-message.ogg?ex=672e023b&is=672cb0bb&hm=ea82da464bc42a04580a98fb1f3c4f0444ac1c992f60446413fe282e9c65d783&
"2024-08-06,01:21:22",sadakefetihani,#0,قلي طبيب باش نعيش كاش واحد يمسهولي ضاروري,,
"2024-08-06,01:21:38",.heythemdz,#0,ونت علاه نت وش درت,themask0239#0,
"2024-08-06,01:21:54",alialzhir,#0,😡,,
"2024-08-06,01:21:54",ymah0059,#0,Kho 3od اختاصر lhdra voc ta3 13 sec ya zebi podcast hada,_flitox.#0,
"2024-08-06,01:21:58",sadakefetihani,#0,نكت قط,,
"2024-08-06,01:22:04",_flitox.,#0,# Look at zebiiiiii now 🙂,themask0239#0,
"2024-08-06,01:22:06",rahim_gm10_09939,#0,غير موت,sadakefetihani#0,
"2024-08-06,01:22:18",unknown_210565,#0,شكون راس القلوة لي نوضني على 1,,
"2024-08-06,01:22:22",themask0239,#0,كنت عندي مشاكل معهم كانو صاحبهم يخرقو قواعد وأنا نبقى نديرلهم تحذيرات,.heythemdz#0,
"2024-08-06,01:22:31",_flitox.,#0,,ymah0059#0,https://cdn.discordapp.com/attachments/1227367017661595708/1270175138876493866/voice-message.ogg?ex=672e0287&is=672cb107&hm=259b6bfd96de9416e3e900415a52edaed52346fbe6b9496083809fa1e46ffc2c&
"2024-08-06,01:22:31",unknown_210565,#0,<:9k:1189273274455179358>,,
"2024-08-06,01:22:39",6178320442,#0,Ntom ga3 hna ttkhaylo za3ma tota ntoma crenge,,
"2024-08-06,01:22:46",unknown_210565,#0,يهاه,,
"2024-08-06,01:22:48",unknown_210565,#0,يهدر بالكرنج,,
"2024-08-06,01:22:52",6178320442,#0,Nik 7tchonkom,,
"2024-08-06,01:22:53",themask0239,#0,<@1269094448609099776> <:9k:1189273274455179358>,unknown_210565#0,
"2024-08-06,01:22:57",.heythemdz,#0,نرومالمو فوق زوج تحذيرات اعطيه ميوت 3شهور مايرجعش,themask0239#0,
"2024-08-06,01:22:58",unknown_210565,#0,يعطا-ي تقول مخدوم فالهند,,
"2024-08-06,01:23:00",ymah0059,#0,Mli7 voc ta3 6 sec (تطور ملحوظ),_flitox.#0,
"2024-08-06,01:23:01",rahim_gm10_09939,#0,ماتروحش تقود,6178320442#0,
"2024-08-06,01:23:11",_flitox.,#0,,ymah0059#0,https://cdn.discordapp.com/attachments/1227367017661595708/1270175303905312858/voice-message.ogg?ex=672e02af&is=672cb12f&hm=568687011ef674621e68e954c6a11abef367913432036f6c8059a08064ef806d&
"2024-08-06,01:23:13",imraane._93489,#0,قادر روحك Nikmok,6178320442#0,
"2024-08-06,01:23:15",unknown_210565,#0,ياخاوتي يدكم فيه واش راح نقولكم,,
"2024-08-06,01:23:15",6178320442,#0,Nbnyt fi tizk,rahim_gm10_09939#0,
"2024-08-06,01:23:15",themask0239,#0,<@1269094448609099776>,unknown_210565#0,https://cdn.discordapp.com/attachments/1227367017661595708/1270175323299905669/Snapinsta.app_video_An9jh71uo3Uk-z-JUfayw3ze8mwlL72JWC9vlX146zQyihJhBao5NGpUUtJrM-7tcBRwS_DR_f7PCxUKSCbPFfU.mp4?ex=672e02b3&is=672cb133&hm=6349fa6b5d1217b235128caac81f203dbd57d473a3a68e6b777d4a0e9db15200&
"2024-08-06,01:23:26",sadakefetihani,#0,لالا تعيش مسهولي,rahim_gm10_09939#0,
"2024-08-06,01:23:28",_flitox.,#0,2 sec moli7 tanit 🙂,ymah0059#0,
"2024-08-06,01:23:31",unknown_210565,#0,خلينا من هوملاندر درك نطنن,,
"2024-08-06,01:23:34",6178320442,#0,Nikamok,imraane._93489#0,
"2024-08-06,01:23:36",themask0239,#0,يعودو يرجعوهم,.heythemdz#0,
"2024-08-06,01:23:37",ymah0059,#0,Ghadek l7al kho? 😂,_flitox.#0,
"2024-08-06,01:23:38",unknown_210565,#0,🤤🤤,,
"2024-08-06,01:23:55",unknown_210565,#0,<:9k:1189273274455179358>,,
"2024-08-06,01:23:56",ymah0059,#0,<@1169250247847972887>  Aw la 9restek 7okha 😂,_flitox.#0,
"2024-08-06,01:23:58",_flitox.,#0,,ymah0059#0,https://cdn.discordapp.com/attachments/1227367017661595708/1270175501939507280/voice-message.ogg?ex=672e02de&is=672cb15e&hm=a7686010cf28d8771cce6ef838457211448fd1e3618e7438aa74147c54415fa1&
"2024-08-06,01:24:11",noob_saltou7,#0,<@418799505060659202> <@879400990351196170> يا زح كرينج,_jaxmine_#0、songoku1882#0,
"2024-08-06,01:24:12",imraane._93489,#0,ياخو روح بول وارقد ورجع تلفون لمك,6178320442#0,
"2024-08-06,01:24:18",themask0239,#0,<@952618507483381860>  وهذا وش حكايتو,.heythemdz#0,https://cdn.discordapp.com/attachments/1227367017661595708/1270175584542265364/image-16.png?ex=672e02f2&is=672cb172&hm=2cbfee54c8f096e31aca0b004ceda3c4ae6a8b0460dfc1e57955c60e2c062b5c&
"2024-08-06,01:24:31",unknown_210565,#0,يدكم فيه,,
"2024-08-06,01:24:32",rahim_gm10_09939,#0,الهدرة ساهلة,6178320442#0,
"2024-08-06,01:24:32",unknown_210565,#0,<:9k:1189273274455179358>,,
"2024-08-06,01:24:34",_flitox.,#0,,ymah0059#0,https://cdn.discordapp.com/attachments/1227367017661595708/1270175654578491462/voice-message.ogg?ex=672e0302&is=672cb182&hm=3c8daee0bad79895c484584f70cb81066035f8c1cb20a4d88a13ea0056e053b9&
"2024-08-06,01:24:35",ymah0059,#0,Yakho ze3ma ki teya7li t9isni?? 😂 Mazelek 7abes f 2016 yamat l ghefla yah,_flitox.#0,
"2024-08-06,01:24:38",themask0239,#0,يعودو يرجعوهم لسرفر,.heythemdz#0,
"2024-08-06,01:24:52",unknown_210565,#0,<:NIGGA_omg:1150394296680329226>,,
"2024-08-06,01:24:56",unknown_210565,#0,ماتقعدش,,
"2024-08-06,01:25:02",.heythemdz,#0,وش بغا,themask0239#0,
"2024-08-06,01:25:07",unknown_210565,#0,لحوا,,
"2024-08-06,01:25:09",unknown_210565,#0,ودراهم,,
"2024-08-06,01:25:12",ymah0059,#0,Kho dir script w arwa7 ahder mato93edch tiri fel hadra brk,_flitox.#0,
"2024-08-06,01:25:13",.heythemdz,#0,اذا دالك حاجة عيطلي,themask0239#0,
"2024-08-06,01:25:45",themask0239,#0,# أشخاص قد تعرفهم,,https://cdn.discordapp.com/attachments/1227367017661595708/1270175949069222040/449670358_1646692086114197_39869868501810830_n.jpg?ex=672e0348&is=672cb1c8&hm=be693f01b173a914e67a398f08cd64a5f51cae0da7322a5c44d941a060c1e584&
"2024-08-06,01:26:04",.heythemdz,#0,هوفا وهوفا وهوفا,themask0239#0,
"2024-08-06,01:26:14",ymah0059,#0,هوفا هوفا هوفا,,
"2024-08-06,01:26:29",unknown_210565,#0,درك درك,ymah0059#0,
"2024-08-06,01:26:34",themask0239,#0,يعيشك العزيز المهم أنا مبياش بصح يطبق قنون على جميع مشي على طفلة لا وأنا نعطيك باند كون تتنفس,.heythemdz#0,
"2024-08-06,01:26:41",unknown_210565,#0,هوفا هوفا هوفا,,
"2024-08-06,01:26:44",unknown_210565,#0,ورابع,,
"2024-08-06,01:26:46",unknown_210565,#0,يتبع ذر,,
"2024-08-06,01:26:52",ymah0059,#0,هوفا هوفا هوفا,,
"2024-08-06,01:27:30",ymah0059,#0,و الخامس,,
"2024-08-06,01:27:33",ymah0059,#0,يماه تشم,,
"2024-08-06,01:27:44",gaxtota,#0,<@1247683009017282694>,rahim_gm10_09939#0,
"2024-08-06,01:28:03",rahim_gm10_09939,#0,وي,,
"2024-08-06,01:28:19",.heythemdz,#0,._.,themask0239#0,
"2024-08-06,01:28:43",rahim_gm10_09939,#0,:3,,
"2024-08-06,01:28:47",_flitox.,#0,"<@1191354977193570356> 
طحت عليهم دايرين بورن فالشيل 2 🗿",themask0239#0,
"2024-08-06,01:28:57",q52q,#0,Slm,,
"2024-08-06,01:29:12",unknown_210565,#0,او,,
"2024-08-06,01:29:14",imraane._93489,#0,عليكم السلام سليماني,q52q#0,
"2024-08-06,01:29:17",unknown_210565,#0,وماعرضونيش العطا-يين,,
"2024-08-06,01:29:23",unknown_210565,#0,قتلهم عيطولي,,
"2024-08-06,01:29:27",q52q,#0,Ya7asrah lolbare7 15 wa7ed ybnyt f chill 1,_flitox.#0,
"2024-08-06,01:29:36",gaxtota,#0,يدكم فيه,,
"2024-08-06,01:29:38",themask0239,#0,# شكون لي,,
"2024-08-06,01:29:43",themask0239,#0,# حطو شكون,,
"2024-08-06,01:30:07",unknown_210565,#0,يمدلك لقلاوي,,
"2024-08-06,01:30:12",unknown_210565,#0,<:9k:1189273274455179358>,,
"2024-08-06,01:30:15",q52q,#0,Umdlk l9lawi,oussama_hzl#0,
"2024-08-06,01:30:17",themask0239,#0,<@881547756630577173>  ارواح,oussama_hzl#0,
"2024-08-06,01:30:33",themask0239,#0,# تدي قلاوي,,
"2024-08-06,01:30:37",themask0239,#0,# وميوت,,
"2024-08-06,01:30:45",rahim_gm10_09939,#0,و زك,,
"2024-08-06,01:30:47",_flitox.,#0,سيرفر تناخ فالسبي ياخو خطيناه يامات تعمر ببني مزمل,q52q#0,
"2024-08-06,01:30:54",themask0239,#0,# كلمة أخيرة,,
"2024-08-06,01:30:55",mhmdy,#0,كاين بصح ادفع,jordyy.a3ttt#0,
"2024-08-06,01:31:07",mhmdy,#0,لاشيء مجاني,,
"2024-08-06,01:31:16",themask0239,#0,# مع رئيس وزراء بش يحويك,oussama_hzl#0,
"2024-08-06,01:31:18",mhmdy,#0,مش من علاجال رتبه بلا فائدة مرح تزيد ولا تنقص غير ميزات تافها,,
"2024-08-06,01:31:21",mhmdy,#0,🗿,,
"2024-08-06,01:31:29",mhmdy,#0,الادمن شيء لا ينخدع فيه الا ضعفاء,,
"2024-08-06,01:31:46",_flitox.,#0,<@1048270773653098506> ايا مول البورن ارواح ارواح,raad_x_001#0,
"2024-08-06,01:31:55",mhmdy,#0,موملاندر,,
"2024-08-06,01:31:57",gaxtota,#0,Tota,,
"2024-08-06,01:32:04",themask0239,#0,# راني شربتو لحليب,oussama_hzl#0,
"2024-08-06,01:32:12",imraane._93489,#0,طاح القدر,themask0239#0,
"2024-08-06,01:32:15",mhmdy,#0,عندي تصويره لقيتها ف انستا تاعك يا هوملاندر,,
"2024-08-06,01:32:23",mhmdy,#0,منقدرش نبعث هنا🗿,,
"2024-08-06,01:32:24",_flitox.,#0,اييييييه انتيك,raad_x_001#0,
"2024-08-06,01:32:25",gaxtota,#0,كاينة,mhmdy#0,
"2024-08-06,01:32:28",mhmdy,#0,شان مغلق,,
"2024-08-06,01:32:29",wasted_27,#0,جاك عيسى,,
"2024-08-06,01:32:53",themask0239,#0,# وليتو تبنيطولنا في شات,,
"2024-08-06,01:33:02",themask0239,#0,# وتجيبولنا في قحاب,,
"2024-08-06,01:33:25",_flitox.,#0,طحت عليك متلبس ناييكلهم فيلم بورن <:emoji_104:1191547769664573450>,raad_x_001#0,
"2024-08-06,01:33:31",unknown_210565,#0,هوملاندر خليهم,,
"2024-08-06,01:33:32",mhmdy,#0,هوملاندر أرواح خاص نبعث تصويره,,
"2024-08-06,01:33:35",mhmdy,#0,🗿✋,,
"2024-08-06,01:33:38",unknown_210565,#0,كي نحكمهم نديرلهم 17,,
"2024-08-06,01:33:41",gaxtota,#0,تحيا رئيس تركيا,,
"2024-08-06,01:34:14",mhmdy,#0,تحيا بوتن,gaxtota#0,
"2024-08-06,01:34:17",_flitox.,#0,# u don't no who u play with,,
"2024-08-06,01:34:19",mhmdy,#0,روسيا,,
"2024-08-06,01:34:49",mhmdy,#0,صدق او لا تصدق رئيس روسيا و كوريا شماليه لعبو ف مدينه العاب مع بعض قبل صدور لعبه gta6,,
"2024-08-06,01:34:49",gaxtota,#0,تحيا toota,,
"2024-08-06,01:34:53",themask0239,#0,# أي  تناكت لبنات يعطيو في روم صوتي وذكور يبنيطو,,
"2024-08-06,01:35:10",3azo.zk,#0,تحيا الخوخة,,
"2024-08-06,01:35:21",imraane._93489,#0,متزيدش ترجم ميمز الاجانب,mhmdy#0,
"2024-08-06,01:35:26",.heythemdz,#0,قاعدين يطيحو وبابا دخل عليا<:Dead_inside:1150410964659863592>,themask0239#0,
"2024-08-06,01:35:28",.heythemdz,#0,تناكت,,
"2024-08-06,01:35:38",mhmdy,#0,🗿شدخل,imraane._93489#0,
"2024-08-06,01:35:39",themask0239,#0,# <@1214967653370691624>  راني ريح نبدأ إبادة,jordyy.a3ttt#0,
"2024-08-06,01:35:54",gaxtota,#0,دخلوني معاكم في دردشة,,
"2024-08-06,01:35:58",mhmdy,#0,ربط احداث عند خونا 999,,
"2024-08-06,01:36:02",_flitox.,#0,Asbr asbr 😂😂,themask0239#0,
"2024-08-06,01:36:10",.heythemdz,#0,راك قادر تدخل وحدك,gaxtota#0,
"2024-08-06,01:36:30",gaxtota,#0,كيفااه,.heythemdz#0,
"2024-08-06,01:36:41",themask0239,#0,# أطلقني يفلطوكس راهم يفسدو في ديموقراطية,_flitox.#0,
"2024-08-06,01:36:50",themask0239,#0,# حكومة جديدة,,
"2024-08-06,01:36:52",sl_9.,#0,Slm,,
"2024-08-06,01:37:07",_flitox.,#0,Asbr matagihch wkhli الابادة عليا,themask0239#0,
"2024-08-06,01:37:23",.heythemdz,#0,<@1191354977193570356> هاو ليك انا مانيش قاعدلو,themask0239#0、gaxtota#0,
"2024-08-06,01:37:45",themask0239,#0,# أصبر لا تقلق راني نسجل فيهم في حراش,.heythemdz#0,
"2024-08-06,01:38:04",gaxtota,#0,كيفاه ندخل يا توتا,,
"2024-08-06,01:38:06",.heythemdz,#0,<@1191354977193570356> زيد معاهم هذا,themask0239#0、oussama_hzl#0,
"2024-08-06,01:38:17",themask0239,#0,# اوكي,.heythemdz#0,
"2024-08-06,01:38:38",themask0239,#0,# برتكول إبادة,,
"2024-08-06,01:38:56",themask0239,#0,# دك نقفلو شات,,
"2024-08-06,01:39:00",.heythemdz,#0,اهدر عربية عادي ماني فاهم والو,oussama_hzl#0,
"2024-08-06,01:39:20",.heythemdz,#0,تناكت عليكم لي فالفويص,themask0239#0,
"2024-08-06,01:39:29",themask0239,#0,# راكم خرقتوها بتبنيط على بعضكم,,
"2024-08-06,01:39:41",.heythemdz,#0,فالحراش<:Dead_inside:1150410964659863592>,oussama_hzl#0,
"2024-08-06,01:39:46",themask0239,#0,# مشي غير تناكت على جميع,.heythemdz#0,
"2024-08-06,01:41:02",imraane._93489,#0,متبنيطوش خاوتي,,
"2024-08-06,01:41:06",3azo.zk,#0,الخرقة تاع لمرة متكفيش,oussama_hzl#0,
"2024-08-06,01:41:48",_flitox.,#0,<@1191354977193570356> ماتحلبهمش خلاص <:tadcarlfachero36:1152016084430487552>,themask0239#0,
"2024-08-06,01:42:01",themask0239,#0,<@1169250247847972887>  راني تكلمت معهم,_flitox.#0,
"2024-08-06,01:42:14",3azo.zk,#0,واش قالولك,themask0239#0,
"2024-08-06,01:42:56",_flitox.,#0,"ياخو شفت لي تباناو الخطرة لي فاتت ؟ 
راح يتباناو الدوبل تاعهم",themask0239#0,
"2024-08-06,01:43:15",imraane._93489,#0,علاه تباناو؟,_flitox.#0,
"2024-08-06,01:43:20",themask0239,#0,مكانش راهو جايكم عريان,_flitox.#0,
"2024-08-06,01:45:12",unknown_210565,#0,شكون,,
"2024-08-06,01:47:55",_flitox.,#0,دخلت على غفلة لقيت الخاوة دايرين قعدة ويشوفو فل X 🗿,themask0239#0,
"2024-08-06,01:48:05",unknown_210565,#0,وماعيطوليش,,
"2024-08-06,01:48:08",unknown_210565,#0,يازح زهر,,
"2024-08-06,01:48:24",unknown_210565,#0,كون عيطولي نجبدهولهم نتم <:RubbingHands:1150410501835202561>,,
"2024-08-06,01:49:03",themask0239,#0,<@1169250247847972887>  اين,_flitox.#0,
"2024-08-06,01:49:32",themask0239,#0,<@1247683009017282694>,rahim_gm10_09939#0,
"2024-08-06,01:50:11",_flitox.,#0,وشنو اين؟ 🗿,themask0239#0,
"2024-08-06,01:50:23",_flitox.,#0,ياخو نتا تنكتلها واقيل,,
"2024-08-06,01:50:50",themask0239,#0,# نقولكم حاجة بنيطو تفرجو x تحرشو أعطيو ميهمنيش نرقد وغدوا نبدأ إبادة,,
"2024-08-06,01:51:22",themask0239,#0,# عطينكم ديموقراطية وحرية تبنيطو علينا,,
"2024-08-06,01:51:29",unknown_210565,#0,صح,,
"2024-08-06,01:51:33",unknown_210565,#0,كاينة,,
"2024-08-06,01:51:37",unknown_210565,#0,<:9k:1189273274455179358>,,
"2024-08-06,01:51:57",themask0239,#0,# ملا دك نقلبةه دكتاتورية وجهوية نعملوكم حسب ولاية و جنس,,
"2024-08-06,01:52:03",_flitox.,#0,ياخو لازم تولي الديكتاتورية ملخر راح يطغاو علينا يانمي <@1191354977193570356>,themask0239#0,
"2024-08-06,01:52:23",themask0239,#0,# يحوسو يولي كيما سرفرات تع خليج <:KEKYou:1150418200027201566>,_flitox.#0,
"2024-08-06,01:52:40",themask0239,#0,# وتع خونة الجزائرين لخرين,,
"2024-08-06,01:52:58",themask0239,#0,# لتعاونو مع غرب بش يطلعولهم سرفرات,,
"2024-08-06,01:53:06",_flitox.,#0,لالا نرجعو غير تيميطي ولا ايزن يولو كي لقحاج 🙂,themask0239#0,
"2024-08-06,01:53:33",themask0239,#0,# هذوك ردولنا سرفر هوفا حرب اهلية,_flitox.#0,
"2024-08-06,01:54:16",themask0239,#0,# اقتصاد سرفر وتجارتو راحت بسبابهم,,
"2024-08-06,01:54:34",themask0239,#0,# دك نجعل سرفر هوفا عظيم من جديد,,
"2024-08-06,01:54:57",_flitox.,#0,طفي الضو وتبع ملبعيد,,
"2024-08-06,01:55:15",themask0239,#0,# تقدر تجي معنا,_flitox.#0,
"2024-08-06,01:55:19",vaco4real,#0,<:uhoh:1150411415572721765>,,
"2024-08-06,01:55:52",themask0239,#0,# المهم تصبحو على خير و سلام عليكم,,
"2024-08-06,01:56:38",themask0239,#0,,,https://cdn.discordapp.com/attachments/1227367017661595708/1270183722834198568/received_595591811537028.png?ex=672e0a86&is=672cb906&hm=0c318828320230d689f604017cdbac8ad5a0855b364d4ddbfb3b24c943a28808&
"2024-08-06,02:03:25",unknown_210565,#0,خوتي,,
"2024-08-06,02:03:36",unknown_210565,#0,نرجع الديمقراطية تاع هوفا لازم,,
"2024-08-06,02:03:56",unknown_210565,#0,من هذاك العدو هوملاندر,,
"2024-08-06,02:04:08",unknown_210565,#0,متطرف مطلوب للعدالة,,
"2024-08-06,02:06:12",yemakmeliha,#0,<:cum:1152013788653031434>,,
"2024-08-06,02:06:12",themask0239,#0,# بش تعرف أنا أنقذت سرفر هوفا من ضياع وغرق وكان سرفر ريح يزيد يتغلق ويتفكك كيما اول سرفر,unknown_210565#0,
"2024-08-06,02:06:26",unknown_210565,#0,اعطيني دليل,,
"2024-08-06,02:06:31",themask0239,#0,# مناش مستعدين لخسرة خلاف,,
"2024-08-06,02:06:36",unknown_210565,#0,هممم,,
"2024-08-06,02:06:43",unknown_210565,#0,نعقدو سلام بيناتنا,,
"2024-08-06,02:07:50",themask0239,#0,# سرفر كانو على وشك إفلاس وأغلاق تسرقت 30 مليون كريدت تغلق بزار لي كان هو إقتصاد سرفر رولات تنحاو و خسرنا 4 أعضاء في قيادة,unknown_210565#0,
"2024-08-06,02:08:05",themask0239,#0,# و دسكورد كان عطا سرفر تحذيرات بزاف,,
"2024-08-06,02:08:16",unknown_210565,#0,باسكو جماعة هاذوك,,
"2024-08-06,02:08:25",unknown_210565,#0,لي حابين يدمرو اعمدة السيرفر,,
"2024-08-06,02:08:32",unknown_210565,#0,ويقضو علينا,,
"2024-08-06,02:08:49",themask0239,#0,# باسكو مخربين جماعة سرفرات خليج وغرب محبوش هذا سرفر يكون أكبر سرفر في الجزائر,unknown_210565#0,
"2024-08-06,02:09:09",unknown_210565,#0,كاينة,,
"2024-08-06,02:09:25",unknown_210565,#0,المهم لازم ماتستلمش,,
"2024-08-06,02:09:34",unknown_210565,#0,باش يبقى السيرفر اقوى,,
"2024-08-06,02:09:41",unknown_210565,#0,ويدهم فيه على كل حال راح نرقد عيان,,
"2024-08-06,02:09:45",unknown_210565,#0,<:9k:1189273274455179358>,,
"2024-08-06,02:10:00",themask0239,#0,# هوفا فقد أمل في هذا دسكورد بسبب فشل نظام سابق في تنظيم سرفر وتطبيق ديموقراطية,,
"2024-08-06,02:10:12",2jz.o7,#0,Chkon taga sbi,,
"2024-08-06,02:10:14",unknown_210565,#0,كاينة,,
"2024-08-06,02:10:15",themask0239,#0,# تصبح على خير,unknown_210565#0,
"2024-08-06,02:11:23",2jz.o7,#0,<@1191354977193570356>,themask0239#0,
"2024-08-06,02:11:25",unknown_210565,#0,Wow,,
"2024-08-06,02:11:30",2jz.o7,#0,Wch rah sari <@1191354977193570356>,themask0239#0,
"2024-08-06,02:11:34",themask0239,#0,<@1142540508183416883> نعم,2jz.o7#0,
"2024-08-06,02:11:43",2jz.o7,#0,Hadik l7kaya ta3 porn f chill 1,,
"2024-08-06,02:11:44",2jz.o7,#0,?,,
"2024-08-06,02:11:50",themask0239,#0,<@1142540508183416883>  تخلطة سبام ناس تبنيط في رومات صوتية,2jz.o7#0,
"2024-08-06,02:11:54",themask0239,#0,لبنات,,
"2024-08-06,02:12:13",themask0239,#0,# واخطر شئ تم خرق قانون سرفر,,
"2024-08-06,02:12:21",themask0239,#0,# ممنوع طفلة تشرط,,
"2024-08-06,02:12:31",unknown_210565,#0,كاين بنات,,
"2024-08-06,02:12:31",themask0239,#0,# أو عرض موقع إبعاي,,
"2024-08-06,02:12:38",unknown_210565,#0,اااا هنا مانتفاهموش,,
"2024-08-06,02:12:39",themask0239,#0,غير هوما,unknown_210565#0,
"2024-08-06,02:12:42",unknown_210565,#0,ممنوع البنات,,
"2024-08-06,02:12:54",2jz.o7,#0,Wch kant dir ?,themask0239#0,
"2024-08-06,02:12:55",7kxq,#0,lmdlna chwya v homelander,themask0239#0,
"2024-08-06,02:13:01",themask0239,#0,انا درتلهم حماية بدمة على خاطر حرب أهلية,unknown_210565#0,
"2024-08-06,02:13:10",unknown_210565,#0,كايزو ارحل,,
"2024-08-06,02:13:15",themask0239,#0,توحوح,2jz.o7#0,
"2024-08-06,02:13:16",unknown_210565,#0,هنا موقع مناقشات,,
"2024-08-06,02:13:22",unknown_210565,#0,لازم,,
"2024-08-06,02:13:25",2jz.o7,#0,Ya 9a7ba chof chill 2,themask0239#0,
"2024-08-06,02:13:27",unknown_210565,#0,نحكمو طفلة للاستجواب,,
"2024-08-06,02:13:27",2jz.o7,#0,Lik lghachi,,
"2024-08-06,02:13:37",themask0239,#0,<@1142540508183416883> قتلك,2jz.o7#0,
"2024-08-06,02:14:01",themask0239,#0,راهم حبين يزيدو يطيحولنا دكتاتورية تعنا<@1142540508183416883>,2jz.o7#0,
"2024-08-06,02:14:09",unknown_210565,#0,هوملاندر,,
"2024-08-06,02:14:13",unknown_210565,#0,سيرفر راح في سبي,,
"2024-08-06,02:14:22",unknown_210565,#0,شوف chill 2,,
"2024-08-06,02:14:23",themask0239,#0,علبلي علبلي,unknown_210565#0,
"2024-08-06,02:14:45",unknown_210565,#0,ناع,,
"2024-08-06,02:14:46",unknown_210565,#0,ه,,
"2024-08-06,02:14:48",themask0239,#0,<@1269094448609099776>  دك نعطيك مهة سجلي شكون لبنات وذكور وبعثلي في خاص,unknown_210565#0,
"2024-08-06,02:14:50",unknown_210565,#0,لازم نقضو عليهم,,
"2024-08-06,02:14:53",unknown_210565,#0,هاذو الجماعات,,
"2024-08-06,02:15:02",x_bzd_x,#0,chkon hada na9ch li rah yahdar,,
"2024-08-06,02:15:05",unknown_210565,#0,اوك,,
"2024-08-06,02:15:10",themask0239,#0,<@1269094448609099776>  ونظملك رول تحط بيه مميز يدرو هوفا في يتيوب,unknown_210565#0,
"2024-08-06,02:15:18",x_bzd_x,#0,??,,
"2024-08-06,02:15:21",2jz.o7,#0,<@1191354977193570356> ad5l tcjof,themask0239#0,
"2024-08-06,02:15:55",unknown_210565,#0,صاي عندي الاسماء,,
"2024-08-06,02:16:07",2jz.o7,#0,Askot n7km lporn trma ndrbhlhom,unknown_210565#0,
"2024-08-06,02:16:11",themask0239,#0,<@1269094448609099776> شت,unknown_210565#0,
"2024-08-06,02:16:25",unknown_210565,#0,شعب مقود,,
"2024-08-06,02:16:47",themask0239,#0,دك ندير دستور جديد,unknown_210565#0,
"2024-08-06,02:16:51",themask0239,#0,صبرني برك,,
"2024-08-06,02:17:30",unknown_210565,#0,اوك,,
"2024-08-06,02:17:31",themask0239,#0,<@1269094448609099776>  أنتيك أبعث في خاص كل معلومات نتكال عليك لزمني نرقد راني نبكر على 7 تع صباح,unknown_210565#0,
"2024-08-06,02:17:33",unknown_210565,#0,ريڨلهم,,
"2024-08-06,02:17:40",unknown_210565,#0,اوك,themask0239#0,
"2024-08-06,02:17:42",unknown_210565,#0,ريڨل,,
"2024-08-06,02:44:33",s_o_t_f,#0,ياخو كيفاش نعرف لفل تاعي,,
"2024-08-06,02:45:20",s_o_t_f,#0,Deadchat?,,
"2024-08-06,02:46:11",ak_miro,#0,جبت نيترو,,
"2024-08-06,02:46:20",ak_miro,#0,بصح ماتبدل والو في حياتي,,
"2024-08-06,02:46:25",ak_miro,#0,<:Dead_inside:1150410964659863592>,,
"2024-08-06,02:47:14",s_o_t_f,#0,جماعة كيفاش نعرف نيفو تاعي,,
"2024-08-06,02:52:18",ak_miro,#0,روح cmd,,
"2024-08-06,02:52:58",s_o_t_f,#0,رحت او اكتبت لكوماند,,
"2024-08-06,02:53:07",s_o_t_f,#0,بصح مخرجليش نيفو,,
"2024-08-06,02:54:04",unknown_210565,#0,جديد نتا,,
"2024-08-06,02:54:10",unknown_210565,#0,ولا قديم,,
"2024-08-06,02:54:23",s_o_t_f,#0,جديد,,
"2024-08-06,02:58:03",alialzhir,#0,شكون راه سهران؟,,
"2024-08-06,03:00:15",ak_miro,#0,Ana,,
"2024-08-06,03:00:53",iye_8,#0,me m3a spider man 2,alialzhir#0,
"2024-08-06,03:01:04",ak_miro,#0,اذا بوستيت السيرفر واش نربح,,
"2024-08-06,03:01:06",ak_miro,#0,لقلاوي,,
"2024-08-06,03:01:09",ak_miro,#0,<:Dead_inside:1150410964659863592>,,
"2024-08-06,03:04:06",alialzhir,#0,انا راني نتفرج في hoova,,
"2024-08-06,03:05:04",ak_miro,#0,خلينا منو,,
"2024-08-06,03:05:12",ak_miro,#0,<:emoji_109:1259887162296635402>,,
"2024-08-06,03:40:29",.zn3,#0,Sleeping niggas,,
"2024-08-06,03:41:09",ak_miro,#0,Nigga <a:emoji_85:1188620238388994118>,,
"2024-08-06,03:43:36",madjhool_dz,#0,:E24A_Sad010:,,
"2024-08-06,04:12:21",mhmdy,#0,نايضين؟,,
"2024-08-06,04:14:10",ryo.q,#0,nn,,
"2024-08-06,04:17:01",a7_b.,#0,درتلك بوست هاتلي ادمن تشوف,jordyy.a3ttt#0,
"2024-08-06,04:17:48",mhmdy,#0,طيحلو يا سبونج بوب نتا ساتر روحك هو عريان ميحشمش🗿✋,a7_b.#0,
"2024-08-06,04:18:00",mhmdy,#0,نقطه ريسبكت بيك ساتر روحك,,
"2024-08-06,04:18:15",a7_b.,#0,ياخو مخاطرة,,
"2024-08-06,04:23:41",mhmdy,#0,💀💀,,
"2024-08-06,06:32:45",whereskix,#0,Wee n9ch,mhmdy#0,
"2024-08-06,06:33:32",whereskix,#0,<:GAY_reverse_card:1150410491605303428>,,
"2024-08-06,07:27:22",davyyy7502,#0,.,,
"2024-08-06,07:34:57",hunters_rage,#0,<:emoji_107:1197267193713410228>,,
"2024-08-06,07:40:27",hunters_rage,#0,<:emoji_107:1197267193713410228>,,
"2024-08-06,08:04:51",marlboro06101,#0,J,,
"2024-08-06,08:52:53",kizaru_sama12,#0,<:emoji_108:1191726847680069692>,hunters_rage#0,
"2024-08-06,08:55:52",vv_sr7,#0,Admin admin machi memes admin,jordyy.a3ttt#0,
"2024-08-06,09:29:29",a7_b.,#0,صح,vv_sr7#0,
"2024-08-06,09:48:04",hunters_rage,#0,<:emoji_105:1191547895724380263>,,
"2024-08-06,09:48:24",hunters_rage,#0,واش رايكم برجلين,,
"2024-08-06,09:54:47",kizaru_sama12,#0,حلوين,,
"2024-08-06,09:55:56",hunters_rage,#0,<@442721468829138954>,unfrody#0,
"2024-08-06,09:55:57",kizaru_sama12,#0,يارب وش راك تسمع,a7_b.#0,
"2024-08-06,09:56:15",hunters_rage,#0,WTF,,
"2024-08-06,09:56:43",kossai_dz,#0,Wtf,,
"2024-08-06,09:56:46",kizaru_sama12,#0,قحجا وشنو هدا الاسم,hunters_rage#0,
"2024-08-06,09:57:20",hunters_rage,#0,كاين واحد باع 🍑 ب 100 دولار,,
"2024-08-06,09:57:29",hunters_rage,#0,به يشري نيترو,,
"2024-08-06,09:57:31",kizaru_sama12,#0,رخيص ولد ولا بنت,,
"2024-08-06,09:57:42",hunters_rage,#0,ديكتاتور,,
"2024-08-06,09:58:14",kizaru_sama12,#0,هاه<:therockreaction5:1152013878641819768>,,
"2024-08-06,09:58:33",kizaru_sama12,#0,نتا تموت على لقلوة,hunters_rage#0,
"2024-08-06,09:59:08",kizaru_sama12,#0,<:cum:1152013788653031434>,,
"2024-08-06,09:59:27",a7_b.,#0,سؤال جيد,kizaru_sama12#0,
"2024-08-06,09:59:38",hunters_rage,#0,ولد,kizaru_sama12#0,
"2024-08-06,09:59:45",hunters_rage,#0,كان حاب يولي رئيس 🤣🤣🤣,,
"2024-08-06,10:00:13",kizaru_sama12,#0,الله يبارك تفكيره بعيد,hunters_rage#0,
"2024-08-06,10:00:31",hunters_rage,#0,كان يحلبو واحد البيمبزي,,
"2024-08-06,10:00:32",hunters_rage,#0,فمبوي,,
"2024-08-06,10:00:33",hunters_rage,#0,كان يقولو,,
"2024-08-06,10:00:34",hunters_rage,#0,Com daddy sleep with me <:emoji_47:1151909990727163954>,,
"2024-08-06,10:00:34",hunters_rage,#0,كان يهدر على دارك ويب,,
"2024-08-06,10:01:03",hunters_rage,#0,<@1130967147737272320>,luffysenpai2011#0,
"2024-08-06,10:01:08",kizaru_sama12,#0,شوفو وش راني نسمع قبل,,
"2024-08-06,10:01:11",hunters_rage,#0,<@1030473085155029073>,sid.dsn#0,
"2024-08-06,10:01:20",hunters_rage,#0,<@1160671430673956954>,369.x#0,
"2024-08-06,10:01:33",hunters_rage,#0,<@1074083922834628739>,wasted0446454#0,
"2024-08-06,10:02:55",hunters_rage,#0,في بالكم علاه داركي يحب المطلقات ؟<:emoji_109:1259887162296635402>,,
"2024-08-06,10:03:18",kizaru_sama12,#0,<@751036113241767949>,gu_s1#0,
"2024-08-06,10:03:41",kizaru_sama12,#0,خاطرش يبغو يفعلو,hunters_rage#0,
"2024-08-06,10:04:07",kizaru_sama12,#0,<@479976621672103937>,2yx.#0,
"2024-08-06,10:04:38",a7_b.,#0,انا سبونجبوب عريان,,
"2024-08-06,10:04:46",a7_b.,#0,قصدي ساتر روحو,,
"2024-08-06,10:04:50",hunters_rage,#0,خاطش عندهم خبرة,kizaru_sama12#0,
"2024-08-06,10:04:59",hunters_rage,#0,في الاكس,,
"2024-08-06,10:05:04",kizaru_sama12,#0,هدا قصدي,hunters_rage#0,
"2024-08-06,10:05:26",kizaru_sama12,#0,نتا بونجا واش,a7_b.#0,
"2024-08-06,10:05:35",hunters_rage,#0,و هم جلبابيات,,
"2024-08-06,10:05:48",kizaru_sama12,#0,دقيقة خو درك رسلت حاجة محيتها,,
"2024-08-06,10:05:57",kizaru_sama12,#0,قريت شوية من وش كتبت,,
"2024-08-06,10:06:06",hunters_rage,#0,ناه اه,,
"2024-08-06,10:06:18",hunters_rage,#0,عاود ابعث,,
"2024-08-06,10:06:20",kizaru_sama12,#0,راني نسمع شابة وردة,,
"2024-08-06,10:06:45",hunters_rage,#0,لي بلوكات قع تيليفونات,kizaru_sama12#0,
"2024-08-06,10:07:00",a7_b.,#0,real,kizaru_sama12#0,
"2024-08-06,10:07:35",kizaru_sama12,#0,ايا درك راني نسمع شاب حسني,,
"2024-08-06,10:07:41",hunters_rage,#0,و غلبت المشتري,,
"2024-08-06,10:08:07",hunters_rage,#0,راني سنسمع غنية من دارك ويب,,
"2024-08-06,10:08:20",kizaru_sama12,#0,ولا بدلت راي نسمع الترا فاناتيك,,
"2024-08-06,10:08:45",kizaru_sama12,#0,ياخو نتا علابالك بليcrb هما شواكركم,,
"2024-08-06,10:08:48",hunters_rage,#0,المؤلف جوني ما سينسي,,
"2024-08-06,10:08:49",hunters_rage,#0,و مدام خليفة,,
"2024-08-06,10:08:49",hunters_rage,#0,و هي,,
"2024-08-06,10:08:50",hunters_rage,#0,AUHHHHH AUHHHH AUHHHH<:emoji_47:1151909990727163954>,,
"2024-08-06,10:08:55",hunters_rage,#0,<:juan:1150418197581922344>,,
"2024-08-06,10:09:47",kizaru_sama12,#0,<:gigachad:1150419236989186078> <:702623479245307944:1150411530660237343>,,
"2024-08-06,10:10:03",hunters_rage,#0,<:gigachad:1150419236989186078>,,
"2024-08-06,10:10:06",kizaru_sama12,#0,<@1055573734745968700> فرماج كحلوش,mztola_01#0,
"2024-08-06,10:10:30",kizaru_sama12,#0,<@648531388081111080> بونجا كحلة,a7_b.#0,
"2024-08-06,10:10:44",kizaru_sama12,#0,يارب بونجا يسمع لادي قاقا,,
"2024-08-06,10:10:46",hunters_rage,#0,<:emoji_107:1197267193713410228>,,
"2024-08-06,10:10:47",hunters_rage,#0,<:emoji_91:1188672059321094224>,,
"2024-08-06,10:10:47",hunters_rage,#0,<:emoji_94:1188675536839507968>,,
"2024-08-06,10:10:48",hunters_rage,#0,<:hyperbruh87:1152015925399257090>,,
"2024-08-06,10:10:49",kizaru_sama12,#0,ذوق نتاعه كي نمي,,
"2024-08-06,10:10:53",hunters_rage,#0,فرماج زنجي بائس,,
"2024-08-06,10:11:03",kizaru_sama12,#0,<:emoji_92:1188672114484580362>,,
"2024-08-06,10:11:17",kizaru_sama12,#0,ياخو نتا تموت على النازية,,
"2024-08-06,10:11:19",a7_b.,#0,no,kizaru_sama12#0,
"2024-08-06,10:11:26",kizaru_sama12,#0,كاش نهار يجيوك بسينيال وتفهم,,
"2024-08-06,10:11:42",hunters_rage,#0,<@1001125948604829787>,bi_ng0.0#0,
"2024-08-06,10:11:45",kizaru_sama12,#0,وشنو هدا,,
"2024-08-06,10:11:46",hunters_rage,#0,واو,,
"2024-08-06,10:11:49",hunters_rage,#0,<@1112011767426601011>,lwt8109#0,
"2024-08-06,10:12:06",kizaru_sama12,#0,يااااااوو,,
"2024-08-06,10:12:09",hunters_rage,#0,وي,kizaru_sama12#0,
"2024-08-06,10:12:12",kizaru_sama12,#0,تشيييل يازوبي,,
"2024-08-06,10:12:18",hunters_rage,#0,جدي سموه ادلوف دي هتلر,,
"2024-08-06,10:12:22",aneskedd32,#0,هاك هاذي,kizaru_sama12#0,
"2024-08-06,10:12:31",kizaru_sama12,#0,عجبك الحال,aneskedd32#0,
"2024-08-06,10:12:31",aneskedd32,#0,<:__:1261023009603322037>,,
"2024-08-06,10:12:41",kizaru_sama12,#0,منين راك تجيبهم,,
"2024-08-06,10:12:42",kizaru_sama12,#0,خبرني,,
"2024-08-06,10:12:44",hunters_rage,#0,<@479976621672103937>,2yx.#0,
"2024-08-06,10:12:49",kizaru_sama12,#0,جيبلنا طففلة مشي حيوان,,
"2024-08-06,10:12:54",aneskedd32,#0,يودي هذو حيوانتي الاليفة,kizaru_sama12#0,
"2024-08-06,10:13:07",kizaru_sama12,#0,عندك بنت اليفة,,
"2024-08-06,10:13:10",hunters_rage,#0,شكيت واحد حاب يتبناه,aneskedd32#0,
"2024-08-06,10:13:26",hunters_rage,#0,<@442721468829138954>,unfrody#0,
"2024-08-06,10:13:28",aneskedd32,#0,لا كي نجيب نخبرك 🥰,kizaru_sama12#0,
"2024-08-06,10:13:40",kizaru_sama12,#0,صحا شوف جارك بالاك عنده,,
"2024-08-06,10:13:51",aneskedd32,#0,ضرك نشوف,kizaru_sama12#0,
"2024-08-06,10:15:05",aneskedd32,#0,<@1256669595498971137> يودي قالي تباعت السوق الجاي نجيبلك,kizaru_sama12#0,
"2024-08-06,10:15:27",kizaru_sama12,#0,صحا شوف في قوقل كاينين واحدين للبيع,,
"2024-08-06,10:15:31",kizaru_sama12,#0,ولا فدلاله,,
"2024-08-06,10:16:07",aneskedd32,#0,يزدي كمل كلش,,
"2024-08-06,10:16:24",kizaru_sama12,#0,نورمال حوس مليح تلقا,,
"2024-08-06,10:17:01",kizaru_sama12,#0,عندك صحا كاش حيوان غير هادو لي وريتهملنا,,
"2024-08-06,10:17:17",aneskedd32,#0,لالا معنديش خو,kizaru_sama12#0,
"2024-08-06,10:17:21",kizaru_sama12,#0,ناه,,
"2024-08-06,10:17:23",aneskedd32,#0,كان عندي قرش وبعتو,,
"2024-08-06,10:17:28",kizaru_sama12,#0,شحال,,
"2024-08-06,10:17:39",aneskedd32,#0,4 ملاين ونص,,
"2024-08-06,10:17:45",kizaru_sama12,#0,مليحه,,
"2024-08-06,10:17:46",aneskedd32,#0,بدلتو ب بيسي,,
"2024-08-06,10:18:35",kizaru_sama12,#0,كيفاه جبت النيترو هدا,,
"2024-08-06,10:18:55",aneskedd32,#0,مدوهلي ديسكورد وفعلتو,kizaru_sama12#0,
"2024-08-06,10:19:42",kizaru_sama12,#0,قولو يعطيني واحد ونفعله,,
"2024-08-06,10:20:24",aneskedd32,#0,يودي انا نقولك عطاوهلي DISCORD وتقولي قولو يعطيلي,kizaru_sama12#0,
"2024-08-06,10:20:28",kizaru_sama12,#0,وش راني نسمع درك,,
"2024-08-06,10:20:35",kizaru_sama12,#0,اهاااا,,
"2024-08-06,10:20:40",kizaru_sama12,#0,جبته باطل ولا وشنو,,
"2024-08-06,10:20:55",aneskedd32,#0,واه مدوهلي باطل,,
"2024-08-06,10:20:59",kizaru_sama12,#0,كيفاه,,
"2024-08-06,10:21:05",kizaru_sama12,#0,راني حاب نجيبه باطل انا تان,,
"2024-08-06,10:21:20",a7_b.,#0,free trail?,aneskedd32#0,
"2024-08-06,10:21:28",a7_b.,#0,مام انا عندي تجربة مجانية,,
"2024-08-06,10:21:36",kizaru_sama12,#0,كيفاه نجيبها هادي,,
"2024-08-06,10:21:38",a7_b.,#0,درت قلتش تع صحبي عاد عندي تع عام,,
"2024-08-06,10:21:47",a7_b.,#0,كي يشتيك الديسكورد يعطيك واحد,kizaru_sama12#0,
"2024-08-06,10:21:57",kizaru_sama12,#0,كيفاه خليه يشتيني,,
"2024-08-06,10:22:08",kizaru_sama12,#0,ياخو ادخل فلموضوع ديراكت وقولي كيفاه نجيبه يازحي,,
"2024-08-06,10:22:16",a7_b.,#0,منعرف,,
"2024-08-06,10:22:20",a7_b.,#0,يجيك من فترة لفترة,,
"2024-08-06,10:22:25",aneskedd32,#0,هيه,a7_b.#0,
"2024-08-06,10:22:25",a7_b.,#0,انا جاني 3 شهر مورا بعض,,
"2024-08-06,10:22:57",kizaru_sama12,#0,اعطينا شوية من زهرك,,
"2024-08-06,10:23:06",aneskedd32,#0,بصح لازم تفعلو ب فيزا,a7_b.#0,
"2024-08-06,10:23:51",a7_b.,#0,عندي مدايرلها save من 2020,aneskedd32#0,
"2024-08-06,10:24:02",a7_b.,#0,كان عندي كونت 2016,,
"2024-08-06,10:24:11",a7_b.,#0,نحاوه النقوشة,,
"2024-08-06,10:24:38",kizaru_sama12,#0,كيما انا,,
"2024-08-06,10:24:44",kizaru_sama12,#0,كل مرة يضيعلي كونت قديم,,
"2024-08-06,10:25:13",aneskedd32,#0,مليحة,a7_b.#0,
"2024-08-06,10:25:31",a7_b.,#0,تكبار وتنسا,kizaru_sama12#0,
"2024-08-06,10:25:39",kizaru_sama12,#0,ياخو انا معنديش فيزا,,
"2024-08-06,10:25:50",a7_b.,#0,راك تقدر تبدل البروفايل تاعك بالنيترو,aneskedd32#0,
"2024-08-06,10:25:54",kizaru_sama12,#0,انا اصلا ننسى المود باس نتاعهم,a7_b.#0,
"2024-08-06,10:25:54",aneskedd32,#0,وي,a7_b.#0,
"2024-08-06,10:26:01",a7_b.,#0,شوف ادخل بروفايلي ضك تلقى اسمي ducky وكلش,,
"2024-08-06,10:26:16",kizaru_sama12,#0,ياخو اعطينا الفيزا نتاعك نديرو بيها نيترو مجانا,aneskedd32#0,
"2024-08-06,10:26:31",a7_b.,#0,لا نستطيع,kizaru_sama12#0,
"2024-08-06,10:26:33",aneskedd32,#0,كيفاه نمدلك فيزا نتاعي,kizaru_sama12#0,
"2024-08-06,10:26:43",aneskedd32,#0,خويا وممديتهالوش,,
"2024-08-06,10:26:48",kizaru_sama12,#0,معلاباليش اعطينا التفاصيل,aneskedd32#0,
"2024-08-06,10:27:02",aneskedd32,#0,اوكي ارواح نمدهولك,kizaru_sama12#0,
"2024-08-06,10:27:06",kizaru_sama12,#0,متخافش اعطيني فيزا فارغة ندير بيها نيترو,,
"2024-08-06,10:27:17",kizaru_sama12,#0,لالا قولي نمدهالك مشي نمدهولك,,
"2024-08-06,10:27:34",kizaru_sama12,#0,نمدهولك زوالي ميحبهاش,,
"2024-08-06,10:27:55",aneskedd32,#0,صحا ارواح نسلفهلك,kizaru_sama12#0,
"2024-08-06,10:28:04",kizaru_sama12,#0,وين نجيك,,
"2024-08-06,10:28:10",kizaru_sama12,#0,ارواحلي برايفت,,
"2024-08-06,10:28:16",aneskedd32,#0,ياخو امنت,,
"2024-08-06,10:28:23",aneskedd32,#0,روح كاين وحدين,,
"2024-08-06,10:28:31",kizaru_sama12,#0,مقود نتا نئمن,aneskedd32#0,
"2024-08-06,10:28:40",kizaru_sama12,#0,شكون شكوبي اللي يمد الفيزا نتاعه,,
"2024-08-06,10:28:49",aneskedd32,#0,<@648531388081111080> انا هاذا هو اللي عطاني فيزا نفعل,a7_b.#0,
"2024-08-06,10:28:53",aneskedd32,#0,بينك بينه ضرك,,
"2024-08-06,10:29:03",a7_b.,#0,وكتاه صرات,aneskedd32#0,
"2024-08-06,10:29:05",kizaru_sama12,#0,ياخو بصح سيريو ادا ديتها ندير بيها النيترو ورنجعها,,
"2024-08-06,10:29:33",kizaru_sama12,#0,شكون لقحجه اللي حايخرب في فيزا نتاع زوالي كحلوش يا,,
"2024-08-06,10:29:40",a7_b.,#0,انا اصلن شريتها,,
"2024-08-06,10:29:45",a7_b.,#0,ني معلومات ني والو,,
"2024-08-06,10:29:50",a7_b.,#0,تحطها وتناك,,
"2024-08-06,10:29:50",aneskedd32,#0,يودي انا اصلا معنديش فيزا,kizaru_sama12#0,
"2024-08-06,10:29:56",aneskedd32,#0,عطيت لواحد دخلي بكونط وفعلها,,
"2024-08-06,10:30:51",kizaru_sama12,#0,ياخو,,
"2024-08-06,10:30:57",kizaru_sama12,#0,علاه راهم يمحو كلامي لقحاج,,
"2024-08-06,10:31:23",aneskedd32,#0,والله ياخو,,
"2024-08-06,10:31:30",aneskedd32,#0,مديت لواحد كونطي,,
"2024-08-06,10:31:33",aneskedd32,#0,وفعلي النيترو,,
"2024-08-06,10:31:51",kizaru_sama12,#0,وكيفاه درت بيه ثقة,,
"2024-08-06,10:32:02",aneskedd32,#0,عطيت كل كردت تاعي لواحد صاحبي,kizaru_sama12#0,
"2024-08-06,10:32:05",aneskedd32,#0,ومديتهولو,,
"2024-08-06,10:32:13",aneskedd32,#0,تسما اذا دا الكونط يتبخر بيه,,
"2024-08-06,10:32:26",aneskedd32,#0,اصلا الايميل نقدر نرجع كونط,,
"2024-08-06,10:32:29",kizaru_sama12,#0,انا اصلا ماعنديش حتى كريديت,,
"2024-08-06,10:32:36",kizaru_sama12,#0,كان عندي ايمايل فيه 100اللف,,
"2024-08-06,10:32:40",kizaru_sama12,#0,خويا عطاهوملي,,
"2024-08-06,10:32:44",rayer43,#0,السلام عليكم,,
"2024-08-06,10:32:47",kizaru_sama12,#0,قصدي كونت,,
"2024-08-06,10:33:00",rayer43,#0,واش راكم,,
"2024-08-06,10:33:35",kizaru_sama12,#0,راني نفعلو,,
"2024-08-06,10:33:48",kizaru_sama12,#0,ياخو علاه اسمك ريكاردو لفايح,,
"2024-08-06,10:33:56",kizaru_sama12,#0,مقصودة هادي ولا وشن,,
"2024-08-06,10:34:14",rayer43,#0,و راك تشوف في كلمة فايح,kizaru_sama12#0,
"2024-08-06,10:34:33",kizaru_sama12,#0,قصدي ريكاردو خدام ترامي,rayer43#0,
"2024-08-06,10:34:46",rayer43,#0,مكتوب لي يخدم كلش,,
"2024-08-06,10:34:57",kizaru_sama12,#0,علابالي,,
"2024-08-06,10:35:22",rayer43,#0,ملا خلاص انا نخدم كلش,,
"2024-08-06,10:36:02",kizaru_sama12,#0,باخو فتصويرة نتاعك خنونتك خارجة,,
"2024-08-06,10:36:40",rayer43,#0,وي,kizaru_sama12#0,
"2024-08-06,10:37:12",rayer43,#0,ياخو اصبر تشوف نروح ناكل بعدها نرجعلك اوكي؟,,
"2024-08-06,10:50:04",rayer43,#0,راني رجعت,,
"2024-08-06,10:50:08",rayer43,#0,حتواحد هنا,,
"2024-08-06,10:50:11",rayer43,#0,<@1256669595498971137>,kizaru_sama12#0,
"2024-08-06,10:52:06",wahibyous8779,#0,<:Dead_inside:1150410964659863592>,,
"2024-08-06,10:55:38",v.6f,#0,سلام,,
"2024-08-06,10:57:21",kora.___.san,#0,السلام عليكم,,
"2024-08-06,10:58:27",v.6f,#0,اهلا,,
"2024-08-06,10:59:39",themask0239,#0,# لقد خرجتم من طاعة حكم,,
"2024-08-06,10:59:40",youssef255,#0,السلام عليكم,,
"2024-08-06,10:59:45",themask0239,#0,وعليكم سلام,,
"2024-08-06,10:59:55",themask0239,#0,"```أيها اليهود
أيها الصليبيون 
أيها الملحدون 
أيها الروافض أيها المرتدون 
يا أعداء الله أجمعين 
موتو بغيضكم...
وسحقا لكي أمريكا
ولحلف الطواغيت من العرب والعجم والله لتدفعون ثمن أفعالكم بإذن الله```",,
"2024-08-06,11:00:23",youssef255,#0,||مستيرش تقود علينا ||,,
"2024-08-06,11:02:29",themask0239,#0,روح تعطي,youssef255#0,
"2024-08-06,11:06:21",rayer43,#0,واش,,
"2024-08-06,11:06:43",rayer43,#0,و عليكم السلام يا باتمان,kora.___.san#0,
"2024-08-06,11:07:52",a7_b.,#0,مليحة,themask0239#0,
"2024-08-06,11:08:13",themask0239,#0,# قصدي نتوما,a7_b.#0,
"2024-08-06,11:08:38",themask0239,#0,# قررنا نرجعو للنظام عنصرية <@648531388081111080>,a7_b.#0,
"2024-08-06,11:08:54",a7_b.,#0,# hell yeah,themask0239#0,
"2024-08-06,11:08:59",rayer43,#0,ياو ترجع للعنصرية؟,themask0239#0,
"2024-08-06,11:09:04",a7_b.,#0,ياجداك ميمز تاعي جاب 58 رياكشن,,
"2024-08-06,11:09:23",themask0239,#0,# كل واحد ناعملوه حسب عامل عامل جغرافي,a7_b.#0,
"2024-08-06,11:09:36",themask0239,#0,# وكريدت,,
"2024-08-06,11:09:46",themask0239,#0,# المهم عنصرية قديمة وخلاص,,
"2024-08-06,11:09:46",a7_b.,#0,# انا باتني,themask0239#0,
"2024-08-06,11:09:51",a7_b.,#0,يسما انا امزيغي,,
"2024-08-06,11:09:56",themask0239,#0,# أنا قبيلي,a7_b.#0,
"2024-08-06,11:10:08",a7_b.,#0,double shot,themask0239#0,
"2024-08-06,11:10:21",rayer43,#0,انا اغواطي,themask0239#0,
"2024-08-06,11:10:53",a7_b.,#0,# يخي حالة ميعرفوش يديرو الكتيبة الكبيرة,,
"2024-08-06,11:10:57",a7_b.,#0,قصدي الاحرف الكبار,,
"2024-08-06,11:11:12",themask0239,#0,# عس ترمتك,rayer43#0,https://cdn.discordapp.com/attachments/1227367017661595708/1270323282494750741/Picsart_24-01-02_02-52-06-396.jpg?ex=672de3c0&is=672c9240&hm=17269bfc871f1a994ab554c447868e28fe9a699650bd52dadfccf1245ea03281&
"2024-08-06,11:11:39",themask0239,#0,# ياخوتنا مصلحتش,,
"2024-08-06,11:11:56",themask0239,#0,# رحولي ميمز تع تنمر,,
"2024-08-06,11:12:01",themask0239,#0,# و أساليب,,
"2024-08-06,11:12:18",rayer43,#0,صحا نعسها,themask0239#0,
"2024-08-06,11:12:23",themask0239,#0,<@648531388081111080> <@1081296261182935040> عطوني شوي افكار,a7_b.#0、rayer43#0,
"2024-08-06,11:12:43",demon_slayer_tanjiro_kamado,#0,وي,,
"2024-08-06,11:12:47",demon_slayer_tanjiro_kamado,#0,سلام,,
"2024-08-06,11:12:50",demon_slayer_tanjiro_kamado,#0,يدكم فيه,,
"2024-08-06,11:12:51",rayer43,#0,و عليكم السلام,demon_slayer_tanjiro_kamado#0,
"2024-08-06,11:13:10",themask0239,#0,,rayer43#0,https://cdn.discordapp.com/attachments/1227367017661595708/1270323777124958218/image0-3-1.png?ex=672de435&is=672c92b5&hm=d7ed57084c6ed3b13cd3217ecdfda650d781ae999cd9c0c2626b6c76c3bb3786&
"2024-08-06,11:13:29",minou20_11947,#0,سلام عليكم,,
"2024-08-06,11:13:29",rayer43,#0,مش عارف,themask0239#0,
"2024-08-06,11:13:33",rayer43,#0,و عليكم السلام,minou20_11947#0,
"2024-08-06,11:13:33",a7_b.,#0,دير قيف اواي على زنجي,themask0239#0,
"2024-08-06,11:13:41",minou20_11947,#0,صافا خو ؟,rayer43#0,
"2024-08-06,11:13:48",themask0239,#0,ك,a7_b.#0,
"2024-08-06,11:13:49",a7_b.,#0,و عليكم السلام,minou20_11947#0,
"2024-08-06,11:13:49",rayer43,#0,صافا الحمد لله,minou20_11947#0,
"2024-08-06,11:14:07",themask0239,#0,وعليكم سلام,minou20_11947#0,
"2024-08-06,11:14:10",rayer43,#0,جماعة نسقسيكم علاه جوردي محبش ينح لميوت لراه فيا,,
"2024-08-06,11:15:12",themask0239,#0,<@1214967653370691624>,jordyy.a3ttt#0,
"2024-08-06,11:15:54",themask0239,#0,نعطيه ميوت <:juan:1150418197581922344>,,
"2024-08-06,11:15:58",rayer43,#0,راني حليت تكت بصح راه ساكت,themask0239#0,
"2024-08-06,11:16:06",rayer43,#0,علاه 😔,themask0239#0,
"2024-08-06,11:16:15",themask0239,#0,دك نقلو يعقبلي تيكت,rayer43#0,
"2024-08-06,11:16:37",a7_b.,#0,بعثت 715 ميساج ومزلت لفل 5,,
"2024-08-06,11:16:38",rayer43,#0,كيفاه مافهمتش ؟,themask0239#0,
"2024-08-06,11:16:40",a7_b.,#0,منقدرش نبعث تصاور,,
"2024-08-06,11:16:42",a7_b.,#0,اين العدل,,
"2024-08-06,11:16:51",rayer43,#0,الله غالب حتى انا,a7_b.#0,
"2024-08-06,11:17:00",themask0239,#0,كين فويس شات,a7_b.#0,
"2024-08-06,11:17:04",a7_b.,#0,دولة بشعب مشعر,rayer43#0,
"2024-08-06,11:17:07",a7_b.,#0,نسيت,themask0239#0,
"2024-08-06,11:17:23",rayer43,#0,لازم فويس شات باس يزيد اللفل؟,themask0239#0,
"2024-08-06,11:20:44",themask0239,#0,<@1081296261182935040> <@648531388081111080> أيه,a7_b.#0、rayer43#0,
"2024-08-06,11:21:00",a7_b.,#0,متمنيسخرش,themask0239#0,
"2024-08-06,11:21:39",m7_.n8,#0,,themask0239#0,https://cdn.discordapp.com/attachments/1227367017661595708/1270325916215808073/FB_IMG_17223582541267734.jpg?ex=672de633&is=672c94b3&hm=6d6eadb11b8f6ac99784f4873e0ec7b8ca39ce7b16ef78f17baa40227ab90470&
"2024-08-06,11:23:01",rayer43,#0,اوكي فهمت,themask0239#0,
"2024-08-06,11:23:18",demon_slayer_tanjiro_kamado,#0,<@1191354977193570356> لازم فويس شات تهدر مع الناس و لا غي معا روحك,themask0239#0,
"2024-08-06,11:23:49",demon_slayer_tanjiro_kamado,#0,<@1191354977193570356> هد,themask0239#0,
"2024-08-06,11:23:55",m7_.n8,#0,ريح برك فالفويس يزيد xp,demon_slayer_tanjiro_kamado#0,
"2024-08-06,11:24:13",demon_slayer_tanjiro_kamado,#0,حفظك,m7_.n8#0,
"2024-08-06,11:24:16",rayer43,#0,لازم بسوايع ولا شحال؟,m7_.n8#0,
"2024-08-06,11:24:37",m7_.n8,#0,مدري,rayer43#0,
"2024-08-06,11:24:48",rayer43,#0,يعطيك الصحة,m7_.n8#0,
"2024-08-06,11:24:58",m7_.n8,#0,Np,rayer43#0,
"2024-08-06,11:27:00",a7_b.,#0,kai-cenat rizz,,
"2024-08-06,11:29:57",demon_slayer_tanjiro_kamado,#0,وي,,
"2024-08-06,11:30:01",demon_slayer_tanjiro_kamado,#0,يدكم فيه,,
"2024-08-06,11:34:20",rayer43,#0,الدنيا ساكتا,,
"2024-08-06,11:37:34",unknown_210565,#0,باسكو ساكتة,,
"2024-08-06,11:40:29",unknown_210565,#0,يدكم فيه على صباح,,
"2024-08-06,11:40:51",unknown_210565,#0,هذا وين نضت <:emoji_89:1188671634509398046>,,
"2024-08-06,11:40:53",rayer43,#0,يدنا فيه دائما و للابد خلاص فهمنا,,
"2024-08-06,11:42:01",ak_miro,#0,صباح النم,,
"2024-08-06,11:42:04",ak_miro,#0,واش راكم,,
"2024-08-06,11:42:15",rayer43,#0,الحمد لله بخير,ak_miro#0,
"2024-08-06,11:43:06",ak_miro,#0,الحمد الله,,
"2024-08-06,11:43:34",themask0239,#0,لا لتقسيم بلد نعم لوحدة الوطن,m7_.n8#0,https://cdn.discordapp.com/attachments/1227367017661595708/1270331431976964218/Picsart_24-07-31_13-16-38-914.jpg?ex=672deb57&is=672c99d7&hm=36655aa09fd81287f6ee0b64a39b4f4cb2bed6979a300810af857d776e6b16ff&
"2024-08-06,11:43:51",themask0239,#0,تتفاعل برك فيه,demon_slayer_tanjiro_kamado#0,
"2024-08-06,11:43:52",ak_miro,#0,نعم,,
"2024-08-06,11:43:55",.heythemdz,#0,باك,,
"2024-08-06,11:44:08",ak_miro,#0,هوملاندر,,
"2024-08-06,11:44:23",ak_miro,#0,اطالب بمنصب فالحكومة,,
"2024-08-06,11:44:26",.heythemdz,#0,اسمع لازم نوصل لفل 5 باش نطلق تصاور ولا كيفاه,ak_miro#0,
"2024-08-06,11:44:48",ak_miro,#0,دير رول واقيل,,
"2024-08-06,11:44:56",ak_miro,#0,<a:dancing_scout_tf2:1150410616029323384>,,
"2024-08-06,11:49:54",rayer43,#0,معناها نقدر نقعد في بلاصة AFK و يزيدلي الاكس بي؟,themask0239#0,
"2024-08-06,11:50:02",themask0239,#0,ك,,
"2024-08-06,11:50:51",ak_miro,#0,هوملاندر,,
"2024-08-06,11:51:01",ak_miro,#0,علابالك شكون انا<:juan:1150418197581922344>,,
"2024-08-06,11:51:23",vv_sr7,#0,<@1191354977193570356>,themask0239#0,
"2024-08-06,11:56:05",rayer43,#0,P,,
"2024-08-06,11:56:31",rayer43,#0,ياخو المشكل منقدرش نروح لل CMD باس نشوف لفلي,themask0239#0,
"2024-08-06,11:56:37",rayer43,#0,بيه فيا ميوت,,
"2024-08-06,11:58:57",vv_sr7,#0,Roh l bank rp,rayer43#0,
"2024-08-06,11:59:39",rayer43,#0,راه ثاني مسكر عندي,vv_sr7#0,
"2024-08-06,11:59:52",rayer43,#0,الحاجة لي محلولة عندي هي الشات العام,,
"2024-08-06,11:59:59",vv_sr7,#0,Roh l games,rayer43#0,
"2024-08-06,12:00:12",vv_sr7,#0,Ahh ok,rayer43#0,
"2024-08-06,12:00:19",rayer43,#0,يسما وش ندير,vv_sr7#0,
"2024-08-06,12:01:28",vv_sr7,#0,<@1214967653370691624> ضرب لبيبا لجوردي باش ينحيلك بان,rayer43#0、jordyy.a3ttt#0,
"2024-08-06,12:02:05",rayer43,#0,يودي راه مشي يرد,vv_sr7#0,
"2024-08-06,12:02:29",vv_sr7,#0,علابالي,rayer43#0,
"2024-08-06,12:02:36",vv_sr7,#0,راك فالبيسي,,
"2024-08-06,12:03:17",rayer43,#0,لالا انا راني تيليفون,vv_sr7#0,
"2024-08-06,12:03:38",rayer43,#0,صحا متقدرش تشوفلي شحال لفلي,,
"2024-08-06,12:03:51",vv_sr7,#0,تقدر تشوف وش راه اونلاين,,
"2024-08-06,12:04:02",vv_sr7,#0,K,rayer43#0,
"2024-08-06,12:04:09",rayer43,#0,يعطيك الصحة,vv_sr7#0,
"2024-08-06,12:04:52",rayer43,#0,لفلي 27,,
"2024-08-06,12:05:08",rayer43,#0,معناها بحقها نقدر نحط تصاور هنا؟,,
"2024-08-06,12:12:41",m7_.n8,#0,,themask0239#0,https://cdn.discordapp.com/attachments/1227367017661595708/1270338756464869446/FB_IMG_17227826207984168.jpg?ex=672df229&is=672ca0a9&hm=85a510930babd7024117dab0bc8f11e4a5ff170f5ef0070fbba95b066ce0033d&
"2024-08-06,12:13:43",themask0239,#0,# والله ولو راني نخمم في مسافة لي نوصل بيها حانوت تع أب مشي حتى ثانوية <@1195134511546105958> هذي مشيان,m7_.n8#0,https://cdn.discordapp.com/attachments/1227367017661595708/1270339017547710484/Picsart_24-08-05_13-41-00-215.jpg?ex=672df267&is=672ca0e7&hm=d9e8d154469461df89d7ffda2ab62e880e17ee536e9fa53e35ad83b0d981dee7&
"2024-08-06,12:13:47",rayer43,#0,<@1191354977193570356>,themask0239#0,
"2024-08-06,12:14:04",themask0239,#0,<@1081296261182935040> نعم,rayer43#0,
"2024-08-06,12:14:15",rayer43,#0,تقدر تنحلي لميوت ولا والو,themask0239#0,
"2024-08-06,12:14:26",themask0239,#0,والله مانكذب عليك,,
"2024-08-06,12:14:34",rayer43,#0,معليش برك قول,,
"2024-08-06,12:14:35",themask0239,#0,أمر لا يعمل,,
"2024-08-06,12:14:45",nezvx,#0,شكون طاقاني؟,,
"2024-08-06,12:14:45",m7_.n8,#0,<:NIGGA_omg:1150394296680329226>,themask0239#0,
"2024-08-06,12:14:50",themask0239,#0,امر لي نحي بيه ميوت ميمشيش,rayer43#0,
"2024-08-06,12:15:00",rayer43,#0,ماعليهش يعطيك الصحة,themask0239#0,
"2024-08-06,12:15:16",themask0239,#0,لقيت وسيلة نقل خلاف غير طرام وطاكسي ومشي,m7_.n8#0,
"2024-08-06,12:15:25",rayer43,#0,حفظك,,
"2024-08-06,12:15:25",themask0239,#0,كون نلقى جوردي نقلو,rayer43#0,
"2024-08-06,12:15:26",nezvx,#0,كوردون؟,m7_.n8#0,
"2024-08-06,12:15:46",rayer43,#0,ربي يحفظك,themask0239#0,
"2024-08-06,12:15:49",m7_.n8,#0,هاه؟,nezvx#0,
"2024-08-06,12:16:08",m7_.n8,#0,<:way61:1152013922229043310>,themask0239#0,
"2024-08-06,12:16:15",n0el_ishere,#0,😐,,
"2024-08-06,12:16:19",ak_miro,#0,<a:emoji_85:1188620238388994118>,,
"2024-08-06,12:16:24",n0el_ishere,#0,Wack khwti,,
"2024-08-06,12:16:45",n0el_ishere,#0,<:therockreaction5:1152013878641819768>,ak_miro#0,
"2024-08-06,12:17:37",ak_miro,#0,حسيت بتغير,,
"2024-08-06,12:17:46",ak_miro,#0,مرحتش ننطريني 3 ايام,,
"2024-08-06,12:17:47",ak_miro,#0,واو,,
"2024-08-06,12:17:50",ak_miro,#0,<:gigachad:1150419236989186078>,,
"2024-08-06,12:21:51",moumen099_27396,#0,<:9k:1189273274455179358>,,
"2024-08-06,12:29:36",.u9h.,#0,<a:Naziflag:1152016010791100426>,,
"2024-08-06,12:30:12",zaudeooo_15311,#0,هوفا لا للعهدة السادسة ارحل,,
"2024-08-06,12:33:31",themask0239,#0,وش تتوقع,m7_.n8#0,
"2024-08-06,12:52:25",themask0239,#0,,,https://cdn.discordapp.com/attachments/1227367017661595708/1270348757057142877/Picsart_24-08-06_12-50-50-149.jpg?ex=672dfb79&is=672ca9f9&hm=fae47e5e79d0482c978ac79a5f292ddbdaf0cebd6fa123621a5f048bc59587a4&
"2024-08-06,12:57:10",.heythemdz,#0,<@1191354977193570356> فواش تحتاجوني,themask0239#0,
"2024-08-06,12:57:12",themask0239,#0,<@952618507483381860>,.heythemdz#0,
"2024-08-06,12:57:20",themask0239,#0,بطواط هذاك ماسحي,,
"2024-08-06,12:57:25",themask0239,#0,من فانز جاك عيسى,,
"2024-08-06,12:57:29",themask0239,#0,<:NIGGA_omg:1150394296680329226>,,
"2024-08-06,12:57:31",.heythemdz,#0,._. هيه,themask0239#0,
"2024-08-06,12:57:52",.heythemdz,#0,راجل عايش في كاندة وعندو زوج خدمات,,
"2024-08-06,12:57:53",themask0239,#0,كيفاش,,
"2024-08-06,12:58:02",themask0239,#0,يروح يعطي,.heythemdz#0,
"2024-08-06,12:58:10",themask0239,#0,تقلو نروح نشري خبز,,
"2024-08-06,12:58:18",themask0239,#0,# يقولك أبعث خدامة,,
"2024-08-06,12:58:30",themask0239,#0,# وهو علبلو بلي راك عايش في خرا,,
"2024-08-06,12:58:46",.heythemdz,#0,._.,themask0239#0,
"2024-08-06,12:58:50",.heythemdz,#0,راجل راه مرفه,,
"2024-08-06,12:59:03",.heythemdz,#0,نلعب معاه فورتنايت اسم الاق مايسعاش عندو,,
"2024-08-06,12:59:08",themask0239,#0,# وصلنا ومن المسلمين يحبو كفار كثر من أخوتهم,.heythemdz#0,
"2024-08-06,12:59:14",.heythemdz,#0,يلعب 150 فريم ماشي 120,,
"2024-08-06,12:59:25",themask0239,#0,# كيفاش خليتوه يوصل للحكم,.heythemdz#0,
"2024-08-06,12:59:34",.heythemdz,#0,علاه انا,themask0239#0,
"2024-08-06,12:59:45",themask0239,#0,# كندا ياشكوبي أرخص تجميعة عندهم 30 مليون,.heythemdz#0,
"2024-08-06,12:59:45",.heythemdz,#0,انا راني اقل حاجة فالادارة لهيت,,
"2024-08-06,12:59:52",themask0239,#0,# مش نتا,.heythemdz#0,
"2024-08-06,13:00:28",themask0239,#0,# كنت حاب ندير مجتمع نلم عباد مهمين في كل سرفرات عرب مشهورة عندهم إدارة نتحكمو في مجتمع دسكورد عربي,.heythemdz#0,
"2024-08-06,13:00:36",.heythemdz,#0,تعرف سيمون صاحب ريد فوكس هذا مام هو ماسيحي وراه عندو  اقوى رتبة لهيت,themask0239#0,
"2024-08-06,13:00:40",themask0239,#0,# كاين أجانب دروها,,
"2024-08-06,13:00:54",themask0239,#0,# تحير,.heythemdz#0,
"2024-08-06,13:01:12",themask0239,#0,# زعما شوفوني أنا صاحبي ماسحي وأنا مسلم وهو واحد ماسمع بيه,,
"2024-08-06,13:01:32",.heythemdz,#0,._. المشكل اداري قاوي,themask0239#0,
"2024-08-06,13:01:49",.heythemdz,#0,اداري يعرف كيفاه يستعمل حوايجو,,
"2024-08-06,13:02:08",themask0239,#0,نجرب نقلو كيفاش قتلتو ربكم <:KEKYou:1150418200027201566>,.heythemdz#0,
"2024-08-06,13:02:14",themask0239,#0,كيما شيعة,,
"2024-08-06,13:02:22",themask0239,#0,قتلو علي وحسين,,
"2024-08-06,13:02:28",.heythemdz,#0,ياودي ممنوع تدخلات الدينية لهيت,themask0239#0,
"2024-08-06,13:02:31",themask0239,#0,ودرك يعبدو فيهم,,
"2024-08-06,13:02:38",themask0239,#0,زعما علبلي,.heythemdz#0,
"2024-08-06,13:03:05",themask0239,#0,روح سرفر ماريكان لشتى دخل ناس في إسلام واحد ميهدر معاك ولا يسال فيك,.heythemdz#0,
"2024-08-06,13:03:08",themask0239,#0,سياسة,,
"2024-08-06,13:03:09",themask0239,#0,كلش,,
"2024-08-06,13:03:21",themask0239,#0,حنا لعرب ديما نحقرو بعضنا,,
"2024-08-06,13:03:32",.heythemdz,#0,علابالي لهيت انا وراني اداري نحس راني عبيد,themask0239#0,
"2024-08-06,13:03:38",.heythemdz,#0,غلطة يعاقبوك,,
"2024-08-06,13:03:53",themask0239,#0,بصح صحابهم لشتى يسبك عادي,.heythemdz#0,
"2024-08-06,13:04:10",.heythemdz,#0,ناااه محترم هذاك خاطيه,themask0239#0,
"2024-08-06,13:04:16",themask0239,#0,كيما واحد لخروف سبتني طفلة عطاني انا ميوت,.heythemdz#0,
"2024-08-06,13:04:39",themask0239,#0,مش عليهم على سرفر بندر سيطرو عليه شيعة وفمبوي,.heythemdz#0,
"2024-08-06,13:05:08",themask0239,#0,# في سرفر بندر كاين واحد حل كميرة نعتلنا بلي لابس شبكة <:Dead_inside:1150410964659863592>,,
"2024-08-06,13:05:14",themask0239,#0,# في رجليه,,
"2024-08-06,13:05:21",themask0239,#0,# شعرة ماكينة,,
"2024-08-06,13:05:31",zakidz5784,#0,سلام,,
"2024-08-06,13:05:41",.heythemdz,#0,برزر وتف في ريدفوكس كان واحد اسمو دارك نحاوه من الحكم بسكو كان يفزد وهذا كامل عندو اقوى رتبة,themask0239#0,
"2024-08-06,13:06:00",.heythemdz,#0,ياودي ماشي رجال,themask0239#0,
"2024-08-06,13:06:04",.heythemdz,#0,ولا زر,,
"2024-08-06,13:06:22",themask0239,#0,علبلي,.heythemdz#0,
"2024-08-06,13:06:36",themask0239,#0,# تقولو رجال ارواح خاص ميحبش,,
"2024-08-06,13:06:54",nezvx,#0,شكون لعاود طاقاني,,
"2024-08-06,13:07:02",.heythemdz,#0,انا مانتفاعلش لهيت علجالت هاذو لحوايج,themask0239#0,
"2024-08-06,13:07:20",themask0239,#0,# المهم تجي نديرو مجتمع هذا,.heythemdz#0,
"2024-08-06,13:07:36",themask0239,#0,# نلمو قاع الجزائرين لعندهم إدارة في سرفرات عرب,,
"2024-08-06,13:07:54",themask0239,#0,# نلمو مجتمع دسكورد الجزائري,,
"2024-08-06,13:08:10",.heythemdz,#0,في ريدفوكس كنا 4 واحد دا بريك و2 ستاقلو,themask0239#0,
"2024-08-06,13:08:13",themask0239,#0,# كاين غير 2 سرفرات دسكورد مشهورين هوفا وحد سرفر خونة,,
"2024-08-06,13:08:17",.heythemdz,#0,بقيت انا وحدي جزوايري لهيت,,
"2024-08-06,13:08:17",m7_.n8,#0,مقودين قتلو الحسين وولاو يعبدوه,themask0239#0,
"2024-08-06,13:08:32",.heythemdz,#0,شكون هذا,themask0239#0,
"2024-08-06,13:08:43",themask0239,#0,وكي تقلو ذكور تعاكم راهم متحولين يقولك راهم بنات,m7_.n8#0,
"2024-08-06,13:08:55",themask0239,#0,# سرفر خدموه مغتربين جزائرين,.heythemdz#0,
"2024-08-06,13:09:09",.heythemdz,#0,ابعثهولي خاص,themask0239#0,
"2024-08-06,13:09:15",themask0239,#0,<@952618507483381860>  اوكي,.heythemdz#0,
"2024-08-06,13:09:18",m7_.n8,#0,عندهم حلال التحول الجنسي,themask0239#0,
"2024-08-06,13:09:28",themask0239,#0,<@952618507483381860>  بصح يعودو يحرشو بيك طيحلهم,.heythemdz#0,
"2024-08-06,13:09:39",themask0239,#0,لفمبوي بزاف في عراق,m7_.n8#0,
"2024-08-06,13:09:40",.heythemdz,#0,شكون هاذو,themask0239#0,
"2024-08-06,13:09:51",themask0239,#0,تع هذاك سرفر,.heythemdz#0,
"2024-08-06,13:09:58",themask0239,#0,مغتربين,,
"2024-08-06,13:10:01",.heythemdz,#0,ياو حتى المعمامين تاوعهم متحولين,themask0239#0,
"2024-08-06,13:10:57",m7_.n8,#0,,themask0239#0,https://cdn.discordapp.com/attachments/1227367017661595708/1270353421655998575/image0.gif?ex=672dffd1&is=672cae51&hm=fd6af8b58d901bf2fa7a4fa6e05fc9bb062643e714a694c5261ad3571bac2a5e&
"2024-08-06,13:11:29",themask0239,#0,وقت نية,m7_.n8#0,
"2024-08-06,13:11:39",.heythemdz,#0,اسمع بعثلي سيرفر هذاك بريفي,themask0239#0,
"2024-08-06,13:11:44",themask0239,#0,<@952618507483381860> المهم لعزيز كشما تحتاج راني لهن,.heythemdz#0,
"2024-08-06,13:11:47",themask0239,#0,<@952618507483381860>  اوكي,.heythemdz#0,
"2024-08-06,13:12:13",themask0239,#0,<@952618507483381860>,.heythemdz#0,https://cdn.discordapp.com/attachments/1227367017661595708/1270353738686791740/Screenshot_20240806-131205.png?ex=672e001d&is=672cae9d&hm=912c22e398af259a417fdedaf1ee7a6b59f8dd2e30952e124634e3e225cb1047&
"2024-08-06,13:12:17",themask0239,#0,تفضل,,
"2024-08-06,13:12:20",m7_.n8,#0,وقت النية كي كنت نتا تتفرج فسبيستون ف2014 هو كان يتناك فالجبهة,themask0239#0,
"2024-08-06,13:12:36",themask0239,#0,لا كان بابا يحط جزيرة,m7_.n8#0,
"2024-08-06,13:13:01",.heythemdz,#0,._. بندوك,themask0239#0,
"2024-08-06,13:13:28",themask0239,#0,ايه صراتلي معهم مشكل قلولي قاصر كي عاد صوتي ركيك,.heythemdz#0,
"2024-08-06,13:13:33",demon_slayer_tanjiro_kamado,#0,سلام,,
"2024-08-06,13:13:37",demon_slayer_tanjiro_kamado,#0,يدكم فيه,,
"2024-08-06,13:13:55",themask0239,#0,<@952618507483381860> تعرف كيفاش نحي باند في أي سرفر ؟,.heythemdz#0,
"2024-08-06,13:14:02",m7_.n8,#0,ياودي عمرك 7 متفهم والو,themask0239#0,
"2024-08-06,13:14:15",themask0239,#0,لا علبلي,m7_.n8#0,
"2024-08-06,13:14:19",c_rx.,#0,ابعث سيرفر ذا بريفي,themask0239#0,
"2024-08-06,13:14:40",themask0239,#0,<@926188367421521970>  منقدرش اكتب إسم في قوقل يخرجلك,c_rx.#0,
"2024-08-06,13:15:00",themask0239,#0,<@1195134511546105958> كنت نعرف برك غير دولة إسلامية,m7_.n8#0,
"2024-08-06,13:15:30",.heythemdz,#0,ناااه ماكانش حل,themask0239#0,
"2024-08-06,13:15:41",.heythemdz,#0,لازم ينحيلك الباند الاداري تاع السيرفر,,
"2024-08-06,13:16:00",themask0239,#0,مشكل لي نعرفهم قاع خلوني,.heythemdz#0,
"2024-08-06,13:16:06",themask0239,#0,تبعو تع خليج,,
"2024-08-06,13:16:16",themask0239,#0,لعنة الله عليهم,,
"2024-08-06,13:16:21",themask0239,#0,وموسم رياض تعهم,,
"2024-08-06,13:16:43",themask0239,#0,# موسم رياض هذا تولي سعودية هي مريكان,,
"2024-08-06,13:17:01",.heythemdz,#0,._. لوكان ماكانش الكعبة ماتعرفش وش الفرق,themask0239#0,
"2024-08-06,13:17:10",themask0239,#0,هو مشكل,.heythemdz#0,
"2024-08-06,13:17:27",themask0239,#0,يدرو سبة بل كعبة,.heythemdz#0,
"2024-08-06,13:17:51",themask0239,#0,<@952618507483381860> شوف ماوراء موسم رياض,.heythemdz#0,
"2024-08-06,13:17:54",.heythemdz,#0,اسمع اني لقيت سيرفر يعيف,themask0239#0,
"2024-08-06,13:18:31",themask0239,#0,<@952618507483381860>  مشي كيما هذا لي صورلنا واحد ترمتو,.heythemdz#0,https://cdn.discordapp.com/attachments/1227367017661595708/1270355325425553468/Screenshot_20240712-161358.png?ex=672e0197&is=672cb017&hm=d0e95faeb32fa8cc1fd9e9bfe9b57715791a8977c09e63e355f30146dda3ad04&
"2024-08-06,13:18:38",themask0239,#0,<@952618507483381860> <@952618507483381860> هات خاص,.heythemdz#0,
"2024-08-06,13:19:39",demon_slayer_tanjiro_kamado,#0,PUSSY,,
"2024-08-06,13:19:42",demon_slayer_tanjiro_kamado,#0,DICK,,
"2024-08-06,13:19:46",demon_slayer_tanjiro_kamado,#0,ASSHOLE,,
"2024-08-06,13:19:48",demon_slayer_tanjiro_kamado,#0,ASS,,
"2024-08-06,13:19:51",demon_slayer_tanjiro_kamado,#0,PENIS,,
"2024-08-06,13:19:55",demon_slayer_tanjiro_kamado,#0,ZBY,,
"2024-08-06,13:20:00",demon_slayer_tanjiro_kamado,#0,9LAWI,,
"2024-08-06,13:20:02",demon_slayer_tanjiro_kamado,#0,SOWA,,
"2024-08-06,13:20:06",demon_slayer_tanjiro_kamado,#0,ZBOBA,,
"2024-08-06,13:20:11",demon_slayer_tanjiro_kamado,#0,TRAMI,,
"2024-08-06,13:20:14",demon_slayer_tanjiro_kamado,#0,ZKOKA,,
"2024-08-06,13:20:17",.heythemdz,#0,راك برلادلتها شريكي,demon_slayer_tanjiro_kamado#0,
"2024-08-06,13:20:27",demon_slayer_tanjiro_kamado,#0,SOWA,,
"2024-08-06,13:20:39",.heythemdz,#0,السيئات لي ديتهم واحد مايدهم,demon_slayer_tanjiro_kamado#0,
"2024-08-06,13:22:40",d_franc,#0,ختك,,
"2024-08-06,13:22:48",m7_.n8,#0,خوارج,themask0239#0,
"2024-08-06,13:22:49",ak_miro,#0,اهاه جبدلك ختك,,
"2024-08-06,13:22:50",ak_miro,#0,لااا,,
"2024-08-06,13:22:56",ak_miro,#0,<:NIGGA_omg:1150394296680329226>,,
"2024-08-06,13:23:02",d_franc,#0,منيش عليه,,
"2024-08-06,13:23:07",d_franc,#0,عليك,ak_miro#0,
"2024-08-06,13:23:17",.heythemdz,#0,راك عليا,d_franc#0,
"2024-08-06,13:23:23",ak_miro,#0,اي تقدر تروح تنيخ مك بعيد,,
"2024-08-06,13:23:30",ak_miro,#0,انا نجبدهولك اون ديراكت,,
"2024-08-06,13:23:35",ak_miro,#0,منحلبكش كامل,,
"2024-08-06,13:23:45",d_franc,#0,تعلم تكتب ومتزيدش تخرض,ak_miro#0,
"2024-08-06,13:24:02",ak_miro,#0,ياعطا-ي بو في عمرو نطفة جا يهدر,,
"2024-08-06,13:24:05",ak_miro,#0,💀💀💀💀,,
"2024-08-06,13:24:18",d_franc,#0,تعلمت ها جاي تكتبها,,
"2024-08-06,13:24:25",m7_.n8,#0,"تم إنشاء هذه المجموعة فقط لدعم حكومتنا الجميلة ودعم رئيسنا لعهدة اخرى ولا نشجع اي انتماء من اي نوع   
لا نتحمل مسؤولية المنشورات المعاديه لانه يوجد خلل يمكن الاعضاء من النشر خفية عن المسؤولين
ونجدد دعوتكم لانتخاب تبون يوم 17  سبتمبر من اجل جزائر جديدة 

 تحيا الجزائر حكومة جيشا وشعبا",,https://cdn.discordapp.com/attachments/1227367017661595708/1270356809617506368/FB_IMG_17227820115175788.jpg?ex=672e02f9&is=672cb179&hm=00a96570c2ab80d032f1c90fadc0d10a1172ea78fdaf3bd08b9892bf862a3331&
"2024-08-06,13:24:46",d_franc,#0,روح تعطي,m7_.n8#0,
"2024-08-06,13:25:01",ak_miro,#0,روح اودي روح كي طنت قدك كنت ناكل العلك ونلعب بتراب,d_franc#0,
"2024-08-06,13:25:18",d_franc,#0,اي كي كنت قدي,,
"2024-08-06,13:25:28",m7_.n8,#0,الله يهديك,d_franc#0,
"2024-08-06,13:25:35",demon_slayer_tanjiro_kamado,#0,9LAWI EL CHI7,.heythemdz#0,
"2024-08-06,13:25:51",d_franc,#0,ههههه تلقاه عمرو 15,ak_miro#0,
"2024-08-06,13:26:02",ak_miro,#0,هههه,,
"2024-08-06,13:26:05",ak_miro,#0,كاينة,,
"2024-08-06,13:26:27",ak_miro,#0,عندك زهر تكياح مايظهرش,,
"2024-08-06,13:26:46",demon_slayer_tanjiro_kamado,#0,شكون حاب نسرقلو الطوطة تاعو و نبيعها,,
"2024-08-06,13:27:02",m7_.n8,#0,,,https://cdn.discordapp.com/attachments/1227367017661595708/1270357467720843356/FB_IMG_17211688594494853.jpg?ex=672e0396&is=672cb216&hm=00f3005d51608a8232f1d38ea111a926c0fb857b172127784a30b9020c9e07e2&
"2024-08-06,13:27:10",d_franc,#0,تكياح ولا تطياح,ak_miro#0,
"2024-08-06,13:27:18",d_franc,#0,ولات اسمها تكياح,,
"2024-08-06,13:27:24",ak_miro,#0,اسمها ختك,,
"2024-08-06,13:28:05",.heythemdz,#0,امشي تعطي لهيت,demon_slayer_tanjiro_kamado#0,
"2024-08-06,13:28:12",.heythemdz,#0,دسارة بزاف مش مليحة,,
"2024-08-06,13:28:19",zakidz5784,#0,Slm,,
"2024-08-06,13:28:26",.heythemdz,#0,وعليكم السلام,zakidz5784#0,
"2024-08-06,13:28:38",zakidz5784,#0,Kirakoum,,
"2024-08-06,13:28:52",ak_miro,#0,<:9k:1189273274455179358>,,
"2024-08-06,13:29:10",demon_slayer_tanjiro_kamado,#0,رادي فاليل نحيهولك غي عس روحك <:fbiSpong:1150411393087045682>,.heythemdz#0,
"2024-08-06,13:29:13",zakidz5784,#0,Kayn li yl3bo pro club,,
"2024-08-06,13:29:23",m7_.n8,#0,,,https://cdn.discordapp.com/attachments/1227367017661595708/1270358059163848715/FB_IMG_17196480751021262.jpg?ex=672e0423&is=672cb2a3&hm=6df22b22d8894f0a86c589a4133c0aed1c402daf0a242dbb6e9c633c4ec63cbe&
"2024-08-06,13:29:25",.heythemdz,#0,امشي قود,demon_slayer_tanjiro_kamado#0,
"2024-08-06,13:30:18",zakidz5784,#0,عليمن راك,,
"2024-08-06,13:30:39",ak_miro,#0,خاوتي مديروش عليه مسكين مريض,,
"2024-08-06,13:30:45",ak_miro,#0,عندو في راسو قلاوي,,
"2024-08-06,13:30:49",ak_miro,#0,ماش مخ,,
"2024-08-06,13:30:52",zakidz5784,#0,ههههه,,
"2024-08-06,13:31:00",mehdibenchabla_ytb,#0,Hhh,,
"2024-08-06,13:31:04",zakidz5784,#0,<:KEKYou:1150418200027201566>,,
"2024-08-06,13:31:29",zakidz5784,#0,كاين لي يلعب fc24,,
"2024-08-06,13:31:43",ak_miro,#0,اعتزلت الالعاب,,
"2024-08-06,13:31:48",zakidz5784,#0,Hhhh,,
"2024-08-06,13:31:53",ak_miro,#0,لقيت روحي مكسر 4 مانيطات,,
"2024-08-06,13:32:01",zakidz5784,#0,هههههه,,
"2024-08-06,13:32:21",mhmdy,#0,مفهمتش🗿,whereskix#0,
"2024-08-06,13:32:30",mhmdy,#0,<:GAY_reverse_card:1150410491605303428>,,
"2024-08-06,13:32:35",demon_slayer_tanjiro_kamado,#0,انا كسرت 10 مانيطا من صغري تا لدرك و 2 كلافي تع بيسي و تيليفون,ak_miro#0,
"2024-08-06,13:32:57",d_franc,#0,امك,ak_miro#0,
"2024-08-06,13:33:00",unknown_210565,#0,وسع وسع او جا الشيكور,,
"2024-08-06,13:33:06",ak_miro,#0,<:9k:1189273274455179358>,,
"2024-08-06,13:33:12",ak_miro,#0,طيزك,d_franc#0,
"2024-08-06,13:33:29",zakidz5784,#0,شيكور ختك,unknown_210565#0,
"2024-08-06,13:33:31",unknown_210565,#0,نتا ادا تبغي بلع علينا سوتك,d_franc#0,
"2024-08-06,13:33:33",d_franc,#0,<@282859044593598464>,ProBot ✨#5803、unknown_210565#0,
"2024-08-06,13:33:46",d_franc,#0,مسبيتكش,unknown_210565#0,
"2024-08-06,13:33:56",unknown_210565,#0,يدك فيه انا سبيتك,,
"2024-08-06,13:33:57",d_franc,#0,امك القحبه,unknown_210565#0,
"2024-08-06,13:33:58",unknown_210565,#0,عندك مشكل,,
"2024-08-06,13:34:01",unknown_210565,#0,روج,,
"2024-08-06,13:34:08",ak_miro,#0,مسكين,,
"2024-08-06,13:34:10",ak_miro,#0,قيو,,
"2024-08-06,13:34:14",unknown_210565,#0,يدك فيه,,
"2024-08-06,13:34:22",unknown_210565,#0,<:9k:1189273274455179358>,,
"2024-08-06,13:34:24",demon_slayer_tanjiro_kamado,#0,الشات راهو غي تطياح يا و,,
"2024-08-06,13:34:25",ak_miro,#0,<:9k:1189273274455179358>,,
"2024-08-06,13:34:25",zakidz5784,#0,داقتلو,d_franc#0,
"2024-08-06,13:34:31",mhmdy,#0,السلام عليكم,,
"2024-08-06,13:34:46",demon_slayer_tanjiro_kamado,#0,و عليكم السلام,mhmdy#0,
"2024-08-06,13:34:49",zakidz5784,#0,وعليكم السلام,mhmdy#0,
"2024-08-06,13:34:49",ak_miro,#0,هذاك صاحبي مهدرش معاك معاك,zakidz5784#0,
"2024-08-06,13:34:50",d_franc,#0,زهاتلك جاي هنا,zakidz5784#0,
"2024-08-06,13:35:10",ak_miro,#0,واش دخلك حتشو* يماك,,
"2024-08-06,13:35:13",demon_slayer_tanjiro_kamado,#0,الشات راهو غي دبزا و تطياح ساعفني خرج,mhmdy#0,
"2024-08-06,13:35:15",ak_miro,#0,يجي وين يحب,,
"2024-08-06,13:35:20",mhmdy,#0,غير هاذا وين نضت تلقا حرب أهلية بيناتكم,,
"2024-08-06,13:35:24",d_franc,#0,يا gay يدك فيه,unknown_210565#0,
"2024-08-06,13:35:28",ak_miro,#0,في ختك,,
"2024-08-06,13:35:31",unknown_210565,#0,في ختك,,
"2024-08-06,13:35:37",mhmdy,#0,🗿✋لي يهدر gay ذا حل,,
"2024-08-06,13:35:40",d_franc,#0,نختمها,unknown_210565#0,
"2024-08-06,13:35:40",demon_slayer_tanjiro_kamado,#0,🤣,mhmdy#0,
"2024-08-06,13:35:41",d_franc,#0,ب,,
"2024-08-06,13:35:49",mhmdy,#0,..,,
"2024-08-06,13:35:50",ak_miro,#0,بسو-ة مك,,
"2024-08-06,13:36:04",unknown_210565,#0,يماه عاهرة royal,,
"2024-08-06,13:36:08",ak_miro,#0,كاينة,,
"2024-08-06,13:36:10",ak_miro,#0,<:emoji_47:1151909990727163954> <:9k:1189273274455179358>,,
"2024-08-06,13:36:24",mhmdy,#0,جماعه وش فايدة من قع ذا نطياح,,
"2024-08-06,13:36:33",ak_miro,#0,مسكين دخل لبارح جا يهدر,,
"2024-08-06,13:36:39",demon_slayer_tanjiro_kamado,#0,ما كان تا فايدة,mhmdy#0,
"2024-08-06,13:36:39",mhmdy,#0,كشما راكم نديرو ل بعضاكم ؟,,
"2024-08-06,13:36:46",d_franc,#0,يماك لي علتها,unknown_210565#0,
"2024-08-06,13:36:51",ak_miro,#0,وهو لي بداها نطيحلو ونبقى نطيحلو حتا نحويه,,
"2024-08-06,13:36:53",mhmdy,#0,ورا شاشات غير اسكتو خير,,
"2024-08-06,13:36:55",unknown_210565,#0,d$; tdi,,
"2024-08-06,13:36:55",unknown_210565,#0,f:,,
"2024-08-06,13:37:02",unknown_210565,#0,dfljbdsfzdlfzdfzjfzomlfkzdjfkzdlkjf,,
"2024-08-06,13:37:10",unknown_210565,#0,كلام مسيء,,
"2024-08-06,13:37:13",unknown_210565,#0,هههههه,,
"2024-08-06,13:37:15",zakidz5784,#0,ههه,,
"2024-08-06,13:37:17",ak_miro,#0,<:juan:1150418197581922344>,,
"2024-08-06,13:37:22",mhmdy,#0,+ تطيحش ل اي شخص خليك دايما شخص مليح 🗿 اربح نفسك ولي يطيح تلقاه ذر + مي تعول تهدر اهدرلو فل صح ورا شاشات رح يبقا طيح ونتا طيح وهكذا متحبسوش,,
"2024-08-06,13:37:30",ak_miro,#0,هيه,,
"2024-08-06,13:37:31",zakidz5784,#0,ايع,,
"2024-08-06,13:37:33",zakidz5784,#0,ه,,
"2024-08-06,13:37:43",ak_miro,#0,الذر تاع TOX ولا منعرف لاه في يماه هو لي بداها,,
"2024-08-06,13:37:50",ak_miro,#0,ياك زاكي شاهد,,
"2024-08-06,13:37:56",zakidz5784,#0,واه,,
"2024-08-06,13:38:01",unknown_210565,#0,واه هو,,
"2024-08-06,13:38:12",zakidz5784,#0,وحدو في أمان الله,,
"2024-08-06,13:38:13",demon_slayer_tanjiro_kamado,#0,واه هو انا شته,,
"2024-08-06,13:38:22",unknown_210565,#0,منبعد نهدر معا هوملاندر يديرلو ميوت,,
"2024-08-06,13:38:36",ak_miro,#0,<:juan:1150418197581922344>,,
"2024-08-06,13:38:42",demon_slayer_tanjiro_kamado,#0,<:gigachad:1150419236989186078>,unknown_210565#0,
"2024-08-06,13:38:42",mhmdy,#0,<:gigachad:1150419236989186078>,,
"2024-08-06,13:38:43",zakidz5784,#0,<:KEKYou:1150418200027201566>,,
"2024-08-06,13:38:53",mhmdy,#0,سراق درتها قبلي,demon_slayer_tanjiro_kamado#0,
"2024-08-06,13:39:05",demon_slayer_tanjiro_kamado,#0,ههههههه,mhmdy#0,
"2024-08-06,13:39:06",mhmdy,#0,بصح بعثناها فنفس ثانية,,
"2024-08-06,13:39:11",zakidz5784,#0,واه,,
"2024-08-06,13:39:20",ak_miro,#0,<:emoji_104:1191547769664573450>,,
"2024-08-06,13:39:34",mhmdy,#0,خاوتي كاش واحد لاعب ريديد ريدبشن٢,,
"2024-08-06,13:39:35",demon_slayer_tanjiro_kamado,#0,انا الهدرة و نسرقها <:gigachad:1150419236989186078>,mhmdy#0,
"2024-08-06,13:39:40",d_franc,#0,يا كنت طيح في وحد شدخل ربك,ak_miro#0,
"2024-08-06,13:39:47",ak_miro,#0,يديك فيه,,
"2024-08-06,13:39:51",demon_slayer_tanjiro_kamado,#0,انا مخدم الجزء الاول,mhmdy#0,
"2024-08-06,13:39:52",ak_miro,#0,وربي نحيه من فمك لموسخ,,
"2024-08-06,13:39:54",d_franc,#0,بيتش,,
"2024-08-06,13:39:59",ak_miro,#0,ينحرق سو-ة تاع مك,,
"2024-08-06,13:40:05",unknown_210565,#0,ختو باينة تحب,,
"2024-08-06,13:40:11",demon_slayer_tanjiro_kamado,#0,علاه تقول ربك ما تحشمش,d_franc#0,
"2024-08-06,13:40:11",zakidz5784,#0,صاي صاي,,
"2024-08-06,13:40:14",mhmdy,#0,زاوج حاب نشري ومتردد 💀,demon_slayer_tanjiro_kamado#0,
"2024-08-06,13:40:18",d_franc,#0,اختك,ak_miro#0,
"2024-08-06,13:40:24",ak_miro,#0,مسكين,,
"2024-08-06,13:40:27",ak_miro,#0,هذا واش يقدر يدير,,
"2024-08-06,13:40:31",unknown_210565,#0,كاينة,,
"2024-08-06,13:40:45",demon_slayer_tanjiro_kamado,#0,اشريه انا لعبته عند و لد عمي و الله غي سينيما,mhmdy#0,
"2024-08-06,13:40:49",d_franc,#0,قالك اسكت يسكتو,ak_miro#0,
"2024-08-06,13:40:58",d_franc,#0,متشوفهم ميشوفكش,,
"2024-08-06,13:41:14",ak_miro,#0,مقولة هذا قالهالك حدد في وقت الغفلة,,
"2024-08-06,13:41:17",zakidz5784,#0,<@1264558495034769438> واه شباب,demon_slayer_tanjiro_kamado#0,
"2024-08-06,13:41:18",mhmdy,#0,جماعه لي يطيح تجاهلوه رح يعرف أنه تافه اي واحد ميهمش 🗿مدام سكتت يعرف أنه مأثرش فيك,,
"2024-08-06,13:41:23",ak_miro,#0,ياربك قديم,,
"2024-08-06,13:41:27",ak_miro,#0,<:juan:1150418197581922344>,,
"2024-08-06,13:41:32",unknown_210565,#0,<:KEKYou:1150418200027201566>,,
"2024-08-06,13:41:32",demon_slayer_tanjiro_kamado,#0,ايه,,
"2024-08-06,13:41:47",ak_miro,#0,قيو,,
"2024-08-06,13:41:49",mhmdy,#0,احسن من GTA v  نسخه محسنه؟,demon_slayer_tanjiro_kamado#0,
"2024-08-06,13:41:55",unknown_210565,#0,قيو مسكين,,
"2024-08-06,13:42:04",unknown_210565,#0,عندو وجه يماه برك لي تحبو,,
"2024-08-06,13:42:27",demon_slayer_tanjiro_kamado,#0,@everyone جماعة سؤال غريب انا راني حاب لعبة محاكي سرقت الطوطات و القلاوي و الترامي و السوات لا كاين ؟,,
"2024-08-06,13:42:30",mhmdy,#0,كيف تجلد ب احترام,unknown_210565#0,
"2024-08-06,13:42:37",demon_slayer_tanjiro_kamado,#0,هادي باينة,mhmdy#0,
"2024-08-06,13:42:43",unknown_210565,#0,كاين,demon_slayer_tanjiro_kamado#0,
"2024-08-06,13:42:52",demon_slayer_tanjiro_kamado,#0,قولي اسمها,unknown_210565#0,
"2024-08-06,13:43:07",unknown_210565,#0,fuckerman beta,,
"2024-08-06,13:43:15",unknown_210565,#0,<:DK_Expand_Dong:1150410899581050950>,,
"2024-08-06,13:43:20",ak_miro,#0,<:emoji_104:1191547769664573450>,,
"2024-08-06,13:43:24",demon_slayer_tanjiro_kamado,#0,و لا لعبة محاكي سرقة الملابس الداخلية للبنات,unknown_210565#0,
"2024-08-06,13:43:26",mhmdy,#0,<:emoji_108:1226598091969269891>,,
"2024-08-06,13:43:51",mhmdy,#0,What the hack,,
"2024-08-06,13:43:56",unknown_210565,#0,جاني سؤال,,
"2024-08-06,13:44:05",unknown_210565,#0,شحال تبني_ط فاليوم,,
"2024-08-06,13:44:14",demon_slayer_tanjiro_kamado,#0,انا ؟,unknown_210565#0,
"2024-08-06,13:44:14",ak_miro,#0,<:NIGGA_omg:1150394296680329226>,,
"2024-08-06,13:44:18",unknown_210565,#0,واه,,
"2024-08-06,13:44:25",v.6f,#0,<:Joy_AE:773111384178688001>,,
"2024-08-06,13:44:33",mhmdy,#0,استروه مسكين طفل,unknown_210565#0,
"2024-08-06,13:44:34",v.6f,#0,wtf,,
"2024-08-06,13:44:39",mhmdy,#0,💀💀💀,,
"2024-08-06,13:44:43",demon_slayer_tanjiro_kamado,#0,انا في الشهر قريب 50 خطرة,,
"2024-08-06,13:44:48",unknown_210565,#0,اسبي,,
"2024-08-06,13:44:49",v.6f,#0,راهو اوت,mhmdy#0,
"2024-08-06,13:44:55",mhmdy,#0,رقم قياسي,demon_slayer_tanjiro_kamado#0,
"2024-08-06,13:45:01",unknown_210565,#0,علاه عند مفعل نووي ماش قضيب,,
"2024-08-06,13:45:09",mhmdy,#0,سخان وتزيد تديرها مش طايحه,v.6f#0,
"2024-08-06,13:45:14",mhmdy,#0,🗿💔,,
"2024-08-06,13:45:20",v.6f,#0,<:Joy_AE:773111384178688001>,,
"2024-08-06,13:45:22",ak_miro,#0,ايماجيني,,
"2024-08-06,13:45:25",ak_miro,#0,فسخانة,,
"2024-08-06,13:45:27",ak_miro,#0,صهد,,
"2024-08-06,13:45:29",demon_slayer_tanjiro_kamado,#0,كنت 70 خطرت في الشهر مام الحليب راه قريب يكمل خصنا نصتحفظو راك فاهم,mhmdy#0,
"2024-08-06,13:45:51",mhmdy,#0,ممبعد كي تديرها تقعد تتقلب كي مهبول وسخانه ويزيد عليك ضغطط ومتلقا ما دير,,
"2024-08-06,13:45:53",unknown_210565,#0,خوتي شوف,,
"2024-08-06,13:46:25",unknown_210565,#0,اسمحولي على طياح ماش من عادتي نطيح انا انسان محترم لي يطيحلي نطيحلو,,
"2024-08-06,13:46:32",unknown_210565,#0,كامل رانا خاوة,,
"2024-08-06,13:46:41",demon_slayer_tanjiro_kamado,#0,<:gigachad:1150419236989186078>,unknown_210565#0,
"2024-08-06,13:46:51",unknown_210565,#0,(راني نكدب),,
"2024-08-06,13:46:52",demon_slayer_tanjiro_kamado,#0,🤝 😎,unknown_210565#0,
"2024-08-06,13:46:53",mhmdy,#0,من حكمه كلامك ذا 🗿✋✨كل حب و احترام,unknown_210565#0,
"2024-08-06,13:47:01",mhmdy,#0,🙂نسحب كلامي,unknown_210565#0,
"2024-08-06,13:47:01",ak_miro,#0,كاينة,,
"2024-08-06,13:47:05",ak_miro,#0,<:KEKYou:1150418200027201566>,,
"2024-08-06,13:47:11",unknown_210565,#0,<:juan:1150418197581922344>,,
"2024-08-06,13:47:17",unknown_210565,#0,راني منيتي,,
"2024-08-06,13:47:20",unknown_210565,#0,نحبكم كامل,,
"2024-08-06,13:47:21",unknown_210565,#0,والله,,
"2024-08-06,13:47:22",demon_slayer_tanjiro_kamado,#0,نسحب كلامي,unknown_210565#0,
"2024-08-06,13:47:25",mhmdy,#0,واقيلا انا نية 🗿💔,unknown_210565#0,
"2024-08-06,13:47:30",ak_miro,#0,انا تاني نحبك بلا توسويس,,
"2024-08-06,13:47:32",ak_miro,#0,Pause,,
"2024-08-06,13:47:36",mhmdy,#0,كاينه 🫡,unknown_210565#0,
"2024-08-06,13:47:45",mhmdy,#0,كلنا نحب بعض,ak_miro#0,
"2024-08-06,13:47:49",demon_slayer_tanjiro_kamado,#0,جا وقت التحقيق <:fbiSpong:1150411393087045682>,ak_miro#0,
"2024-08-06,13:47:51",mhmdy,#0,(بلا توسويس),,
"2024-08-06,13:47:55",ak_miro,#0,<:emoji_104:1191547769664573450>,,
"2024-08-06,13:47:57",mhmdy,#0,ناهههه نقا,demon_slayer_tanjiro_kamado#0,
"2024-08-06,13:48:01",mhmdy,#0,💀💀💀,,
"2024-08-06,13:48:01",ak_miro,#0,اصبر نفهمك,,
"2024-08-06,13:48:07",ak_miro,#0,هو يحب كالاخوة,,
"2024-08-06,13:48:11",ak_miro,#0,انا نحبو كي خويا,,
"2024-08-06,13:48:12",ak_miro,#0,هاذي هيا,,
"2024-08-06,13:48:17",mhmdy,#0,ناه مكاش منها ذي هدره,ak_miro#0,
"2024-08-06,13:48:24",unknown_210565,#0,تشفا علينا كي كنا صغار,ak_miro#0,
"2024-08-06,13:48:25",demon_slayer_tanjiro_kamado,#0,<:thinker:1152013890847264788>,ak_miro#0,
"2024-08-06,13:48:30",mhmdy,#0,تخيل مدامتك تبوس طفل صغير تقلك عادي كي خويا,,
"2024-08-06,13:48:34",mhmdy,#0,💀💀💀,,
"2024-08-06,13:48:39",ak_miro,#0,اسكت فضحتينا<:emoji_104:1191547769664573450>,unknown_210565#0,
"2024-08-06,13:48:41",mhmdy,#0,نفس لقطه,,
"2024-08-06,13:48:45",mhmdy,#0,😂😂😂😂,,
"2024-08-06,13:48:56",mhmdy,#0,شفت شفت😂😂😂,unknown_210565#0,
"2024-08-06,13:49:01",demon_slayer_tanjiro_kamado,#0,انا نبوسها في تاعتها <:ahegao:1150410734057033738>  و نقولها عادي انا تاني,mhmdy#0,
"2024-08-06,13:49:03",ak_miro,#0,واه,,
"2024-08-06,13:49:11",unknown_210565,#0,<:emoji_108:1191726847680069692>,,
"2024-08-06,13:49:17",unknown_210565,#0,حبيبنا راه في اوت,,
"2024-08-06,13:49:17",mhmdy,#0,هولي شيت💀💀💀,demon_slayer_tanjiro_kamado#0,
"2024-08-06,13:49:23",unknown_210565,#0,غلبتو الطنة,,
"2024-08-06,13:49:31",demon_slayer_tanjiro_kamado,#0,تخمامي ما يكملش,mhmdy#0,
"2024-08-06,13:49:50",ak_miro,#0,انا الوحيد لي مايغلبنيش اوت,,
"2024-08-06,13:49:57",mhmdy,#0,جماعه كاش واحد باقيلو هرمون القيقا تشاد,,
"2024-08-06,13:49:57",ak_miro,#0,وشكون لي قريب يدخل يقر فيكم,,
"2024-08-06,13:50:02",unknown_210565,#0,انا,,
"2024-08-06,13:50:05",mhmdy,#0,ولا قع تم حلبه💀,,
"2024-08-06,13:50:16",demon_slayer_tanjiro_kamado,#0,انا نحب لترام,,
"2024-08-06,13:50:17",mhmdy,#0,مزال شهر و 22يوم,ak_miro#0,
"2024-08-06,13:50:32",ak_miro,#0,ياخو انا نقرا برمجة نرجع شهر لي وراه,,
"2024-08-06,13:50:35",ak_miro,#0,<:KEKYou:1150418200027201566>,,
"2024-08-06,13:50:37",unknown_210565,#0,ماما انا,,
"2024-08-06,13:50:41",unknown_210565,#0,<:9k:1189273274455179358>,,
"2024-08-06,13:50:43",mhmdy,#0,GG,ak_miro#0,
"2024-08-06,13:51:00",mhmdy,#0,انا لغات اجنبيه 🗿✨✋,,
"2024-08-06,13:51:09",ak_miro,#0,مليحة,,
"2024-08-06,13:51:12",demon_slayer_tanjiro_kamado,#0,شكون يحب بنات صغار <:emoji_89:1188671634509398046>,,
"2024-08-06,13:51:15",ak_miro,#0,الدودة مكلاتكش,,
"2024-08-06,13:51:25",mhmdy,#0,ننخرج نروح نخدم تجاره وافكار لي فراسي,,
"2024-08-06,13:51:33",mhmdy,#0,نحلبهم حلب نبرد قلبي,,
"2024-08-06,13:51:37",ak_miro,#0,انا ماعنديش دراهم,,
"2024-08-06,13:51:39",mhmdy,#0,خططت لكل خطوات,,
"2024-08-06,13:51:44",mhmdy,#0,وكلش من الان,,
"2024-08-06,13:51:48",mhmdy,#0,فقط مسألة وقت,,
"2024-08-06,13:51:56",ak_miro,#0,كاين شوف اولا نكمل ديبولم تاعي,,
"2024-08-06,13:51:58",ak_miro,#0,ثانيا,,
"2024-08-06,13:51:58",demon_slayer_tanjiro_kamado,#0,و لا تخدم الشيرات في غرفة التعذيب <:emoji_89:1188671634509398046>,mhmdy#0,
"2024-08-06,13:52:00",mhmdy,#0,ولازم نلتزم ع نضام معين من الآن لذاك وقت,,
"2024-08-06,13:52:02",ak_miro,#0,نخدم عام ونص,,
"2024-08-06,13:52:02",mhmdy,#0,🗿💔,,
"2024-08-06,13:52:06",ak_miro,#0,ثالثا,,
"2024-08-06,13:52:09",ak_miro,#0,نخدم اونلاين,,
"2024-08-06,13:52:11",ak_miro,#0,رابعا,,
"2024-08-06,13:52:15",ak_miro,#0,نخرج مالبلاد,,
"2024-08-06,13:52:16",ak_miro,#0,خامسا,,
"2024-08-06,13:52:20",ak_miro,#0,نقعد بلا خدمة,,
"2024-08-06,13:52:24",unknown_210565,#0,<:KEKYou:1150418200027201566>,,
"2024-08-06,13:52:28",mhmdy,#0,اذا ربي حيانا,,
"2024-08-06,13:52:32",mhmdy,#0,🗿✋,,
"2024-08-06,13:52:32",ak_miro,#0,<:Dead_inside:1150410964659863592>,,
"2024-08-06,13:52:36",mhmdy,#0,بلاك نموتو,,
"2024-08-06,13:52:37",demon_slayer_tanjiro_kamado,#0,سادسا نخرج عريان,ak_miro#0,
"2024-08-06,13:52:40",ak_miro,#0,ممكن,,
"2024-08-06,13:52:43",ak_miro,#0,انا مدابيا نموت,,
"2024-08-06,13:52:46",mhmdy,#0,عيش حياتك لحضه لحضه باش إذا مفيهاش تموت فرحان,,
"2024-08-06,13:52:54",mhmdy,#0,كلش ممكن,ak_miro#0,
"2024-08-06,13:52:57",unknown_210565,#0,هاه كاينة,,
"2024-08-06,13:53:06",mhmdy,#0,خدمه اونلاين مليحه اثبتتلي ذا شي بنت عمي,,
"2024-08-06,13:53:22",mhmdy,#0,اكنو قع يضحكو عليها يا موهومه خلي يضحكو عليك ونتي مصدقه,,
"2024-08-06,13:53:24",ak_miro,#0,البارح برك ويت شريت نيترو,,
"2024-08-06,13:53:27",ak_miro,#0,🗿,,
"2024-08-06,13:53:30",mhmdy,#0,من تالي 40مليون كاش,,
"2024-08-06,13:53:32",demon_slayer_tanjiro_kamado,#0,و خصك تستمتع في الدنيا كي نتا كي الطوطة تاعك بلا توسويس,mhmdy#0,
"2024-08-06,13:53:36",mhmdy,#0,خبيط موني كاش,,
"2024-08-06,13:53:37",ak_miro,#0,عندي ميتين 200 دولار في غوغل بلاي,,
"2024-08-06,13:53:40",mhmdy,#0,حرفيا كلش ممكن,,
"2024-08-06,13:54:00",unknown_210565,#0,كان عندي,,
"2024-08-06,13:54:03",mhmdy,#0,ناس حاجه منشاتلهمش يقلك مكاش منها ولي مشاتلهم يكذبوهم😂الله غالب ناس غيراين و مهابل,,
"2024-08-06,13:54:05",unknown_210565,#0,0.21 بيتكوين,,
"2024-08-06,13:54:12",demon_slayer_tanjiro_kamado,#0,انا عندي 200 شيرة في انستغرام <:emoji_89:1188671634509398046>,ak_miro#0,
"2024-08-06,13:54:13",unknown_210565,#0,سرقولي الكونط,,
"2024-08-06,13:54:15",unknown_210565,#0,لي فيهم,,
"2024-08-06,13:54:21",fiyijak201,#0,سلام عليكم,,
"2024-08-06,13:54:22",unknown_210565,#0,14 الف دولار في نمي,,
"2024-08-06,13:54:38",mhmdy,#0,اح,unknown_210565#0,
"2024-08-06,13:54:46",ak_miro,#0,نورمال,,
"2024-08-06,13:54:49",mhmdy,#0,متزقش قيمه طوموبيل,,
"2024-08-06,13:54:50",ak_miro,#0,او يعوض ربي,,
"2024-08-06,13:54:52",fiyijak201,#0,اوو شاهو شاكاين,,
"2024-08-06,13:54:54",unknown_210565,#0,نشالله,,
"2024-08-06,13:55:01",demon_slayer_tanjiro_kamado,#0,@everyoneانا عندي 200 شيرة في انستغرام <:emoji_89:1188671634509398046>,,
"2024-08-06,13:55:04",ak_miro,#0,خوتي كاش واحد حاب يشحن,,
"2024-08-06,13:55:18",ak_miro,#0,نشحن بالحساب برك باسكو راني بنقاط تشغيل تاع غوغل,,
"2024-08-06,13:55:23",mhmdy,#0,قول حمد الله عارف كون جيت ف بلاصتك مزاج يتقلب بصح لا م تقولها ذا حل وحيد💀باش تتعوض,unknown_210565#0,
"2024-08-06,13:55:30",ak_miro,#0,صاحبي,,
"2024-08-06,13:55:32",ak_miro,#0,واللع,,
"2024-08-06,13:55:34",ak_miro,#0,ه,,
"2024-08-06,13:55:37",ak_miro,#0,عندها سيمانة,,
"2024-08-06,13:55:38",mhmdy,#0,همم انا,ak_miro#0,
"2024-08-06,13:55:42",ak_miro,#0,راحتلو 225 مليون,,
"2024-08-06,13:55:45",ak_miro,#0,واش قالي,,
"2024-08-06,13:55:48",ak_miro,#0,على ربي,,
"2024-08-06,13:55:52",ak_miro,#0,فري ماتقلقش,,
"2024-08-06,13:55:54",mhmdy,#0,GG,ak_miro#0,
"2024-08-06,13:56:04",demon_slayer_tanjiro_kamado,#0,<:KEKYou:1150418200027201566>,ak_miro#0,
"2024-08-06,13:56:06",ak_miro,#0,تداول فيه بزاف خسارة,,
"2024-08-06,13:56:08",mhmdy,#0,لازم يضبط مشاعره متداول أو لي يخدم اونلاين وتاجر الله غالب,ak_miro#0,
"2024-08-06,13:56:10",unknown_210565,#0,واه,,
"2024-08-06,13:56:13",mhmdy,#0,اذا مدارهاش يهبل,,
"2024-08-06,13:56:14",unknown_210565,#0,وحرام,,
"2024-08-06,13:56:20",ak_miro,#0,نورمال,,
"2024-08-06,13:56:21",demon_slayer_tanjiro_kamado,#0,يدكم فيه,,
"2024-08-06,13:56:23",mhmdy,#0,هدره شخص ناجح,ak_miro#0,
"2024-08-06,13:56:24",ak_miro,#0,عندو 45 كونط,,
"2024-08-06,13:56:25",demon_slayer_tanjiro_kamado,#0,يدكم فيه,,
"2024-08-06,13:56:26",ak_miro,#0,في كل كونط,,
"2024-08-06,13:56:29",demon_slayer_tanjiro_kamado,#0,حتى للممات,,
"2024-08-06,13:56:29",ak_miro,#0,5 ملايين,,
"2024-08-06,13:56:32",demon_slayer_tanjiro_kamado,#0,يدكم فيه,,
"2024-08-06,13:56:55",ak_miro,#0,<:9k:1189273274455179358>,,
"2024-08-06,13:56:59",unknown_210565,#0,<:9k:1189273274455179358>,,
"2024-08-06,13:57:17",demon_slayer_tanjiro_kamado,#0,جماعة شكون حاب يستاجرني باش نسرق الطوطة تع كاش واحد <:gigachad:1150419236989186078> 🍆,,
"2024-08-06,13:57:27",ak_miro,#0,عندي صاحبي,,
"2024-08-06,13:57:33",demon_slayer_tanjiro_kamado,#0,وي,ak_miro#0,
"2024-08-06,13:57:35",ak_miro,#0,اسرقو بيه بطوطا,,
"2024-08-06,13:57:38",ak_miro,#0,بكلش,,
"2024-08-06,13:57:49",ak_miro,#0,انسان فاشل فري ماعندو حتا فايدة,,
"2024-08-06,13:57:56",ak_miro,#0,لدرك معلاباليش كيفاه الاحمق راه عايش,,
"2024-08-06,13:58:01",demon_slayer_tanjiro_kamado,#0,اسمع دخل بريفي,ak_miro#0,
"2024-08-06,13:58:12",ak_miro,#0,Why,,
"2024-08-06,13:58:20",unknown_210565,#0,بريفي هاااا,,
"2024-08-06,13:58:24",unknown_210565,#0,<:DK_Expand_Dong:1150410899581050950>,,
"2024-08-06,14:03:02",mhmdy,#0,جماعه,,
"2024-08-06,14:03:14",mhmdy,#0,عندي تصاوير نحطوهم في 4 فوطو بروفيل,,
"2024-08-06,14:03:26",mhmdy,#0,كفاش نبعث هنا ومنقدرش🗿,,
"2024-08-06,14:03:33",unknown_210565,#0,ارواح بريفي,,
"2024-08-06,14:32:03",demon_slayer_tanjiro_kamado,#0,<@1158860326289297458> راني لقيت صاحبك و نحيتلو كلش,ak_miro#0,
"2024-08-06,14:45:25",plxyboizeus,#0,<:NIGGA_omg:1150394296680329226>,,
"2024-08-06,14:46:24",demon_slayer_tanjiro_kamado,#0,وي,,
"2024-08-06,14:46:27",demon_slayer_tanjiro_kamado,#0,يدكم فيه,,
"2024-08-06,14:46:31",demon_slayer_tanjiro_kamado,#0,راني و لييي ت,,
"2024-08-06,14:46:42",demon_slayer_tanjiro_kamado,#0,<:gigachad:1150419236989186078>,plxyboizeus#0,
"2024-08-06,14:56:28",itz.akram5,#0,خصتني مدمة,,
"2024-08-06,14:56:32",itz.akram5,#0,يا نقوشا,,
"2024-08-06,14:59:43",ak_miro,#0,<:KEKYou:1150418200027201566>,,
"2024-08-06,15:01:13",zero051704,#0,<:emoji_109:1259887162296635402>,,
"2024-08-06,15:01:26",unknown_210565,#0,<:emoji_104:1191547769664573450>,,
"2024-08-06,15:01:35",c_rx.,#0,شحال عمرك,itz.akram5#0,
"2024-08-06,15:01:55",itz.akram5,#0,ماعمريش,c_rx.#0,
"2024-08-06,15:02:09",unknown_210565,#0,اخوانه لا يملك عمر,,
"2024-08-06,15:02:21",itz.akram5,#0,ترجمة قوقل,unknown_210565#0,
"2024-08-06,15:02:29",itz.akram5,#0,روح تبنيط على روحك,,
"2024-08-06,15:03:04",unknown_210565,#0,راك تهدر معاي واقيل,,
"2024-08-06,15:03:22",itz.akram5,#0,لالا معا الجميلة لي راهي وراك,unknown_210565#0,
"2024-08-06,15:03:23",_xl7,#0,<@1169250247847972887> wach l3ziz,_flitox.#0,
"2024-08-06,15:04:24",ak_miro,#0,لي يطيح نبعتوه ميوت,,
"2024-08-06,15:04:42",itz.akram5,#0,نطيح ويدك فيه,ak_miro#0,
"2024-08-06,15:04:50",ak_miro,#0,ايا اوك ريڨل,,
"2024-08-06,15:05:07",itz.akram5,#0,اسمع,,
"2024-08-06,15:05:13",itz.akram5,#0,سيرفر تعمن هذا,,
"2024-08-06,15:05:15",itz.akram5,#0,تع هوفا,,
"2024-08-06,15:05:21",itz.akram5,#0,روح للباجا فليوتيوب تاعو,,
"2024-08-06,15:05:32",itz.akram5,#0,تشوف تطياح ب جميع انواعه جاي لهنا تقولي ممنوع تطياح,,
"2024-08-06,15:05:41",ak_miro,#0,كاين لي حاكمين سيرفر,,
"2024-08-06,15:05:45",ak_miro,#0,ومايطيحوش,,
"2024-08-06,15:05:56",itz.akram5,#0,هيه يروحو يقودو,,
"2024-08-06,15:06:30",ak_miro,#0,هيه اهدرهالهم,,
"2024-08-06,15:06:37",itz.akram5,#0,انا ندير علا هوفا مش على لي حاكمينو,,
"2024-08-06,15:07:06",ak_miro,#0,هوفا ماهوش لي حاكم سيرفر,,
"2024-08-06,15:07:19",_flitox.,#0,Kifach yakhu,_xl7#0,
"2024-08-06,15:07:26",_xl7,#0,cv sa7bi,_flitox.#0,
"2024-08-06,15:07:35",ak_miro,#0,<@1191354977193570356>,themask0239#0,
"2024-08-06,15:07:38",_xl7,#0,zbi win rahom l3ibad,,
"2024-08-06,15:07:40",_xl7,#0,andrw,,
"2024-08-06,15:07:42",_xl7,#0,w joni,,
"2024-08-06,15:07:57",_xl7,#0,W moujb,,
"2024-08-06,15:08:09",itz.akram5,#0,fi trmat 5tk,_xl7#0,
"2024-08-06,15:08:09",unknown_210565,#0,<:emoji_104:1191547769664573450>,,
"2024-08-06,15:08:23",_xl7,#0,ktro fi rab server ghir dr zbi,,
"2024-08-06,15:08:33",ak_miro,#0,حبيبنا واقيل حاب يتبانا,,
"2024-08-06,15:08:36",ak_miro,#0,ريڨل,,
"2024-08-06,15:08:39",_xl7,#0,askt nik swoa li jabtk,itz.akram5#0,
"2024-08-06,15:08:40",ak_miro,#0,<@1191354977193570356>,themask0239#0,
"2024-08-06,15:08:51",itz.akram5,#0,جيب شيكور ختك ورواح معاه,ak_miro#0,
"2024-08-06,15:08:57",itz.akram5,#0,نخرج بكارامتي انا,,
"2024-08-06,15:09:03",ak_miro,#0,,,https://cdn.discordapp.com/attachments/1227367017661595708/1270383140640129085/voice-message.ogg?ex=672e1b7f&is=672cc9ff&hm=ff64ce8edff721237a1d9d084dbcb5d5690364eb0855bcf2e9c24b273e40f7dc&
"2024-08-06,15:09:06",_xl7,#0,a5rj 9awd,itz.akram5#0,
"2024-08-06,15:09:09",ak_miro,#0,ولد القحب-ة,,
"2024-08-06,15:09:18",itz.akram5,#0,راك طيحت ها,ak_miro#0,
"2024-08-06,15:09:20",_flitox.,#0,Hmdolh,_xl7#0,
"2024-08-06,15:09:30",ak_miro,#0,نطيح يديك فيه,,
"2024-08-06,15:09:34",ak_miro,#0,عندك مشكل روح اشكي لمك,,
"2024-08-06,15:09:38",itz.akram5,#0,يمال متزيدش تفتح ترمتك,ak_miro#0,
"2024-08-06,15:09:43",_xl7,#0,win rahow Andrew,_flitox.#0,
"2024-08-06,15:09:46",_xl7,#0,w joni,,
"2024-08-06,15:09:50",plxyboizeus,#0,<:cum:1152013788653031434>,demon_slayer_tanjiro_kamado#0,
"2024-08-06,15:10:13",_xl7,#0,<@1166151378343829585> <@506150184707948567>  nod kos awomk,andrew_tate_8#0、z2xq#0,
"2024-08-06,15:10:14",_flitox.,#0,Wlh ma39ltk bsh 🙂,_xl7#0,
"2024-08-06,15:10:24",_xl7,#0,Goku,_flitox.#0,
"2024-08-06,15:10:27",ak_miro,#0,<@1191354977193570356> ارواح الحاج,themask0239#0,
"2024-08-06,15:10:45",itz.akram5,#0,كيما قلتلك خو جيب شيكور ختك ورواح معاه,ak_miro#0,
"2024-08-06,15:10:52",_flitox.,#0,Cbn cbn,_xl7#0,
"2024-08-06,15:11:14",_xl7,#0,3lbali mzal m39ltnich bsa7 tnak,_flitox.#0,
"2024-08-06,15:11:14",ak_miro,#0,ياخو تقدر تسكت,,
"2024-08-06,15:11:17",_xl7,#0,lmohim antik,,
"2024-08-06,15:11:22",unknown_210565,#0,akbr w9,,
"2024-08-06,15:11:26",_flitox.,#0,,_xl7#0,https://cdn.discordapp.com/attachments/1227367017661595708/1270383741398810634/voice-message.ogg?ex=672e1c0e&is=672cca8e&hm=db6744f24b15e07b3561c19610ff92147c90df926d7b52d2873d1d87873881bb&
"2024-08-06,15:11:54",_xl7,#0,3lach wach sra ?,_flitox.#0,
"2024-08-06,15:11:56",_flitox.,#0,Aizen tanit,,
"2024-08-06,15:12:04",demon_slayer_tanjiro_kamado,#0,وي,,
"2024-08-06,15:12:05",ak_miro,#0,تفرجو الاكس,,
"2024-08-06,15:12:05",_xl7,#0,aizen 3lbali tbana,_flitox.#0,
"2024-08-06,15:12:09",ak_miro,#0,في chill 2,,
"2024-08-06,15:12:09",_flitox.,#0,تيميطي كيف كيف,,
"2024-08-06,15:12:13",ak_miro,#0,واقيل,,
"2024-08-06,15:12:17",_xl7,#0,hadak mn bkri 5rj,_flitox.#0,
"2024-08-06,15:12:32",unknown_210565,#0,<:emoji_104:1191547769664573450>,,
"2024-08-06,15:12:34",_flitox.,#0,لالا هادو قدم ماشي تاع لبارح,ak_miro#0,
"2024-08-06,15:12:40",demon_slayer_tanjiro_kamado,#0,<@1158860326289297458> راني لقيت صاحبك و نحيتلو كلش,ak_miro#0,
"2024-08-06,15:12:47",ak_miro,#0,هيه ومنبعد,,
"2024-08-06,15:12:54",_flitox.,#0,,_xl7#0,https://cdn.discordapp.com/attachments/1227367017661595708/1270384111433023530/voice-message.ogg?ex=672e1c66&is=672ccae6&hm=a4e232464c5b5af0c01e2d2e762f5fca17e733b9afec138103ed15ab166ec197&
"2024-08-06,15:12:57",.heythemdz,#0,خطيك منو,ak_miro#0,
"2024-08-06,15:13:06",ak_miro,#0,باينة,,
"2024-08-06,15:13:17",_xl7,#0,oui tnak,_flitox.#0,
"2024-08-06,15:13:24",_xl7,#0,jordy mzalo hna ?,,
"2024-08-06,15:15:32",ak_miro,#0,<a:Naziflag:1152016010791100426>,,
"2024-08-06,15:15:45",unknown_210565,#0,<:emoji_107:1197267193713410228>,,
"2024-08-06,15:16:55",hunters_rage,#0,<:emoji_107:1197267193713410228>,,
"2024-08-06,15:17:02",_flitox.,#0,هو لي ناخهم على جال رومن تاع شكوبي,_xl7#0,
"2024-08-06,15:17:19",2jz.o7,#0,Homa klathom daro singal lserveur,_flitox.#0,
"2024-08-06,15:17:31",hunters_rage,#0,واش زنوجة,,
"2024-08-06,15:17:47",_flitox.,#0,راح قالو بلي راهم حايبين يطيرو السيرفر ايا جا جوردي بدا ينيخ من الطرف 😂😂<@1193610131724849227>,_xl7#0,
"2024-08-06,15:17:53",ak_miro,#0,<:emoji_104:1191547769664573450>,,
"2024-08-06,15:18:00",_xl7,#0,hh,,
"2024-08-06,15:18:07",_flitox.,#0,نتا دير على رومين؟,2jz.o7#0,
"2024-08-06,15:18:20",_xl7,#0,chkon hada romin ?,_flitox.#0,
"2024-08-06,15:18:24",2jz.o7,#0,Bs7 9alk jordy chaf bli daro singal,_flitox.#0,
"2024-08-06,15:18:30",hunters_rage,#0,<@442721468829138954>,unfrody#0,
"2024-08-06,15:18:32",_flitox.,#0,سيد وليد قحجة دير عليه نتا,,
"2024-08-06,15:18:35",demon_slayer_tanjiro_kamado,#0,جماعة راني حاط سيرفر هنتاي لي حاب يدخل,,
"2024-08-06,15:18:36",walide.34.,#0,سلام عليكم,,
"2024-08-06,15:18:36",hunters_rage,#0,<@1130967147737272320>,luffysenpai2011#0,
"2024-08-06,15:18:59",_xl7,#0,alikom salam,walide.34.#0,
"2024-08-06,15:19:04",hunters_rage,#0,<@726245952641433740>,a_cu#0,
"2024-08-06,15:19:06",2jz.o7,#0,Hadak n3rfo zaml bs7 ana jordy 9ali bli y5joli li ydiro singal l serveur,_flitox.#0,
"2024-08-06,15:19:08",walide.34.,#0,دخل نشوفو,demon_slayer_tanjiro_kamado#0,
"2024-08-06,15:19:15",2jz.o7,#0,Mohim kmo li kan ykdb fhadik l7kaya,,
"2024-08-06,15:19:16",_flitox.,#0,انا هادي ماعلاباليش واش علابالي بلي كانو فاتحين ڨروب يلعبو فيه ماينكرافت,2jz.o7#0,
"2024-08-06,15:19:18",walide.34.,#0,راك تتحدا نتا وقيلا,hunters_rage#0,
"2024-08-06,15:19:19",unknown_210565,#0,aaaaw,,
"2024-08-06,15:19:34",hunters_rage,#0,حسب روحو حيوصل لفل تاعي 🤣,,
"2024-08-06,15:19:46",ak_miro,#0,<a:Naziflag:1152016010791100426>,,
"2024-08-06,15:20:00",demon_slayer_tanjiro_kamado,#0,ادخل بريفي نبعثوهلك,walide.34.#0,
"2024-08-06,15:20:03",_xl7,#0,joni mat mskin,,
"2024-08-06,15:20:09",ak_miro,#0,ربي يرحمو,,
"2024-08-06,15:20:12",ak_miro,#0,كان ناس ملاح,,
"2024-08-06,15:20:18",_xl7,#0,kan bniat kbir,,
"2024-08-06,15:20:30",unknown_210565,#0,ouii ces vrai,,
"2024-08-06,15:20:40",unknown_210565,#0,chfto yjib fih 3la hoova,,
"2024-08-06,15:20:44",_xl7,#0,kan min dak yrsli hentai allh yr7mo,,
"2024-08-06,15:20:53",ak_miro,#0,مسكين نية,,
"2024-08-06,15:20:54",_xl7,#0,<:Dead_inside:1150410964659863592>,,
"2024-08-06,15:21:03",ak_miro,#0,يدير الخير<:Dead_inside:1150410964659863592>,,
"2024-08-06,15:21:07",_xl7,#0,oui,,
"2024-08-06,15:21:09",unknown_210565,#0,<:Dead_inside:1150410964659863592>,,
"2024-08-06,15:21:16",_xl7,#0,kont nik fih f brawl,,
"2024-08-06,15:21:17",walide.34.,#0,جماعة طنة تاع اوت واعرة,,
"2024-08-06,15:21:25",_flitox.,#0,"<@962826205235671101> <@1267093129928904745> <@726245952641433740> 
و شبيهم هادو عدلان 
ماعلابالهمش بلي راهم مع اكثر انسان نازي فهاد السيرفر 😂😂",hunters_rage#0、2jz.o7#0、a_cu#0、walide.34.#0,
"2024-08-06,15:21:26",ak_miro,#0,انا ماحكمتنيش طنة,,
"2024-08-06,15:21:29",ak_miro,#0,<:gigachad:1150419236989186078>,,
"2024-08-06,15:21:31",ak_miro,#0,<a:Naziflag:1152016010791100426>,,
"2024-08-06,15:21:40",unknown_210565,#0,ana tani<:emoji_107:1197267193713410228>,,
"2024-08-06,15:21:44",walide.34.,#0,تتحدا ياولد ؟,_flitox.#0,
"2024-08-06,15:21:45",_flitox.,#0,برك راني تايب هذا ماكان 🗿,,
"2024-08-06,15:21:46",_xl7,#0,m3lbalhomch zwawla allh ghalb sa3fhom,_flitox.#0,
"2024-08-06,15:22:06",_flitox.,#0,ريح خو وليدي نتا 😃,walide.34.#0,
"2024-08-06,15:22:16",ak_miro,#0,صاحبي ولا يصلي البارح,,
"2024-08-06,15:22:19",ak_miro,#0,حبس اليوم,,
"2024-08-06,15:22:22",ak_miro,#0,باسكو راه مجونب,,
"2024-08-06,15:22:25",ak_miro,#0,<:KEKYou:1150418200027201566>,,
"2024-08-06,15:22:31",unknown_210565,#0,<:KEKYou:1150418200027201566>,,
"2024-08-06,15:22:33",walide.34.,#0,اوا ماتقدرليش حبب راك مع سطاج الوحشح,_flitox.#0,
"2024-08-06,15:22:45",2jz.o7,#0,Jdd brk my3roflhach,_flitox.#0,
"2024-08-06,15:22:55",ak_miro,#0,واه,,
"2024-08-06,15:23:24",_flitox.,#0,معليش عمو معليش <:emoji_108:1197267246662295592>,walide.34.#0,
"2024-08-06,15:23:39",ak_miro,#0,<a:nazi:1150419216902664244>,,
"2024-08-06,15:23:49",walide.34.,#0,كشما كاين شات نقدر نبعث فيها فيديوات ؟,,
"2024-08-06,15:23:54",_flitox.,#0,Yakhu zb level ma7bch ytl3 mn 15 ra7 njhl 🗿,2jz.o7#0,
"2024-08-06,15:23:57",ak_miro,#0,خاوتي كاين محاجب فلفريجيدار شكون نبعتلو,,
"2024-08-06,15:23:58",_flitox.,#0,T,,
"2024-08-06,15:24:00",ProBot ✨,#5803,,,
"2024-08-06,15:24:10",ak_miro,#0,يدهم فيه,,
"2024-08-06,15:24:12",ak_miro,#0,واش ندير بيهم,,
"2024-08-06,15:24:16",2jz.o7,#0,Ana jordy mdli ga3 lvl 7ta l 50 😂,_flitox.#0,
"2024-08-06,15:24:33",2jz.o7,#0,N3tiz mo,,
"2024-08-06,15:24:34",_flitox.,#0,كلاصمو كيف كيف ماحبش يزيد من 15 🗿,,
"2024-08-06,15:24:39",2jz.o7,#0,Ghir 30 mdli,,
"2024-08-06,15:24:59",ak_miro,#0,زنجيرو كيفاش نولي نقد نبعت تصاور هنا,,
"2024-08-06,15:25:13",unknown_210565,#0,<:emoji_109:1259887162296635402>,,
"2024-08-06,15:25:21",_flitox.,#0,لازم لفل 20,ak_miro#0,
"2024-08-06,15:25:26",2jz.o7,#0,Ttl3 f lvl,ak_miro#0,
"2024-08-06,15:25:30",ak_miro,#0,ايا مرسي,,
"2024-08-06,15:25:31",_flitox.,#0,وتشيبلك باش تلحقو 🗿,,
"2024-08-06,15:25:43",ak_miro,#0,نورمال رانا مڨسرين,,
"2024-08-06,15:28:28",_flitox.,#0,Asm3 ta3 lbar7 hadok daw ban?,2jz.o7#0,
"2024-08-06,15:28:46",unknown_210565,#0,انا هو لي بعت الاسماء تاعهم,,
"2024-08-06,15:28:49",unknown_210565,#0,لهوملاندر,,
"2024-08-06,15:29:15",2jz.o7,#0,Mn3rf jordy l9awd wch dar,_flitox.#0,
"2024-08-06,15:29:22",2jz.o7,#0,Ab3tli tcho,unknown_210565#0,
"2024-08-06,15:29:46",unknown_210565,#0,اك,,
"2024-08-06,15:30:20",_flitox.,#0,3ndi screen shot yakhu sahl 7alhom,2jz.o7#0,
"2024-08-06,15:30:31",ak_miro,#0,مام انا عندي سكرينات,,
"2024-08-06,15:30:40",2jz.o7,#0,Ya 5o dok ana rani n7ws 3la asmawathom my5rjolich,_flitox.#0,
"2024-08-06,15:30:46",ak_miro,#0,بعتهم لهوملاندر زنجيرو أهدر معاه,,
"2024-08-06,15:30:47",_flitox.,#0,امستردام ياه,ak_miro#0,
"2024-08-06,15:30:57",ak_miro,#0,اي اسكت مديرش سمير,,
"2024-08-06,15:31:16",unknown_210565,#0,<:emoji_104:1191547769664573450>,,
"2024-08-06,15:31:35",2jz.o7,#0,3rfto ml pfp ya za7,_flitox.#0,
"2024-08-06,15:31:59",_flitox.,#0,ايه مقوص 😂😂,2jz.o7#0,
"2024-08-06,15:32:20",_flitox.,#0,منين جبت نيترو <:way61:1152013922229043310>,ak_miro#0,
"2024-08-06,15:32:25",unknown_210565,#0,<@1191354977193570356> نوض اسبي اتحرك,themask0239#0,
"2024-08-06,15:32:34",ak_miro,#0,سرقتو,,
"2024-08-06,15:32:37",ak_miro,#0,بفيزا مزورة,,
"2024-08-06,15:33:15",gaxtota,#0,صباح tota,,
"2024-08-06,15:33:20",unknown_210565,#0,ابعتلي فيزات,,
"2024-08-06,15:33:21",_flitox.,#0,نافيڨيلي واحد تاع عام <:tadcarlfachero36:1152016084430487552>,ak_miro#0,
"2024-08-06,15:33:22",unknown_210565,#0,مزورين,,
"2024-08-06,15:33:39",ak_miro,#0,نشالله,_flitox.#0,
"2024-08-06,15:33:45",ak_miro,#0,<:9k:1189273274455179358>,,
"2024-08-06,15:33:51",unknown_210565,#0,<:KEKYou:1150418200027201566>,,
"2024-08-06,15:34:29",unknown_210565,#0,خوتي كاين حبات مقروط,,
"2024-08-06,15:34:38",unknown_210565,#0,لي ياكل يهدر,,
"2024-08-06,15:37:46",demon_slayer_tanjiro_kamado,#0,<:gigachad:1150419236989186078>,gaxtota#0,
"2024-08-06,15:38:39",2jz.o7,#0,Li ysm3k t9ol nkt bonka fiha 100 mlyar,ak_miro#0,
"2024-08-06,15:38:44",gaxtota,#0,دوز حيد,,
"2024-08-06,15:38:53",gaxtota,#0,Toooormta,,
"2024-08-06,15:39:33",ak_miro,#0,علاه ديرلي هك علاه<:PepeHands:1150411405904859197>,2jz.o7#0,
"2024-08-06,15:40:18",ak_miro,#0,خاوتي لي معلابالكمش,,
"2024-08-06,15:40:27",_xl7,#0,aha t,ak_miro#0,
"2024-08-06,15:40:30",ak_miro,#0,البارح ديسكورد دار عرض نيترو ببلاش,,
"2024-08-06,15:40:34",ak_miro,#0,لعام,,
"2024-08-06,15:40:36",_xl7,#0,ah ya wld l97ba 3rftk,,
"2024-08-06,15:40:38",ak_miro,#0,نص ساعة وراح,,
"2024-08-06,15:40:38",2jz.o7,#0,Mtmnkych,ak_miro#0,
"2024-08-06,15:40:42",ak_miro,#0,تحشاتلو لي مداروش,,
"2024-08-06,15:41:29",2jz.o7,#0,Rak sex,,
"2024-08-06,15:41:29",2jz.o7,#0,Srx,,
"2024-08-06,15:41:33",2jz.o7,#0,Wla ttmnyk,,
"2024-08-06,15:41:35",ak_miro,#0,Wlh,,
"2024-08-06,15:41:45",2jz.o7,#0,Ya zbiiiii,,
"2024-08-06,15:42:01",2jz.o7,#0,Nmi ana 5asni nitro bach njib lez compte xnbi3 fuckk,,
"2024-08-06,15:42:18",ak_miro,#0,والله انا وخرجلي العرض على زهر,,
"2024-08-06,15:42:22",ak_miro,#0,حتا لقيتو في وجهي,,
"2024-08-06,15:42:33",ak_miro,#0,لقيتو free nitro شريتو ببلاش<:juan:1150418197581922344>,,
"2024-08-06,15:43:14",_xl7,#0,bsk acc jdid askt,ak_miro#0,
"2024-08-06,15:43:28",unknown_210565,#0,عندي كون,,
"2024-08-06,15:43:30",unknown_210565,#0,ط,,
"2024-08-06,15:43:39",unknown_210565,#0,3 سنين فيه نيترو ببلاش,,
"2024-08-06,15:43:49",ak_miro,#0,شفت,,
"2024-08-06,15:44:09",ak_miro,#0,وزيد كيفاش كونط جديد عندو قريب عام,,
"2024-08-06,15:44:32",ak_miro,#0,شكون هذا jhon,_xl7#0,
"2024-08-06,15:44:37",demon_slayer_tanjiro_kamado,#0,سلام,,
"2024-08-06,15:44:42",_xl7,#0,nta,ak_miro#0,
"2024-08-06,15:44:45",unknown_210565,#0,سلام,,
"2024-08-06,15:44:53",_xl7,#0,3ndk nitro 3am la char ?,ak_miro#0,
"2024-08-06,15:44:55",ak_miro,#0,وين نسكن,_xl7#0,
"2024-08-06,15:44:58",ak_miro,#0,كيفاه عرفتو,,
"2024-08-06,15:45:01",ak_miro,#0,<:NIGGA_omg:1150394296680329226>,,
"2024-08-06,15:45:08",ak_miro,#0,عام,_xl7#0,
"2024-08-06,15:45:09",_xl7,#0,tskon fi tiz dnya,ak_miro#0,
"2024-08-06,15:45:16",_xl7,#0,ih,ak_miro#0,
"2024-08-06,15:45:16",ak_miro,#0,صح,,
"2024-08-06,15:45:19",ak_miro,#0,كاينو,,
"2024-08-06,15:45:25",ak_miro,#0,ة,,
"2024-08-06,15:45:30",_xl7,#0,oui 3lbali,,
"2024-08-06,15:45:34",unknown_210565,#0,الله اكبر,,
"2024-08-06,15:46:05",unknown_210565,#0,ريحة البوراك,,
"2024-08-06,15:46:12",unknown_210565,#0,ولا راني بالجوف على بيها,,
"2024-08-06,15:46:38",ak_miro,#0,واش تنطريني,,
"2024-08-06,15:46:43",unknown_210565,#0,gym,,
"2024-08-06,15:46:48",ak_miro,#0,كيما انا,,
"2024-08-06,15:46:56",ak_miro,#0,<:gigachad:1150419236989186078> <:emoji_47:1151909990727163954>,,
"2024-08-06,15:47:32",ak_miro,#0,@everyone,,
"2024-08-06,15:47:40",ak_miro,#0,نوضو,,
"2024-08-06,15:48:34",med.ali.0,#0,<:9k:1189273274455179358>,,
"2024-08-06,15:52:06",c_rx.,#0,من هدرتك راك مينار,,
"2024-08-06,15:52:23",c_rx.,#0,وذر,,
"2024-08-06,15:53:39",_xl7,#0,wo trmto mli7a,c_rx.#0,
"2024-08-06,15:53:40",mhmdy,#0,السلام عليكم,,
"2024-08-06,15:53:47",mhmdy,#0,ايها القوم,,
"2024-08-06,15:53:58",_xl7,#0,ach l3ziz],mhmdy#0,
"2024-08-06,15:54:21",mhmdy,#0,كي راكم🗿✋,_xl7#0,
"2024-08-06,15:54:39",_xl7,#0,lbas,mhmdy#0,
"2024-08-06,15:54:46",_xl7,#0,ki zbi,,
"2024-08-06,15:54:50",ak_miro,#0,كي نمي,,
"2024-08-06,15:54:53",mhmdy,#0,حمد لله,_xl7#0,
"2024-08-06,15:54:59",mhmdy,#0,علاه💀شصرا,,
"2024-08-06,15:55:18",ak_miro,#0,واحد نق-ش هرب من يدي,,
"2024-08-06,15:55:51",mhmdy,#0,it's ok 🗿✋ متهتمش ريح بالك وراسك من اي حاجه تافها,ak_miro#0,
"2024-08-06,15:56:03",_xl7,#0,ki zbi,mhmdy#0,
"2024-08-06,15:56:07",ak_miro,#0,<:crazyvegeta73:1150419224922165291>,,
"2024-08-06,15:56:18",mhmdy,#0,حياتك تضيع وقتك يروح عل أقل عيش دنيا مليح لا تخمتم لا فل ناس كي تحكم فل شخص كي دارلك عفسه هنا  هو يربح💀,,
"2024-08-06,15:56:31",mhmdy,#0,<:gigachad:1150419236989186078>,,
"2024-08-06,15:56:36",ak_miro,#0,خوتي واش راح نقوللكم اتهلاو راح نرقد باسكو ماعندي ماندير,,
"2024-08-06,15:56:38",ak_miro,#0,ني خدمة,,
"2024-08-06,15:56:40",ak_miro,#0,ني قدمة,,
"2024-08-06,15:56:40",_xl7,#0,1 inch,ak_miro#0,
"2024-08-06,15:56:48",mhmdy,#0,دير  هرمون قيقا تشاد,,
"2024-08-06,15:57:01",mhmdy,#0,نروح نلعب شويه ناروتو,ak_miro#0,
"2024-08-06,15:57:08",_xl7,#0,kayn 5dma t5dm ?,ak_miro#0,
"2024-08-06,15:57:10",mhmdy,#0,+جوعان نروح ناكل,,
"2024-08-06,15:57:14",ak_miro,#0,ولي هي,,
"2024-08-06,15:57:29",mhmdy,#0,نتفرجو حيط🗿✋,ak_miro#0,
"2024-08-06,15:57:29",_xl7,#0,msoli w ndlk prie mli7,ak_miro#0,
"2024-08-06,15:57:52",ak_miro,#0,<:emoji_104:1191547769664573450> <:emoji_104:1191547769664573450>,,
"2024-08-06,15:57:54",ak_miro,#0,<:9k:1189273274455179358>,,
"2024-08-06,15:57:55",_xl7,#0,sai,,
"2024-08-06,15:57:56",_xl7,#0,l9it,,
"2024-08-06,15:57:58",_xl7,#0,tofla,,
"2024-08-06,15:58:16",mhmdy,#0,Broo wtf💀,,
"2024-08-06,15:58:18",_xl7,#0,3ndha chwrb mla7,,
"2024-08-06,15:58:23",ak_miro,#0,خوتي,,
"2024-08-06,15:58:28",ak_miro,#0,كنت نلعب بالهاك في روبلوكس,,
"2024-08-06,15:58:30",_xl7,#0,9atli 300allf,,
"2024-08-06,15:58:31",mhmdy,#0,أنعم,ak_miro#0,
"2024-08-06,15:58:36",mhmdy,#0,تلعب بلوكس فروت ؟,ak_miro#0,
"2024-08-06,15:58:39",ak_miro,#0,حذفولي الكونط,,
"2024-08-06,15:58:45",ak_miro,#0,قالولي تحرش بالقاصرين,,
"2024-08-06,15:58:47",ak_miro,#0,وانا ناس ملاح,,
"2024-08-06,15:58:49",ak_miro,#0,منديرهاش,,
"2024-08-06,15:58:57",ak_miro,#0,فري راجل (نتبع دراري),,
"2024-08-06,15:59:02",ak_miro,#0,<:PepeHands:1150411405904859197>,,
"2024-08-06,15:59:02",mhmdy,#0,كنت نكره روبلوكس لعبت ذا ماب وراهلي خويا عجبني 🗿ختمت قع العاب سبيد.رن,,
"2024-08-06,15:59:22",_xl7,#0,zbi tl3bo roblox  ?,,
"2024-08-06,15:59:26",_xl7,#0,nik 7yat,,
"2024-08-06,15:59:29",_xl7,#0,atshlao,,
"2024-08-06,15:59:29",ak_miro,#0,كنت فعل ماصي ناقص,,
"2024-08-06,15:59:30",mhmdy,#0,ماب بلوكس فروت ف ثلاث يومين ونص لحقت لفل 500 خويا شهرين وحاليا رآه 315,,
"2024-08-06,15:59:33",mhmdy,#0,💀💀💀💀,,
"2024-08-06,15:59:38",mhmdy,#0,سبيد رن برو ماكس,,
"2024-08-06,15:59:42",ak_miro,#0,واللع غير تريح حلفت عليك,,
"2024-08-06,15:59:44",ak_miro,#0,Ko,,
"2024-08-06,15:59:45",demon_slayer_tanjiro_kamado,#0,عندي سيرفر هنتاي تاعي لي حاب يدخل فيه,,
"2024-08-06,15:59:46",ak_miro,#0,ارحع,,
"2024-08-06,15:59:48",mhmdy,#0,لعبه ناروتو شيبودن شريتها قبل ثلاث يام,,
"2024-08-06,15:59:51",ak_miro,#0,ارجع او نتوحشك,,
"2024-08-06,15:59:51",mhmdy,#0,يومين ختمتها,,
"2024-08-06,15:59:59",demon_slayer_tanjiro_kamado,#0,عندي سيرفر هنتاي تاعي لي حاب يدخل فيه,,
"2024-08-06,16:00:00",demon_slayer_tanjiro_kamado,#0,عندي سيرفر هنتاي تاعي لي حاب يدخل فيه,,
"2024-08-06,16:00:00",_xl7,#0,diro f zokk,demon_slayer_tanjiro_kamado#0,
"2024-08-06,16:00:02",ak_miro,#0,يا,,
"2024-08-06,16:00:03",mhmdy,#0,ناس يختموها شهر شهرين انا يومين ( متخافش راني ناكل نصلي نبول نخرا حشاكم وكلش رغم هاك كملت ف يومين),,
"2024-08-06,16:00:04",demon_slayer_tanjiro_kamado,#0,عندي سيرفر هنتاي تاعي لي حاب يدخل فيه,,
"2024-08-06,16:00:05",_xl7,#0,li baghi hentai,,
"2024-08-06,16:00:07",_xl7,#0,yktb,,
"2024-08-06,16:00:11",demon_slayer_tanjiro_kamado,#0,🖕,_xl7#0,
"2024-08-06,16:00:11",_xl7,#0,hentai al arb,,
"2024-08-06,16:00:12",demon_slayer_tanjiro_kamado,#0,عندي سيرفر هنتاي تاعي لي حاب يدخل فيه,,
"2024-08-06,16:00:13",demon_slayer_tanjiro_kamado,#0,عندي سيرفر هنتاي تاعي لي حاب يدخل فيه,,
"2024-08-06,16:00:15",demon_slayer_tanjiro_kamado,#0,عندي سيرفر هنتاي تاعي لي حاب يدخل فيه,,
"2024-08-06,16:00:24",ak_miro,#0,كيفاه هاذي تروح وتخليني وحدي,_xl7#0,
"2024-08-06,16:00:28",_xl7,#0,nik tbonk 7bs spam,,
"2024-08-06,16:00:29",ak_miro,#0,<:PepeHands:1150411405904859197>,,
"2024-08-06,16:00:37",mhmdy,#0,Suiii,,
"2024-08-06,16:00:38",_xl7,#0,ni hna 3omri,ak_miro#0,
"2024-08-06,16:00:47",ak_miro,#0,ايا مليح,,
"2024-08-06,16:00:56",_xl7,#0,y3mghi,ak_miro#0,
"2024-08-06,16:00:58",_xl7,#0,tw7chtk,,
"2024-08-06,16:01:05",_xl7,#0,😘,,
"2024-08-06,16:01:10",ak_miro,#0,اي كالمي روحك<:Dead_inside:1150410964659863592>,,
"2024-08-06,16:01:20",mhmdy,#0,لعزيز توسوستلكم💀💀💀,_xl7#0,
"2024-08-06,16:01:23",mhmdy,#0,انا نهرب,,
"2024-08-06,16:01:25",mhmdy,#0,💀💀💀💀,,
"2024-08-06,16:01:28",ak_miro,#0,اواه ريح برك,,
"2024-08-06,16:01:35",ak_miro,#0,<:RubbingHands:1150410501835202561>,,
"2024-08-06,16:01:35",mhmdy,#0,كاني لم أكن موجود 💀,,
"2024-08-06,16:01:36",_xl7,#0,ni n9sr bark,,
"2024-08-06,16:01:45",ak_miro,#0,رانا نڨسرو,,
"2024-08-06,16:01:52",ak_miro,#0,<:KEKYou:1150418200027201566>,,
"2024-08-06,16:01:54",mhmdy,#0,عارف 🗿✋😂,,
"2024-08-06,16:02:05",mhmdy,#0,بصح مام هاك مود توسويس mod on,,
"2024-08-06,16:02:13",_xl7,#0,dija trmto fiha ch3ar,,
"2024-08-06,16:02:20",ak_miro,#0,كاينة,,
"2024-08-06,16:02:22",ak_miro,#0,انا راجل,,
"2024-08-06,16:02:24",ak_miro,#0,<:gigachad:1150419236989186078>,,
"2024-08-06,16:02:25",mhmdy,#0,توسويس x2,,
"2024-08-06,16:02:26",_xl7,#0,9alk lkon ja ch3ar mli7 mynod f trma,,
"2024-08-06,16:02:34",mhmdy,#0,جينات🗿✋,ak_miro#0,
"2024-08-06,16:02:39",ak_miro,#0,باينة,,
"2024-08-06,16:02:44",mhmdy,#0,راجل متنحوش غير نسا ينحوه,,
"2024-08-06,16:02:45",_xl7,#0,ch3ar ta3 rasi machi trmti,,
"2024-08-06,16:02:51",mhmdy,#0,<:gigachad:1150419236989186078>,,
"2024-08-06,16:02:53",ak_miro,#0,انا مانحيهش,,
"2024-08-06,16:02:54",_xl7,#0,3lbali,mhmdy#0,
"2024-08-06,16:02:56",ak_miro,#0,راه كي الغابة,,
"2024-08-06,16:02:59",ak_miro,#0,تدخل تتودر,,
"2024-08-06,16:03:09",mhmdy,#0,حنا منحشموش من حاجه فينا حنا لي يخرب نتعراولو بيها<:gigachad:1150419236989186078>,,
"2024-08-06,16:03:16",ak_miro,#0,<:gigachad:1150419236989186078> <:NIGGA_omg:1150394296680329226>,,
"2024-08-06,16:03:21",_xl7,#0,..,,
"2024-08-06,16:03:22",mhmdy,#0,غير نق--ش يحشم بحاجه فيه,,
"2024-08-06,16:03:29",mhmdy,#0,<:gigachad:1150419236989186078>,,
"2024-08-06,16:03:31",ak_miro,#0,كاينة,,
"2024-08-06,16:03:34",ak_miro,#0,صاحبي يحشم,,
"2024-08-06,16:03:35",ak_miro,#0,بيها,,
"2024-08-06,16:03:37",mhmdy,#0,هرمون قيقا تشاد ++999,,
"2024-08-06,16:03:42",ak_miro,#0,<:emoji_104:1191547769664573450>,,
"2024-08-06,16:03:43",mhmdy,#0,نق---ش🗿,ak_miro#0,
"2024-08-06,16:03:43",_xl7,#0,mrakch t7ff ?,ak_miro#0,
"2024-08-06,16:03:51",ak_miro,#0,ونحفف,,
"2024-08-06,16:03:56",ak_miro,#0,علاه لا,,
"2024-08-06,16:03:59",mhmdy,#0,خاوتي رايح ناكل تيبان,,
"2024-08-06,16:04:04",ak_miro,#0,كل 15 يوم,,
"2024-08-06,16:04:06",mhmdy,#0,<:gigachad:1150419236989186078>,,
"2024-08-06,16:04:10",ak_miro,#0,وشنو هذا,mhmdy#0,
"2024-08-06,16:04:19",_xl7,#0,zbi ana kl smana,ak_miro#0,
"2024-08-06,16:04:21",mhmdy,#0,كرواسون و تيبان,ak_miro#0,
"2024-08-06,16:04:30",ak_miro,#0,ياعمري,,
"2024-08-06,16:04:32",ak_miro,#0,ياكل كرواسون,,
"2024-08-06,16:04:39",_xl7,#0,ya3mghii,mhmdy#0,
"2024-08-06,16:04:40",mhmdy,#0,كرواسون ضده تيبا فيه شيكولاته (كلمه ب دلع🗿,,
"2024-08-06,16:04:46",mhmdy,#0,🗿💔,_xl7#0,
"2024-08-06,16:04:47",ak_miro,#0,انا ناكل خبز اليابس,,
"2024-08-06,16:04:49",mhmdy,#0,اسمه هاك💔🗿🗿🗿,ak_miro#0,
"2024-08-06,16:04:51",ak_miro,#0,ولحرج كي نقلق,,
"2024-08-06,16:04:53",_xl7,#0,ana nakl chma,,
"2024-08-06,16:04:54",mhmdy,#0,مام انا بارح هاك,ak_miro#0,
"2024-08-06,16:04:59",_xl7,#0,ta3 baba,,
"2024-08-06,16:05:04",ak_miro,#0,والله انل فطرت بالمادلين,,
"2024-08-06,16:05:07",ak_miro,#0,والجي,,
"2024-08-06,16:05:13",ak_miro,#0,<:GAY_reverse_card:1150410491605303428>,,
"2024-08-06,16:05:15",mhmdy,#0,تفعيل مود رجوله ( انا ناكل بعر,,
"2024-08-06,16:05:15",mhmdy,#0,<:Dead_inside:1150410964659863592> <:gigachad:1150419236989186078>,,
"2024-08-06,16:05:19",_xl7,#0,zawali,ak_miro#0,
"2024-08-06,16:05:24",ak_miro,#0,باينة,,
"2024-08-06,16:05:29",_xl7,#0,zwali,,
"2024-08-06,16:05:34",med.ali.0,#0,<:emoji_91:1188672059321094224>,,
"2024-08-06,16:05:38",mhmdy,#0,يسوا 10الاف تيبان يسوا 3,ak_miro#0,
"2024-08-06,16:05:41",ak_miro,#0,الله اكبر,,
"2024-08-06,16:05:52",_xl7,#0,ana ftrt bhado كرواسون و تيبان,,
"2024-08-06,16:05:52",unknown_210565,#0,ossama fake,,
"2024-08-06,16:05:56",unknown_210565,#0,ana original,,
"2024-08-06,16:06:02",mhmdy,#0,<:gigachad:1150419236989186078>,_xl7#0,
"2024-08-06,16:06:14",med.ali.0,#0,Fckin m9wd nta,,
"2024-08-06,16:06:19",mhmdy,#0,ولكم باك🗿,unknown_210565#0,
"2024-08-06,16:06:22",ak_miro,#0,انا الكرواسون هذا كل يوم يجيبوه دارنا,,
"2024-08-06,16:06:24",ak_miro,#0,مناكلوش,,
"2024-08-06,16:06:27",ak_miro,#0,باسكو كل يوم كاين,,
"2024-08-06,16:06:28",ak_miro,#0,كرتو,,
"2024-08-06,16:06:30",ak_miro,#0,كرهتو,,
"2024-08-06,16:06:41",med.ali.0,#0,لميلفاي خو بنة ملخر,,
"2024-08-06,16:06:47",ak_miro,#0,كاينة,,
"2024-08-06,16:06:49",med.ali.0,#0,اليلفاي بنة ملخر,,
"2024-08-06,16:06:51",_xl7,#0,wah kayna,med.ali.0#0,
"2024-08-06,16:06:55",ak_miro,#0,ولا كي تبقالك 3 الاف,,
"2024-08-06,16:06:59",ak_miro,#0,وحد كرانتيكا,,
"2024-08-06,16:07:00",ak_miro,#0,عند موح,,
"2024-08-06,16:07:02",ak_miro,#0,متقعدش,,
"2024-08-06,16:07:26",mhmdy,#0,دلع +999,ak_miro#0,
"2024-08-06,16:07:27",unknown_210565,#0,ossama fake,,
"2024-08-06,16:07:35",med.ali.0,#0,كرنتيكة بالهريسة صحبي,,
"2024-08-06,16:07:48",ak_miro,#0,بنة عظيمة,,
"2024-08-06,16:07:56",mhmdy,#0,I'm just ...in the world,,
"2024-08-06,16:08:05",ak_miro,#0,مانهدروش اونجلي هنا,,
"2024-08-06,16:08:11",ak_miro,#0,حنا عرب عرايا,,
"2024-08-06,16:08:13",mhmdy,#0,I'm just MAN in the world <:gigachad:1150419236989186078>,,
"2024-08-06,16:08:19",ak_miro,#0,<:9k:1189273274455179358>,,
"2024-08-06,16:08:28",fiyijak201,#0,سلام عليكم,,
"2024-08-06,16:08:31",mhmdy,#0,عرق من فخر يطرطق<:gigachad:1150419236989186078>,ak_miro#0,
"2024-08-06,16:08:33",med.ali.0,#0,خو حنا عرب ناكلو تراب ناكلو كلش,,
"2024-08-06,16:08:38",ak_miro,#0,وعليكم سلام,,
"2024-08-06,16:08:40",ak_miro,#0,يدك فيه,,
"2024-08-06,16:08:45",mhmdy,#0,عليكم السلام,fiyijak201#0,
"2024-08-06,16:08:52",med.ali.0,#0,جبتو ملفخر,,
"2024-08-06,16:08:59",ak_miro,#0,<:emoji_104:1191547769664573450>,,
"2024-08-06,16:09:04",mhmdy,#0,أسامة بن لادن,med.ali.0#0,
"2024-08-06,16:09:07",fiyijak201,#0,او شاهو شاكمتهدرو,,
"2024-08-06,16:09:08",mhmdy,#0,<:gigachad:1150419236989186078>,,
"2024-08-06,16:09:08",unknown_210565,#0,fake,,
"2024-08-06,16:09:12",unknown_210565,#0,انا هو الحقيقي,,
"2024-08-06,16:09:19",mhmdy,#0,عارف😎,unknown_210565#0,
"2024-08-06,16:09:25",mhmdy,#0,نتا اصلي باقي تقليد,,
"2024-08-06,16:09:30",ak_miro,#0,اواه تحقيقات,,
"2024-08-06,16:09:30",med.ali.0,#0,الماريكان ناكلوها,mhmdy#0,
"2024-08-06,16:09:35",mhmdy,#0,ذاك الشيخ اسامه نتا اسامه بن لادن,,
"2024-08-06,16:09:43",unknown_210565,#0,تفجير ارهابي لمنزل هوفا,,
"2024-08-06,16:09:46",unknown_210565,#0,لازم,,
"2024-08-06,16:09:49",med.ali.0,#0,نتا ابن هوفا انا بنلادن,unknown_210565#0,
"2024-08-06,16:09:58",ak_miro,#0,صح,,
"2024-08-06,16:10:03",mhmdy,#0,نتا شيخ وهو انسان🗿✋,med.ali.0#0,
"2024-08-06,16:10:10",med.ali.0,#0,مشي كيف كيف انا خير  منك,,
"2024-08-06,16:10:19",unknown_210565,#0,المهم الدفاع عن حقوق لبنات الصغار,,
"2024-08-06,16:10:21",unknown_210565,#0,نحبهم,,
"2024-08-06,16:10:22",med.ali.0,#0,نتا تخرا انا منخراش ملخر,,
"2024-08-06,16:10:25",ak_miro,#0,<:emoji_104:1191547769664573450>,,
"2024-08-06,16:10:50",ak_miro,#0,بصح حشاوهالك,,
"2024-08-06,16:10:52",ak_miro,#0,الماريكان,,
"2024-08-06,16:10:54",ak_miro,#0,<:KEKYou:1150418200027201566> <:KEKYou:1150418200027201566>,,
"2024-08-06,16:11:09",med.ali.0,#0,يخو ولادها  بصح درتلهم واحد كبير ف 2001,,
"2024-08-06,16:11:19",ak_miro,#0,<:gigachad:1150419236989186078>,,
"2024-08-06,16:11:19",med.ali.0,#0,وجعتهم مليح,,
"2024-08-06,16:11:28",unknown_210565,#0,<:DK_Expand_Dong:1150410899581050950>,,
"2024-08-06,16:11:52",med.ali.0,#0,عندك خو هتلر خويا لعزيز,,
"2024-08-06,16:12:03",med.ali.0,#0,كونا ندورو كيف كيف وحد الوقت,,
"2024-08-06,16:12:13",ak_miro,#0,الله يبارك عليك,,
"2024-08-06,16:12:38",med.ali.0,#0,انا علمتو يخدم الصابون ف 1945,,
"2024-08-06,16:12:46",mhmdy,#0,خاوتي,,
"2024-08-06,16:12:49",unknown_210565,#0,<:emoji_91:1188672059321094224>,,
"2024-08-06,16:12:53",ak_miro,#0,وشبيك,,
"2024-08-06,16:12:54",mhmdy,#0,تنصحوني نتفرج ونبيس,,
"2024-08-06,16:12:55",mhmdy,#0,؟,,
"2024-08-06,16:12:59",ak_miro,#0,ماترفجش,,
"2024-08-06,16:13:03",ak_miro,#0,غير مستحب,,
"2024-08-06,16:13:05",ak_miro,#0,حرام,,
"2024-08-06,16:13:08",ak_miro,#0,في العرا,,
"2024-08-06,16:13:11",mhmdy,#0,🗿💔,ak_miro#0,
"2024-08-06,16:13:18",ak_miro,#0,المهم الاخلاق,,
"2024-08-06,16:13:20",mhmdy,#0,انا ميأثروش فيا ذيك امور انا واعي,ak_miro#0,
"2024-08-06,16:13:23",mhmdy,#0,🗿✋,,
"2024-08-06,16:13:23",ak_miro,#0,اتفرج redo of healer,,
"2024-08-06,16:13:26",ak_miro,#0,مستحب,,
"2024-08-06,16:13:27",ak_miro,#0,حلال,,
"2024-08-06,16:13:29",ak_miro,#0,نضيف,,
"2024-08-06,16:13:39",mhmdy,#0,مهما نشوف لا شعور لا اهتمام لا اي شيء كاني ل ارا شيىا,,
"2024-08-06,16:13:44",mhmdy,#0,شيئا,,
"2024-08-06,16:13:56",ak_miro,#0,ياخو نروح ننطريني تهلاو,,
"2024-08-06,16:13:57",ak_miro,#0,منبعد,,
"2024-08-06,16:13:59",mhmdy,#0,هرمون قيقا تشاد و الاسلام متفجر فيا<:gigachad:1150419236989186078>,,
"2024-08-06,16:14:03",unknown_210565,#0,👍,,
"2024-08-06,16:14:03",med.ali.0,#0,يخو اتفرج,,
"2024-08-06,16:14:05",mhmdy,#0,وحششش,ak_miro#0,
"2024-08-06,16:14:09",med.ali.0,#0,اك تعرف المواقع,,
"2024-08-06,16:14:15",mhmdy,#0,شعندك ليوم,,
"2024-08-06,16:14:21",ak_miro,#0,جومبا,,
"2024-08-06,16:14:23",mhmdy,#0,شيست ؟ ليق ؟ كتاف,,
"2024-08-06,16:14:26",mhmdy,#0,مسكين,ak_miro#0,
"2024-08-06,16:14:27",ak_miro,#0,<:Dead_inside:1150410964659863592>,,
"2024-08-06,16:14:29",med.ali.0,#0,جومبا ربي معاك,,
"2024-08-06,16:14:34",med.ali.0,#0,<:Dead_inside:1150410964659863592>,,
"2024-08-06,16:14:40",ak_miro,#0,نقدر نعبي 200 كيلو,,
"2024-08-06,16:14:41",ak_miro,#0,فيها,,
"2024-08-06,16:14:43",mhmdy,#0,اخر مره درت جومبا فيها كراعي تبدلت,,
"2024-08-06,16:14:45",ak_miro,#0,🖕🏻<:gigachad:1150419236989186078>,,
"2024-08-06,16:14:48",q52q,#0,سلام عليكم,,
"2024-08-06,16:14:58",mhmdy,#0,ديد ليفت ماشينا ماكس تاعي 100كيلو 15 عدو,ak_miro#0,
"2024-08-06,16:15:03",mhmdy,#0,عدة,,
"2024-08-06,16:15:03",med.ali.0,#0,سليماني لعزيز كيفاه,,
"2024-08-06,16:15:09",ak_miro,#0,تقدر تحط حتا 500,,
"2024-08-06,16:15:15",mhmdy,#0,سليماني عليكم السلام,q52q#0,
"2024-08-06,16:15:18",mhmdy,#0,مستحيل,ak_miro#0,
"2024-08-06,16:15:19",ak_miro,#0,الماشينة عندنا جايبينها من دارك ويب,,
"2024-08-06,16:15:24",q52q,#0,اوو اوسامة خويا,med.ali.0#0,https://cdn.discordapp.com/attachments/1227367017661595708/1270399837514367026/84139748ce22168afd97eae14c9c5062.webp?ex=672e2b0c&is=672cd98c&hm=56bc45d43be3dbd3e383c4028503a338ef8a9c171c469ed19aefeceb18b236b5&
"2024-08-06,16:15:25",ak_miro,#0,تخدم فيها تشم ريحت لعرق يععع,,
"2024-08-06,16:15:41",med.ali.0,#0,وشراك خو انتيك,q52q#0,
"2024-08-06,16:15:41",mhmdy,#0,ايا انا نروح 🗿✋س اشتاق اليكم يا اخوتي ويا قومي,,
"2024-08-06,16:15:51",mhmdy,#0,واني احبكم ف الله و السلام عليكم,,
"2024-08-06,16:16:07",q52q,#0,لابس الحمدلله قالولي في امريكا رح يعاودي يصنعو اراج تجارة جدد,med.ali.0#0,
"2024-08-06,16:16:16",chlorophyte_enjoyer,#0,محاجب حارين,,
"2024-08-06,16:16:32",med.ali.0,#0,ايه هد ليامات نتهلاو فيهم نبعتلم وحدة ارض ارض هد لخطرة,,
"2024-08-06,16:16:40",q52q,#0,<@1072250828146094221>,pro__dz6771#0、chlorophyte_enjoyer#0,
"2024-08-06,16:17:02",q52q,#0,انتيك خاصتهم ضربة واعرة,med.ali.0#0,
"2024-08-06,16:17:12",med.ali.0,#0,سليماني قالولي حاوزوك ملمسيد كاينة منها ؟,,
"2024-08-06,16:17:44",q52q,#0,لالا انا خرجت منهبطش نيفو ونقرا معاهم,med.ali.0#0,
"2024-08-06,16:18:14",med.ali.0,#0,ايه خو لقوم هدو ضحك معاهم شوية يحبو يطغاو عندك الحق,,
"2024-08-06,16:18:57",q52q,#0,تحللهم العين يركبو فوق ضهرك,,
"2024-08-06,16:29:20",ak_miro,#0,خوتي وليت,,
"2024-08-06,16:29:28",ak_miro,#0,سمحولنا على التأخير,,
"2024-08-06,16:29:34",ak_miro,#0,<:9k:1189273274455179358>,,
"2024-08-06,16:38:10",demon_slayer_tanjiro_kamado,#0,سلام,,
"2024-08-06,16:38:21",demon_slayer_tanjiro_kamado,#0,يدكم فيه,,
"2024-08-06,16:55:27",c_rx.,#0,شحال عندك طوطا في قاعك,demon_slayer_tanjiro_kamado#0,
"2024-08-06,16:59:53",raku_9,#0,<:uncannycat:1152013915954352148>,,
"2024-08-06,17:04:20",mdsmilad,#0,<@1094469987139322008>,callmefreddy.#0,
"2024-08-06,17:04:23",mdsmilad,#0,وي فريدي,,
"2024-08-06,17:04:35",callmefreddy.,#0,Salam 3likoum 🗿,mdsmilad#0,
"2024-08-06,17:04:43",mdsmilad,#0,و عليكم السلام <:gigachad:1150419236989186078>,,
"2024-08-06,17:06:09",ak_miro,#0,<a:emoji_85:1188620238388994118>,,
"2024-08-06,17:06:11",callmefreddy.,#0,Ki rak tota,mdsmilad#0,
"2024-08-06,17:06:25",s_o_t_f,#0,راني نتخايل ولا هادا سليماني بلحية,q52q#0,
"2024-08-06,17:06:34",ak_miro,#0,ماش سليماني,,
"2024-08-06,17:06:37",callmefreddy.,#0,Ga3 7bito tniko,ak_miro#0,
"2024-08-06,17:06:39",ak_miro,#0,اسلام ابن لادن,,
"2024-08-06,17:07:05",s_o_t_f,#0,يتشبه لسليماني 😂,ak_miro#0,
"2024-08-06,17:07:15",ak_miro,#0,صح,,
"2024-08-06,17:07:22",ak_miro,#0,ناقصو غير شوي طيارات,,
"2024-08-06,17:07:40",ak_miro,#0,وكاش باتيمات تاع صوصيال,,
"2024-08-06,17:07:42",ak_miro,#0,وصاي,,
"2024-08-06,17:14:38",x2_a,#0,السلام عليكم,,
"2024-08-06,17:18:39",mdsmilad,#0,انتيك,callmefreddy.#0,
"2024-08-06,17:19:05",callmefreddy.,#0,Dom nchlh,mdsmilad#0,
"2024-08-06,17:19:15",callmefreddy.,#0,W 3likoum salam,x2_a#0,
"2024-08-06,17:20:01",rabi3hr,#0,<:emoji_109:1259887162296635402>,,
"2024-08-06,17:21:37",callmefreddy.,#0,Yanmii lbar7 ki jat tfla ga3 hajo yaz7 ra7o yjro ki lmkbotin ta3 ch3ar w dok ga3 saktin,,
"2024-08-06,17:21:43",callmefreddy.,#0,N9ocha,,
"2024-08-06,17:22:39",rabi3hr,#0,<a:nazi:1150419216902664244>,callmefreddy.#0,
"2024-08-06,17:23:49",mdsmilad,#0,كامل مكبوتين ماعدا شوي عباد لباقي كامل نقوشا,,
"2024-08-06,17:25:01",0t_z,#0,وش حكاية ذي تصويرة,rabi3hr#0,
"2024-08-06,17:26:58",callmefreddy.,#0,Surtout hadok jdad yaz7,mdsmilad#0,
"2024-08-06,17:27:13",mdsmilad,#0,صح,,
"2024-08-06,17:29:41",callmefreddy.,#0,N9ocha dzb,,
"2024-08-06,17:29:57",callmefreddy.,#0,Daro 7mla bch yn7o hoova z3ma,0t_z#0,
"2024-08-06,17:30:36",0t_z,#0,Yn7oh mn wach?,callmefreddy.#0,
"2024-08-06,17:30:46",unknown_210565,#0,لحكم تاعنا درك,,
"2024-08-06,17:30:53",unknown_210565,#0,<:9k:1189273274455179358>,,
"2024-08-06,17:31:03",callmefreddy.,#0,M youtube wa9il,0t_z#0,
"2024-08-06,17:31:11",unknown_210565,#0,من ديسكورد,,
"2024-08-06,17:31:13",callmefreddy.,#0,S7aa bni hoova😂😂😂,unknown_210565#0,
"2024-08-06,17:31:15",unknown_210565,#0,ماش يوتيوب,,
"2024-08-06,17:31:23",callmefreddy.,#0,Kifkif 🗿,unknown_210565#0,
"2024-08-06,17:31:35",0t_z,#0,Mafhmt la hado fanz wla hitrz,,
"2024-08-06,17:31:44",unknown_210565,#0,ماش كيف كيف هو لازم يتنحا على كل حال,,
"2024-08-06,17:31:46",callmefreddy.,#0,M9lwjin hado,0t_z#0,
"2024-08-06,17:31:59",unknown_210565,#0,باسكو قتلنا بالدن طوطا,,
"2024-08-06,17:31:59",callmefreddy.,#0,3lh rak msmi ro7k 3lih mala,unknown_210565#0,
"2024-08-06,17:32:02",0t_z,#0,Li ma3jboch lhal ykhrj mn server,,
"2024-08-06,17:32:21",unknown_210565,#0,حبيبنا راني انا لي نبوستي فالسيرفر تاعو,,
"2024-08-06,17:32:27",unknown_210565,#0,<:9k:1189273274455179358>,,
"2024-08-06,17:32:32",0t_z,#0,Chkon nta?,unknown_210565#0,
"2024-08-06,17:32:33",unknown_210565,#0,يرجعلي دراهمي نخرج,,
"2024-08-06,17:32:45",ak_miro,#0,وسع وسع او جا عمك,,
"2024-08-06,17:32:51",ak_miro,#0,<:emoji_104:1191547769664573450>,,
"2024-08-06,17:32:55",0t_z,#0,Lik lakhor,,
"2024-08-06,17:32:58",unknown_210565,#0,ويي,,
"2024-08-06,17:33:09",ak_miro,#0,راك عليا؟,0t_z#0,
"2024-08-06,17:33:15",0t_z,#0,Ana had server 3ndi mi jami hdrt fih,,
"2024-08-06,17:33:26",ak_miro,#0,وانا واش راح نديرلك,,
"2024-08-06,17:33:31",unknown_210565,#0,<:Jerry_Laugh:1150411385424072776>,,
"2024-08-06,17:33:39",0t_z,#0,Bsh mafhmt la ta3 li yhbo hove wla ta3 li ykrhoh,,
"2024-08-06,17:33:57",ak_miro,#0,اودي راهم يحرشو بيه برك,,
"2024-08-06,17:34:02",ak_miro,#0,باش يولي يحط فيديوهات بزاف,,
"2024-08-06,17:34:08",ak_miro,#0,قتلنا بالدن طوطا,,
"2024-08-06,17:34:12",unknown_210565,#0,كاينة,,
"2024-08-06,17:34:24",callmefreddy.,#0,Ih raho 3lik,ak_miro#0,
"2024-08-06,17:34:33",ak_miro,#0,والمشكل كيفاه ينحوه,,
"2024-08-06,17:34:38",0t_z,#0,Ma3ndhm walo f hyathm riR ytfrjo hova?,,
"2024-08-06,17:34:39",ak_miro,#0,وهو اصلا مول السيرفر,,
"2024-08-06,17:34:47",ak_miro,#0,هو لي ينحيهم<:juan:1150418197581922344>,,
"2024-08-06,17:35:15",0t_z,#0,?,callmefreddy.#0,
"2024-08-06,17:35:22",ak_miro,#0,انا راني مريح فدار وندخل فدراهم فري عندي الوقت,,
"2024-08-06,17:35:29",unknown_210565,#0,اسمع,,
"2024-08-06,17:35:35",0t_z,#0,Hahaha,,
"2024-08-06,17:35:37",unknown_210565,#0,عندك 500 دولار,,
"2024-08-06,17:35:44",ak_miro,#0,كاين,unknown_210565#0,
"2024-08-06,17:35:46",0t_z,#0,Jdida hadia,ak_miro#0,
"2024-08-06,17:35:58",unknown_210565,#0,ارواح بريفي,,
"2024-08-06,17:36:02",0t_z,#0,Wach tkhdm?,ak_miro#0,
"2024-08-06,17:36:05",ak_miro,#0,اوك,unknown_210565#0,
"2024-08-06,17:36:11",ak_miro,#0,Trade,0t_z#0,
"2024-08-06,17:36:14",ak_miro,#0,ونبيع nft,,
"2024-08-06,17:36:22",0t_z,#0,Trade wchno,,
"2024-08-06,17:36:27",0t_z,#0,Wach tbi3,,
"2024-08-06,17:36:33",ak_miro,#0,NFT,,
"2024-08-06,17:36:55",0t_z,#0,Yakho mat3tinich ikhtisarat jib mn lkhr,,
"2024-08-06,17:36:55",ak_miro,#0,في وحد التطبيق تخدم nft,,
"2024-08-06,17:37:08",ak_miro,#0,ارواح نوريلك,,
"2024-08-06,17:37:10",0t_z,#0,تطبيق تاع واش,,
"2024-08-06,17:37:13",ak_miro,#0,شحال من فيزا عندي تأمن,,
"2024-08-06,17:37:25",0t_z,#0,تبيع فيزات؟,,
"2024-08-06,17:37:38",ak_miro,#0,اوراح بريفي,,
"2024-08-06,17:37:40",ak_miro,#0,ارواح,,
"2024-08-06,17:37:46",0t_z,#0,Ok,,
"2024-08-06,17:39:44",unknown_210565,#0,خاوتي,,
"2024-08-06,17:40:04",unknown_210565,#0,ارواحو نقولكم حاجة,,
"2024-08-06,17:40:48",ak_miro,#0,واش البطل,,
"2024-08-06,17:42:22",unknown_210565,#0,ههههه,,
"2024-08-06,17:42:27",unknown_210565,#0,<:KEKYou:1150418200027201566>,,
"2024-08-06,17:42:34",ak_miro,#0,<:juan:1150418197581922344>,,
"2024-08-06,17:42:54",141_bankai_12717,#0,<:9k:1189273274455179358>,,
"2024-08-06,17:44:55",unknown_210565,#0,<:9k:1189273274455179358>,,
"2024-08-06,18:03:14",za3tar7,#0,.,,
"2024-08-06,18:06:27",luffysenpai2011,#0,كنت نشفا كي كنت نقرا في 2 متوسط الأستاذ تاع المدنية كي كنا نقراو على مواقع التواصل الإجتماعي و بدا يقوللنا الموقع الأزرق 🟦☠️ كان يقصد الفايسبوكر بصح الكلاصة توسوست,,
"2024-08-06,18:17:02",demon_slayer_tanjiro_kamado,#0,وي,,
"2024-08-06,18:17:04",demon_slayer_tanjiro_kamado,#0,شلام,,
"2024-08-06,18:17:35",demon_slayer_tanjiro_kamado,#0,XNXX ياك,luffysenpai2011#0,
"2024-08-06,18:21:01",luffysenpai2011,#0,yup,demon_slayer_tanjiro_kamado#0,
"2024-08-06,18:26:11",demon_slayer_tanjiro_kamado,#0,عندي ذكريات معاه علابالك,luffysenpai2011#0,
"2024-08-06,18:33:57",carnage07451,#0,مايمشيليش لازم vpn,demon_slayer_tanjiro_kamado#0,
"2024-08-06,18:34:07",carnage07451,#0,فيف PornTV,,
"2024-08-06,18:34:36",demon_slayer_tanjiro_kamado,#0,يمشي بالبيسي,carnage07451#0,
"2024-08-06,18:34:39",demon_slayer_tanjiro_kamado,#0,علابالي,carnage07451#0,
"2024-08-06,18:35:13",carnage07451,#0,تشعل لإيكس فبيسي كومبلي ؟ <:Dead_inside:1150410964659863592>,demon_slayer_tanjiro_kamado#0,
"2024-08-06,18:35:32",carnage07451,#0,ديالي باش تخرج مسيت يبلوكي يولي بيض,,
"2024-08-06,18:35:46",demon_slayer_tanjiro_kamado,#0,نعمرو فالفلاش ديسك و ندخل الفلاشة في التيلي و نتفرج,carnage07451#0,
"2024-08-06,18:36:08",demon_slayer_tanjiro_kamado,#0,اسمعو راهو عندي سيرفر هنتاي مريقل لي حاب يدخله,,
"2024-08-06,18:36:31",demon_slayer_tanjiro_kamado,#0,اهدرو,,
"2024-08-06,18:36:48",epicsebaa,#0,Damn,,
"2024-08-06,18:36:49",carnage07451,#0,ناه والو فيف هنتاي العرب 💀,demon_slayer_tanjiro_kamado#0,
"2024-08-06,18:37:39",demon_slayer_tanjiro_kamado,#0,هنتاي تع انمي برك,carnage07451#0,
"2024-08-06,18:39:01",carnage07451,#0,كاين فسيت هاذاك,demon_slayer_tanjiro_kamado#0,
"2024-08-06,18:39:18",demon_slayer_tanjiro_kamado,#0,حاب تدخل و لا لا ؟,carnage07451#0,
"2024-08-06,18:39:34",carnage07451,#0,لالا لالا,,
"2024-08-06,18:41:31",demon_slayer_tanjiro_kamado,#0,علاه,carnage07451#0,
"2024-08-06,18:51:21",marbas_.7,#0,خاوتي لي حاب يدخل معيا مسابقة فويس يبعثلي بريفي,,
"2024-08-06,19:00:55",negan478,#0,واش هاذ المسابقة,marbas_.7#0,
"2024-08-06,19:01:02",carnage07451,#0,هگداك,,
"2024-08-06,19:04:54",lolby_21,#0,<:emoji_104:1191547769664573450>,,
"2024-08-06,19:05:44",unknown_210565,#0,<:emoji_104:1191547769664573450>,,
"2024-08-06,19:07:26",demon_slayer_tanjiro_kamado,#0,وي,,
"2024-08-06,19:07:50",demon_slayer_tanjiro_kamado,#0,لي خصو سيرفر هنتاي يطاقيني ف البريفي راني عامل سيرفر,,
"2024-08-06,19:08:03",lolby_21,#0,وشنو<:emoji_108:1191726847680069692>,,
"2024-08-06,19:08:24",unknown_210565,#0,لقيناه,,
"2024-08-06,19:08:37",lolby_21,#0,وي هذا هو,,
"2024-08-06,19:11:42",demon_slayer_tanjiro_kamado,#0,راكم عليا,,
"2024-08-06,19:11:47",unknown_210565,#0,وي,,
"2024-08-06,19:12:01",demon_slayer_tanjiro_kamado,#0,ايا راكم حابين تدخلو للسييرفر تما ؟,,
"2024-08-06,19:12:16",unknown_210565,#0,حابين ندخلوك للحبس وي,,
"2024-08-06,19:13:03",demon_slayer_tanjiro_kamado,#0,تما ما راكم حابين تدخلو للسيرفر 😑,unknown_210565#0,
"2024-08-06,19:13:14",unknown_210565,#0,وي,,
"2024-08-06,19:13:21",unknown_210565,#0,<:9k:1189273274455179358>,,
"2024-08-06,19:13:45",demon_slayer_tanjiro_kamado,#0,ايا بصحتكم,,
"2024-08-06,19:14:04",demon_slayer_tanjiro_kamado,#0,راكم متؤكدين ؟,unknown_210565#0,
"2024-08-06,19:14:08",unknown_210565,#0,وي,,
"2024-08-06,19:15:21",demon_slayer_tanjiro_kamado,#0,الفرصة ضاعت,unknown_210565#0,
"2024-08-06,19:15:51",demon_slayer_tanjiro_kamado,#0,السيرفر راه ميت,,
"2024-08-06,19:24:41",se7en.111,#0,اهاها,demon_slayer_tanjiro_kamado#0,
"2024-08-06,19:25:40",demon_slayer_tanjiro_kamado,#0,راك حاب تدخل ؟,se7en.111#0,
"2024-08-06,19:25:50",se7en.111,#0,واه,,
"2024-08-06,19:26:48",demon_slayer_tanjiro_kamado,#0,ايا دخل بريفي,se7en.111#0,
"2024-08-06,19:29:44",unknown_210565,#0,0_0,,
"2024-08-06,19:31:43",demon_slayer_tanjiro_kamado,#0,وي,unknown_210565#0,
"2024-08-06,19:31:47",demon_slayer_tanjiro_kamado,#0,مليحة,unknown_210565#0,
"2024-08-06,19:35:11",ak_miro,#0,oui,,
"2024-08-06,19:36:47",demon_slayer_tanjiro_kamado,#0,نتا راك حاب تدخل سيرفر تاعي تع لهنتاي,ak_miro#0,
"2024-08-06,19:36:54",hunters_rage,#0,<:emoji_107:1197267193713410228>,,
"2024-08-06,19:37:02",demon_slayer_tanjiro_kamado,#0,نتا راك حاب تدخل سيرفر تاعي تع لهنتاي,hunters_rage#0,
"2024-08-06,19:37:17",hunters_rage,#0,Yeah niga,,
"2024-08-06,19:37:28",demon_slayer_tanjiro_kamado,#0,دخل بريفي,hunters_rage#0,
"2024-08-06,19:37:39",hunters_rage,#0,اك,,
"2024-08-06,19:41:54",mhmdy,#0,السلام عليكم,,
"2024-08-06,19:42:06",mhmdy,#0,ضربتها ب رقدة,,
"2024-08-06,19:42:12",mhmdy,#0,وجيت,,
"2024-08-06,19:43:17",hunters_rage,#0,🫸<:emoji_91:1188672059321094224>,,
"2024-08-06,19:43:44",mhmdy,#0,🌚,,
"2024-08-06,19:43:51",hunters_rage,#0,<:RubbingHands:1150410501835202561>,,
"2024-08-06,19:45:23",demon_slayer_tanjiro_kamado,#0,<@1155119947484246077> لاراك حاب تدخل سيرفر تاعي تع هنتاي,mhmdy#0,
"2024-08-06,20:01:49",abdou__stayfi,#0,فيه البورنو؟😂,demon_slayer_tanjiro_kamado#0,
"2024-08-06,20:01:58",_1zc,#0,وشنو هاذ سيرفر,demon_slayer_tanjiro_kamado#0,
"2024-08-06,20:02:16",_1zc,#0,<@1264558495034769438>,demon_slayer_tanjiro_kamado#0,
"2024-08-06,20:02:27",abdou__stayfi,#0,تع لانيم,,
"2024-08-06,20:02:35",demon_slayer_tanjiro_kamado,#0,لا فيه لهنتاي تع انمي,abdou__stayfi#0,
"2024-08-06,20:02:42",_1zc,#0,اوكي,abdou__stayfi#0,
"2024-08-06,20:02:47",demon_slayer_tanjiro_kamado,#0,كيشغل بورن بصح تع انمي,_1zc#0,
"2024-08-06,20:02:53",demon_slayer_tanjiro_kamado,#0,شكون حاب يدخل,,
"2024-08-06,20:02:57",_1zc,#0,راني جاي,demon_slayer_tanjiro_kamado#0,
"2024-08-06,20:03:03",abdou__stayfi,#0,ايه عرفتو كيش ماسي,,
"2024-08-06,20:03:04",hunters_rage,#0,Za wardu اخطيك من دم الجوستار,w.me#0,
"2024-08-06,20:03:14",abdou__stayfi,#0,حطلنا رابط,,
"2024-08-06,20:03:25",demon_slayer_tanjiro_kamado,#0,دخلو بريفي,,
"2024-08-06,20:03:25",abdou__stayfi,#0,نشوفو نامي كيفاه صرالها😂😂,,
"2024-08-06,20:03:36",_1zc,#0,بريفي,demon_slayer_tanjiro_kamado#0,
"2024-08-06,20:03:41",demon_slayer_tanjiro_kamado,#0,كاين نامي و الخير,,
"2024-08-06,20:03:49",demon_slayer_tanjiro_kamado,#0,باش نعطيكم الرابط,_1zc#0,
"2024-08-06,20:04:08",_1zc,#0,شوف بريفيييي,demon_slayer_tanjiro_kamado#0,
"2024-08-06,20:04:29",abdou__stayfi,#0,هههه أيا ريقل لعزيز,,
"2024-08-06,20:06:10",hunters_rage,#0,من قبل واحد يبنيط في تيليفون,,
"2024-08-06,20:06:16",hunters_rage,#0,تم اغتصابها,,
"2024-08-06,20:09:05",_1zc,#0,لمدخلش راحت حياته,,
"2024-08-06,20:13:02",demon_slayer_tanjiro_kamado,#0,راني و لييت,,
"2024-08-06,20:13:13",mk_diassss,#0,E,,
"2024-08-06,20:13:15",demon_slayer_tanjiro_kamado,#0,السيرفر راه عيان,,
"2024-08-06,20:13:23",demon_slayer_tanjiro_kamado,#0,كيراك مليحة,mk_diassss#0,
"2024-08-06,20:13:43",demon_slayer_tanjiro_kamado,#0,اراك حاب تدخل سيرفر تاعي تع هنتاي,mk_diassss#0,
"2024-08-06,20:13:51",mk_diassss,#0,لاباس,demon_slayer_tanjiro_kamado#0,
"2024-08-06,20:13:58",mk_diassss,#0,yes,demon_slayer_tanjiro_kamado#0,
"2024-08-06,20:14:12",demon_slayer_tanjiro_kamado,#0,ادخل بريفي نعطيك الرابط,mk_diassss#0,
"2024-08-06,20:16:09",mhmdy,#0,Nop,demon_slayer_tanjiro_kamado#0,
"2024-08-06,20:17:06",demon_slayer_tanjiro_kamado,#0,علاه,mhmdy#0,
"2024-08-06,20:18:08",mhmdy,#0,منحبش س--كس و هنتاي وقع ذي امور,demon_slayer_tanjiro_kamado#0,
"2024-08-06,20:18:18",mhmdy,#0,Tnx,w.me#0,
"2024-08-06,20:18:29",demon_slayer_tanjiro_kamado,#0,ايا دبر راسك,mhmdy#0,
"2024-08-06,20:19:39",demon_slayer_tanjiro_kamado,#0,صحا <:emoji_89:1188671634509398046>,w.me#0,
"2024-08-06,20:24:53",demon_slayer_tanjiro_kamado,#0,<:emoji_89:1188671634509398046>,,
"2024-08-06,20:35:57",themask0239,#0,# سلام عليكم,,
"2024-08-06,20:41:33",mk_diassss,#0,وعليكم سلام هوملاندر,themask0239#0,
"2024-08-06,20:41:53",mk_diassss,#0,اعني سيدي رئيس,,
"2024-08-06,20:57:30",themask0239,#0,حمدلله,,
"2024-08-06,20:57:55",chjra123,#0,اسمع ياك روتينك حلال ولا ؟,themask0239#0,
"2024-08-06,20:58:01",themask0239,#0,راني ندير في مزيد من خطط لترشح,,
"2024-08-06,20:58:08",themask0239,#0,ريح نديرو ميمز,chjra123#0,
"2024-08-06,20:58:37",chjra123,#0,اك,themask0239#0,
"2024-08-06,21:01:47",demon_slayer_tanjiro_kamado,#0,جماعة لي راه باغي يدخل في السيرفر تاعي تع لهنتاي يدخل بريفي,,
"2024-08-06,21:03:23",_1zc,#0,تترشح في سيرفرات الس__كس و البورن,themask0239#0,
"2024-08-06,21:13:22",086478678,#0,اووو,,
"2024-08-06,21:22:45",c_rx.,#0,صحبي شوف اسمو وخمم مع راسك اذا يستاهل نصيحة,w.me#0,
"2024-08-06,21:23:15",c_rx.,#0,انا في بالي ميستاهلوش حتى تحلبهم,,
"2024-08-06,21:24:45",c_rx.,#0,معلاباليش ومش باغي نعرف,ak_miro#0,
"2024-08-06,21:26:00",c_rx.,#0,يجي وقت وتتحلبلها,ak_miro#0,
"2024-08-06,21:26:19",walide.34.,#0,سلام عليكم,,
"2024-08-06,21:26:33",c_rx.,#0,متروحش تعطي بعيد,ak_miro#0,
"2024-08-06,21:26:50",walide.34.,#0,متتهاوشوش,,
"2024-08-06,21:27:09",ishida_100,#0,خاوتي خصني كونت ببجي,,
"2024-08-06,21:27:15",abdullah055087,#0,وي خاوتي,,
"2024-08-06,21:27:18",ishida_100,#0,نخلصو كريديت,,
"2024-08-06,21:27:23",abdullah055087,#0,شكون من باب زوار ؟,,
"2024-08-06,21:27:33",walide.34.,#0,مام انا خصني كونت بياس,,
"2024-08-06,21:27:33",ishida_100,#0,تبعيعو بلكريديت؟,ak_miro#0,
"2024-08-06,21:27:41",walide.34.,#0,بالكريديت,,
"2024-08-06,21:28:08",c_rx.,#0,متبيعش بلكريديت راهو ميسواش,ak_miro#0,
"2024-08-06,21:28:44",ishida_100,#0,خو 2m credit قادر تقول 4شهور نيترو,c_rx.#0,
"2024-08-06,21:28:46",c_rx.,#0,"1 دولار تسوى 10 ملاين كريديت 
من سيرفر",ak_miro#0,
"2024-08-06,21:28:51",walide.34.,#0,خصني كونت efootball 2024,,
"2024-08-06,21:29:06",c_rx.,#0,20 مليون ڨيفت,ishida_100#0,
"2024-08-06,21:29:26",c_rx.,#0,مشكلة راهو في سيرفر برو بوت,,
"2024-08-06,21:29:37",c_rx.,#0,حطو كريديت يتباع,,
"2024-08-06,21:29:41",c_rx.,#0,على جال دراهم,,
"2024-08-06,21:29:51",c_rx.,#0,و خليجين ولاو يشريرو بملايار,,
"2024-08-06,21:30:18",mr.f4188,#0,huh?????,demon_slayer_tanjiro_kamado#0,
"2024-08-06,21:30:23",c_rx.,#0,نيترو هذا حشوة,ak_miro#0,
"2024-08-06,21:30:33",c_rx.,#0,جهر بمعصية,demon_slayer_tanjiro_kamado#0,
"2024-08-06,21:30:37",_1zc,#0,وين نلقاه,ak_miro#0,
"2024-08-06,21:30:41",mr.f4188,#0,بسم الله كي شفت شات عام لقيت ذو صوالح,,
"2024-08-06,21:31:08",c_rx.,#0,تشوف بكري كيفاه كان,mr.f4188#0,
"2024-08-06,21:31:15",c_rx.,#0,كانو يبيعو لكحالش,,
"2024-08-06,21:31:21",c_rx.,#0,ومعمر قحاب,,
"2024-08-06,21:31:21",_1zc,#0,<@1158860326289297458> وين نلقااااه,ak_miro#0,
"2024-08-06,21:31:27",c_rx.,#0,<@1161011140810248283>,tata_zinb#0,
"2024-08-06,21:31:32",c_rx.,#0,هذي اولهم,,
"2024-08-06,21:31:56",mr.f4188,#0,و لله معاك صح مكاش كيما كحالش,c_rx.#0,
"2024-08-06,21:31:57",limbo1357,#0,خاوتي تلعبو امونڨ اس ؟؟,,
"2024-08-06,21:32:18",mr.f4188,#0,تلعب لعبة تاع بوكس في روبلوكس؟,limbo1357#0,
"2024-08-06,21:33:02",mr.f4188,#0,بلوكس فروت؟؟؟,ak_miro#0,
"2024-08-06,21:33:03",limbo1357,#0,منيش نلعبو,mr.f4188#0,
"2024-08-06,21:33:03",c_rx.,#0,اوتشيها كوكو,mr.f4188#0,
"2024-08-06,21:34:09",mr.f4188,#0,me too,ak_miro#0,
"2024-08-06,21:34:26",mr.f4188,#0,noice,ak_miro#0,
"2024-08-06,21:34:28",demon_slayer_tanjiro_kamado,#0,وي السلام,,
"2024-08-06,21:34:31",demon_slayer_tanjiro_kamado,#0,يدكم فيه,,
"2024-08-06,21:34:57",mr.f4188,#0,خاوتي عادي تطياح زائد لهنا؟,,
"2024-08-06,21:35:44",mr.f4188,#0,انا برك ندير سكب للفل,ak_miro#0,
"2024-08-06,21:36:18",mr.f4188,#0,اواه نتوسوسلك قاندر نطيح و بعديها ناكل باند في شباب,ak_miro#0,
"2024-08-06,21:44:41",themask0239,#0,سلام عليكم,,
"2024-08-06,21:49:44",2jz.o7,#0,555 video,,https://cdn.discordapp.com/attachments/1227367017661595708/1270483976607236136/Screenshot_2024-08-06-21-49-23-550_com.google.android.youtube.jpg?ex=672dd0a8&is=672c7f28&hm=0cd57b86c4b9713dff2e4c8a7ecc3a1fec0505ca1dab32d431a3f4501530a857&
"2024-08-06,21:50:19",themask0239,#0,<@1142540508183416883>,2jz.o7#0,
"2024-08-06,21:50:31",themask0239,#0,<@1142540508183416883>,2jz.o7#0,https://cdn.discordapp.com/attachments/1227367017661595708/1270484172330500116/Picsart_24-08-06_21-05-40-546.jpg?ex=672dd0d7&is=672c7f57&hm=0b594f23d5f33d3bb14085a7169b5ee18574621a3486a56bf42af1b1c22f431b&
"2024-08-06,21:50:47",2jz.o7,#0,Dok ndirlk j aime,,
"2024-08-06,21:58:15",lolby_21,#0,والله ماسمعتك <:emoji_104:1191547769664573450>,ak_miro#0,
"2024-08-06,22:04:20",q.s7_,#0,يعطط fbi,,
"2024-08-06,22:04:29",q.s7_,#0,نحب دراري,lolby_21#0,
"2024-08-06,22:04:39",flen.vx,#0,<:emoji_109:1259887162296635402>,,
"2024-08-06,22:05:04",q.s7_,#0,يشوفك يتعرالك,,
"2024-08-06,22:05:08",flen.vx,#0,fbi حويتكم فل انستا,,
"2024-08-06,22:05:21",q.s7_,#0,مم انا,,
"2024-08-06,22:05:23",pyscho_7t9tlk,#0,Wtf,q.s7_#0,
"2024-08-06,22:05:28",flen.vx,#0,وتفف😂,themask0239#0,
"2024-08-06,22:05:58",q.s7_,#0,<a:7164blobtrash:1120830496805503057>,,
"2024-08-06,22:15:28",demon_slayer_tanjiro_kamado,#0,وي,,
"2024-08-06,22:15:31",demon_slayer_tanjiro_kamado,#0,يدكم فيه,,
"2024-08-06,22:15:48",demon_slayer_tanjiro_kamado,#0,لي حاب يدخل سيرفر هنتاي تاعي يطاقيني في البريفي,,
"2024-08-06,22:16:03",demon_slayer_tanjiro_kamado,#0,مرحبا بالشهوانيين تع لهنتاي عندي,,
"2024-08-06,22:16:12",demon_slayer_tanjiro_kamado,#0,<:NIGGA_omg:1150394296680329226>,,
"2024-08-06,22:30:31",2jz.o7,#0,<@1264558495034769438> 7anrs9k wn7wik,demon_slayer_tanjiro_kamado#0,
"2024-08-06,22:34:06",c_rx.,#0,كي نصحتو وش قالك؟؟؟,w.me#0,
"2024-08-06,22:43:39",gaxtota,#0,ليكيب وين ترسولو,,
"2024-08-06,22:43:45",gaxtota,#0,لي فيديو,,
"2024-08-06,22:43:46",gaxtota,#0,تاع,,
"2024-08-06,22:43:49",gaxtota,#0,ميمز,,
"2024-08-06,22:44:14",gaxtota,#0,بيسك عندي فديو قاع تولو تحبو tota,,
"2024-08-06,22:50:46",callmefreddy.,#0,Aywlh mt9olch 🗿,ak_miro#0,
"2024-08-06,22:50:55",callmefreddy.,#0,Mt9drch tagi nas,ak_miro#0,
"2024-08-06,22:51:10",callmefreddy.,#0,🗿🗿🗿,ak_miro#0,
"2024-08-06,22:51:22",callmefreddy.,#0,Lwada3 z3ma,ak_miro#0,
"2024-08-06,22:52:12",callmefreddy.,#0,Athla w ydk fih,,
"2024-08-06,23:09:27",callmefreddy.,#0,9stli l macha3ir😔😔,ak_miro#0,
"2024-08-06,23:10:21",lolby_21,#0,<:emoji_104:1191547769664573450>,,
"2024-08-06,23:10:45",callmefreddy.,#0,Bla twswis 🗿,,
"2024-08-06,23:11:14",lolby_21,#0,<:hollow46:1152015919900545065> 👍🏻,,
"2024-08-06,23:14:35",callmefreddy.,#0,🗿🗿🗿,,
"2024-08-06,23:22:26",.arkchaos,#0,راك مبلع لبريفي نتا فري طوطا وجيب سيرفر ذرك,demon_slayer_tanjiro_kamado#0,
"2024-08-06,23:37:31",.heythemdz,#0,._.,,
"2024-08-06,23:49:39",vh6517,#0,شكون خصو نيترو  ب 150k لشهر,,
