,Content
0,تجي روم
1,مزالكم حيين
2,wesh asmek f brawl stars
3,لا
4,MANDY'S CANDY 🥵
5,Ch7al mn trophy?
6,فقمه
7,<@855352776611594261> دك نقولك مياووو
8,لازم user
9,بلع
10,جات بقرتي الثانية
11,Ch7al 3ndek trophys
12,شكون لاولة ؟
13,15k
14,نن أنا قطوتك 😾
15,مارح أقولك مياو
16,D3if
17,Ana 21k
18,لي تنتج حليب كثر فيكم تولي بقرتي رقم #1  <:DK_Expand_Dong:1150410899581050950>
19,انا 12k <a:7peplick:1068529865415987251>
20,Chkon yl3b 1 vs 1
21,Broke
22,My main acc was 24 but get hacked by a Russian hacker <:uncannycat:1152013915954352148>
23,My acc was 34k
24,I forgot the pass
25,يجب أن تفجرني أول شئ
26,<:RTN_Floppa:1146234767050817687>
27,كاش نهار نديرو فيها روم قاع كيما رانا <:Pikachu:1150411411537793054>
28,عادي لا تحزن
29,شيت فاينالي دخلنا🗿
30,Ab3toli li 7ab yl3b room
31,How
32,Kifah darlek
33,~قديس سيف
34,1vs99+
35,تعالى روم 🙂
36,Broke
37,Ab3t prv
38,Dm meeee
39,لحظة سأتصل بصديقي أوباما بن لادن
40,wela edekhlou l chill1
41,<@1289551138273759265>
42,صدقني انا و معلاباليش
43,💀💀💀
44,ياخو🗿
45,أرجوك سوف يرسل لنا مزيد منهم 💀
46,هكر مقود فري مخليتلوش حتى ثغره و حبيبنا بدل الجيميل نورمال و دار جيميل مؤقت 🗿
47,Tnakt
48,7lib ifroiiiii
49,نن
50,<@1180615622145622117>  تجي شيل 1 ?
51,متاحات؟
52,ديربي لفيمبويز
53,وتف ؟
54,😂😂
55,ارواح شيل 1 نقصرو شوي <:Pog:1150411414243131504>
56,هيههه
57,متاحات صيد انستا هوتميل.....
58,يزبي راهي لوحدة ندخل فويس يزدم عليا لوالد تتناك ديريكت
59,ديجا راني نعسان ASF
60,Ok GN bb
61,❤️
62,شيت راهي لوحدة🗿
63,اييوه لعطاي كشغل دار كيما هوما مي فتطبيق تخلص دراهم بأش يعطيك ايميل مؤقت
64,"Keep making milk for daddy 
<@1287875358493904957> <@1180615622145622117>"
65,<:2f21940ee0948af25337e339d4899c36:1255179120078487615>
66,رباني دروك واحد لقا كونت فيه تثبيت و200 ك ابوني
67,skoune li hab ndirlou 1v1
68,Donne <@1218531500916477992>
69,<@1266554797704744963> محاولة اغتصاب استاذة🗿😂
70,لازم ترد الجميل بعد ما تقريك ساعة التربية المدنية لازم انت تقريها زوج سوايع التربية الجنسية 🥵
71,اتشو شوية <:co6aka:1150410498987274310>
72,Frrr🫦
73,لمعاناة ربك
74,<@1218531500916477992>
75,<:BH_kill:1085950557786746972> <@1180615622145622117>
76,لوكان ماكانتش كنكس ثقيلة
77,10-0
78,But still
79,"5-1 
5-0"
80,Not bad
81,ربحت 2 قيم
82,مكنتش نلعب 💀
83,Net
84,<:Fox_Floppless_bruh:1147016599732244521>
85,<:emoji_102:1191547661355065454> <:emoji_102:1191547661355065454> <:emoji_102:1191547661355065454>
86,Opsie
87,شحال ربحت انا ؟
88,<@1218531500916477992>
89,8 ولا كثر<:UwU_GT:1165015885912744026>
90,Not bad
91,شلونج
92,shlong ?
93,<:checkengine:621867230531026945>
94,يب
95,great
96,<:sexye320:572474091249074188>
97,انا نروح بطارية 7 اتهلاو
98,راح جا لحاس من جديد
99,نيك ماتكم يا أهل الجنوب
100,<:NIGGA_omg:1150394296680329226>
101,..
102,Chkon yl3b valo
103,الصلام عليكم
104,Slm
105,# ثباحوووو <:emoji_102:1191547661355065454>
106,وعليكم السلام
107,كيراك
108,حمدلله وانت؟
109,والله الحمدلله
110,دوم
111,دوم ياماتك نشالله
112,🥰
113,كاش جديد
114,سيرفر ڨاع راقد
115,ايه مشي ناشط كيما بكري
116,ابعثلنا تصاور تع دنيا
117,صباح الانتصاب
118,...
119,...
120,ع
121,im batman
122,جابك ربي يا باتمان
123,عندنا هنا واحد لفيمبويز لازم تنقذ المدينة منهم
124,تهارد احويهم اقتلهم المهم برك الابادة
125,طفلا ولا ولد
126,باتمان راك كبير
127,باينة واش يكون لفيمبوي
128,اذا طفلا نروح ولد تان نروح
129,ايا ريقل عندك هادو زوج تهلا فيهم <@1298318639618855075> <@1004677837250371664>
130,؟؟؟
131,mo3tez your daed
132,معندكش حق فالتحدث
133,مش فيم بوي عندك نتا ثاني
134,علاه ؟
135,مالا واش <:confused_sherk:1150411388846604288>
136,You are trapped
137,لفيمبويز معندهم حق فوالو
138,طفل <:uncannycat:1152013915954352148>
139,مالا ريقل فوطو تاعك تبان مخنث <:gigachad:1150419236989186078>
140,انا مشي فيمبوي ياطوطا
141,مخنث🙃
142,مالا واش روني كولمان ؟ <:juan:1150418197581922344>
143,<:Dead_inside:1150410964659863592>
144,اذا بدلتها ينحولي الرتبة نتاعي
145,وااااااه ربي داير فوطو تاع فمبوي علجال رتبة <:uncannycat:1152013915954352148>
146,اسمك معتر بصح تصوير تع سلامى
147,واش نقولك ياخو يحووك و ميديرولكش هاك <:Dead_inside:1150410964659863592>
148,<:emoji_91:1188672059321094224> <:emoji_91:1188672059321094224>
149,"نو كنت دايرها من قبل يخي داروني اداري في سيرفر باتشو اذا نحيتها ينحوهالي <:Dead_inside:1150410964659863592> 
منطق كي زبي <:Dead_inside:1150410964659863592>"
150,(مضحك)
151,معليش ربي يطلق سراحك
152,انت من لخر قولنا اذا طفل ولا طفلة بيسك راك اذا طفل اعرف روحك مخنث تاع صح <:uncannycat:1152013915954352148>
153,ليسحق باتمان يعيط ايا تشاو عندي شغل مع دنيا
154,اوكي
155,اوكي ؟؟؟
156,Wtf
157,واش ؟
158,حبيبنا -100 IQ
159,واش جنسك يالزح
160,مقتلكش حل مسألة انقسام الذره
161,عبر طريق نحو حقيقة فلا مكان للسر لبطلنا روح أمينة تكتشف يقين ضوء لمع وسط مدينة رسم نداء لمنادينا حينا يبدو ويختفي حينا تلك إشارة بتمان
162,عندك خيارين A OR B
163,🏳️‍🌈
164,وشبيك باتمان <:emoji_104:1191547769664573450>
165,OR
166,بات مان بروو
167,قود بروو
168,<:KEKYou:1150418200027201566> <:GAY_reverse_card:1150410491605303428>
169,"ربي يصبرني على القوم الضالمين
يا زح ما نقدرش نبدل الفوطو علاه"
170,نجي نجي نشبعك خفافيش
171,لالا
172,نتا تخمم ف رتبة كرمتك تورح
173,على الأقل انت عندك سبب شوف المخنث هذا نقولو واش جنسك يبدأ يلاڨي <:uncannycat:1152013915954352148>
174,طحت مع جماعة مقودة
175,مخصكش خدمة عند بات
176,شحال شهرية ؟
177,احا
178,2ملاين راك فدزير فرع جلفة
179,T
180,
181,"تبانلي انت عندك IQ طفل فالحضانة 
انت 💙 ولا 🩷"
182,💓ty
183,T week
184,
185,ياو روح تعطي انت يماك متحبكش تحبني نحبك
186,hhhhhhh
187,سيد مخنث pro max
188,T month
189,
190,قط مواش يحلب بيغ رسبكت
191,Bat man
192,"T l97ab 
 نلقاك #1"
193,. ؟؟
194,يالزبدة مشي عليك تحسست ؟
195,.
196,راني على نقشينيو هذا <@1298318639618855075>
197,yes
198,عارفك
199,وين تعرفني <:cheekibreeki:1152015874446868510>
200,سر المهنة <:gigachad:1150419236989186078>
201,Can i get a kiss before bed <:emoji_101:1191547625883828325>
202,نقشينيو
203,اذا تعرفني مالا قولي شحال الطول تاعو لي يعرفو طولو غير 4 فوق الارض هادي <:confused_sherk:1150411388846604288>
204,ايا مليح راك عارف روحك
205,<:confused_sherk:1150411388846604288>
206,سون توسويس باتمان
207,باباك ويماك وgf وخوك ؟
208,...
209,معنديش خاوة و والديا لالا يالحمار <:uncannycat:1152013915954352148>
210,بات مان لازم يدخل روحو هاي اف بي اي اوبن دور
211,شكون يسحق gf اصلا ؟؟؟
212,نتا
213,مالا متعرفنيش <:Ee:1152015886773923850>
214,شكون 4 لي يعرفو طولو ؟
215,bat is  annoyed
216,راني نبريباري فالسنة <:Ee:1152015886773923850>
217,مش مسحق اضاعة وقت يا زح
218,مالا كي تكبر تتزوج بواحد ؟ <:uncannycat:1152013915954352148>
219,اوكي
220,XDDD
221,نخطب و نزوج على سنة الله و رسوله من نيتك ؟؟
222,و ل الله الحمد 0 gf ملي انولدت
223,جعت
224,<:gigachad:1150419236989186078>  عجبتني
225,تستحق ريسبيكت
226,جيبو فطبسي و بسمل
227,نتوما تحبو طوطا
228,ولله
229,فوطو حاجا و العقلية حاجا خرى
230,🤰🫵
231,روح تلعب
232,نيك باتشو
233,كون قلتها ثم نحوس على فرائس
234,
235,اسمع حاوزوني خاطش قلت عندي 8 سنين تحراش برك
236,عقلهم صغير
237,سيرفر مكتائب يازح
238,.
239,.
240,شكون يحذف في الميساجات يا جدك 💀
241,شيكور ختك
242,<@282859044593598464> راك تلحس فيه
243,هو بوت خدمتو هذي
244,وشنو باتشو تاع لقلاوي هذا
245,<:uncannycat:1152013915954352148>
246,<@282859044593598464> يدك فيه
247,Bro get shuted
248,وشنو باتشو هذا <:ChineseMan:1150410495434690630>
249,يدك فيه
250,يوتيوبر
251,يوتيوبر وسمو باتشو ؟؟؟ <:confused_sherk:1150411388846604288>
252,وي
253,YATNAK 🥵🥵🥵
254,مسلم فوق اللازم
255,وقيل نروح نتفرج
256,احم احم  <:Dead_inside:1150410964659863592>
257,لهينتاي ؟ <:RubbingHands:1150410501835202561>
258,ناه ph
259,<:ahegao:1150410734057033738>
260,The best ever
261,تفهم
262,واحد نقش يتيوبر
263,
264,💓
265,<:confused_sherk:1150411388846604288>
266,زبي انت كل ثانية تبدل فوطو تاعك <:uncannycat:1152013915954352148>
267,متعاندوش باتمان سيد مدبرس
268,مقتليش كيفاش أوضاع المدينة
269,باتمان سمعك
270,كنت مشغول بوتين طاحلو مروال روحتو رفتو
271,انا حكم جلفة نشالله نتوسع
272,مايعجبونيش
273,عندك برك من لقهويين تلقا اي قهوي ديريكت متحوسش تفهم تيري عليه بقنبلة
274,زبييييي وانا لي نبدل فوطو تاعي غير كي نشري سليب جديد <:uncannycat:1152013915954352148>
275,اره قهوين نسحقهم ف وحد امور
276,سلام عليكم
277,تلبس سليب ؟ حسبتلي تلبس كيلوطة تع ختك
278,تديرلهم recycling <:co6aka:1150410498987274310>
279,من لخر اوبيتو شكون عمك انا
280,وعليكم السلام
281,ونتا متخدمش
282,لالا لعزيز متحسبش الكل كيفك <:hank39:1152015910882791534>
283,اااااا
284,ايااااه
285,ماعنديش ختي ( نيك حياتك)
286,اين رد
287,rawnd 1
288,عندك ..... <:emoji_89:1188671634509398046>
289,1-1
290,ماعنديش
291,بلع قود نتا
292,و كيلوطات لي في خزانتك تعمن ؟ <:Ee:1152015886773923850>
293,.
294,ااي راك مع بات نديك وين تبات
295,متقوليش برك انت هو سارق لكيلوطات لي كانو يحوسو عليه من عام جدي
296,كنت تسرق كيلوطات لعجايز ؟
297,وقيل
298,ااا مكاش سريقا معيا سرق كيلوطات راني جاي
299,😯.
300,طلع يدك نيك رجليك
301,متخافش انا منقذفش المحصنات الغافلات كيفك
302,اوكي
303,⚧️.
304,اااي متقوليش نتا ولد برك
305,لالا
306,المهم هاك عشرالاف روح اشريلك بيها سليب جديد عندك تغفلني و شريهم كيلوطات  ولي راجل شوية <:DK_Expand_Dong:1150410899581050950>
307,اااي اخ هذي بنت
308,فالحالتين اسوء من بعض
309,ضرك يقولك لالا
310,صح
311,مهم مكاش الوان ف بلادي ليتلون نلونو
312,مكانش فوطو تصلح
313,اذا مراكش راجل  ولا طفلة نصنفوك مع اليهود <:SU_NOICE:1152013869057847326>
314,That's ma boy
315,نبعتلك تصوير شابة
316,ياخو اعلبالك بلي لبنات فهذا سيرفر يحاوزوهم
317,Gotcha
318,ااي صح مكاش بنات
319,لن اقلق
320,is back
321,إذا راكي طفلة و دخلتي هنا بارادتك راكي قحبة <:crazyvegeta73:1150419224922165291>
322,كلافيي تاع نم
323,
324,اوكي
325,قحبة
326,<:cum:1152013788653031434>
327,شيخ عيسي
328,ابعتلها الشيخ الميساوي لباباها يقولو بنتك واش راهي دير
329,انا وش ندير
330,Shut it
331,خبزة صعيبة
332,سلام
333,ديرها لختك راهي توحوح مصبح
334,Help her stepbrother <@855352776611594261> 🤑
335,باينا بلي مجربة
336,معنديش اخت بصح نعتابرك كي ختي ارواحي قمبعي لخوك
337,مكاش لعفن في بلادي
338,وختك مجربة ؟
339,نعاونك تركبيها
340,نيك حتشونك يانقش
341,راح ينيك باباها ميسي داعشي ويزيد يدي معاه شيخ اوبامة
342,ااي بتمان معندوش ختو
343,<:DK_Expand_Dong:1150410899581050950>  I will
344,ڨاع ماعنكمش ختكم درك ؟
345,بلع
346,بتمان ينيك لعيباد لي كي مانتي ويجب فروع
347,علاه ؟
348,الفعل هذا ينطبق لمن يمتلك حتشون يا سيدة بو مفتوح <:KEKYou:1150418200027201566>
349,ممنوع السؤال وش قلنا البارح
350,اوكي
351,كون جات عندي ختي متدخلش سيرفر هوفا
352,<:gigachad:1150419236989186078>
353,كون جا عندي ختي كيما نتي كون راهي معاك فناررر
354,جوردن عجبتني <:gigachad:1150419236989186078>
355,مقود زعما ؟؟
356,<:branco3tromlei84:1152015859955531866>
357,
358,لالا برك انا مشي كيف باباك و خوك يخلوك تدخلي سيرفرات كيما هادو <:Ee:1152015886773923850>
359,انا مكان مدخلني
360,ايااااااه وا ش دلهاا
361,مام انت لعزيز راك كثرت على ما وصاوك المره هادي عندك زوج غرامات
362,وانا كيفاه
363,يربك بات مان
364,انت هو لي تعطي الغرامات حامي المدينة <:DK_Expand_Dong:1150410899581050950>
365,اااوه نتا لازم خدمة معنا
366,لعزيز ياخو نتا فتت الغرامات عليك ديون من كثرة الرجولة
367,متقولش ياربك
368,يسلمك لعزيز مي انا روتريتي صفيت لمدينة
369,وانا واش ندير
370,راح نروح نخدم 24/24 ساعة كشما نحاول نسدد الغرامات بيسك انا منمدش يدي <:gigachad:1150419236989186078>
371,جلفة كانت سخونة زدت سخنتها
372,dhman💀
373,يالرب نورمال ؟
374,بيسك راك تنادي فاالله 🙂
375,انا صح بات مي  نخف من دحمان
376,برذر دحمان
377,ڨعرتوها خلاص
378,كشغل هجين <:branco3tromlei84:1152015859955531866>
379,الله اعلم
380,ختي نهدر معاك بكل ادب متروحيش تقودي
381,يا ختي واش نقولك ننصحك تخرجي تبقاي بينك و بين ربي مرفوع عليا القلم منك 🗿
382,عندو حق
383,انا بات مان و منضمنلكش
384,.
385,زعما نسلكك ولاه ناكلك بيه
386,ضرك هادي بنادم تهدر معاها
387,نص كلامك مافهمتوش لازمله شرح
388,تبانلي نعيطو لقويطس عندو IQ اقرب ليها
389,عليها قتلك ال IQ تاعي هارب عليك
390,شكون لقويطس ؟
391,وين هرب ؟
392,خوتي تنصحوني نروح نعتقلها فيما يردي الله
393,هعهعع
394,محبوب الجماهير
395,يردي الله
396,<@1195134511546105958> قاعد تعس؟
397,يرضي + روح لا عليك
398,نجي تشبعي خفافيش
399,باتمان تاعو مشي مربي
400,نربيه فيك
401,كتيبة خفافيش الرحمة ؟ <:NIGGA_omg:1150394296680329226>
402,Ayoooooo درت عليا
403,مجيبيش ولد جيب تمساح
404,# عبر طريق نحو حقيقة فلا مكان للسر لبطلنا روح أمينة تكتشف يقين ضوء لمع وسط مدينة رسم نداء لمنادينا حينا يبدو ويختفي حينا تلك إشارة بات مان 🕸️
405,نيران صديقة ياو
406,اااا لالا
407,يفكرني بواحد النقش وسمو Evan
408,متشيتليش صحا
409,اسمو نقش ؟
410,<@1195134511546105958> ميكونش ايفان زعما ؟
411,هذا اسمك يحمرا
412,شكون ؟
413,لالا لقب اكتسبه حسب الأفعال كيما انتي ديتي لقب قحبة
414,السلام عليكم
415,قحبة شريفة
416,تغفل يخرجلك فمبوي
417,ونتا ديت لقب راس طوطا
418,وعليكم السلام
419,واش راكم
420,على راسي
421,وعليكم السلام ايها الفيمبوي
422,ااي سقسيت بتمان باشدخلتي
423,وشنو على راسك ؟
424,<:confused_sherk:1150411388846604288>
425,فخامتك <:juan:1150418197581922344>
426,مافهمتش ؟
427,ااااا
428,كون غير متفهميش
429,علاه ؟
430,"يالزح IQ -999 
ختي هلكك التكفات !!!"
431,بلعقل عليها شوية
432,وشنو التكفات ؟
433,صح حبسي شوية
434,حتى انا ما فهمتش بكل صراحة
435,نجي نعلمك
436,باطل
437,تهدرو بلالغاز نتو ؟
438,Same IQ LEVEL
439,ريكاردو نية حسنة
440,تيليفون راهو 2
441,بت مان ميحلبش
442,اكتشفت اكتشاف جديد
443,روح شارجيه
444,لفيمبوي عندو نفس ذكاء الانثى <:emoji_97:1188675775436701816>
445,روحو تشارجو بين زوج
446,كيفاه عرفت !
447,<:NIGGA_omg:1150394296680329226>
448,Oooooh
449,
450,oooh no
451,استنتاج من الحنكة
452,الحقيقة المره
453,عالم
454,وشنو لحنكة قصدك لحنة ؟
455,نتي متعرفي واله
456,وو
457,ختي شحال فعمرك <:Dead_inside:1150410964659863592>
458,اصبر اصبر شحال فعمرها ؟
459,بديت نخاف
460,راني نڨسر
461,لالاهذي just girl
462,الحنكة هي كي تولي تفهم في حاجة معينة ياسر
463,مثل نقلك انا محنك سيارات
464,شكرا علا توضيح
465,وذني بدات ترن بنغمة لاصونات تاع التدخل السريع
466,اعلبالي
467,اوكي
468,ننجي
469,عفوا
470,كاذبة لعينة☠️🔪
471,بات مان ميحبش لعفو بصح شكراا
472,علاه؟
473,بات مان نسقسيك
474,اصبر اصبر الحنكة تاعي تقولي بلي مفهمتش و كي جيت نسقسي على عمرها حبت تليكيديني و تقولي نحرش باش متجاوبش <:emoji_97:1188675775436701816>
475,واش
476,كيفاه صار عندك هذا الجسم المعضل
477,مكانش يبنيط كيفك
478,تعريفيه دحمان
479,واش راك تخرى ؟
480,لالاهذ سرر
481,يا حسراه ها قول
482,معليش اثبتلي بلي راني غلطان و قولي واش معناه كلمة التكفات <:767993656816304148:1150411534615453696>
483,سر مهنة اخت
484,عندي استفسار
485,معنتها فريت
486,اوكي ماعليهش يا اخي
487,لخاوة كاش واحد ينحيلها تيليفون تاع خوها تبانلي قاصره  متفوتش 9 سنين
488,لقد اعجبني تدخلك معندكش خدمة مع بات مان
489,اي واحد يعرف صاحبو عندو ختو صغيره يعيطلو
490,ماعنديش خويا
491,fbi
492,open d door
493,راني فهمت وش معناها تكفات
494,من جوجل
495,FBI OPEN UP
496,طحتي من عيني
497,ياي
498,حبس التبنييط يا فيمبوي
499,هم فيمبوي
500,مانيش نبنيط
501,كملت 30د بدون تطياح
502,Same for you
503,Congratulations
504,sigma
505,<@855352776611594261>
506,ريكاردو فدريكو
507,تبنييط مشي تطياح 🗿
508,وشنو دعاء ؟
509,هو صح منكذبش كنت نبنيط بصح راني قاعد نخليه
510,تحدي 90 يوم بلا تبنييط
511,معليش اوصفلي هذا الفعل بكلمة من غير تبنييط
512,تبنيط على راجل نتا ؟
513,قذف
514,اصبر ....
515,خلاص بنات خلاص
516,دوك نزعف نعشي متعشي بيكم
517,نضرية إذا ضربناهالك في الضلمة جامي لتشوف النعمة
518,القذف نتيجة للتبنييط مشي اسم الفعل
519,سلام عليكم
520,اذا ضربتلي بيبا  مشي سيبا
521,وش اسمو بلعربية ؟
522,قتلكم IQ فقمة
523,وعليكم السلام
524,وعليكم السلام ورحمه الله
525,بتمات ميردش. سلام
526,<@1218531500916477992> ياخو راهو يهدر عليك
527,الاستمناء <:uncannycat:1152013915954352148>
528,علبالو
529,بات مان سلام بحد ذاته
530,اسم فخم
531,مالا يعجبك لقبك ( قحبة ) congratulations
532,اسمي معجبكش
533,مراكش دحمان
534,صوت لمع وسط مدينة لخت
535,راك دصرتني بزاف روح تعطي
536,طرينت عندو
537,خدمتك سيستر
538,شحال نخلص ؟
539,اواه تخلصي نتي. نعطيك ربع خفافيش نجي
540,روح تعطي
541,عندي وحد يدير حديد
542,راجل علا خوك
543,يخدم لحديد ؟
544,عندو لزبدو
545,عندو15
546,عندو زبدة ؟؟؟
547,تاع بتمان هو لي قتل مايكل
548,شكون مايكل ؟
549,<:Dead_inside:1150410964659863592>
550,واحد وليد حومت تماسيح شركة منفسة
551,اوكي
552,ينفسو فيا ميعرفونيش بلي فخمة
553,باتمان هو لخير تبون رأئيس
554,علاه مشي انا ؟
555,عطيتك خدمة محبيتيش
556,2ملاين لشهر
557,لالا صحا
558,<:ch:1193639751257960571> <:Gunpoint:1193639929671077959>
559,sba7 el khir
560,باتمان عندو ديما ليل
561,ياخو قلتلو ماحبش يفهم
562,# ثباحووووو<:emoji_102:1191547661355065454>
563,اااي ستفي روحك
564,ايه صح علاه في كرتون تع باتمان سما تجي حمرا ؟
565,لخاج انا منحبش سما زرقااا
566,خليك منو <:37706234f04f5e77eb58146ecf9f6af3:1255178985302917160>
567,مكتئب لكرتون
568,KHAWTIIIIII 3NDI PC LELBI333
569,انا هو اكتئاب
570,شكون ؟؟
571,بات مان يدي باطل
572,طوكسيك
573,حبس تمنييك
574,AK 3LABALK WESH TEDI BATELLL
575,ااي متنسيش روحك
576,ختك🙃
577,LALAAAAA AK 3LABALKKKK
578,MAT7CHEMCH 9OLHOUM
579,علاه تهدر بخط كبير ؟
580,متزدنيش مشمشتك زعيم نتا
581,يهدر بل بسي
582,بسي
583,PSQ TILIFOUN M9WD
584,تلفون منك صح
585,اوه
586,khlas rani riglitou
587,srx 3ndi pc lelbi3
588,i5 6em
589,8ram
590,شحال
591,WACH YA5O KACHMA 5SK ?
592,37 36
593,NDIH BATL ANA YA5O
594,OUI KHASNI
595,AAAA BATL MDILO
596,WACH 5SK RANI HNA
597,MDILO
598,MNSLKCH
599,RANI 3YANN
600,KHASNI DRAHM W ..
601,W ??
602,RBI YGIBB
603,WACH DIR B DRAHM !
604,WALO NGSER
605,BESH NCHRI TILIFOUN
606,WACH DHLKK
607,TZID TDSRNI NIKK
608,3LH AK TYE7 ??
609,YEKHI TO9BA
610,3ND TOTA
611,WACH DIR B TILIFHON ? TCHOF PORN HUP !
612,*PORN HUB
613,YCHFFK TA3TI
614,WACH DHLKK
615,+ MANCHOFCH PORNO YA
616,AK TCHOFFF
617,صباح الخير شلونج <:emoji_108:1197267246662295592>
618,BAT MAN YZ3FF
619,YNKHA 9HBA
620,RO7 CHOF NAME TA3O
621,IM SOORY
622,NCHOF TO9BA TA3K
623,GOOOOOOD
624,<:confused_sherk:1150411388846604288>
625,ZA3IMM
626,bat is sigma bro
627,السلام عليكم
628,وعليكم السلام فان جاستن بيبر
629,jastn biberr
630,PDD
631,<:uncannycat:1152013915954352148>
632,DPP
633,يشبه للفقمة
634,9BAYLI HINKEN
635,راكي بديتي تكبري ف عين باتمان
636,<:co6aka:1150410498987274310>
637,علاه باتمان عينيه بيوضا ؟
638,idc
639,جاستن عندي وحد خير من ديدي
640,يازح نتا كيفاه فان تاعو ؟
641,عينها.     علا حسب طقس
642,ياخو منيش حاب نخسر الهدرة جزاك الله خيرا
643,منيش فان تاعو
644,عندب حل خرج ققوود
645,علاه راك داير تصويرتو ؟
646,برو
647,منيش لاتيلك
648,gay
649,jsk
650,لتي ل ديدي
651,ابعتلي شعار تع امازيغ
652,شكون دنيا
653,ⵣ
654,Idk نتا راك كاتب عندي تصاور دنيا
655,Ty
656,ايت جاستن
657,<:emoji_89:1188671634509398046>
658,ذلجاستن
659,جماعة اضحكولو
660,نقصد عندي كامل تصاور لي حابهم
661,ابعتلي تصاور تع فيمبوي
662,<:uncannycat:1152013915954352148>
663,ااي معرفتنيش وقيل
664,واش بيك موسوس !؟
665,باتمان
666,<:emoji_107:1191548658336940132>
667,<:cum:1152013788653031434>
668,ااا ياربك ذراري
669,واليد راهو حدايا
670,اااخرج اخرج
671,واليد نيك روحك
672,<:767993656816304148:1150411534615453696>
673,ينمي
674,اسمو واليد ؟
675,لا يزح نقصد العم راهو حدايا
676,ايه
677,وسمك نتي
678,.
679,وسمك
680,La zone ma7koma
681,ياعم نيك روحك
682,بات مان مينفسش عيباد
683,ينمي
684,وش اسمو هو ؟؟
685,شكون
686,عمك ؟
687,جواب
688,وبلع
689,ايا تهلاو في رواحكم <:emoji_101:1191547625883828325>
690,عبد رحيم
691,روح ل ديدي ااا باي
692,# عبد راحيم نيك حتشونك
693,هذا مشي بات مان هذا بات كفات
694,😂ههههه
695,خخخخ عرفتك دي ديرها مسموهش رحيم
696,وشنو كفات ؟
697,نجيبو عليك
698,بنياط
699,مخنث دنمي
700,وشنو بنياط ؟
701,نجيبو عليك نمشطلك بيه شعرك
702,يجيبو
703,روح نبعتهولك للبريفب
704,مخنث
705,واش يجيب ؟
706,الطعام للفقراء
707,ياروح قود ياخو
708,علاه ؟
709,نيك.     حتشون يماك
710,الواحد مضربوش فيك خطرة زوج خلاص
711,عندك نتا عندك حتشون
712,متبداش تقيم زك روحكك
713,قلوة تع زبي
714,منطيحش بل يمات
715,عندك زويز وحتشو ن اخ
716,<@1299642182092718128>
717,نيك حتشون ختك لعطيا
718,ههههه
719,نم
720,روح اربي روح
721,روح اتخايل في باتمان بعيد
722,نتا باين قاي تبع جاستن
723,معلاباكش بيها ؟
724,جاستن بلع
725,PDD
726,PDD
727,"<@1299642182092718128> <@1055946289055023144> 
# خلاص حبسو"
728,🫡
729,# تصالحو وبوسو بعضاكم
730,يدي حسنات
731,وين تسكن نجي حتشون يمات خالت ختك نيكهولك
732,راني رجعت
733,واش راكم
734,نبوسو بصح ملور
735,نكبضك حتشو جادتك نيكو
736,لالا سلم عليه وقولو سمحلي خويا وزيدلو تباوسو مشاورب
737,نطيحو بيبيا كيما ديدي
738,نسيها فيك🙃🙃🙃💀
739,<:4pepofucku:1118327433414836315>  ريحو عاقلين
740,لالا صحا
741,وشبيهم اصلا؟
742,ريكاردو فتاة حسنة 💀
743,راهم ڨاع يشبهو للفقمة
744,راني طفل
745,ياو ياو ياو هديي
746,رهم يدبزو يشتمو امهات
747,<:ChineseMan:1150410495434690630>
748,واش ديدي شبعك بذور فقاعك جاي تتڨوعر علينا هنا
749,اي نتا وقلوتي كيف كيف
750,"الله يرحمها 
زيد ممنوع طيح باليمات
ياخو راه يطيح باليمات <@1142540508183416883>"
751,علاش راهم يدابزو
752,والله منحب نطيح
753,لعبلي عليه
754,<:KEKYou:1150418200027201566>
755,منعرف <a:7peplick:1068529865415987251>
756,داير تصويرا تع جاستن بيبر باتمان ماعجبوش لحال قاعد يقولو PDD
757,راح تدي ميوت سمانة
758,احترم نفسك
759,نحي جاستت
760,ن
761,Okay sr daddy
762,على زال هاذي قلبو السيرفر معركة؟
763,ايا راك طيحتلي واش استفدت دروك
764,سمعنا لكثير من لامهات
765,مشي علا هاذي
766,😂💀💀
767,<@1004677837250371664> <:Dead_inside:1150410964659863592>
768,
769,هو خسر الهدرة :3
770,فقمة كن كيف حالك <:hank39:1152015910882791534>
771,؟
772,خلاص خلاص روح
773,فقمه ياه
774,Lz3ZIZ
775,منيح وانت
776,والو غي طاقيتك <:emoji_90:1188671864160137226>
777,شيكور
778,<:gigachad:1150419236989186078>
779,🤝
780,والله بخير الحمدلله
781,# <@1283283339155083287>_chan <:emoji_101:1191547625883828325>
782,BIG RECPICT
783,...
784,تفاهمو
785,يسطا هو فاز علي روم مبارح <:4pepoworrypat:1118649623708454944>
786,ريكاردو
787,<:sh:1152016071147147319>
788,جيب لي حقي
789,<@1214967653370691624>
790,وي
791,...
792,# ناس ماتعرفش تفرق بين طاكوس وشورما راح ختارعو طالوس
793,Justin X 9baili  = ديدي يحرق علجالك USA
794,علاه سمت روحك هك
795,<@1214967653370691624> ياخو
796,يب خبرني 🗿
797,I 💓 u <:emoji_102:1191547661355065454>
798,سيت نفهمو
799,جيب لي حقي
800,اهنتنا يا وسخ
801,<:RTN_Floppachad:1023214051733557329>
802,Justin with a giant ass
803,مهم
804,بلع
805,ايوه ارواح نسحقك
806,Hh
807,متفكر بلي قدام اسم ريكاردو كان اسمي مراهق بعدها كرهت من اسم مراهق أيا بدلتو بريكاردو و بعدها صارو هذا السيرفر يعرفوني باسم ريكاردو
808,ربحت زوج قيم
809,<:RTN_Floppachad:1023214051733557329>
810,بلع
811,
812,اسمع ني حابك دير ميوت لواحد
813,I .. u <:uncannycat:1152013915954352148>
814,ريكاردو🫡
815,
816,خاوتي شكون عندو تصوير تاع نكنا بغمالتوا
817,هذاك القحبون دخل هذيك النهار فوقت elan
818,في رايك مين محترف أكثر أنا ولا هو
819,🤨
820,5m🤑
821,منعرف
822,<:uncannycat:1152013915954352148>
823,سيريو طيحلي بيما وهذا ممنوع فقوانين سيرفر
824,<:waaa:1124009353410773152>
825,ماستر فقمة هه
826,بات مان الليزوم <:emoji_90:1188671864160137226>
827,Do u love me? <@1283283339155083287> chan ?<:emoji_101:1191547625883828325>
828,تسما فيزوج قعرناك 🗿
829,تناك لعزيز خو
830,اربط <@1299642182092718128> 28d
831,:white_check_mark: **@batman00592 تم اعطائه وقت مستقطع!**
832,Yalh sir t7wa
833,اسم شباب ميفقش لوخر
834,كمك
835,اححححح و يعطيه
836,No ydk fih
837,<:4pepoflower:1115409521750331503>
838,الله يحفظك طيحلي بيما
839,
840,اعطيه نهار برك فخاطري 🙂
841,بغل كنت حندبر 5m
842,Bghl
843,Ydk fih
844,ميزيدش يطيح 🥵
845,<a:oussa_noway:1112968041664352256> شيكور
846,<@1299642182092718128> nkmk makalh tji tnb7li f prv
847,Ayoooo m3amn rak
848,شكون عندوا ختو
849,W <@1283283339155083287>_kun 😭
850,🥵
851,<@855352776611594261>
852,هادير خدمتك نيشان
853,انت
854,نتا
855,باينة انتي ختي
856,Ydk fih
857,<@1299642182092718128> <:megamind5:1152015946874097684>
858,مننساكش
859,شيكور غاتو ساموراي
860,زبي
861,N3rfk ?
862,تحوس تلخقو
863,نن لعزيز
864,ح
865,7ab n7wik
866,🗿
867,<:NIGGA_omg:1150394296680329226> <:NIGGA_omg:1150394296680329226>
868,اسمع هاك ختنا باطل تريقليك <@1298318639618855075>
869,بلعي ياممحونة وابعثي حتشونك فانستا
870,زبي باين نقش
871,نورمال احويه جيب بيه لوقت
872,Lokan nb3tlhom nl9ak nta l9a7ba f insta
873,دير على راسو ساشي كحل متحسش بالفرق
874,نبعتلك تصاور ترمتك
875,Blé
876,3
877,Athlaw
878,Tntfo
879,Ro7 t3ti
880,تاعمن ؟ <:ChineseMan:1150410495434690630>
881,Jib msrfok
882,صحيت
883,N9ch
884,Mba3d
885,تاعك
886,9wdo drk
887,# باك شكون توحشني
888,<@1195134511546105958> <@1142540508183416883>  يالزبدة حتى هنا و راكم تتڨاعرو
889,no body
890,Trma had gordon
891,😭
892,Ya5o n9ch wallah
893,اييييي مشي ضحكنا معاك شوية يتحل قاعك زير روحك <:emoji_104:1191547769664573450>
894,بلاسبة تاكلو
895,<@855352776611594261>  rak tchof storyat dyalo f insta ?
896,"<@1195134511546105958> <@1142540508183416883> 

# تناقشو بهدوء"
897,تبانو كشغل ليزبيانز يتحاكو
898,لالا
899,كاينة
900,
901,Ya wdi raho y7t reels ta3 bnat ytbawso wytagi f zbi
902,خخخخ
903,اسمع زيد نيكو معاك بكاش 28d
904,Rani mdayr close friends
905,لالا
906,متحرشش هكذا يالسلفي <@1195134511546105958>
907,"Ahah tsma toxic machi close friend 
الغدر بدا"
908,S9si jhony hh
909,
910,ليزبيانز فالستوريات ديريكت
911,Ana || sir t9wd||
912,بخريبشة مداير كلوز فالكونت ثاني مهوش معايا
913,تتحول لطور السلفي غير كي نجبدو تبون
914,Its tge truth
915,H
916,Fr ? <@1283283339155083287>_chan <:emoji_102:1191547661355065454>
917,Close friends
918,Hada wch y3rf yna9ch
919,Nn ana salafi 24h
920,Yajdk sir t9wd w5tini
921,هكذا مراكش دايرنا close friends <:emoji_104:1191547769664573450>
922,Mi ki thdr 3la tbon 9adr tkon 3la ideology ta3 lkhwarj
923,يانمي مداير فخريبشة
924,السلفي يحب التومبويز و يدير ستوريات ليز ؟؟؟
925,لوخر مكش معايا
926,صاي بطلت تيمبويز
927,نسيت <:SU_NOICE:1152013869057847326>
928,نحب masc
929,واش وليت تحب ضرك صيبون تعالجت وليت تحب نورمال
930,<@855352776611594261> chof prv hh
931,But I love u I can t leave u alone <:emoji_101:1191547625883828325>
932,Nkmk
933,Mwriltoch story mt5fch
934,Masc girls 😍
935,Manich m savihom
936,Bl3 w ab3th fl grup khir
937,تسما وليت تحب لفيمبويز
938,Okk
939,Ezzz
940,هاهو معتز و حبو وخطيني انا <@1004677837250371664>
941,Lala hado bnat ylbso ki wlad mi mch kima temboys
942,Machi chbab 😟
943,<:NIGGA_omg:1150394296680329226>   tomboys undercover
944,حبيبنا باغي يغطي الشمس بالغربال
945,Ydk fih drk shaba ?
946,Nn 😭
947,نن
948,<:3dogsad:1123333471142674584>
949,👍
950,
951,وش بيك
952,رني نتمسخر برك
953,علي افتار
954,اوك
955,"# الفرق بين ""فيمبوي"" و""تومبوي""

1. فيمبوي (Femboy): هو شاب أو رجل يظهر بشكل أو سلوكيات تعتبر تقليديًا ""أنثوية"". قد يتبنى أسلوبًا في اللباس أو المكياج أو التصرفات التي تميل للجانب الأنثوي، ولكن دون أن يكون بالضرورة مثلي الجنس أو متحول جنسياً. الفكرة تتمحور حول تحدي القوالب التقليدية للذكورة والانفتاح على التعبير الفردي.


2. تومبوي (Tomboy): تشير إلى الفتاة أو المرأة التي تتبنى مظهرًا أو سلوكيات تقليدية تُعتبر ""ذكورية"". التومبوي قد ترتدي ملابس غير تقليدية للنساء وتفضل الأنشطة التي ترتبط غالبًا بالذكور، مثل الرياضات أو المغامرات الخارجية. المصطلح يعبر عن شخصية تفضل التوجه الذكوري في اللباس والسلوك، ولكنه لا يرتبط بالهوية الجنسية أو الميول"
956,يدكم فيه
957,علاه ؟
958,ملقيتش واش نبعت عجبتني تع يدكم فيه بعتها
959,اوكي
960,واش فيها يدكم فيه برك ماشي حاجة كبيرة
961,Toxic rak fd7tna
962,اني جيت
963,Mar7ba
964,هاهو صاحبك <@1004677837250371664>
965,مرحبا
966,<:ChineseMan:1150410495434690630>
967,ماشي شباب بدلو
968,<:emoji_47:1151909990727163954>
969,نعطيك تصويرتو ؟
970,ايههه
971,<:Dead_inside:1150410964659863592>
972,وش بيك نشوفك اذا زل
973,<:way61:1152013922229043310>
974,همم
975,النجدة
976,ابعتلي تصويرتك <@1004677837250371664>-chan
977,نتا ولد ولا بنت ولا احم
978,سلام عليكم
979,عليكم السلام
980,وعليكم السلام
981,وعليكم السلام
982,Gtx 1080ti هو باباك
983,و ابببببب
984,وشنو هاذو ؟ كارت غرافيك؟
985,واش
986,ايه
987,ارواح تشوف تصويرتو
988,علاه راكم مسمين روحكم بيهم ؟
989,ابعث
990,منيش عارف 🗿
991,يسمي نفسو على الحل تاعو
992,نسمي نفسي جورجينا 🗿
993,Rtx 3060
994,يدير 7ملايت
995,ن
996,و 1080ti يدير 4ونص لاكن مستعنل
997,جديد
998,و؟
999,<@1167199303333326989>_chan
1000,
1001,نتا من وين ؟
1002,<:tadcarlfachero36:1152016084430487552>
1003,why
1004,اح
1005,قبايلي
1006,Idk
1007,🗿
1008,احترم لقبايل
1009,<:co6aka:1150410498987274310>
1010,احترم نساهم برك
1011,نجي نخطبك !
1012,<:uncannycat:1152013915954352148>
1013,اوووبس
1014,شحال لمهر تاعك
1015,no tya7
1016,<:emoji_101:1191547625883828325>
1017,سمحولي
1018,<@1055946289055023144>_sama
1019,كلافي او مهري شوي
1020,<:confused_sherk:1150411388846604288>
1021,حذفو لحلقة 7 من Adam's sweet agony 😭😭😭
1022,لقيتلك بلاصة باه تخدم و نتا راقد تروح ؟
1023,Yes pls <@1283283339155083287>_chan <:emoji_102:1191547661355065454>
1024,نتا طفل ولا طفلة فهم روحك
1025,وهران
1026,فهم روحك 🥰
1027,بليدة
1028,كيفي <:uncannycat:1152013915954352148>
1029,kach shra ?
1030,"# في اللغة اليابانية، هناك عدة ألقاب تستخدم بعد الأسماء للتعبير عن مستويات مختلفة من الاحترام

1. -سان (San)

المعنى: يستخدم كصيغة احترام عامة، تعادل ""السيد"" أو ""السيدة"".

الاستخدام: يضاف بعد اسم الشخص في التعاملات الرسمية أو عند مخاطبة شخص ليس قريبًا جدًا.

مثال: ""سوزوكي-سان"" تعني ""السيد/السيدة سوزوكي"".


2. -تشان (Chan)

المعنى: يستخدم للأشخاص القريبين، وخاصة الأطفال أو الأصدقاء المقربين. يحمل طابعًا حميميًا ولطيفًا.

الاستخدام: غالبًا يستخدم بين الأصدقاء، العائلة، أو عند مخاطبة الأطفال. قد يكون له طابع عاطفي عند استخدامه بين الحبيبين.

مثال: ""ميكو-تشان"" تشير إلى ميكو بطريقة ودية.


3. -كن (Kun)

المعنى: يُستخدم بشكل شائع مع الأولاد أو الرجال الشباب، لكنه قد يُستخدم أيضًا للفتيات في بعض الحالات.

الاستخدام: يُستخدم في المدارس، العمل (مع الزملاء الأصغر سنًا أو الأقل رتبة)، وأحيانًا بين الأصدقاء.

مثال: ""تارو-كن"" يُستخدم لمناداة الشاب تارو بطريقة غير رسمية.


4. -ساما (Sama)

المعنى: مستوى أعلى من الاحترام من ""-سان""، يعادل ""الموقر"" أو ""السيد المحترم"".

الاستخدام: يُستخدم في السياقات الرسمية جدًا، مثل التعامل مع العملاء، أو عند مخاطبة الشخصيات المهمة.

مثال: ""كامي-ساما"" للإشارة إلى الإله بطريقة محترمة.


5. -سينسي (Sensei)

المعنى: تعني ""المعلم"" أو ""المختص""، وتُستخدم للإشارة إلى المعلمين، الأطباء، أو أي شخص يمتلك خبرة أو مكانة عالية.

الاستخدام: تُستخدم مع الأطباء، المعلمين، والفنانين.

مثال: ""تاكاشي-سينسي"" تعني ""الأستاذ تاكاشي"".


6. -دونو (Dono)

المعنى: مستوى أقل من ""-ساما"" لكنه لا يزال يحمل قدرًا من الاحترام، وتعني ""السيد الكريم"".

الاستخدام: نادر الاستخدام في اليابان الحديثة، لكنه يظهر في السياقات التاريخية أو الأدب التقليدي.

مثال: ""أوي-دونو"" تعني ""السيد أوي"" بشكل محترم.


7. -شي (Shi)

المعنى: يُستخدم بشكل أساسي في الكتابات الرسمية للإشارة إلى الأشخاص بشكل محايد.

الاستخدام: يُستخدم في الوثائق، التقارير، أو الأخبار عندما يُراد الحديث عن شخص ما بموضوعية.

مثال: ""يامادا-شي"" في مقال إخباري يشير إلى ""السيد/السيدة يامادا"".


ملحوظة:

الألقاب في اليابان تعتبر جزءًا هامًا من ثقافة التواصل، واختيار اللقب المناسب يظهر احترامًا وتقديرًا للطرف الآخر."
1031,# شكرا ل chat gpt
1032,تسما انا شخصية كبيرة
1033,Yes <@1055946289055023144>_sama
1034,<:Jerry_Laugh:1150411385424072776>
1035,"## بندقية AK-47: تاريخها وخصائصها

### مقدمة
تُعتبر بندقية AK-47 واحدة من أشهر الأسلحة النارية في العالم. صُممت هذه البندقية في الاتحاد السوفيتي في أواسط القرن العشرين، وتحديدًا في عام 1947 على يد المصمم ميخايل كلاشينكوف. وقد أثرت على الحروب والصراعات في العديد من الدول.

### التصميم والخصائص
تتميز AK-47 بكونها بندقية هجومية ذات مكونات بسيطة تجعلها سهلة الاستخدام والصيانة. تُطلق رصاصة من عيار 7.62 × 39 مم، مما يوفر لها قدرة على اختراق الأهداف بشكل فعّال. وزنها الخفيف (حوالي 4.3 كجم) وبنيتها المتينة يسمحان باستخدامها في ظروف صعبة.

### التاريخ والاستخدام
تم استخدام AK-47 بشكل واسع خلال الحرب الباردة، حيث اعتمدتها العديد من الجيوش والمجموعات الثورية حول العالم. كانت تُعتبر رمزًا للقوة والثورة، ورغم تطور الأسلحة النارية، لا تزال تحظى بشعبية كبيرة حتى اليوم.

### التأثير الثقافي
تجاوز تأثير AK-47 المجال العسكري ليصبح رمزًا ثقافيًا. تظهر في الأفلام والموسيقى والفن، مما يعكس دورها في التاريخ الحديث وتأثيرها على المجتمعات.

### الخاتمة
تظل AK-47 واحدة من أكثر الأسلحة تأثيرًا في التاريخ، حيث تمثل قوة الشعوب وصراعاتها. رغم التحديات والتغيرات في التكنولوجيا العسكرية، ستظل هذه البندقية علامة فارقة في تاريخ الأسلحة."
1036,"# مسدس M1911
M1911 هو مسدس نصف آلي تم تصميمه بواسطة المخترع الأمريكي جون براونينغ عام 1911، واعتمد بشكل رسمي كسلاح جانبي للجيش الأمريكي. يعتبر هذا المسدس واحداً من أشهر الأسلحة النارية في القرن العشرين، وقد استخدم على نطاق واسع خلال الحربين العالميتين الأولى والثانية، إضافة إلى العديد من الصراعات الأخرى.

المواصفات الرئيسية

العيار: .45 ACP (عيار كبير يمنح قوة اختراق عالية).

الوزن: حوالي 1.1 كغ.

الطول: 21.6 سم.

سعة المخزن: 7 طلقات، مع إمكانية إضافة طلقات إضافية يدوياً.


مميزاته

القوة العالية: يمتاز بقوة ارتداده العالية بسبب العيار الكبير، مما يجعله فعالاً في الاشتباكات القريبة.

المتانة والموثوقية: تصميمه المتين جعله سلاحاً موثوقاً به في ظروف الحرب القاسية.

التصميم البسيط: يتسم بسهولة الفك والتركيب، مما يتيح صيانته بسهولة من قبل الجنود.


الاستخدامات

ظل M1911 سلاحاً جانبياً قياسياً للقوات المسلحة الأمريكية حتى منتصف الثمانينات، عندما تم استبداله بمسدس Beretta M9. إلا أن شعبيته لم تتراجع، حيث لا يزال يتم إنتاجه واستخدامه من قبل بعض القوات الخاصة والشرطة، بالإضافة إلى المدنيين."
1037,اسمع هذا رآه متوتر اعطيه سمانة يريح 🗿 <@1195134511546105958>
1038,نتا واش بيك معايا ؟؟
1039,كي تجاوب اذا انت راجل ولا طفلة ثم نخطيك
1040,بيسك نحسك كي جيسوس لي داروه فالالعاب الأولمبية ففرنسا
1041,علاه تحوس ؟؟؟؟!
1042,هذاك سمين ؟
1043,Right
1044,XDD
1045,سيريو فهمنا انت واش يالزح 🗿
1046,ارواح prv
1047,مقتلكش واش لون لكيلوطة لي راك لابسها انت واش يالرب العالي
1048,.
1049,Go away gay san
1050,جي ولا لا ؟
1051,قود away
1052,سقسيتك هنا جاوب هنا
1053,تناك
1054,مالا راح نكمل نعاملك ك فيمبوي و يدك فيه
1055,"مراكش راجل و مراكش طفلة 
Wellcome to toxic's Palace <:juan:1150418197581922344>"
1056,9wd
1057,"Take it easy little boy
That's your Toy don't cry"
1058,خليها ليك
1059,"متحشمش 
No one see you"
1060,تجي نلعبو براول ستارز نطلعو كأس
1061,قويطس واش راك دير
1062,عندي ليكور بعد ساعتين <:Dead_inside:1150410964659863592>
1063,تاع مات 🗿
1064,لالا
1065,
1066,واحد ما هدر معاك يا وجه الترمة
1067,كيف شعورك و اليوم السبت
1068,بكرا دوام
1069,زي كل اسبوع <:uncannycat:1152013915954352148>
1070,اسكت <:waaa:1124009353410773152>
1071,لا يكون عندك واجبات و نسيت تعملها <:Pikachu:1150411411537793054>
1072,هه
1073,لا
1074,ورق هذيك حليت منه غير تمرين 1
1075,عندك دروس و نسيت تحفظها ؟ <:Ee:1152015886773923850>
1076,شكون يعرف مات ؟
1077,جاء رح يديرلي استدعاء
1078,"Fuck 🗿 
ناقص 1 فالفرض"
1079,شكون لي مات ؟
1080,IQ تاع اينوي
1081,كان راح يدرلي استدعاء بقيت غير نحلل فيه بش مدرش وبعثني نشريلو
1082,you
1083,شكون اينوي
1084,<:KEKYou:1150418200027201566> <:KEKYou:1150418200027201566> <:KEKYou:1150418200027201566>
1085,نن
1086,تكبر و تعرف
1087,<:DK_Expand_Dong:1150410899581050950>
1088,مسكين قاتس والله
1089,اوكي
1090,# شورما بلبيض.
1091,<:uncannycat:1152013915954352148> يخو مهم مشي استدعاء
1092,<:ahegao:1150410734057033738>
1093,استدعاء محشيتلك الوالد يحويك و الشيخ يحويك
1094,Thresome
1095,Fuck نسيت كيفاش نكتب 3
1096,Three
1097,صيبون <:uncannycat:1152013915954352148>
1098,Thresome
1099,مهم بعثني نشريلو دخان
1100,<a:6odd:1084261848125280317>
1101,كون رحت للمدير و قتلو بعثني نشريلو دخان ولا ترفع بيه شكوى فمجلس التربية هو يرجع يحلل فيك
1102,# باك شكون توحشني ?
1103,يكولني
1104,استاذ تع زبي
1105,<:emoji_103:1191547694720766002>
1106,استاذ تاع ظبك ياك 😂
1107,<:Alastor:1244347148309631036>
1108,<:emoji_101:1191547625883828325>
1109,فزت بالبطولة ؟
1110,تع واش
1111,تع براول
1112,<:co6aka:1150410498987274310>
1113,يب ربحت ورني مشهور ورهم يديرو علي تصميم وايديت
1114,<:KEKYou:1150418200027201566>
1115,وبنات رهم يبعث لي في خاص
1116,تبون يديرلك تكريم وطني
1117,ويقول لي ولي حبيبي واروح نيكني
1118,يب
1119,كثرت على ما وصاوك <:uncannycat:1152013915954352148>
1120,# لقبايل هما لامازيغ ولا لامازيغ هما لقبايل ؟
1121,نجي نيكك؟
1122,تفضل
1123,شكرن
1124,عفون
1125,||ادبي تع نمي||
1126,جوردن احشم
1127,قويسطة بغا يتناك وش نديرلو
1128,خليه يسخن ونيكو بلعقل
1129,القبايل عرق امازيغي كيما الشاوية كيما الازواد
1130,متعاندوش 🗿
1131,🏳️‍⚧️توكسيك هذا علم المتحولين
1132,منين خرجت ؟
1133,علم لفميبويز
1134,وهو واحد منهم
1135,عيطلي قالي اروح غدا
1136,نكرموك ونتا رفت راسنا
1137,نيك زبي تريسيتي
1138,هذا لاولاد كي يولو بنات ولا بنت تحب بنت يحطو هذا لعلم
1139,وي باينة نحويه بلعقل نمتعو
1140,قود
1141,خليه نورمال
1142,علابالي
1143,متقلقش غتوستي
1144,<a:6fuckyou:1069937546211102812>
1145,علاه راكم ديرو فيه عليا ؟
1146,<:emoji_104:1191547769664573450>  متدورش بفتاتي
1147,احح هذا ايموجي منحوهش
1148,يالمتحول
1149,يازحي
1150,<:BH_ded:1166290215644692550>
1151,<@855352776611594261> نيك حتشونك
1152,مستر فقمة
1153,وشنو <:4pepoflower:1115409521750331503>
1154,ماستر فقمة*
1155,نقش
1156,غجبني اسمك
1157,ع
1158,<:2phutawz:926230097168572526>
1159,كي ترجع راجل نتعاملو معاك ك راجل
1160,اوكي
1161,زعما يفيق لينا لوخر <:rtn_catsus:1219385746318688297>
1162,تناكت نقرا من 13ل16 ليكور رياضيات
1163,شكون <:Ee:1152015886773923850>
1164,راني كيفك
1165,واحد بنادم
1166,فر تناكت
1167,لا نذكر اسماء
1168,<@855352776611594261> ربي يهديك
1169,اتهلاو
1170,سلام عليكم
1171,<:thinker:1152013890847264788>
1172,اتهلا
1173,وعليكم السلام
1174,امين
1175,جور..
1176,وعليكم السلام يا فيمبوي
1177,Bye
1178,<:Dead_inside:1150410964659863592>
1179,<:thinker:1152013890847264788>
1180,تهلا
1181,روح تقرى عندك باك هذا لعام
1182,<:emoji_89:1188671634509398046>
1183,روح تقرا
1184,فهمت <a:pepe_duck_run:964642949524770836>
1185,مصو لبروف تع مات باش يزيدلك نقاطي <@1287875358493904957>
1186,يب
1187,زعما يفيق
1188,الطريقة تاعك خليها ليك
1189,لالا
1190,ماعنديش باك
1191,انت بلا باك تمصو للبروف
1192,خاوتي شكون يقرا 2 ليسي ؟
1193,<:2f21940ee0948af25337e339d4899c36:1255179120078487615>
1194,كنت نقرا كرهت من دنيا
1195,بيمن يفكرك ؟ <@1218531500916477992>
1196,مهم كامل روح تقرا
1197,في سيرفر ولا وين
1198,انتحر <:9k:1189273274455179358>
1199,صاي تقفلت مورا أحداث أخيرة
1200,ة
1201,تفكرت روحي كي تحشاتلي مع واحد تمارين تاع لمات
1202,خخخخخ
1203,براه مش حل موتك مش رح يفرق
1204,دنيا تكمل تمشي
1205,ونتا لي تحشالك
1206,قوله لباباك
1207,مستقبل راجلك راهو بين يديك
1208,يوريلك حياة كيفه تمشي
1209,مزلت ذر
1210,تروح لي خدمة وطني
1211,و مستقبل قاعك راهو بين رجليك
1212,Amatiras
1213,Matro7ch t9wd 3lya drk ?!
1214,ناه يأحمق منيش على قراية قتلك صراو مشاكل أك تفهم ولا لا خلني من لقراية نقرها عادي بصح درك تقفلت <:Dead_inside:1150410964659863592>
1215,استرجل <:gigachad:1150419236989186078>
1216,Ya za7iiii
1217,<:Mewing:1254534475778359307> خليك سيقما ومشاكل كله راح  تروح
1218,مالقيتش خير منها
1219,||      ||
1220,ناه 😭 مبقاتش سيقما
1221,Sad Femboy 3:
1222,<a:BH_kamira:1161414579226685460>
1223,هادي خير عمر بيها قاعك
1224,طوكسيك خلص خلي سيد <:3dogsad:1123333471142674584>
1225,نخليه ندور عليك
1226,انا صحبك <:SimonThinks:1031937106966237234>
1227,بس قاعد تدافع عن فيمبوي <:PepeHands:1150411405904859197>
1228,انا شغلي أهين الفيمبويز
1229,يسطا انت شتمت نص سيرفر
1230,W ana ?
1231,ادعس عليهم و انت تعترض طريقي
1232,انت منتقمت لم فاز علي <@1180615622145622117>
1233,هذا تيمطي
1234,هلا
1235,هذا تيميطي ؟
1236,رني نسقسي فيك
1237,"كلمة ""نقش"" تُستخدم أحيانًا كمسبة أو كناية عن الشخص الذي يُعتبر ضعيفًا أو غير قادر على مواجهة التحديات. يُستخدم التعبير بشكل غير رسمي للإشارة إلى شخص يشعر بالخجل أو الخنوع"
1238,بالاك
1239,Lol
1240,ياضعيف
1241,مقتلكش عرف عن نفسك
1242,<:BH_kill:1085950557786746972>
1243,<:NIGGA_omg:1150394296680329226> <:NIGGA_omg:1150394296680329226> <:NIGGA_omg:1150394296680329226>
1244,اللقب الذي ناداك به نصف سيرفر
1245,Cap
1246,نقش
1247,"يسطا انت غيرت اسمك 
ممكن تذكرني انت تيميطي ؟"
1248,Gay
1249,لا يا ابله
1250,تبانلي ال anal plug اثر على عقلك
1251,أنا Friedchicken
1252,تيميطي اختفا
1253,<@985154755082989608>
1254,عندي 7 شهر ولا كثر ملي در لي بان رني نسي
1255,عام
1256,باش تفك منا
1257,يب
1258,اححح عقب عام بهذه سرعة
1259,يعني الذكرى السنوية لصداقتنا <:NIGGA_omg:1150394296680329226>
1260,لازم نديرو حفله للتيم
1261,نحس روحي كنت في حبس وخرجت
1262,<:epic:1191421294760185967>
1263,Lalaallaaa
1264,كاينة
1265,خوتي شكون يسلفلي كريدت
1266,c
1267,ديره في cmd
1268,مشي هنا
1269,معندكش الزهر ايماجيني عام كومبلي كنت محتجز و طحت مع الرجوع تاعي والله غير نديرلك مرض فمخك يا تبرى يا تموت
1270,<:emoji_101:1191547625883828325>
1271,واش
1272,Lalalalaa
1273,اخر فرصه ليك انت واش ؟
1274,C <@911596802682265622> 9191919193990
1275,THE FUCKING LAST CHANCE
1276,قلتلك ارواح نشرحلك prv ماحبيتش
1277,<:NIGGA_omg:1150394296680329226>
1278,براه
1279,نزيد نعطيك كريديت ولا لا
1280,هه
1281,Deal but you have only 5min
1282,سمحلي عمي منزيدش نعاود
1283,انييييييي تشان
1284,اليوم تعرضت للتحرش من قبل جاري وش نديرلو
1285,<:Dead_inside:1150410964659863592>
1286,وات
1287,وتقولها فرحان ؟
1288,اوني تشان طاري زيد نيكني
1289,دوختني نتا ولد ولا بنت ؟
1290,ولا
1291,انا فخرو
1292,فاك راني في مشكل <:uncannycat:1152013915954352148>
1293,قطسنولاندو تهلا فروحك رايح نتعذب مع ليكور ☠️
1294,بصح نحكم و ليدو نهولو حتى يدوخ
1295,اتهلا في روحك
1296,كيفاه ناكك احكيلي
1297,احونييييي اههه
1298,كونت رايح ندير ليكور
1299,لاح خمسالاف ف لرد انا شفتو راجل كبير راحت نرفدهالو
1300,ايه كمل
1301,انا راحت نرفها درهولي و قلي خليها عندك
1302,بف
1303,😂.
1304,<:Dead_inside:1150410964659863592> .
1305,نسيت اسمو بصح هو لي خدم سوبرا gold
1306,لازم ننتقم
1307,<:KEKYou:1150418200027201566>
1308,عطييي لموووو
1309,السلام عليكم
1310,ندرهولو ف شواربو
1311,كاين واحد دخلهولو راجل كبير
1312,وعليكم السلام
1313,وعليكم السلام
1314,Hey kfifta 🥰😘
1315,شكون؟
1316,<@1225946841128894605>
1317,Zbzob leziz
1318,Yakhu daroholk?
1319,لازم نديرو زب ف زب و تنتقمولي
1320,Wch nmnom cv
1321,حشاهالي
1322,مليحا هاذي
1323,<@1142540508183416883> trmmo Aya tcho prv d9i9a
1324,Ok zbonja
1325,رام معايا ?
1326,لالا
1327,خليه يزيد ينييكك
1328,Nrm
1329,علاه ياخو نتا متنيكش
1330,حرام
1331,عندي ترمة ماشي فريجيدار4
1332,نكة ؟
1333,ايه
1334,نكة قط  و تفلا صغيرة
1335,Nice try pdd
1336,<@1183808376375873557> yazbi nta tsr9 l3ibad?
1337,نكت بن خالتي صغيرة تكيت على ترمتها عجبها لحال و راتلي قحها
1338,خلاص بلع
1339,اربط <@1183808376375873557> 28d
1340,:white_check_mark: **@vv_sr7 تم اعطائه وقت مستقطع!**
1341,اه ناكه
1342,
1343,خاوتي بالاكو منو العطاي هذا <@1183808376375873557>
1344,وش دار ؟
1345,<:uncannycat:1152013915954352148>
1346,علاه سكتو ؟
1347,Yb3tlk link y7wik bih
1348,<@1169250247847972887> هاي فلطوكس
1349,سلام عليكم
1350,هاي
1351,كيفاش الجهادي
1352,وعليكم السلام
1353,oui k5oty 3ndi conte ta3 steem li 7ab yidh
1354,والله راهي مبهدلة 😭
1355,ومقودة
1356,يجي بريفي راني سيريو
1357,حل <@1183808376375873557>
1358,:white_check_mark: **@vv_sr7 تم ازالة الوقت المستقطع.**
1359,وش فيه حبب
1360,صحبي نحي علينا تمخريڨ ديالك هدا
1361,اراوح بريفي تفرج
1362,<@1142540508183416883>
1363,# باك . شكون توحشني؟<:emoji_102:1191547661355065454>
1364,اقسم بالله ماني نتمسخر
1365,اسمع نحسب ل 3 ماتنحيش لي ميساج تروح ب شهر
1366,1
1367,صارف عليه ؟
1368,2
1369,3
1370,نيكو
1371,مشي انا
1372,3
1373,نيكو
1374,تايم <@1182393130906046526>
1375,شكون نتا !
1376,:white_check_mark: **@itsahmedgame تم اعطائه وقت مستقطع!**
1377,...
1378,نتا شا دخلك حبيبي ؟ شكام نتا
1379,نسيت اسمك
1380,idc
1381,عزيز ؟
1382,معتز <:uncannycat:1152013915954352148>
1383,اوه
1384,عندي gt 1030 نسمي روحي بيها ؟
1385,كيف كيف
1386,وي
1387,k
1388,مليحة
1389,؟
1390,Ydkom fih
1391,Wtf
1392,علاه ؟
1393,<@1009101201859694682> هاي أبوعبيدة
1394,شخبارك
1395,Naf7atli
1396,وي
1397,نو يدك نتا
1398,اغلقها
1399,صفا حمد الله
1400,حمدلله
1401,# Abo 3baid m3a femboy ???
1402,Wtf
1403,الدنيا تقلبت
1404,للافس
1405,للافس مستطيل كون لي بطاط
1406,Lilafs nika fi amrika
1407,وي خو عندك GTX 1060
1408,وي
1409,و معول نجيب 1660
1410,شحال دير ؟
1411,جيب rx 5700
1412,مليحة
1413,هو في الاداء صح زين مصح في البثوث يحشم
1414,4 ملاين تقريبا
1415,يا خو مهم اداء
1416,وش عندك معالج ؟
1417,ذ
1418,GooD
1419,i3 10100
1420,مصح *
1421,بطاطا
1422,أصلا مع اتصلات جزائر ثبث زبي
1423,اقنعتني 😂
1424,😂
1425,ياخو نتا حابني  نيخك ؟
1426,علاه <:emoji_101:1191547625883828325>
1427,3lah skto ?
1428,<:Ee:1152015886773923850>
1429,باه نستوعب وش راه صاري
1430,رك شوكيتنا
1431,Ok
1432,Ok
1433,بديت نتوسوس بلي ترمت مكاش منها
1434,داروها باش يكملو لمليار ذهبي
1435,....
1436,ولبطاطا هي فاكهة
1437,مشي خضار
1438,راكو عايشين في غفلة
1439,||متمنيكش||
1440,27ACBC
1441,امشي حشا متكوم
1442,او ||يتمنيك ||
1443,# بديت نتوسوس بلي نتوما ڨاع npc وانا هي main character
1444,بي علا اليوزر 😂<:NIGGA_omg:1150394296680329226><:NIGGA_omg:1150394296680329226>
1445,<@1279580971192156232>
1446,اعه
1447,امشي حشا أمك
1448,<:uncannycat:1152013915954352148>
1449,# انا هي مركز لكون
1450,ياربك نرجسية
1451,و أنا نحب النسا و العشا
1452,تحب يماك وختك
1453,متمنياااكش 😂😂
1454,npc لي الشخصية الرئيسة ضلها تنيك فيها
1455,يا ربك كل واحد مسمي اسمو بكرت غرافيك انا نروح نسمي روحي rx580 2048sp😂😂😂😂
1456,ايه
1457,قود
1458,نحبك كي توافقني الراي
1459,ياخوتي
1460,تسمع راي؟
1461,يب
1462,اوكي
1463,<:emoji_91:1188672059321094224>
1464,واش نازي.؟
1465,صفا شويا
1466,<:emoji_100:1188676439273381919>
1467,سلام عليكم
1468,شحال عمرك 🥵🥵
1469,وعليك السلام ورحمة الله وبركاته
1470,شحال عمرك 🥵🥵
1471,١٠
1472,ويلي ويلي
1473,نتا تصلح 🥵🥵
1474,دركي المغوار 🥰🔥
1475,كاينة
1476,شحال عمرك 🥵
1477,اياً كحلة و لا بيضة
1478,انا مهندس ماعنديش عمر 🔥🥰
1479,امشي زنك
1480,سمرة ، ماشية لكحولية
1481,مهندس
1482,عدي
1483,ياخو باينة بلي نتا لي كنت مسمي نفسك رفعة شمة مع الصباح
1484,دركي المغوار 🥰🔥
1485,لا
1486,امراة مثقفة
1487,لالا مشي هو
1488,علاه  ؟
1489,شكرا 🥹🔥
1490,نتي مرآة ؟
1491,واش لمقود ؟
1492,ايه وعندي 8
1493,خاوتي شكون خصو كريديت باطل يجي بريفي
1494,متاكد ؟
1495,وين تسكن
1496,ها اعطيني
1497,بشار
1498,ايه شوف <@1201128717666226307>
1499,اه نتي تصلحي
1500,<:uncannycat:1152013915954352148>
1501,روح قود
1502,اوك صحيتي ستوتة
1503,ستوتة
1504,بصح جوبني وردي ولا كحلة
1505,منيش نتمسخر كاين سيرفر اذا دخل واحد يعطيك مليون
1506,سايريه فحكايتو
1507,<:emoji_100:1188676439273381919>
1508,شحال عمرك 🥵🥵
1509,<:cum:1152013788653031434> <:cum:1152013788653031434>
1510,لي يطيح فالمقلة يتقلى
1511,اطلقو او يعضك
1512,# Lalalalalalallalalallalal
1513,مقولة خلدها تاريخ
1514,yo
1515,جوبني شحال عمرك 😡😡😡
1516,حابة تغني ؟
1517,يالدركي لا للعنف
1518,(راواه <@947502234034397245> )
1519,"قتلك انا مهندس 
مانيش بنادم"
1520,بصح أنا مطنن 😞
1521,يب مهندس وحدو ولبنادم وحدو
1522,مام انا مهندس مطنن
1523,صورة ترمتك وجيبو عليها
1524,احسنتي بنيتي
1525,نو نتي يطرشونتي العزيزة
1526,بنيتي
1527,امشي حشا أمك بصح نيكمك
1528,ماطيحش ب الام يا خو
1529,نتا نقش شفتك تسي تلبس كيلوطة تع ختك
1530,ماتجبديش تاع دار
1531,تكبري و تفهمي
1532,واش قودك ؟
1533,امشي حشا أمك
1534,نهي عن المنكر امر
1535,متطيحيش من روحك و تسبيه ارواحي عندي فبريفي نترشق
1536,ربي يحفضك
1537,واش وليت امام؟
1538,كافو عليك
1539,لامام يفتي نهي عن المنكر امر عام
1540,امشي نيك طيز لي حياتك
1541,الدركي الخطير
1542,"يازبي و صلنا وقت ولى لي يصلي امام و لي ينهي عن المنكر امام ولي يقرا قران امام 
يو هاذاو العوام يا نمي عوام المسلمين لازم يديرو هاذو الحوايج نحير يا زح لي يقرا قران امام لي ينهى عن المنكر امام 
درك شوي ويلي لي مايدريش معاصي و مايدريش حسانات تاني امام"
1543,واعر درك روح قود
1544,<:9k:1189273274455179358>
1545,ياخو وصلنا فوقت لي يكون مثقف فالدين معقد
1546,"# كلمة ""نقش"" تُستخدم أحيانًا كمسبة أو كناية عن الشخص الذي يُعتبر ضعيفًا أو غير قادر على مواجهة التحديات. يُستخدم التعبير بشكل غير رسمي للإشارة إلى شخص يشعر بالخجل أو الخنوع"
1547,والله صدقت لي يقرا دين يقولو ماتقراش تولي ملحد
1548,صح
1549,نتا
1550,متروحيش تنيكي تبعيضي روحك
1551,اهربو انها المراة المثقافة
1552,🤣🤣🤣
1553,Slm
1554,وعليكم السلام
1555,Cvv
1556,وعليكم السلام
1557,وعليكم السلام
1558,وعليكم السلام
1559,Cv hmdllah wnta
1560,Hmd
1561,الحمد لله ونتا
1562,Hmd
1563,تومبوي و فيمبوي
1564,"""فيمبوي"" و""تومبوي"" هما مصطلحان يشيران إلى أساليب سلوكية وشكلية تتجاوز التصنيفات التقليدية للنوع الاجتماعي، لكنهما يعبران عن طريقتين مختلفتين.

1. فيمبوي (Femboy): هو شاب أو رجل يظهر بشكل أو سلوكيات تعتبر تقليديًا ""أنثوية"". قد يتبنى أسلوبًا في اللباس أو المكياج أو التصرفات التي تميل للجانب الأنثوي، ولكن دون أن يكون بالضرورة مثلي الجنس أو متحول جنسياً. الفكرة تتمحور حول تحدي القوالب التقليدية للذكورة والانفتاح على التعبير الفردي.


2. تومبوي (Tomboy): تشير إلى الفتاة أو المرأة التي تتبنى مظهرًا أو سلوكيات تقليدية تُعتبر ""ذكورية"". التومبوي قد ترتدي ملابس غير تقليدية للنساء وتفضل الأنشطة التي ترتبط غالبًا بالذكور، مثل الرياضات أو المغامرات الخارجية. المصطلح يعبر عن شخصية تفضل التوجه الذكوري في اللباس والسلوك، ولكنه لا يرتبط بالهوية الجنسية أو الميول.



بعبارة أخرى، ""فيمبوي"" يعبر عن الذكورة بأسلوب أنثوي، بينما ""تومبوي"" تعبر عن الأنوثة بأسلوب ذكوري."
1565,Dayma nchalh
1566,We don't give a shit
1567,احسنتي
1568,يالستوتة نتا تومبوي ولا فامبوي جاوبي بكل صراحة
1569,Idc
1570,<:9k:1189273274455179358>
1571,<:9k:1189273274455179358>
1572,<:9k:1189273274455179358>
1573,Man up 💀
1574,<:9k:1189273274455179358>
1575,<:9k:1189273274455179358>
1576,مقود
1577,<:9k:1189273274455179358>
1578,<:9k:1189273274455179358>
1579,ريح يا خو ام يبانيوك
1580,Yep
1581,ستوتة
1582,علاه
1583,نترشق بيه صحبي
1584,cc
1585,Hada tfol?!
1586,اذوب انا اذوب
1587,كاين سيستام هكا كي تبعت نفس الحاجة بزاف مرات تتبانا
1588,امشي حشا أمك
1589,امشي حشا أمك
1590,واش بيه هذا
1591,M3ana darki mighwar
1592,ريح دقيقة طفلة عمرها 8 سنين تتفرج هوفا و داخلة ديسكورد تاعو WT
1593,<:NIGGA_omg:1150394296680329226>
1594,Tna2et
1595,متديرش عليه andicapé
1596,؟
1597,ونتا راك مامن بلي عندي 8 ؟
1598,Sa7 mchi logique
1599,تبالي جامي شافو
1600,اه عليك نتي
1601,وي
1602,عندو الحق
1603,صحاا لمقود
1604,<:Dead_inside:1150410964659863592>
1605,انا نصدقك
1606,Khawti kifeh nkharjou darki mighwar
1607,تحلتلو المسكين
1608,تعرفي غير قود
1609,راني نشوف
1610,الله غالب انا مقود نصدق المراة المثقفة
1611,يا دركي
1612,تبان كهل
1613,وي
1614,تبع ذر؟
1615,تبني قحجا
1616,نحكم زبي. نقصو ادا تعرفي وش معناتها كهل
1617,وي نتبع كلش
1618,يحؤق حتشون يماك
1619,ريبوندي عليا ستوتة
1620,يحرق*
1621,حبيبتي روحي بولي باه ماتبوليش في روحك فليل 🖤
1622,امشي نيك أمك
1623,ياخو يعطيزك ميوت غير اخطيك من السب الصريح
1624,<@1246942657859817595>
1625,معليش و ما علاه؟
1626,؟؟؟
1627,اشربي وكولي واعطيني منين تبولي 😘
1628,لا مش نتا
1629,"""اشربي وكولي واعطيني منين تبولي"""
1630,هوا يتبع ذر عادي؟
1631,نقصد المرأة المثقفة
1632,تعطيني ؟
1633,لالا
1634,تتمسخر يا شكلي
1635,<:Dead_inside:1150410964659863592>
1636,تريدني اتوسلج وابشيلك؟
1637,يا خو سمحلي مكنتش قاصدك
1638,ابيع اهلي عشانك
1639,ياخو راك مسامح
1640,السماح عند القاضي برا قود
1641,<:emoji_90:1188671864160137226>
1642,ماتفهمونيش غالط
1643,سماح في دار شرع
1644,بعني رح تعطيني ؟
1645,ياخو فديو يازحي
1646,اختي او اخي نصيحة اخرجي
1647,وي
1648,دقيقة وش نعطيك ؟
1649,<:uncannycat:1152013915954352148>
1650,معناها رك تترشق بيا ؟
1651,منين تبولي
1652,مافهمتش ؟
1653,Wtff
1654,احلام العصر
1655,Je t'aime باللبن
1656,ميمز 2020
1657,شربت بزاف، 🫗
1658,<:emoji_89:1188671634509398046>
1659,wanna be yours
1660,قود يالكحلوش يالمزنجر
1661,# Video of a man raping a 2 year old cat
1662,<@956440370030444606>
1663,<:emoji_100:1188676439273381919>
1664,انبح
1665,<@1138258807030567063>
1666,Cbn
1667,Cbn cbn
1668,بريفي ولا هنا ؟
1669,Accepti
1670,هنا خير
1671,Ok
1672,اي قاتلو انبح كون بلاصتك نبعتهولها والله نورمالمو ماتسكتلها 😱😱😱
1673,<:emoji_91:1188672059321094224>
1674,نحشم
1675,<:emoji_91:1188672059321094224>
1676,😱😱😱
1677,معليش نبعثلك تصويرتي
1678,🇩🇪👨🙋‍♂️
1679,نورمال مادامها رح تعطيني نيخ
1680,😂😂
1681,وشنو الشرط ؟
1682,تنبح
1683,<:RubbingHands:1150410501835202561>
1684,اسمع شوف الميم 🤣🤣
1685,مكاش فوكال هنا
1686,Kayen
1687,وشمن واحد؟
1688,الخر 🤣🤣
1689,لالا تقدر تبعث فوكال
1690,لي بعتو انا؟
1691,منقدش حبوبتي لفل ديالي ناقص
1692,لا أنا بعتى
1693,معليش انبح prv 😄
1694,اا 😂😂😂
1695,ك
1696,ياخوتي حاب نبدل اسمي
1697,وش نسميه
1698,.
1699,اخونه حاب يعطيلي <@1279580971192156232>
1700,وش نعطيك يا زبي
1701,روحي بعبصي روحك
1702,Rby yahdi
1703,هممممم
1704,Amin
1705,سمبه كنزة
1706,خلاص سميتو
1707,علاه تعند فيا
1708,ياخو اسمك او ف شرق و اسمي او ف الغرب
1709,.
1710,هني قلتله من قبيل رحت سرقتهالي يا لي متحسمش
1711,
1712,يا سراق
1713,خاوتي عندي ماين كرافت بصح منقدرش ندخل مع خويا :3 كش حل
1714,اسمي ماقولة قالها وحد سيد
1715,..
1716,<:confused_sherk:1150411388846604288>
1717,<:NIGGA_omg:1150394296680329226>
1718,شوف الاصدار
1719,<:NIGGA_omg:1150394296680329226>
1720,<:Vibecheck:1150411421159538698>
1721,نفس الاصدار
1722,شكدير هنا <:9k:1189273274455179358>
1723,كي نفتح lan
1724,متخرجلوش
1725,بارطجيلو
1726,عصى امه فتحول الى كرت شاشة ناطق
1727,وش نبارطاجيلو ؟
1728,<:NIGGA_omg:1150394296680329226>
1729,انا ابن بار ما تخافش
1730,بارطجيلو ليدوني مام بلا كونيكسيون
1731,ندور على فتاة 👽
1732,مام انا نحب النسا والعشا وفريد <:NIGGA_omg:1150394296680329226>
1733,<:NIGGA_omg:1150394296680329226>
1734,رانا بنفس المودام
1735,انا نحب نسا و العشا و ما و البوراك
1736,لويجي القحبون شاك تدير ؟
1737,لالا لزم نتا تبرطجيلو ولا هوا يبرطجيلك
1738,نحب النسا <:Vibecheck:1150411421159538698>
1739,رانا بال PC
1740,انا تاني
1741,لزوج؟
1742,OUI
1743,شكون نتا احترم نفسك يا قحجة <:9k:1189273274455179358>
1744,خوك و لا صاحبك؟
1745,والبزول
1746,انا نفسو 𝖒𝖔𝖍𝖆-_-
1747,BROTHER
1748,نحب البزول كثر على ترمة
1749,كافي
1750,اهاه يدك فيه <:9k:1189273274455179358>
1751,والله ماعلبالي جرب حل سيرفر  ودخلو معا بعضاكم
1752,نفس الاهتمامات <:NIGGA_omg:1150394296680329226>
1753,رك سخون ؟
1754,نحب الزيزة
1755,صاحبي روحي <:NIGGA_omg:1150394296680329226>
1756,راني مجونب <:Dead_inside:1150410964659863592>
1757,<:uncannycat:1152013915954352148> <:cum:1152013788653031434>
1758,<:NIGGA_omg:1150394296680329226>
1759,# سلام عليكم
1760,بكل
1761,اغتسل وتوب ( انا ثان مجونب )
1762,# سلام عليكم
1763,# سلام عليكم
1764,# سلام عليكم
1765,وعليكم السلام ورحمة الله
1766,# سلام عليكم
1767,خلاص
1768,قود
1769,*** عليكم السلام ***
1770,<:juan:1150418197581922344>
1771,واش؟
1772,اطلق او يعضك <:uncannycat:1152013915954352148>
1773,طهلاو يدكم في
1774,<:Vibecheck:1150411421159538698>
1775,<:uncannycat:1152013915954352148>
1776,ياخو راهو <@1298318639618855075> محبش يصولي ترمتو نديروله تشي تشي ؟
1777,لالا خليه
1778,مام انا يصورلي ولا نحويه <:Vibecheck:1150411421159538698>
1779,ترمتك <:emoji_89:1188671634509398046> <:RubbingHands:1150410501835202561>
1780,خائئن <:NIGGA_omg:1150394296680329226>
1781,نصور هولك
1782,مام انا <:uncannycat:1152013915954352148>
1783,PDD
1784,اك دك نصورهولك
1785,ياخو ترمتك بيضة على الثلج
1786,نتا امشي <:9k:1189273274455179358>
1787,خخخخ
1788,نتمسخر راك عند روحك و يدهم في زبك <:uncannycat:1152013915954352148>
1789,ثلج بيض ؟
1790,ويدهم تاني في زبي
1791,ماشي بيضا على ترمت جاستن بيبر
1792,<@1298318639618855075> صورلنا ترمتك
1793,شكون ؟
1794,جامي لقاسها ضو الحمدلله
1795,<:emoji_108:1197267246662295592>
1796,ولا نحويه
1797,تحشم بيها ؟
1798,هههههه
1799,نحشم ببشارتي هيه
1800,Tf
1801,نورمال هو جاستن بيبر ديما نمسهالو
1802,# رح يصورلنا ترمتو <@1298318639618855075>
1803,ماتصلحش نجبدها(بشارتي) و انا قدام نسا بيسك نخوفهم لازم نصيدهم بشوي
1804,التوسويس واش يدير
1805,شكون ؟
1806,ههههههه خاوتي رانا خاوا شويا قدر
1807,ولا نجبدهولكم
1808,نتا يالبغل وريهالنا
1809,يصورلي ونزيد نحويه <:9k:1189273274455179358>
1810,ديدي حاب يعرضكم للعرس 😂😂
1811,لالا
1812,وزيد نجيببوه عليه
1813,تحشم بيها؟
1814,وريلنا تصويرة ترمت جاستن بيبر <:Vibecheck:1150411421159538698>
1815,ايه
1816,نتا تاني راك معروض وارواح وحدك
1817,معليش ابعت باه تولي ماتحشمش
1818,# وريها وريها وريها <@1298318639618855075>
1819,وريها لنا ونشريلك جزيرا
1820,نن
1821,اوبيتو ؟
1822,هيه
1823,كثر. خيرك عندي ليلة تاع دخلة معا صحبتي
1824,تبعثها ونتا مبلع
1825,املاء سيئ
1826,لعزيز
1827,معليش ابعت و تكبر و تنسى
1828,ارواح نتا وصحبتك
1829,نتا مترم ؟
1830,ونا مزبب
1831,لالا
1832,كثر خيرك لازم وحدنا بيسك قادر نقتلها اك تعرف
1833,ابعت برك
1834,يعجبوني لي ترامهم صغار
1835,
1836,اواه ارواحو كون تقتلها نرشي الدولا
1837,اوكي
1838,نتا منهم خو
1839,رايح توريهالنا
1840,ايه
1841,كثر خيرك بصح اب راح تورينا ترمتها
1842,توريلي ترمتك
1843,ياخو نروحو نشريو زيزة ونجو ؟
1844,ايه
1845,تعجبني
1846,ماتروح ماوالو عندي كارطونا تاع زرت قدلمي نعطيك قرعا
1847,سلام عليكم
1848,ابعتلي زيزتك و نعطيك ديدي كادو
1849,وعليكم السلام
1850,وعليك السلام
1851,عبدو لي دخلتو فيه وجبدتو
1852,واش ندير بيه ؟
1853,احنوني نبغيك بالعسل
1854,نضربهولك
1855,تشري بيه
1856,يفرحك ويمتعك اودي
1857,طرطقتلي قلوة
1858,عندك الحق
1859,بقاتلك 1
1860,مليحة بش متزيدش تبنيط
1861,ههه
1862,وي
1863,نورمال روح عند ديدي يعطيك وحدة خلاف
1864,شويا قدر انا مسلم خاوتي خاطيني هادو لحوايج
1865,نحوهالو ؟ ونبيعوها
1866,ايا ديدي تبرعنا بوحدة
1867,اعطينا نيكو امالا
1868,هيا خوتي انا نروح
1869,راك حويت 3156 واحد يسبي
1870,انا قلوتي قد ميايمي
1871,ابعتلنا شويا فيديوات
1872,ميايمي
1873,اعطيني ليبروف
1874,شوفنا نتاع جاستن بيبر اوموا ولادنا يخرجو كيفو
1875,ميامي يالبغل
1876,نجبدلك فيديو نتاعك
1877,وانا نجبدهولك
1878,ايا انا نروح نجيبو و نجي
1879,هذيك منش عارف
1880,دصرتني بزايدة ولا لا ؟
1881,هاك قرعا زيت
1882,يخي تاع لقبايل؟
1883,نيكك نطويك يخي مونقول
1884,نجبدلك الفيديو كيما ضربتهولك
1885,.
1886,لالا اجبدلي الفيديو يلي. بقيت ترضعهولي حتى طرطق
1887,ياخو طيحتلك وتسكتلها
1888,ياخو منجبدلكش يماك انا علابالي بلي خاطيها مي نتا قحبون ولازملك الزب ففمك
1889,ماتكوفش روحك دربتهولك كتر من مرا
1890,ايه راك عرفت روحك بلي ديوث
1891,راجل
1892,صح ضربتلي زبي و عضيتهولي و كلش بعد عليها راهو مريض
1893,ضربتلك لترام. انا مسيتها لمايكل تيسن انا مانرونديش
1894,فشلت الخطة نروحو لحليب افروي <@947502234034397245> <:NIGGA_omg:1150394296680329226>
1895,وانا مربي
1896,معليش مسيتهالو وانا مسيتهولي
1897,حيوان نتا امك منجبدهالكش لانها حرمة بالبغل
1898,مانزنيش
1899,شكون مايكل تيسن
1900,يسبي علاه منقدرش نبعث فوطو
1901,لي غتصبك ونتا صغير
1902,لفل تاعك ناقص
1903,لازم تمصو للادمن
1904,ياخو قلك الحليب ديالو يجيبو من زنة الثور
1905,مسيتلك ترمتك اصبر دك نجيبلك الفيديو كيما حطيتهولك بين شواربك
1906,همم
1907,<:NIGGA_omg:1150394296680329226> طهلا
1908,ياخو راح تشوف بلعكس انا لي حطيتهولك بين شواربك و بين فخاذك
1909,نتوما بلاصتكم جهنم ياخو
1910,بلاصتنا تحت القيعان
1911,ايا صاي انا روح اي تناكت
1912,تشفا نهار طربقتلك مصاصدك بل زيت ونكتك في الجازيرا تاعي
1913,بلاصتك وراء القضبان
1914,تشفا نهار دخلتو فيك دخت؟
1915,انا حشيتهولهم عطيتهم واح مداير عمليت تجميل باه يولي زيي وانا راني فل جزيرا تاعي قدامي جاستن ندير فيه وش نحب
1916,متجبدلوش الباصي 😂
1917,ايا صاي انا راح نروح بيسك راح تخليص كونيكسيون
1918,راك تشوف بل معكوس انا لي دخلتو فيك
1919,ديدي اتهلالي في ترمتك 💋
1920,اني متهلي في زبي لي دربتهولك
1921,اوك تبقى
1922,ونتا تهلالي في ترمتك البيضا الحلوا
1923,لي تتلوى
1924,ykhah wch 9aloo
1925,مانيش عليك حبي
1926,السلام عليكم
1927,وعليكم السلام
1928,واش راكم
1929,تفضل خويا كاشما تسحق ؟
1930,حمدلله وانتا ؟
1931,الحمد لله بخير
1932,دوم ان شاء الله
1933,دوم . كاشما تسحق
1934,وي
1935,نسحق طقاشر طوال
1936,كاين خوايا شحال تلبس !
1937,ياخويا لقيت.،50 ميقا
1938,رجعت
1939,طول قدم تاعي 25 سم
1940,ديدي علا هاذي نورمالمو تعطيني نيك
1941,خويا قتلك شحال تلبس مشي شحل طول تاع رجلك
1942,همم تطيح هاه ؟ نلبس 39
1943,اوهايوو
1944,تزيد تجبد ام كاش واحد نيكلك طبونك
1945,اقعد عاقل يا قحبة
1946,شي واحد يتفرج بليتش ؟
1947,تحب العباد يسبولك مك حتى تسب امهات ناس؟
1948,ديوث
1949,نقش
1950,اهلا
1951,اوكي دادي
1952,راهو يظن روحو جايبها كي يسب امهات العيباد
1953,ريكاردو انت الى اي فصيلة تنتمي ؟
1954,خويا تقاشر طوال 39 يديرو 1500
1955,فصيلة المريخية
1956,تشري ؟
1957,وي
1958,قبايلي نتا ؟
1959,نتا فيمبوي ياك ؟
1960,ايه ؟
1961,لا
1962,واش دير بتقاشر طوال ؟
1963,احسنتي بنيتي
1964,قبايل نتع بومرداس ولا تيزي ؟
1965,بنيتي
1966,نلبسهم
1967,بليدة 🫣
1968,خويا مشي قود
1969,فعلا
1970,صحا روح قود
1971,من جاسبر الى ديدي
1972,احنوني
1973,نتا راك معاه ولا معايا ؟
1974,كذابين مايقولوهاش ڨاع
1975,احنوني باغيك نتا ثان تلبسهم
1976,راكم كامل معروضين
1977,فعلا ؟
1978,<:NIGGA_omg:1150394296680329226>
1979,جامي سمعتها غير كي يكونو يتمسخرو بليدة يقولوها
1980,<:Dead_inside:1150410964659863592>
1981,متمنيكش
1982,نسيت اسمو بصح ه لي عدل سوبرا gold
1983,
1984,احا كاين الاولاد الصغار ؟
1985,😂 😂😂 smokey nagata
1986,ايه هو
1987,منيكة الحالة هنا واحد مسمي روحو p.diddy وواحد مسمي روحو باسم كرت غرافيك وكل واحد كفاه 😂😂😂
1988,فرمضان كانو يحطو شيوخ
1989,FUCK
1990,جبتو
1991,هههه جابو على صوت
1992,شكون ؟
1993,<@947502234034397245>
1994,قتلك يا ربك منيوكين في ريسانهم 😂😂😂😂
1995,عليمن جابو ؟
1996,واحد جابو علا صوت
1997,صوت
1998,وش من صوت ؟
1999,"<@1298318639618855075> 
هذا"
2000,غنية نورمال ؟
2001,هذا ربك
2002,لالا
2003,<a:Cristiano:951914331732340808>
2004,يا ربك مستر صلطع
2005,ماستر فقمه
2006,ياخو كيفش البروفيل ديالك مبهرج ؟
2007,مفهمتش <:uncannycat:1152013915954352148>
2008,<a:BH_IDK:1134134340008300635> كنت قريب
2009,شلونج
2010,الصغير هذاك 😂😂😂 نسيت ربو
2011,فيه بزاف حاجات يتحركو
2012,لازم نيترو
2013,نيترو برك 😂😂😂
2014,عندي نيترو انا ؟
2015,لا
2016,لا
2017,تقدر تجيبو بلا توسويس
2018,<:4pepoflower:1115409521750331503>
2019,اهاا
2020,تقدر تجيبو بلا توسويس
2021,عندي رابط نبعثلك
2022,وفيزا
2023,ياخو معليش تنحي بلوك عليا ؟
2024,مكاش مشكل ندبرلو
2025,<:4dwgf:1271434053064589402>
2026,تا
2027,ديدي راح
2028,قالنا رانا معروضين و اختفى
2029,عندي فيزا
2030,علاه اسمك ريكاردو ؟
2031,كيما هاك
2032,نبعثلك رابط وفعلو روحك
2033,ونتا علاش اسمك . سمي روحك ستوتة
2034,كما قتلك منيكة الحالة هنا 😂😂😂
2035,متفكر بلي قدام اسم ريكاردو كان اسمي مراهق بعدها كرهت من اسم مراهق أيا بدلتو بريكاردو و بعدها صارو هذا السيرفر يعرفوني باسم ريكاردو
2036,اعطيني نيترو
2037,<@1298318639618855075>
2038,نمدلك رابط نيترو
2039,ياخو نمدلك قلبي
2040,وانا
2041,ماعنديش فيزا
2042,ارواح prv
2043,شوف مع <@947502234034397245>  يمدلك فيزا
2044,راهو قاعد يتمنيك بيا
2045,امالا انا حبك 😂
2046,اعطيني نيترو
2047,او نيكمك قدر رب روحك يزبي 😂😂😂
2048,prv
2049,نمدلك رابط نيترو
2050,اقرا وش راك كاتب 😂
2051,.
2052,علاه ماشي غيفت 🫤
2053,غالي
2054,تفعلي 😄
2055,نتا وسماك <@947502234034397245>
2056,يرب العالي خلاص خلاص
2057,قيفت راهو غالي على قلوة
2058,ايه
2059,صلم
2060,قلوة شحال دير ؟
2061,كاش سوة
2062,و عليكم السلام
2063,يا ربك كالة شمة
2064,غالية
2065,نتاكت
2066,مليار وستمية
2067,لمهم تفعلي ولا لا ؟
2068,الشمة ياه
2069,كراكم اعضاء سيرفر 🥵
2070,الحمد لله بخير و نتا
2071,او واش نيكمك جاي تسحن عندنا😂😂😂😂
2072,منيكة حمد الله 🥵
2073,<:juan:1150418197581922344>
2074,مقديتش نفعل اصلا قالولي بلي راهي خاطئة
2075,ههههه
2076,تلعب معايا روبلوكس ؟
2077,فيزا نتاعك مش تمشي
2078,ريكاردو نتا تضحك ؟
2079,مافهمتش ؟
2080,وي
2081,يب
2082,للافس
2083,لا اسمع <@967225345705144320>  او عارضك للحفلة
2084,يازح ماتصلح لوالو
2085,ماب ديال تعارف
2086,و انا خليتوني؟
2087,نصلح لسرير <:767993656816304148:1150411534615453696>
2088,<:SU_NOICE:1152013869057847326>
2089,ندير سكن تاع رضيع كحلوش ونزدم للبنات تصيري مومي حاب نرضع 🥵
2090,واعر
2091,ههههه
2092,علاش كحلوش ؟
2093,كحلوش خشين
2094,racisme يا ربك
2095,مممح
2096,سبي رسلتلك لوللبارح هذاك تاع تلعب روبلوكس كحلوش ههه؟
2097,
2098,وي 🤣
2099,اعق
2100,<:NIGGA_omg:1150394296680329226>
2101,تحب العنصرية؟
2102,لالا
2103,لا للعنصرية ومداير ايموجي كحلوش
2104,أيا نتا صاحبي
2105,لالا نحب الزيزة
2106,لالا
2107,العاب العقل
2108,😭
2109,لازملك تتعلم حاجة اسمها جبر الخواطر
2110,فيمبوي
2111,<:tyler36:1152013906726899795>
2112,شكون هذا ؟
2113,# اعطوني نيترو
2114,بوسة
2115,مح
2116,prc
2117,v
2118,عطاني واحد نعطيهولك ؟
2119,اوكي
2120,
2121,رجل لكهف :
2122,الطنة دارت فيك خو
2123,يا ربك سبونج بوب 😂😂😂😂
2124,chkon ysalafli khto
2125,واقيلا نروح نرقد
2126,تقبلي تتزوجي بواحد ساكن فكهف ؟ اجابتك ستغني عن مظهرك
2127,اتهلاو
2128,جيب واحد ورقد
2129,لالا منجيبوش
2130,chikor
2131,Ouii ?
2132,ياخو قالولي بلي فتحوك ووليت تخرا بلا فرانات كاينة منها ذي الهدرة ؟
2133,مكانش منها
2134,تحدي 90 يوم ول؟
2135,
2136,يب
2137,🤣
2138,حبي
2139,U wlc ليكيب هذي وش معناها
2140,شوف بسيط وش صرالو
2141,Zaml jdid nta ?
2142,??!!!
2143,نو قديم فكونت جديد
2144,سبونج بوب جابو في فمو
2145,معرفتنيس ؟
2146,Who tf are u
2147,
2148,لالا سبونج بوب جابو عليه
2149,محي محي يسبي تاب بسيط محي
2150,<:gigachad:1150419236989186078>
2151,مي متدليش ميوت
2152,لاحهولو في فمو
2153,راك تشوف
2154,هههههه
2155,Chkon nta zbi !?
2156,<@1275034368133562379> تفعلي ؟؟
2157,عندي 10 كونتات اذا درتلي ميوت ندخل بواحد جديد
2158,visa
2159,هههه
2160,Tsma ana ndir wnta twli ezz 😂
2161,موحا ممكن تنزع البلوك ؟لو سمحت
2162,عندك ؟؟؟
2163,عندي
2164,نشوفلك قلبي 😂
2165,قولتلي ماتمشيش
2166,نجيبلك وحدة
2167,يازحي راني سيريو
2168,نتا محددتش اذا تمشي او لا
2169,ماما انا
2170,No mn9drch
2171,prv ضك نشري وحدة ونمدهالك
2172,chkon ydrbli pipa
2173,علاه اسمك . حاب نعرف
2174,افهمني خو يك غي قتلي امحي محيته علاش تبلوكيو فيا + مكاش قوانين فالسيرفر مكاش علابالي
2175,wchno homa 9awanin
2176,مالقيتش واش نسمي روحي
2177,كان داير) ستوتة موحا (ممبعد حشم نحها
2178,صحا سمي روحك عقلول
2179,القوانين صاحبي بكل اختصار لازم تكون عندك طوطا فوق 20 cm
2180,عبقور احسن
2181,20 cm نديرله سرير وحده
2182,و لي عندو تحت 15 سم ؟
2183,20cm raho sila7 abid
2184,Dlailo
2185,na7lf wlh ma3ndk tota tfot 13cm
2186,ماشي راجل
2187,😭
2188,نصيحة قطعو وتحول
2189,
2190,لا للتصعيد
2191,لازم دراهم
2192,عندك موس في داركم ؟ تقدر تقطعو
2193,لالا نخليه
2194,كيما الفيديو لي فرشتني فيه ؟
2195,واش دير بيه ؟؟؟ وحده مراح تقبل بيك
2196,3ndk trma 3ord ta3ha 1m
2197,نخليه و نشوف
2198,am joke
2199,وشنو ؟
2200,واش تشوف ؟
2201,
2202,Bi3o kili mrgaz
2203,نن راك صادق عندو وحده عريضة
2204,نشوف وش ندير بيه
2205,
2206,<@793501538563260446> عرفتني ولا مزال ؟
2207,Ya lmtnnn
2208,اوه لي ناكوك
2209,khoft la yz3af
2210,يتقبل لواقع
2211,اهدر زين حنوني
2212,يوو سبونج بوب مطنن
2213,A7a777
2214,sponge m3abi 93or tsama malf ya3ti
2215,kayn 3bad yghidhom 7al
2216,saha homlander kho rak mlih
2217,?
2218,حنونك يحب التطياح
2219,طنن عليك
2220,<@793501538563260446> pls
2221,Aiah ya sponjbob wch 9alk binlh bli ta3k fih 50 cm
2222,لالا علااش تجبدلو في يمااه
2223,
2224,Nvm 🤫
2225,"ياخو انا طبوزي لي كان معاك في فويس شات خطرا لي فات مع قاع اسامة 
زيد مشي هوملاندر هذا راين غوسلينغ"
2226,🖕
2227,ستوتة لازملها السوط
2228,واقيلا
2229,mn bkri rana n9so
2230,انا مانيش نڨسر نتا عندك وحده عريضه
2231,اسم الشخصية لي رك حاطها بروفيل ؟
2232,tdi ch3ar
2233,
2234,ta3i ana wa7di
2235,only 4 me
2236,Rak zl
2237,Bl pfp
2238,راك مطنن على قاع اسامة ليوم
2239,
2240,<@1296080114089721950> ابعثلي تصاور دنيا
2241,ياخو علابالك بلي كاين بحث بالصور ننسخ الصورة نتاعك ونجيبها
2242,معنديش
2243,جرب
2244,zl 3ndna fl char9 ya3ni nitaf 💀
2245,راحتلي 10 ثواني من حياتي
2246,Zn howa nitaf
2247,اوك
2248,Zl m3ntha chaba
2249,ro7 7aws
2250,guess what no body cares
2251,Shi
2252,Idc
2253,7na n9ololo zl
2254,T
2255,
2256,Wtf
2257,💀 958k
2258,Fake
2259,Darhom bl bot hh
2260,كفات لي عندو 958k
2261,
2262,T week
2263,
2264,ydi black list
2265,انا زاوج
2266,لازون محكومة
2267,شكون يلعب لي brawl stars
2268,bishamon ؟
2269,T month
2270,
2271,وشنو هذا ؟
2272,<:NIGGA_omg:1150394296680329226>
2273,الاول
2274,ya zbi dija nrmalmo li machi mtfrj gintama machi rajl
2275,متعرفش brawl stars
2276,مزالت مماتت ؟
2277,نن وشنو هي ؟
2278,+ no machi hiya
2279,# اعطيني فيزا
2280,والو لعبه تع تيليفون
2281,تدي زبي
2282,‏
2283,هدرة معاك ؟
2284,اسمحلي مي انمي بزااف ميت احداث ركيكة ورسم عادي
2285,وشبيك
2286,ركيكة
2287,اعطيني فيزا
2288,عطيتك واش راح يقولولك كي تقدم طلب على فيزا
2289,ياخو تديه حليب يخرج لبن
2290,زبي
2291,gintama frcha?
2292,ريان قالولي تشبه لربعة تع صبح
2293,
2294,جينتوكي شيكور
2295,T month
2296,
2297,ايه ركيكة
2298,ريكاردو صغير <:emoji_102:1191547661355065454>
2299,No life
2300,ختك
2301,<:NIGGA_omg:1150394296680329226>  الاول
2302,انمي نووم
2303,زبي راه تاكل
2304,ريان خدودك داو نص تصويرة
2305,لالا هاهو ريكاردو صغير
2306,<@1081296261182935040> ردرك 😭
2307,من صغرو فيمبوي
2308,حليب افروي <:emoji_102:1191547661355065454>
2309,😭😭ردرك
2310,"<@1081296261182935040> <@1287875358493904957> 
وقتاش تتزوجو ؟"
2311,علاه راك تعيب عليا
2312,سقسي حليب افروي
2313,سيريو هذا وجه ولا طابلة تاع بابي فوت هانقص شوية منه
2314,نتا سمين ؟
2315,شحمته غطت علينا ديسكورد
2316,عليمن راك تضحك على خالق ولا خلق
2317,<:emoji_102:1191547661355065454>
2318,ياخو لو كان نشوفو وجهك نصيبوك تشبه لركبه ماكله تهدر على ناس
2319,"سمونية نتا لي درتها روحك
روح نقص دير رياضة"
2320,انا حدايدي حاج 🙂
2321,"من كثرة ماراهي ضايقتلك مني جيت تهدر على وجهي ونتا جامي ماشفته
بلع قاعك بركا ماتشكل"
2322,يقدر يكون عندو ضروف مايقدرش يدير سبور ونتا وش دخلك فيه ؟
2323,من شحمة لي راهي مغطية تصويرة باينا
2324,راني نقولك ماتقعدش تهدر على ناس خاطش راك تبان اسوء منهم
2325,"مكانش ظروف تمنع على سبور الا مرض
وسمونية علاجها رياضة تسما مكانش عذر"
2326,"نبان اسوء منهم
نتا شدخل قاعك؟"
2327,😭
2328,ضروف راني نقصد بيهم كاش مرض 🙂
2329,goriko
2330,واش راك حبب
2331,نقول حمدلله
2332,راك قاعد تتنمر على واحد درك وين دخل
2333,"خونا مقالناش بلي عندو مرض 
لا قال كو راني سكت قبيلة بصح راه باينا بلي مرهوج حياتو رقاد وماكلة"
2334,دوم ان شاء الله
2335,المهم خلينا من تحراش وين جيب رتبة ميمر
2336,"تنمر هذا لازم يخليه يخمم في روحو ويروح ينقص من شحومية
مشي شرط حديد اوموا يجري شوية على سطاد ولا"
2337,افتح تيكت ودير طلب
2338,يازبي شحال تهدر
2339,خصها شروط وتيكت ونمي
2340,خاوتي راني مطنن
2341,"قولي بلي كانت ضايقتلك من لولة وبعدا حصلت
ينمي عيباد كيدايرين"
2342,علامن؟
2343,على مخدة تاعك ؟
2344,slm
2345,على قاع اسامة
2346,ياه بسيط
2347,ماصبتش واش تهدر راك تعاود في هدرتك باش تاكد بلي نتا مكان والو
2348,ياخو عندي شهر و انا فاتح تيكت
2349,kifah sponge
2350,راك غي تشكل دليل وحيد انها ضايقتلك ينمي
2351,واه تيكت راه غافل عنه الأدمن
2352,و عليكم السلام
2353,خلاص عرفنا بلي ضايقتل واش عندك ؟؟
2354,يا زبي وش راك دير
2355,لي عندي بلع قاعك ومتهدرش مع زبي
2356,علاه مانكتش ساندي كي كانت عريانه ؟
2357,mazalek medenen
2358,بسيط وش دارولك؟
2359,سبونج بوب
2360,YAH CHKON AL NO9CH LI WERAHALEK
2361,بسيط متمنيكش عمروهولك في فمك
2362,طنن عليه سبونج بوب وهو راقد
2363,سبونج بوب بعثهالي
2364,دارهولوا بلا ميفيق
2365,khtk
2366,SPONEGEBOB YEMAK NIKHALEK
2367,
2368,"<@1289551138273759265> <@1290668163700101221> 
# ماتدابزوش راكم صحاب تسامحو وبوسو بعضاكم مشوارب"
2369,و يما علاه
2370,
2371,وش اسم يماك ؟
2372,spongebob dor nbousek
2373,همممم اوكي
2374,نتا وش دخلك
2375,spongeboba
2376,🤕
2377,
2378,يماك هي سبونج بوب ؟
2379,n9olek hadja yema matet
2380,wtf kifah
2381,نروح نرقد
2382,اتهلاو
2383,رشقة 😐🍿
2384,جايك 😭😭😭
2385,nekteha wo  9teltha mechi bel3ani
2386,وي
2387,نحبككك
2388,اوك
2389,متتمنيكش
2390,ya rebak m9dertch
2391,و ربي علاه
2392,<@1290668163700101221> <@1289551138273759265>
2393,# علاه مانكتوش ساندي ؟
2394,
2395,كي كانت عريانه
2396,WHAT
2397,تسي تنيكها طوطة تاعك تدير بيها مراقز
2398,we9tache
2399,علاه مراحتش حبطتلها كيلوطة ونكتها ؟
2400,
2401,نتا تحب تنيك غير باسط 🏳️‍🌈
2402,و شفيق
2403,شفيق ملكثرة ماناكوه ولى نيفو كبير
2404,الواحد يتخلوى ب بيمو
2405,نتفرج اكس في بيمو
2406,بيمو 😦
2407,علاه مسكين 😟
2408,wtf
2409,mazalo sghir
2410,"الله غالب فين يطنن على اميرة النار 
انا على واش نطنن"
2411,ياك نتا متزوج وعندك 6 دراري
2412,شوف مع مارسيلين
2413,ڨاي ما تحبش
2414,jake bintna
2415,<@1081296261182935040> تجي فويس ؟
2416,نن راهي 🏳️‍⚧️ معا اميره لعلكة
2417,اا
2418,bimo 3ndo tota
2419,السلام عليكم
2420,اوكي
2421,عندو بصح صغيرة
2422,راي مشغولة خسارة
2423,kifah ybenyat
2424,السلام عليكم
2425,وعليكم السلام
2426,يدير سيدي اباحي و يروح عند المراية يتفرج في روحو
2427,وعليكم السلام دادي
2428,ردو السلام يحرق حتشونكم
2429,و عليكم السلام
2430,مليحا
2431,مقحبن من صغرو
2432,فين مسكين طوطا تاعه تحرقت
2433,الله غالب تربية تا فين
2434,nik zebi
2435,كيفاه تنيك زبك؟😱
2436,<@1287875358493904957> تخاف هو ينييك مشي نتا
2437,<:uncannycat:1152013915954352148>
2438,<:uncannycat:1152013915954352148>
2439,<:NIGGA_omg:1150394296680329226>
2440,be tbenyit ya mon9ole
2441,<@1081296261182935040> سمحلي صوتك خشين بزاف
2442,كي تبنيط نتا لي راح تنيك في روحك ماشي تنيك في. زبك بيسك زبك لي ينيكك يا لمقود
2443,عندي برك 14
2444,عام
2445,wo asmo cute*
2446,يازحيي
2447,<:NIGGA_omg:1150394296680329226>
2448,علاه وش كاين
2449,<:NIGGA_omg:1150394296680329226>
2450,nektli rasi si zebi
2451,بالاك تنيك ايفروي
2452,يازبي بسيط روح نيك سبونج بوب
2453,اوكي
2454,ricardo werilo tswira
2455,Deep weeb ya sebi😂😂
2456,وينو هوفا
2457,نقش ماحبش يطلق فيديو
2458,wtf hada x t3 les anime
2459,يبنيط على ولاد تع بريمار
2460,Aw yet9o3ar
2461,ياسر روح تقود
2462,لبنات*
2463,نن ولاد
2464,ya ricardo wtf
2465,<:uncannycat:1152013915954352148>
2466,<@1287875358493904957>
2467,وشنهي؟
2468,نيس هيههه
2469,<:uncannycat:1152013915954352148>
2470,كون تبدل حليب افروي ب زبي تكمل فوطو
2471,tswira li 9belha x t3 les anime
2472,😑wech 9awdak
2473,اوكي
2474,خاوتي هاذي شاه 🍔 لي يشوفها همبرغر معناها ناكوه في يوم صغره
2475,"Viv pzol 
Viv nsaa
Viv l3cha 
Viv nik"
2476,<:PepeKMS:1150411407679049739>
2477,Viv <@935488835553476608>_chan
2478,ZEB SPONGE
2479,🥰
2480,كيفاه ينيك ب زب مربع
2481,YAK HOWA MORAB3
2482,بقوة تركيز
2483,ورب يبارك لجميع
2484,توحشت فين
2485,spongebob 3ndo zeb morb3 wo ana 3ndi zeb mothalath
2486,و انا عندي زب يطوال ل اي حجم
2487,
2488,انا نروح
2489,تهلاو
2490,ياخو بصح نتا مت
2491,حشاوهالكم انا كنت نبنيط ورا كواليس
2492,😂😂.
2493,shikour
2494,
2495,tferejt kamel les xxxx t3 les anime
2496,و كيفاه كان
2497,هايل؟
2498,what7
2499,what
2500,send some to me please
2501,roh l porn hub wela xnxx ekteb anime yokhrejlek
2502,kahsni ta3 kids
2503,hadi hiya sahla ekteb anime kids xxxxx
2504,يقولك ممنوع
2505,wach khawti
2506,<@710133137677615215> get a life
2507,وي طويطة
2508,cv l3ziz?
2509,Nn
2510,3lah lala kho
2511,Wa7d 7ab niko
2512,chkoune
2513,<@1081296261182935040>
2514,9ali nikni
2515,yro7 niko
2516,ya kho balak 3ndou tota kbira
2517,Nn
2518,Ya z7ii
2519,خاوتي نحب نبعث فيديو بصح مانيش قادر
2520,meme?
2521,واهع
2522,وشنهي؟
2523,غدوى عندي فرض 😭
2524,علاه تفكر فيا انا ثاني
2525,نتا من جنوب ؟
2526,ماني مراجع والو
2527,انا من اغواط
2528,ايه صح
2529,rak t9olha far7an?
2530,Nrm ?!
2531,وي علاه؟
2532,قبايلي نتا ؟
2533,والو
2534,اوكي
2535,و نتا؟
2536,من اي ولاية
2537,يب
2538,بليده
2539,اوكي
2540,نايس
2541,كيفاه دايرة بليدة؟
2542,ارض
2543,خضراء ولا صحراء ؟
2544,وفيها جبل في خلفية
2545,تتمنيك ؟
2546,علاه؟
2547,باينة خضرى
2548,بصحتكم
2549,الاغواط صحراء ناشفة 😭
2550,نروح نقرى سلم
2551,اتهلا
2552,كبيرة عليك و علينا
2553,وي خو
2554,<:9k:1189273274455179358> <:9k:1189273274455179358> <:9k:1189273274455179358>
2555,ڨاع ماتو
2556,<:cum:1152013788653031434>
2557,My dick is alive
2558,وي
2559,Hi guys
2560,خضراء باذن الله 🙏🏼
2561,yo
2562,لقلاوي
2563,kmha 9raya
2564,💀
2565,"عندي كلمة لصاحب الباك✨❤️
روح تقرا نيك حتشون يماك عندك باك <:dbana:1189271987579785316> <:gigachad:1150419236989186078>"
2566,la fac nik babaha
2567,ويي
2568,nuh uh
2569,😳😳
2570,<:emoji_91:1188672059321094224> <:emoji_91:1188672059321094224>
2571,Asm3
2572,Kayn wa7d le9lawi y9ra f section m3aya chafni ndir b steam
2573,Ja lsa9 f zbi wnmi
2574,Nakli rasi 7ta d5lto l server
2575,A7wih ban
2576,ححححح
2577,Psq ghaml wmysthlch
2578,<@1118573634143916043>
2579,wch asm konto ?
2580,Sam w dayr pfp didine
2581,Ya zbii
2582,مدلي رول ميم
2583,ok 1 min
2584,Machi ana li nmd
2585,Jordy
2586,بصح راك ادمن فيها ول
2587,Mn9drch nmd rollat
2588,yakho kayen bezzaf sam mat9derch tb3tli user ta3ou wla user id ?
2589,Wait
2590,Sam_2635
2591,<@1118573634143916043>
2592,Tl9a pfp didine
2593,ok done
2594,Nf5li 9lawiya
2595,hh
2596,Kont nchofo f disx ta3 section ghaml asf 7ta ja ry7 9dami cht bli howa 9olt ya zbi tnakt
2597,lmohim rahou tbana yro7 y9wd
2598,سلام عليكم
2599,وعليكم السلام
2600,<@1118573634143916043>-chan
2601,cap
2602,Matt Chat 🫤
2603,yep
2604,nakthoum l9raya
2605,3ndi interogation
2606,Ya zabi
2607,Loym clasico ya mtrm
2608,Lyom
2609,mb3d ndirlkom live classico
2610,room
2611,لالا
2612,وراها يدرنا هنتاي
2613,خلاص ايه
2614,<:emoji_104:1191547769664573450>
2615,"ياخو نعطيك هينتاي شباب هذا:
Adam's sweet agony"
2616,no thx am not a hentai fan
2617,i watch animal rapin by human
2618,3la bali
2619,You will become
2620,Wrihalna f live 😞
2621,Ya 5o fcb bayern
2622,Chto f stream m3a sa7bi
2623,lokan trbh barca nfteh cam ntwarki
2624,<:juan:1150418197581922344> <:juan:1150418197581922344> <:juan:1150418197581922344>
2625,Ysm3 raphina ymarki super hatrick
2626,This is worse than hentai
2627,Lazm tdf3 5m حقوق الطبع والنشر
2628,ik am a man of culture
2629,تناكت عليك انا عندي فالدار<:KEKYou:1150418200027201566>
2630,Demo dzb 5laslo l flash aya no9ch 9ali ndirlk flash b 3500da
2631,nb3tlk nudes m3lich ?
2632,M9wd hada
2633,3500
2634,Your culture is animal rape ? Tf
2635,انا عام كومبلي واقيل 200الف
2636,مبيراطي بيان سبور
2637,nga u still young to understand this stfu
2638,Hada 3am b 3500da zwamll
2639,2.5m w nudes
2640,Mskin
2641,Gg
2642,nudes w haba mille feuille
2643,Ok but i dont forget that you like watching videos of a man raping a dog or vice versa
2644,
2645,يحب يشوف كلب ينيك في مرى
2646,A777
2647,My type of videos
2648,Tfff
2649,A7
2650,Ab3th prv 🤑
2651,syed mzal tray ychof hentai y9hja
2652,واش حابني نشوفلك كلب ينيك في مرى ؟؟؟؟
2653,Man rapes his mom and 4yo sister 🥵
2654,rapin not fuckin dummy
2655,u are a picopathic community 💀
2656,🫦
2657,Tnn
2658,وريلنا بزازلك نروحو🥹🥹
2659,ban this nga
2660,Tchof zbi ?
2661,Nta ismk 7alim wla 3isa ??
2662,A7777 3mri tw7chtk l bar7
2663,wsmni sa3id
2664,<@1195134511546105958> wsp bro
2665,La 5ouya nta ysmok zoubir
2666,Asmo zabonji 🍆
2667,جوردن بفوطو فهد سال اكتسبت aura الرحمة
2668,Rak f risk b tswira ta3 l9at
2669,Lazm dir dhomy
2670,Wla mlzlz
2671,# سلام عليكم
2672,💪
2673,وعليكم السلام
2674,شكون داعش ؟
2675,المجاهدين 💪🤲
2676,جعت
2677,مجاهد ساهم في تحرير الجزائر
2678,انا لي حررت الجزائر
2679,متتمسخرش<:NIGGA_omg:1150394296680329226>
2680,يب
2681,الله يبارك لعقوبة لانجازات اكبر
2682,امين 😼
2683,يازح شات ميت
2684,لاه زعما
2685,واش قودني ؟؟
2686,<:cum:1152013788653031434>
2687,تناك جاوب
2688,تعرف ابو بكر البغدادي؟
2689,
2690,<:Dead_inside:1150410964659863592> <:Dead_inside:1150410964659863592> <:Dead_inside:1150410964659863592> <:Dead_inside:1150410964659863592> <:Dead_inside:1150410964659863592> <:Dead_inside:1150410964659863592> <:Dead_inside:1150410964659863592> <:Dead_inside:1150410964659863592>
2691,<@1058461501159112764>_chan
2692,<:Dead_inside:1150410964659863592> <:Dead_inside:1150410964659863592>
2693,سلام عليكم
2694,قرا معايا في البريمار
2695,و عليكم السلام
2696,وعليكم السلام
2697,<@957234183439265822>_chan
2698,😍الله يبارك قرا معايا تركي البنغلي انا 🤩
2699,وعليكم السلام
2700,<@1123599922562875463>  واش تسمع؟
2701,لي جات
2702,ندير بلاي ليست عشوائية
2703,جماعة هوفا ويكتا يطلق فيديو راني مطنن عليه
2704,عندك سبوتيفاي بريميم؟
2705,لا
2706,"نو 
مي نعرف واحد يبيع بصح تبالي حبس"
2707,<:way61:1152013922229043310>
2708,<:co6aka:1150410498987274310>
2709,متقوليش من قبيل و نتا تستنا هنا
2710,اواه لالا
2711,قاعد نريقل فل بلاي ليست
2712,صلام عليكم
2713,وعليكم الصلام
2714,باك
2715,كيف حالكم يا معشر النڨز
2716,<:ccpshook81:1150419222007136348> نكتها
2717,يا معشر القحاب <:way61:1152013922229043310>
2718,Ok🥲
2719,Aa
2720,كيف حالكم يا معشر القحاب
2721,ما تجياحوش يا ربك
2722,<@1275034368133562379> ملحا هكا🤔
2723,نو نو ربي نو
2724,خصاااااااين
2725,سلامت راسك عضك شريك؟!
2726,نو
2727,علاه راك خضر
2728,انا و بعض الناس طبيعين
2729,<@1286806399749455873>
2730,slm yalboys
2731,و عليكم السلام
2732,washrakoum
2733,كي شكوبي
2734,لقد نكحتها🙂
2735,washrah tdir dipani
2736,chkoun yal3ab gta rp
2737,خلاص قود واحد مهدر معاك
2738,ani m9awed
2739,ناكنا لفيد
2740,يودي الوظيفة تاع الرياضيات راها تغتصب فيا
2741,نتا باك؟
2742,دوزيام
2743,خاوتي شكون سلفلي ڨارو
2744,كاش نهار
2745,اوه <@855352776611594261>  my bitch
2746,راكم فدوال؟
2747,واش راكي تديري هنا
2748,🗿
2749,قول ما نمدش معليش
2750,نو
2751,روح ترقد
2752,واحد ما يتبرع ؟
2753,عندي فرض تاع مات
2754,وماتش لازم نتفرجو
2755,مكاش الرقاد اليوم
2756,ياودي دوزيام ساهله
2757,🚬🚬🚬🚬🚬 هاك
2758,لعزيز ربي يحفضك نخلف هالك
2759,والي عنصرين حسبي الله ونعم وكيل
2760,😂
2761,كاين لماتش و لازم نحل وظيفة فيها زوج وراقي و لمشكل لكبير || راني نغني ||
2762,<:uncannycat:1152013915954352148>
2763,ماتديروش فروض؟
2764,وشبيه شيخ تاعنا 🗿
2765,هات نعاونك
2766,ورا لعطلة
2767,<:PepeKMS:1150411407679049739>
2768,عندي غدوة مات
2769,و الثلاثا علوم
2770,<:juan:1150418197581922344> <:KEKYou:1150418200027201566> <:KEKYou:1150418200027201566>
2771,وشمن شعبه نتا؟
2772,Scariest shi
2773,<:3hamm:926231246844080128> رجعت لفلتي
2774,اووه
2775,بصح مازلت انا 40
2776,علاش راحت اصلا؟
2777,ولا غوردن رجعها؟
2778,.
2779,<:robloxmanface:1193640779059564545>
2780,
2781,علوم
2782,اي غوردن نحاه
2783,اي
2784,غوردن نحاه
2785,ههه
2786,علاش محيت؟
2787,<:4pepoflower:1115409521750331503> <@1195134511546105958>
2788,يقدر يشوف واش تمحى
2789,.
2790,بيتش
2791,المرة الجاية ديرلها ايديت برك
2792,.
2793,# رد على التكت تاعي يا الخرا <@1214967653370691624>
2794,Somebody bitch is getting fucked this evening
2795,<a:7peplick:1068529865415987251>
2796,<:way61:1152013922229043310> اعطيني انيج
2797,Ana li ra7 anik
2798,W ra7 anik ur bitch
2799,بس اشششششش كحبه
2800,عندك ڨحبة ؟
2801,
2802,يمزة
2803,ممكن رقمك
2804,🥰
2805,سلام عليكم
2806,اوكي تعال خاص
2807,وعليكم السلام
2808,0555691600
2809,هاد رقمي
2810,😍
2811,رقم عشوائي ولا نيمرو تاعك
2812,"69 n7wik biha 
16 alger
00 no bitches no hoes"
2813,Mt3ytlich nta amchi amchi
2814,كنشري لبيس نعيطلك <:robloxmanface:1193640779059564545>
2815,يمزة
2816,Ok im waiting for u
2817,علاه كنت حاب نخطبك
2818,T5tb lkbar nta z3ma m9wwd
2819,<:Fox_uhmmmacutally:1146871305778499664>
2820,اوكي
2821,<:emoji_101:1191547625883828325>
2822,<a:YuriKiss1:1239639294683910165> <a:YuriKiss2:1239639331472281671>
2823,<:2wtf:1299688671653662740>
2824,Hadi lik bb <@1218531500916477992>
2825,<:9k:1189273274455179358> <:emoji_47:1151909990727163954>
2826,يوهه 🏳️‍⚧️
2827,فخور هه
2828,انت شاذ ابتعد عني
2829,N7thalk f trmtk ila ak 7ab nrml
2830,<:emoji_6:1212115236488749066>
2831,متزعفش ني نقصر
2832,Gay for u
2833,3la bali 5lini m3a guts dyali
2834,<a:6fq:1007706110880395284>
2835,"We love girls 
What about 2 girls 
We love them more"
2836,كيفاش قنعتو جوردي ينحي كي تطيح يتنحى ميساج
2837,زبي
2838,قحبة
2839,نقش
2840,عطاي
2841,Howa darha
2842,زبي
2843,احا قالهم قع في ثاني
2844,شابة شوشو
2845,دار حاجة مليحة
2846,5ls tax dyalk
2847,9alo chaba chocho
2848,Chaba zbi oui
2849,ااااو قادر روحك صاحبي 😂
2850,<a:6fq:1007706110880395284>
2851,ني درتها<:808693788021096458:1279738276697346129>
2852,5ls 5ls md5li supra l dz
2853,Zaml
2854,سمحيلي بب
2855,الله يعينك
2856,Idiot nigga
2857,ايااااااه شكون
2858,Frmaja mfto7a
2859,مرتي الموظفة🧏🏻‍♂️
2860,شكون
2861,معاك طوكسيك بلحمه و ز*به
2862,W tizh
2863,تناخت
2864,هادي غيبة لرأس طوطا
2865,قالك لي محوي محوي والقحبة متوب المثقوبة  تبقى مثقوبة
2866,غلق قاعك لا نجيبلك بريزة الطيز
2867,يزامل وين كنت
2868,توحشت حليب ايفروي
2869,<@864945739981389835> هاي فرمجتي
2870,أنا هنا
2871,😞
2872,كنت بند عام كومبلي انا و كارتيل
2873,Lala 5liha f trmtk mtmdhalich
2874,هتلر تاع سيرفر هوفا
2875,عمريي
2876,اعطيني انيج
2877,Bayna nta matobch
2878,جوردي الفايح
2879,<@1287875358493904957>_chan <:emoji_101:1191547625883828325>
2880,أهلا حياتي صفا شوي
2881,Myjich femboy d zb
2882,قصدك نتا يزبي
2883,لالا متخافش انا جامي درتها يالمدمن كون ضرك نضرب طلة نلقاك ملصق زوج فثقبه وحدة
2884,ماي لايف اعطيني نيك
2885,نخاف نتحول لفروي تشان 💀
2886,راك تشوف
2887,كاش جديد
2888,فروي_كن 😍
2889,اهه مديتش بيام
2890,Lla rani 3lik
2891,متتمنيكش
2892,هاو زبي
2893,9.90
2894,<:waaa:1124009353410773152>
2895,"Nta li t5dm bihom hado 
Ana  had l9wayd mn3rfhomch"
2896,علاش كامل هكا 😭 راني قبيل برك كنت نبكي
2897,معليش تجيبو أن شاء الله
2898,كيفاه مهبلتش
2899,علاش اعمري
2900,Ur girl ?
2901,هبلت بصح بعد شهر نسيت
2902,Zbi kbir 3la no9ta dyalk fl bem
2903,انا نخدمهم مشي نخدم بيهم نخدمهم علجال نقشينيوز كيفك
2904,احا 0.10 مقدروش يحطوه <:4pepoworrypat:1118649623708454944>
2905,ايا انتيك انا جبت لبيام ب 14
2906,"سيكوند 
9.96"
2907,دكيتهولك
2908,.
2909,Mala nta tdi w7da batel direct makalh tchri
2910,<:Dead_inside:1150410964659863592>
2911,Wlc back <@1004677837250371664>_chan
2912,لاتحزن ازب ي
2913,تجيبو اذا حبست تجيبو فالفراش
2914,حياة خاصة 😭 برو جميع في منزل راهم غاضبين من بعضاهم و أنا أصبت بتفكير عميق و قلق مفرط قربت نبكي في ليكور تع عربية 4 خطرات 😭😞
2915,انا نروح و يدك فيه <@282859044593598464>
2916,متتمحش
2917,زبي
2918,go to hell
2919,يب متتمحش
2920,ازبي نقرا معا 2010 سخونات تعزبي
2921,"Femboy shit detected 
Gay approved"
2922,روح البس تقاشر طوال
2923,نقلك وش الحل؟
2924,W bb <:emoji_102:1191547661355065454>  ?
2925,ما نسحقهمش مي راك عاجبني من اخر مره درت عرض اشري واحد و خذ واحدة مجانا للبنات انت ديت عشرة و ديت معاهم عشرة مجانا انت هو ال top customer
2926,يب pls
2927,9aloli ga3 femboys
2928,ارواح نديرلك سكس تعذيب تنسى همك🥵👅
2929,Sad Femboy 3:
2930,نن بنات لحم في لحم
2931,نورمال كل صبحية نيخ وحدة مع آخر سنة تكون عندك كونتيتي تاع pregnants
2932,Rak ghalt ana mnchrich hado kach 5tra nchri w7da l gordon jhony wl guts w donno
2933,ناه زدت عليا يرحم باباك متزيدش تهدر معاي 😭
2934,وتطيح في وحدة فيها سيدا كيفاش درنا؟
2935,السلام عليكم
2936,خلاص عمري مبعد نجيبلك تاعي كادو
2937,خليه راهو ناوي لحلال
2938,لم ينجح أمر
2939,قدر الله وماشاء فعل
2940,<@1081296261182935040> هاي حبوبي
2941,<@855352776611594261> k7l kifah 7atnak bl femoboys shit
2942,قطعو
2943,
2944,واش راك حبب
2945,A77777 show me
2946,نقلو حمدلله ربي يجيب لخير
2947,
2948,هممم عندك مشكل؟
2949,Oooooo guts DVD
2950,ذا سيدي بتاعك اونت بتتناك
2951,<@1298318639618855075>  <@1081296261182935040> <@1287875358493904957> <@742398088886353962> wch raykom ndirlkom rolle femboy
2952,ماصابش وين يشري تقاشر طوال
2953,
2954,K7l chat
2955,تدير زبي
2956,لا الحمدلله انا جامي تنكت تسما السيدي غير اخشيه فزكك
2957,انا ماشي فيمبوي
2958,Ndir zbi fik okk
2959,غير هوما
2960,حتى انا 😔
2961,🤓
2962,<@1142540508183416883> يب رح يكون كيوت
2963,
2964,شكون يحوس على لوسمو
2965,يب
2966,تبغيه
2967,<@1299451367118864448> NICE TRY PDD
2968,<@1142540508183416883> ayoooo
2969,تصويرته
2970,ناه نورمال حبب اذا عندك مشكل قولي و نعاونك
2971,Mute ezz
2972,يزبي يبدل افتار
2973,<@1287875358493904957>عمري
2974,<@1299451367118864448> شيفنا مشتقين قيعان ولا كيفاش ؟
2975,يانقش ركز على لفوطو
2976,شكون هاذا وقيل راكي تخوني يزبي <@1287875358493904957>
2977,Mala 3lah dir gay shit 🗿
2978,علبلي+ عيب عليك 😭
2979,يخدم في زوج لازم يلم دراهم باش يجيب زب اصطناعي
2980,<@864945739981389835> معرفوش مرديتش عليه
2981,ينشفلي عروقي؟
2982,<:9k:1189273274455179358>
2983,علاه تهدر <:uncannycat:1152013915954352148>
2984,Guess for yourself
2985,انا وقيل قلت بدلتني بواحد يلعب روبلوكس
2986,Dok chwiya ybdlk ana darli blow job raw bdlni doka
2987,
2988,العب روبلكس
2989,Mala nta femboy
2990,خخخخخ
2991,ثانكس حبحب لكن شكرا مانيش حاب نعمرلك راسك
2992,وقيل كي تحلبلي نجيبو في دقييقة حاب يبدلني
2993,Nn
2994,منعرفوش 😭
2995,Ur not sonic lil nigga
2996,Im sonic
2997,كي تلعب روبلوكس اعرف بلي كبرت وتناكت عليك
2998,die الرحمة على الشيباني
2999,Frr
3000,يو را شيكور حبب
3001,ناه نورمال برك فرغ قلبك و راح تتحسن
3002,صحا كيفاش درنا انا ننتصب بزاف تحملني؟
3003,toyota
3004,"I miss
Sonic_سرعة_القذف"
3005,أفضل بكاء حتى نوم أو تعب 😭 حاس رايح نتقيئ
3006,
3007,We*
3008,Bruh
3009,جابوه عليك حتى دخت ؟
3010,بصح علاه تبكي <:picardiacrying2:1152016067649081394>
3011,نتحمل عشانك بس
3012,We need some tits <:uncannycat:1152013915954352148>
3013,<@1287875358493904957> جبتو؟
3014,لا أدري 😭
3015,صحا حل فمك ني حنجيبو
3016,no 7lib sir
3017,
3018,كاين بصح مراهمش كيما راك تحوس نتا
3019,He can help u <@1287875358493904957>
3020,شكون يعطيني نيك ونخلصه كريديت
3021,<@1287875358493904957>
3022,That's what I'm talking about
3023,عند زويز
3024,يخو احبس كيما راك <@1298318639618855075>
3025,<@1287875358493904957>
3026,تحطو نعضهولك
3027,3lah ?
3028,No need
3029,تحلبتلك بلي نتا قبايلي
3030,ناه باينة كاين مشكل برك فكر و اذا لقيتو قولي باس نعاونك
3031,يا ربي نولي سوتيان
3032,قطعهولي
3033,# Matt
3034,اححح اسمها
3035,💔
3036,Wa9il m3jbokch lbzazl
3037,Fik loch
3038,تجي خاص نحشم نقول قدامهم
3039,Idk
3040,
3041,اوكي كيما حبيت
3042,تبا لك
3043,Mt9drch tdir 7lib lazmlk bzazl haka
3044,دبرولي وحدت كيما هدي
3045,رهو يخون فيك
3046,منيش عارف هات وصاي باغي ندخل ندوش نجيب واحد ونقلع جنابة
3047,Hhhh
3048,# Himeno_chan
3049,video ?
3050,Mm ana mn3rfch
3051,راجل نتا
3052,Asmha
3053,
3054,كذاب مشي هيا
3055,Server ga3 tnn
3056,😂
3057,More breasts SSSIR
3058,9wd 😍
3059,<@1287875358493904957> send ur bzazl
3060,نكمك يلكذاب 😢
3061,
3062,ارحل
3063,Himeno
3064,🏳️‍🌈
3065,Hell nah mt7bch lbzazl nta tan
3066,مزال ماكبروش
3067,لعزيز بصح قصدي هينتاي تاعها ههه
3068,و انت وين تعرف هذا ال bull shit <:uncannycat:1152013915954352148>
3069,نحب مي بزازل صغر علي توعك
3070,ab3atli chwiya
3071,انمي رجل منشار
3072,17 with no tits
3073,دينجي كن ماهو حلمك
3074,خوتي لي رسل هاديك تصويره يعاود يرسلها
3075,M3ndich ana
3076,Nn hadak fan art brk
3077,بريفي
3078,مختم هم بنسبة 100/100
3079,يمس بزازل
3080,لك
3081,
3082,تاوع ماكيما
3083,Me i wana touch
3084,علاش معندكش بزازل
3085,Sorry bb 5lithom lik
3086,نن خلاص ماسهم لباور
3087,درك راهو حاب ينيك
3088,باور عندها اصطناعي
3089,<:37706234f04f5e77eb58146ecf9f6af3:1255178985302917160>
3090,انمي كي نم
3091,قود
3092,😂😂
3093,FUCK L ANIMES
3094,تفرجتو <:3dogsad:1123333471142674584>
3095,صح
3096,اقسم بالله غير ذوقك كي نم اذا عجبك انمي رجل المنشار 🗿
3097,مام انت
3098,"Dandadan
 نسيت اسم هذاك طفل لي سرقولو زبو"
3099,خصني نيك كينجاكو
3100,يخو انا تفرجتو مي مقتلكش عجبني
3101,
3102,Wtfff
3103,اياه
3104,My mood all the day 🥰😞
3105,ME TOO
3106,رانا مونك tits <:Dead_inside:1150410964659863592>
3107,ehh
3108,5sni madama fr jami3a 9ad zabi madbrt 7ta w7da
3109,"اسمو :
Takakura"
3110,hadak el anime ghir chafto ghsalt 3ini bel javal
3111,okarun
3112,زيد حوس تلقا
3113,وحده لعجوزة سرقتلو زبو
3114,وزير العدل لياباني
3115,رسم تاعو شباب
3116,فالجامعة تضرب اللحم و الجاج يعطاي وانت مزالك تضرب فالخبز ليابس
3117,sa7
3118,the goat <@1201128717666226307>
3119,لحم البنات اححح
3120,شكون لي قلهلك
3121,قله يشفنا وحدة تلبس كوسبلاي تاعها
3122,ana nro7 ner9od athalaw
3123,و انا ؟
3124,L7ARARA 🥵🥵🥵
3125,جامعة امريكية ياك
3126,ارسلي هنتاي تولي تاني كيفه
3127,<@855352776611594261>  لي قالك يكذب عليك
3128,L9alwana
3129,ياخو حنا انثى ( اختياري ) تقولي جامعة امريكية
3130,خلاص نن
3131,ارسل
3132,بليز
3133,Nigga shit ur ass rani chthom yrndfo 9dami fl jami3a
3134,ارواح prv
3135,ياخو في جامعة (تاكل رفيقك في سكن باه تعيش و نتا تقولي جاج و لحم
3136,مام انا
3137,<:3dogsad:1123333471142674584>
3138,Raho 3la l7am lbnat
3139,ممكن يمزة ترسلي صورة نودز تبعكي خاص
3140,طفلة في الاقامة الجامعية تشبع مرقاز
3141,<@1142540508183416883>
3142,😂😂ياخو مخرقة🗿
3143,Im gonna fuck some bitch in that college
3144,Ihh bayna ya 9a7ba win n9ra l3chiya ga3 yrfdohom b tomobilat
3145,Yro7o yt7waw
3146,IM GONNA FUCK SOME KIDS TO DAY
3147,Ana rani m3a l mommys 23 24 22 25 a777
3148,Sghira ga3 17
3149,ما تتمنيكش وين تقرا
3150,جامعة باب الزوار
3151,وينا وحدة
3152,مهم شحال تقيم جامعة لي تقرا فيه <:ba3os:1190979813419266098>
3153,Kayna w7da asmha usthb
3154,ODWA SBA7 TIL9ANI
3155,عام جاي تلقاني نقرا عندكم
3156,"9raya 2/20
9a7ab  w bitches 8/10"
3157,رباني تشوف لجامعة تزيد تقول تنحي ربها لا قراية لا خرا
3158,Nika ghir makalh tji hh
3159,نورمانمو يطلبو دراهم باه يتحواو
3160,Ihh m9wdin 7sblhom tmnyika
3161,ANTIK
3162,تقيم كل 20/10
3163,the gay
3164,# Hya chkon nb3tlo Hentai ? 😃
3165,the gay <@1298318639618855075>
3166,Not me
3167,ANA
3168,i gonna fuck some jam3yin
3169,Ah shit
3170,Mk li gay
3171,3tay gay nkmk
3172,ana
3173,# A7wa7o bl39l 😃
3174,Zbi wa9il 7abin ta5do mute
3175,B3ATLI HENTIE
3176,<@1142540508183416883> لقيت حبيبه ولا مزالك حب تحوي دونو
3177,Donno beter
3178,MAKACH LA39AL
3179,i dont think you should say this
3180,kayn al tota
3181,خخخخخخ
3182,ابعتلي prv 😁
3183,<@1142540508183416883> نتا لي فصيت مساج ولا هو <:emoji_6:1212115236488749066>
3184,Ta3 wch
3185,# لي حب يشوف هينتاي يبعث prv 😄
3186,واحد ميساج
3187,فيديو ولا تصاور
3188,RANI B3AT
3189,7anb3tlk zbi
3190,Tzid t3wd nikk lute
3191,Mute
3192,9a7ba myn7ih
3193,MLA7 WILLA CHWIYA
3194,<:RTN_Floppachad:1023214051733557329> يب خليك شيكور كيم انا
3195,Oui nta li 3lmnti
3196,يب بين <:RTN_Floppachad:1023214051733557329>
3197,قوست حمل براول ستارز
3198,السلام عليكم
3199,Nahh
3200,Bitch ass game
3201,
3202,Rodo salam ychkpi yhod?
3203,عندي لعب اسمها BACK 4 BOOBS
3204,pc ?
3205,لي يكتب يحب طوطة تاع ديدي 💀
3206,IH
3207,حظ شباب بزاف <:37706234f04f5e77eb58146ecf9f6af3:1255178985302917160>  <@855352776611594261>
3208,link
3209,OK
3210,prv
3211,Aya 5las kol wa7d yro7 y9wd
3212,Ab3thi trmtk wla nbanik
3213,Tzid chwiya nb3tlk t9wd sa7
3214,sir t7wa la njik
3215,5las 7bst
3216,Business 😂😂
3217,
3218,Aywh ry7 3a9l good boy nigga
3219,TA7AN
3220,Bs7 ana machi nigga 😭
3221,YOU ARE A BIG ASS NIGGA
3222,"Mm ana machi nigga
Bs7 n9ol nigga <:tadcarlfachero36:1152016084430487552>"
3223,9wd bl3 nta
3224,ياخو واحد راهو قاعد يطنن عليا في prv 💀
3225,TCHA9INI PRV MORAHA MA TIB 3ATLI WALO
3226,🐒
3227,Wtf 😂
3228,Ab3t tcho
3229,Chadi ya rab
3230,Ahbal 3lih
3231,راهو يقولي ابعث هينتاي 😭
3232,Wch asmo hh
3233,Ab3t screen
3234,Kiro hhh
3235,Kayna 😂😂
3236,RAK TMA3NI 3LIYA
3237,لالا وحداخر
3238,Khona raho 7ami
3239,خبيط موني كاش
3240,OK
3241,Ya zbi 3ndna les pc win n9ra bs7 ki zb k7al souris ki l9lawi <@1195134511546105958>
3242,<@1049778867423957022> 7bs ya5o 😭
3243,arsl nkmk
3244,<@1049778867423957022> a7bs ya totaa
3245,RAW 3ATCHAN
3246,That hand 🤤🥵
3247,Tchof li3andna ta7mad rabi
3248,Nn 😭😭
3249,Ya zbi ttya7 bl ymat 3lih time out
3250,Lmohim yedkom fih kamel kima rakom group ki nam
3251,sorry almohim golah yrsl
3252,Aya nikk 5lak 7ab n7chilk
3253,Dok nb3tlk zbi
3254,استاذ حسابو راهم واقفين فوينداوز 10🗿😂
3255,Bnytli 3jbtni ydk
3256,Rani ntmnyk
3257,Mtmnykch 😂😂
3258,Okk dik sowa ghadi n7wihalk
3259,"dok nb3tlk <:crack63:1152015881459748914> 
zbi<:NIGGA_omg:1150394296680329226>"
3260,راكو مطوريين حنا مزالهم في ويندوز 7
3261,Rabani t7ir😂 ana n3lmhm
3262,Ch7al tozn?
3263,Rabak😂😂😂
3264,45?
3265,Ya 5o 7na 3ndna vm ware w fih linux
3266,L7chwaa
3267,Ana kon5 n5dm bih l3am lifat
3268,Pc 7wya
3269,YAKHAWTI SA7BI JA MIL7IFLA TA3 DIDI O KANIT KARCHO MNIF5A WI3LAH
3270,T7sablk 7na mg3orin
3271,Sigma
3272,كون جيت نتا تعرف خير من الاستاذ كون راك نتا تقري مشي هو
3273,<:tadcarlfachero36:1152016084430487552>
3274,Gato nta chikor
3275,Wallah
3276,استاذة تاع لاسبانية هي تقري اعلام الي هاذا كامل ليسي؟🗿🗿😂
3277,
3278,واه ادا تعرف يديروها تقري نورمال
3279,Thx pookie
3280,متعرفش تشعل بيسي🗿
3281,ليسي تاعكم رايخ فيها
3282,Frrr
3283,Yo wtf l9wada hhh bs7 f lycce ghir 1er li y9raw informatique
3284,Ana rani n9raha fl jami3a 3la biha d3wa mli7a
3285,ايه علابيها حاسب حنا🗿💔
3286,F lycce jami 9ritha hh
3287,5tra brk
3288,Wch rayk n7bso l problems and let it be peace
3289,RANI MTANNAN
3290,شوف هي ماناش نقراو هادا تمنييك عندي انا👈👉
3291,OK
3292,<:emoji_91:1188672059321094224> tnakt
3293,Bs7 nta li mwlf tji tglbo🗿
3294,yakho rak ra7mat rabi ana pc ta3i m9awed tiliphon khir mano el ecran XORO marka mwadra
3295,Lala mi nta t9l9 lih lih
3296,7tit story 9rib db7tni
3297,GA3 KIMA NTA
3298,Malgri close friends
3299,9orden
3300,hru
3301,<:emoji_102:1191547661355065454>
3302,aya mziya manich wa7di
3303,لبيسي تاعي هاد ليامات راه مقعور بgame of throns
3304,9wdtha nta f hadik story 😂
3305,راني عايش بيه
3306,WCH 3ANDIK FIH
3307,Ana ma3ndich ga3 pc
3308,3la bali close friend bs7 t9e3d m9wda
3309,<:Dead_inside:1150410964659863592>
3310,Wach 7bi antik chwi?
3311,Same nigga
3312,ربي يرزقك
3313,# يازبي قلقتني علاه تهدر بخط كبير نجي نحويك ؟
3314,walah ghir masama3 bih ma3labalich el mohim 9alwa
3315,انا قتلو
3316,نميمة <:PepePoint74:1152016056244781086>
3317,امين
3318,OK
3319,sayit nal3ab l9it fps 10
3320,الحمد لله وانت
3321,Normal normal
3322,واش كنت راح تلعب ؟؟
3323,3lah 😢
3324,<:PepePoint74:1152016056244781086>
3325,ANA RANI NIL3AB FIH DARK SOULS 3 FPS 100
3326,wa9il mincraft wala nsit
3327,HIGH
3328,حبيت نتمنيك برك 🗿
3329,ما توقعتش يروح يطيحلك
3330,ماينكرافت 10fpc ?? علاه شحال عندك رام ؟
3331,وتتنايكو
3332,psa7tek khoya
3333,idk
3334,المهم
3335,YSILMIK LA3ZIZ
3336,المباراة على وشك البدأ
3337,برب
3338,Mtnayknach
3339,safi 12sna had el pc 😂
3340,منيوكين من بكري
3341,Ntfrj l match wla n9ra math?
3342,مانشوفش بالو هذه ميزة ماتخلينيش نقوش كيما نتوما 😼
3343,Bnyt
3344,baba kan yakhdem bih wa9il
3345,عندي فرض تاع مات
3346,مي نتفرج الماتش
3347,fuck it
3348,مقود ؟
3349,نتا نقش بلا الماتش
3350,gg
3351,المهم
3352,برب
3353,انا عندي غدوا فرض عربية و ما قاري والو و مازلت نتفرج هنتاي
3354,تتمنيك الفرض بعد!
3355,sure
3356,الماتش هو لي يتفرجني مشي انا نتفرجو 😼
3357,BAYNA MAYMACHILAKCH MINECRAFT 12 SNA O BABAK YA7WI FIH AK 7ABO YAMCHI
3358,عربية معامل 6
3359,DA7MAN
3360,lala Hhhhhh
3361,رحت قريت ليكور تاع مات صباح
3362,كان ينطريني عندي
3363,بعد الماتش نراجع شوية وخلاص
3364,ani far7an bih
3365,خلاص قود
3366,MAM ANA
3367,3lah <@1167199303333326989>_chan <:emoji_101:1191547625883828325>  ?
3368,ربي يرزقك نشاله
3369,lah ysalmek sa7it
3370,عندك تصرّفات نفس تاع هذا <@1180615622145622117>
3371,شكون الاستاذ المليخ
3372,لمهم تهلاو تعطيو روحو شوفو كلاسيكو
3373,ح
3374,Oh
3375,فاليوتيوب
3376,<@1195134511546105958>  واحد من غيرك رسل هذا الايموجي ليا<:emoji_101:1191547625883828325>
3377,niko
3378,<@1281747235507404800> kifeh kho cv chwiya
3379,<@1167199303333326989>_kun <:emoji_102:1191547661355065454>
3380,تحوس نيكك واقيل
3381,
3382,3lah ?
3383,<:ChineseMan:1150410495434690630>
3384,WCH DARLAK
3385,Ga3 7abin ynikoni 😔
3386,NTI TAFLA
3387,متبعثش ايموجيات كيوت
3388,لكيرو
3389,Ya zbi bl3 9wd
3390,زادلك صلاحيات؟
3391,ونتا موافق ؟
3392,lala ana mans7a9ch
3393,مبغاش يبنيطلي 😔
3394,MA7ACH NDIMONDIK YA ZA7 SA9SIT BARK
3395,<@1195134511546105958>_chan <:emoji_101:1191547625883828325>
3396,Like what
3397,Zb niko <@1167199303333326989>
3398,Tf wach knt t5mm ki 9tlk 9wd <:tyler36:1152013906726899795>
3399,مدلي gif perm
3400,<@1167199303333326989>_chan <:emoji_101:1191547625883828325> <:emoji_102:1191547661355065454>
3401,Mn9drch hh
3402,نقطة ندخلو فيه يموت
3403,fuck u
3404,"""نقطة""<:emoji_102:1191547661355065454>"
3405,نروح نغسل الماعين ليما🗿
3406,اتهلاو
3407,Aya mba3d
3408,Bda l match
3409,Chikor
3410,athala
3411,ماتو
3412,OMB3AD
3413,ڨاع راحو يتفرجو لماتش وانا نروح نتفرج porn 😼
3414,9alwat shadi
3415,اخوانه مختم لبورنو
3416,SEED
3417,راني نكمل انمي هينتاي
3418,نتا نوب انا رايح نرقد
3419,شفته
3420,مقود
3421,NA3ARFO
3422,معاك واحد شايف اوفر فلو 3 مرات👈👉
3423,نجي نيكك نحويك حتى تولي تقولي اح
3424,ياربك 3💀
3425,مصاصة دماء
3426,معاك انسان شاف ادام سويت اجوني 4 مرات <:emoji_101:1191547625883828325>
3427,نشوفو لا تاعك صغير كيما اسمك و لا والو
3428,زعما مقود ؟
3429,شاب HHH
3430,
3431,حبيبي<:Yes_Honey:1150411382869729290> وليت تشبهلو
3432,# نقش لي دار صوة تع توحويح في فويس
3433,ويراه<:767993656816304148:1150411534615453696>
3434,يازححح
3435,ويناه
3436,درك يتوسوسولي بلي نتفرج porn
3437,ههههه
3438,فويس تع كلاسيكو
3439,محمد رغيس
3440,بربش
3441,راني قاعد نشوف ونهدر معاكم
3442,نيكمه كلاسيكو غدوة نيكمها حياة
3443,ياي !!!
3444,لقيت اسم الانمي
3445,شيت هذاك انمي؟
3446,حسابني غير فيديو
3447,صباح الخير
3448,ASEM ANIME
3449,لالا راني نشوف كلاسيكو
3450,جيب لاسم<:thinker:1152013890847264788>
3451,OK
3452,نشوف هوفا احسن
3453,RANINCHOF PORN 4K
3454,خاضني فيديو تاع ذبيحة 4k هاذا احد لاحلام ولا مرة شفت وحد هكذا كامل كاليتي مقعورة
3455,
3456,KHATINI ANA DBI7A
3457,يازح درك وين شفت كلب ينهش في واحد
3458,MAYA3AJBONICH
3459,لا تاع لي كلالو قلاويه يتفوق
3460,معليش شوف كاش 2 تدمنهم
3461,كي كنت نقرا في سيام خطرة خرجت بكري على 10 شفت زوج يتنايكو ب المواس
3462,CHIFT MAKAN WALO
3463,DIJA MANICH 7AB PORN YAKFINI
3464,انا ماشي بنادم الله غالب
3465,Fr
3466,BAYNA MIN BIO TA3IK
3467,حبيبي لبايو يلعب دور<:emoji_101:1191547625883828325>
3468,MANI KATIB WALO FO BAYO TA3I
3469,BIO
3470,عندي وليد جاري وسمو عليلو مافيا ملخر يدروجي يشرب يقود ضارب معا واحد ماحبش يعطيلو دارهم معلاباليش تعمن في نص طريق عليلو جبدلو ساطور بدا يقطع في يديه ولاخر جبد موس فراشة قاصو في كرشو انا هربت موراها 😎
3471,3JAZT NA9RA
3472,م......
3473,<@1142540508183416883> asm3 dir lvoice no mic llah yhfdk
3474,عييت وانا نكتب 😭
3475,"مثير للاهتمام 
لكني لا اهتم"
3476,متقعدش<:NIGGA_omg:1150394296680329226>
3477,MIBAZAF HADA
3478,كاين واحد راهو يدير في صوة تع توحويح
3479,زعما مقود ؟
3480,زعما مقودة ؟
3481,خاوتي
3482,سلام عليكم
3483,وعليكم السلام
3484,ماتش تع ريال و بارصا بدأ وين نقدر نشوفو
3485,جوجل
3486,معنديش Ben sport
3487,ملقيتش
3488,وعليكم السلام
3489,Yacin tv تبالي
3490,وعليكم سلام
3491,اوا تلى مواقع
3492,"Astra - iptv 
هاذا ما نعرف🗿"
3493,راهم فاتحيين فويس لتحت 😃
3494,<:uncannycat:1152013915954352148>
3495,صبر نبدل لبيت
3496,ولا نقولك صوتي مينفعش غير ماكاله
3497,.
3498,WCH DARLIK
3499,
3500,Vini 97ja
3501,اصلا ماتش بدا ولا مزال
3502,BDA 3ANDO CH7AL
3503,Lalalallalalal
3504,Lallalallla
3505,Lalallalllaallaallalalala
3506,Hadi sa3at
3507,Lalallalallallalaala
3508,Khona 7ma
3509,Ya z7777777
3510,34 واحد فلفويس
3511,يب
3512,ناقص
3513,Bitch boy stupid✨️
3514,manini
3515,نشجع لي يربح
3516,لازم ريال تربح 3-1
3517,لا ربحت نافيقي 1000 كونت تيك توك متاح
3518,كسما هاك
3519,Viv barca
3520,Fuck
3521,وييي
3522,يال
3523,مركاو
3524,اول
3525,راه متأخر هاذا🗿
3526,Trb7 zbi
3527,<:emoji_75:1191783785860182136> <:CREST:1113235704852525127>
3528,نن
3529,ماركاو ريال
3530,Wiii
3531,Viv real Madrid
3532,1 wa7d
3533,Thats what i talkong about
3534,I*
3535,شيت
3536,لفار
3537,محبوهش
3538,س*
3539,Gay
3540,Zbi
3541,اتلغى ؟؟؟
3542,1-0
3543,Ah
3544,نحاوه ؟؟
3545,Oui
3546,Hhhhh
3547,S5ANT
3548,Cha77
3549,Nikmo mbapper
3550,Viv barca
3551,RMA
3552,<:juan:1150418197581922344>
3553,asm3 muti la chaine ykho
3554,T5LAS MATCH NKON DIT HARBIN TA3 SAYIAT
3555,Nta rak tdor bzf
3556,Wlh mn9dr ya 5o
3557,Nik zbi wchno hada l3b
3558,admin fi batel
3559,راني معا لي يربح <:emoji_102:1191547661355065454>
3560,دفاع متقدم
3561,ينيكونا
3562,ليفاندوسكي علاه راهو شاد في ترمتو ؟؟
3563,Fr
3564,Jordy zaml
3565,حرت نتا ولد ولا طفل
3566,ولد ولا طفل
3567,توقع
3568,ولد
3569,<:ChineseMan:1150410495434690630>
3570,لا طفل
3571,OK
3572,وانا ؟
3573,GAY
3574,
3575,MATIYA7LICH
3576,<:emoji_101:1191547625883828325> nn
3577,TRANZJANDER
3578,متبري من روحك
3579,Huh
3580,Jander
3581,<:juan:1150418197581922344>
3582,جماعة
3583,وي ؟
3584,A
3585,متحول
3586,كيفاه مقدرتش نبعث فيديو علاش في هاذا الروم <#1230876321807339551>
3587,نن لا نقش
3588,لازم تكون مقود
3589,ياخو كي سقسيتك طيحتلي
3590,نيفو
3591,لازم رتبة تاع مقود 💀
3592,ادميرال مقود
3593,شكون ؟
3594,NTA
3595,نن تاع ميمر
3596,Tranzjander✨️
3597,اوكي
3598,ذك نفري شغالاتي
3599,تهلا
3600,ديدين كاري
3601,كل حاجا عيب وحرام متغلطش فيها حتى لكتيبا
3602,Ya z7i yak 9oltlk gender ta3i prv
3603,وتف
3604,OK
3605,<@1275924261965529232>  تعرف ديدن كلاش مسلم ؟
3606,NSIT GA3
3607,فنص فاهم
3608,<@1260376858973700217> hi cutii girl
3609,ARAY 7LIB
3610,Boy
3611,اه شيت قلع ايفروي-كن
3612,ديدين تصور مع ديدي قبل مايدوه او سلفلو زيت جونسون
3613,شكون قال
3614,Nta
3615,نن إيفروي تشان مشغول
3616,Well shit i dont know
3617,دق نجر
3618,تبنييط
3619,أههه أهرب ملا
3620,فوضى
3621,هيههه أرواح سخون تاعي
3622,TA3AK?
3623,اه شيت قعرها
3624,<@1287875358493904957> ناس مبعرين
3625,<@1287875358493904957> غامل لذي الدرجة
3626,<@1287875358493904957> نتا لازم يبعثلك هوفا فلبريفي
3627,O HOWA YIB3AT L HOOVA 7LIB IFRI
3628,نشفا كان كاين واحد هوفا دار عليه فيديو بهاذ لاشم
3629,س*
3630,يا ناس واحد يتفرج هوفا طبيعي؟
3631,LALA
3632,يزين هاني وليت عشيري اخيرا
3633,"ما هو النجاح الكاذب؟
على مر العصور، توجد فئة من الناس تتلاعب بمفهوم النجاح، مُظهرين نجاحاً زائفاً لأنفسهم وللآخرين. هؤلاء يتقنون فن الاستعراض أكثر من السعي الحقيقي نحو الإنجاز. يستطيعون الظهور كالمحترفين في لقطات مبهرة، لكن خلف الكواليس يختبئ فراغ كبير.
يتمتع هؤلاء بقدرة على الكلام وكأنهم خبراء، حيث يمكنهم تحويل معلومات بسيطة ومعروفة إلى أمور تبدو معقدة وصعبة الفهم، تماماً مثل شخص يَسحَر الآخرين بنظراته. 
مع تطور وسائل الإعلام، أصبح بإمكان هذه الفئة استخدام الفلتر لتجميل مظهرهم، بالإضافة إلى الاستفادة من الإنترنت والذكاء الاصطناعي للوصول السريع إلى مصادر متعددة و جمهور أوسع.
للتفريق بين من يدعي النجاح الكاذب وبين من يسعى لنجاح حقيقي، يجب أن نكون أصحاب عقول مثقفة وواعية. علينا أن نميز بين من يسعى إلى الاستعراض وبين من يعمل بجد وعطاء. 
فلنفكر قبل أن نتأثر، ولنغربل ما نسمعه قبل أن نعيد قوله."
3634,قلب علينا الشاعر حيدرة
3635,هوفا عرفت قناتو من تاع سومة تاع دريور فدزاير
3636,عندي هكا 3 سنين
3637,"قال الفيلسوف : زعموا أن حمامة كانت تفرخ في رأس نخلة طويلة ذاهبة في السماء، فكانت الحمامة تشرع في نقل العش إلى رأس تلك النخلة، فلا يمكن أن تنقل من العش، وجعله تحت البيض إلا بعد شدة وتعب ومشقة، لطول النخلة

وسحقها، فإذا فرغت من النقل باضت، ثم حضنت بيضها، فإذا فقست وأدرك فراخها جاءها ثعلب قد تعاهد ذلك منها لوقت قد علمه بقدر ما تنهض فراخها، فيقف بأصل النخلة، فيصيح بها ويتوعدها أن يرقى إليها، فتلقي إليه فراخها، فبينما هي ذات يوم، قد أدرك لها فرخان، إذ أقبل مالك الحزين فوقع على النخلة، فلما رأى الحمامة كتيبة، شديدة الهم، قال لها مالك الحزين : يا حمامة، مالي أراك كاسفة اللون، سيئة الحال ؟ فقالت له : يا مالك الحزين إن تعلياً دهيت به، كلما كان لي فرخان جاء يهددني ويصبح في أصل النخلة، فأفرق منه، فأطرح إليه فرخي. قال لها مالك الحزين : إذا أتاك ليفعل ما تقولين فقولي له : لا ألقي إليك فرخي، فارق إلي، وغرز بنفسك، فإذا فعلت ذلك وأكلت فرخي طرت عنك ونجوت بنفسي.

فلما علمها مالك الحزين هذه الحيلة طار، فوقع على شاطئ نهر، فاقبل الثعلب في

الوقت الذي عرف، فوقف تحتها، ثم صاح كما كان يفعل، فأجابته الحمامة بما علمها

مالك الحزين، فقال الثعلب أخبريني من علمك هذا ؟ قالت : علمني مالك الحزين."
3638,DITHA MIN GOOGLE
3639,i can't breath 👮‍♂️👨🏿
3640,Nn
3641,comme quoi
3642,Chat gpt
3643,هوفا لكريم
3644,PAIMOOOOON
3645,Finally
3646,Genshin player
3647,مخاوف الاهل على تفكير اطفالهم
3648,Yep brooo
3649,i can't breath 👮‍♂️👨🏿
3650,كل عام وانتم بخير
3651,Finally
3652,FUCK GENSHIN
3653,صبـ(⛅)ـُ(آٍلـٍـً(🌺)ـٍورٍدً)ـ(⛅)ـٍآٍآٍحً
3654,أٌنــُتَ ڳُــــيّفُڳً
3655,Meh
3656,بّخــــَيِرً أَلًحّمِـــــدِلٌلِه
3657,أُمّــــيّنٌ وُيَــــأَأُڳّ
3658,ملخر نحب فورينا
3659,مۡسَـ(🌙)ـاء الۣخيۡـ(🌌)ـݛاَت
3660,GORDOOOOON
3661,مۡـ(😌)ـسَاء اٍلٍّفٖـ(💐)ـٍل
3662,وشوغن
3663,Mehhhhh
3664,لَمْ أعدْ أملِگ مَوهبةْ الحَديثْ ؛أصمَتْ حتّىَ وَ لَوْ گانَ الأمرْ يهمّنِي ليْسَ ضعْفاً وَ تگبّراً بَلْ ملِلتْ
3665,وميكو حاصول كامل عراض
3666,Fischl
3667,احسن الظن في الناس وكأن كل الخير فيهم، واعتمد على نفسك كأنه لا خير في الناس.
3668,هوفا يحب لوخر هاذاك سي مسعود
3669,"لا تكلمنى, انا صايم"
3670,راني رجعت
3671,ديدين تصور مع ديدي قبل مايدوه او سلفلو زيت جونسون
3672,Raiden>
3673,مع السلامة
3674,MAR7BA
3675,شكراً جزيلاً
3676,تحياتي للجميعتحياتي لكل أفراد الأسرة
3677,3ndi
3678,جاد الزمان وأنت ما واصلتني  يا باخلاً بالوصل أنت قتلتني
3679,واش راكم
3680,لا تعجلن بوعد ثم تخلفه  فيثمر المطل بعد الود أحقادا
3681,لا تعجلن بوعد ثم تخلفه  فيثمر المطل بعد الود أحقادا
3682,يا غائباً ذكرُهُ في القلب محتَضَرُ  صبرتَ عنّي وما لي عنك مصطبَرُ
3683,السلام عليكم
3684,لُكُلِ اِمرىءٍ شَكلٌ مِنَ الناسِ مِثلُهُ  وَكُلُّ امرىءٍ يَهوى إِلى مَن يُشاكِلُه
3685,LABAS
3686,تانا
3687,Jbtha 74 pity
3688,عندك ميكو؟
3689,وعليكم السلام
3690,و عليكم السلام
3691,Nope
3692,i can't breath 👮‍♂️👨🏿
3693,i can't breath 👮‍♂️👨🏿
3694,3ndi kazuha ofc
3695,و عليكم سلام
3696,72
3697,اختر أهون الشرين
3698,<@1260376858973700217> ياخو نتا شحال عمرك
3699,دوم ان شاء الله
3700,إذا تم العقل نقص الكلام
3701,بايمون ؟<:uncannycat:1152013915954352148>
3702,Kinich
3703,إذا قصرت يدك عن المكافأة فليصل لسانك بالشكر
3704,أحضر الناس جوابا من لم يغضب
3705,Mona c1
3706,انا طرطقت كونت صاحبي
3707,Jatni early 2 marat
3708,ملك الجليد
3709,<@1260376858973700217> شحال عمرك خويا لعزيز
3710,توقع خو🗿
3711,18
3712,Mazal ma5srt 50/50
3713,20
3714,ذاك شعور لي متعرفش وش اسمه
3715,Wait ch7al ar ta3ek
3716,مممححح سخون عليك انا
3717,19
3718,لا🗿
3719,I'm sooooo happy today
3720,لا
3721,لما تجيبو ؟
3722,جبتو
3723,9AL
3724,شحال مالا قولنا
3725,دوم ان شاء الله
3726,No
3727,
3728,لالا
3729,15 ياربك
3730,Ra7 ydiro skin ta3 Jojo fi brawl stars
3731,سايمون
3732,اكبر مني بعام
3733,Ch7al Adventure rank ta3ek
3734,شحال تجيب معدل خو
3735,OK
3736,براول ستارز محيتعا هاذي عام
3737,
3738,هي مقعورة 14 بتمنييك
3739,
3740,Nooooo
3741,<:cum:1152013788653031434>
3742,56
3743,Ch7al ar ta3ek u black piece of shit
3744,14 الله يبارك
3745,Ana 53
3746,اي يو مزالو كاينين عيباد يقصرو قنشن ؟
3747,MOTALA9A
3748,Ch7al 3ndek o nta tl3ab
3749,انا طرطقت كونت تاع صاحبي
3750,قرد 🐒
3751,Tfk how
3752,بكري ضرك خلاص
3753,Chkon hada ?
3754,Gordon ?
3755,من ايام كان زونغلي هو لاركون لوحيد
3756,🐒
3757,CHADI
3758,ثقة لعشير
3759,Venti...
3760,🐒🐒🐒
3761,🐒🐒🐒🐒
3762,ياخو كاينة يد بيضة تاع وحدة الطفلة لوكان تاكل لعدس تموت
3763,كاينين العاب افضل منها كقاتشا
3764,🐒🐒🐒🐒
3765,ويزيد
3766,Ana wsalt ar 53 w t3lmt kloech fi genshin only 2 month
3767,💀💀💀
3768,هذاك رخيس
3769,سلام عليكم
3770,
3771,HOW DARE U
3772,My 2nd fav character
3773,Wtf howw
3774,# 7mdlh chft from 9bl maywli trend 😃
3775,A7m
3776,8h fi day
3777,"انا عندك 
فورينا بعت كلوة وما جاتش"
3778,توم عندو البينك 1000
3779,Wa7ed nhar 12h
3780,اه شيت اخوانه مدمن
3781,و عليكم السلام
3782,وس راك حنونيي
3783,البينك
3784,Not alote
3785,واضح
3786,<@1195134511546105958> rani lvl 20 omn9derch nb3at pics
3787,من مارس الجنس
3788,واش راك ريكاردو حبوب 😘 🥰
3789,I love PAIMOOOOON
3790,W character
3791,الحمد لله بخير و نتا
3792,She's the final boss 100%
3793,لازم تبنيطلي وديرلي بيبا باش تبعث
3794,وش رايك
3795,حمد لله -دووووم <:1catflower:1279073061898944512>
3796,Nsit ki kont nr9od m3ak 😡
3797,# هوفا هبط فيديو
3798,لبنات هنا مكاش
3799,شكل لاصلي💀
3800,كنت نحويك ونتا راقد 🤤🥵
3801,<:cum:1152013788653031434>
3802,Frrr
3803,من مارس الجنس
3804,Ya3ni lazem trdi 5idma
3805,احكيلنا قصة نيكك ليه
3806,تهلاو
3807,"# Original Femboy : 

<@1081296261182935040>  price : 20da


<@742398088886353962>  price : 50da


<@1287875358493904957> price : 100da"
3808,Cya paimon
3809,بلع تحب الضرب يخي تحب السادية
3810,O ana ?
3811,🤑
3812,علاه انا ارخص واحد؟
3813,P-diddy part 2
3814,Mni seriou 😭
3815,😭
3816,# WTF
3817,ندي حليب ايفري
3818,ياخو علاش ريكاردو هو الرخيس بيناتهم
3819,Ana hwa original
3820,راك تشوف حقروني
3821,صغير
3822,Sa9si <@742398088886353962>
3823,يا حسراه
3824,العكس الصغار الحلاوة قع فيهم كي تنيكلهم حتشونهم
3825,Wait ana wha owner ta3 femboy
3826,وين نلقا حليب ايفري باش نديه
3827,Hna
3828,"# BIG PRICE FEMBOY ORIGINAL (Limited Edition)


<@1180615622145622117> price: 200da"
3829,Kfc ablm
3830,ههههه
3831,Lmao
3832,اغلقي قعك
3833,وشنو هما ميزات دياولو
3834,
3835,ياودي لمشكل ليفيدو كامل شفتهم
3836,هذا تاعي
3837,Femboy milk 2l everyday
3838,BSA7TIK
3839,
3840,<@1298318639618855075> هذا يبغي السوط
3841,شحال لحليب هادا
3842,Nah ta3k machi bnin
3843,😭
3844,اشرب ماء زمزم خير
3845,DA9TO
3846,50da
3847,Wach rayk ?
3848,rani f video ta3 hova gdidd
3849,و هذا؟
3850,داق الزنة حبيبنا
3851,7angbdo m fakhr
3852,CH7AL HADA
3853,تويوتا تشان
3854,ويييي
3855,10da
3856,wach 3ziz
3857,جيبولي 2 قراعي
3858,WIN YTBA3
3859,خاااوتي
3860,عندي
3861,رانا فنيك مي الحمد لله ونتا ؟
3862,ازبي جيبوني نتفرج
3863,جاوبوني
3864,جيش قوريش في vc
3865,move me
3866,WIN TASKON
3867,كاش واحد يدخلني
3868,cv hamdullah
3869,اشريلي معاك اوليدي
3870,ياااليكيييب
3871,الاغواط
3872,"# Fimboy 14 yo produces fimboy Oreos with fimboy Milk Flavor (Limited Edition)

THE FEMBOY : <@1081296261182935040> 

PRICE: 500DA 


(JUST ONE)"
3873,يااااو
3874,ga3 m'en bounan
3875,دخلوني زبي
3876,3andi 150
3877,<:NIGGA_omg:1150394296680329226>
3878,BIZAF 500
3879,شحال نجيبلك<@1137510099154378752>
3880,يدكم فيييه
3881,كان ب 20 ميل غير قبيلاتيك علاش تغلي ؟
3882,يصنع اوريو بحليب فيمبوي
3883,<@1180615622145622117> 🤲
3884,6
3885,ها دخلونا
3886,ydak fih
3887,Antikk
3888,OK MI CH7AL LA7LIB
3889,زب
3890,بيه البنة
3891,<@1215768550132682804>دخلنا
3892,تم فريرو <@1137510099154378752>
3893,Yedkom fih
3894,وين ندخلك
3895,<@1081296261182935040>دخلنا
3896,لفويس
3897,اعطيني حبة ندوق المنتوج
3898,وين؟
3899,انا مقدرتش
3900,لفويس يا قحبه
3901,هاك زوج من عندي <:emoji_102:1191547661355065454>
3902,ياربك شكون رتبح
3903,# + Y5DM OREOS B FEMBOY MILK 😋
3904,اعطونا ندوقو
3905,انا وش قودني يا قحبة
3906,سليب تاعك وهو يشوف فيم تساوم في سروال يدير 800 الف😂😂😂
3907,<@719264664135008256> ro7 tsli la nikk b rifle
3908,NA3REF NDER EDIT NDERALKOM PIBLISITI
3909,Hada nta 💀
3910,Ana Mol akbr tota fi lafric <@1054707551373111337>
3911,دخلنا يا زبي
3912,شفت حاجة
3913,جبتو
3914,شفنا حاجة
3915,Nn hada <@719264664135008256>
3916,يا لقوادة مشي انا لي ندخل الناس
3917,Tnak
3918,المهم شكون ؟
3919,مام انا ندخل
3920,زببببي
3921,Ilyes 9alwat chadii!
3922,<@1195134511546105958>دخلني لتحت مكمك
3923,حتواحد يا لحمار
3924,cv
3925,NA5DAMLAK PIP
3926,تحبو نجيبلكم طوطا تاع كريتوس؟؟؟؟
3927,Ana
3928,عاودت جبتو كي قلتلي اتناك
3929,لالا
3930,وااش يازبي نسيتوو واقيل
3931,Ih
3932,دخلني
3933,Wach thdr?
3934,يوهان المطنن
3935,3lah ?
3936,اك
3937,اربط <@947502234034397245>
3938,:white_check_mark: **@ainez. تم اعطائه وقت مستقطع!**
3939,ghi dkhlni brk
3940,<@1281747235507404800> yakho banatni wa7ad el tafla
3941,ntfrjo
3942,نيكك؟ <@947502234034397245>
3943,ga3 s7abha blokawni
3944,؟؟؟
3945,اذا بغيت نيكك متهدرش
3946,واش تتفرج ؟
3947,السكوت علاكة الرضا
3948,م
3949,يوهان مطنن
3950,swa ta3 mok
3951,عندك طوووطة
3952,طار لحمام <@947502234034397245>
3953,زبب
3954,<@710133137677615215> 3lah ysbi wlh ma 3a9lya hadi ._
3955,No lazem tkon kima ana
3956,رحت تعتطااااا
3957,بااينااا
3958,Oui wlaa noo
3959,رانييي مطننن
3960,Rak tchf ya5o 🤕 <@1195134511546105958>
3961,اااا
3962,ha dkhlna
3963,w ana 3lah ya sbi hh
3964,عبز عليه
3965,KIFAH NIB3AT TASWERA
3966,هكااا
3967,علامن؟
3968,لازملك تكون مقود كيما انا
3969,i cant ha move zbi
3970,على بنت خالتي
3971,مص زبك
3972,نبعت ديالي ؟؟
3973,roh nk swa ta3 mok dklna
3974,ديره نشوفوك ففيديو اعترافات لمتابعين
3975,5ISTNI TARMA
3976,نايس
3977,لالا تفيقلي🗿
3978,Nn 9oli sma7li
3979,تفيق ولا لا بزوج رح تعجبكم🗿👍
3980,nkmk say dkhlt
3981,وشبيك زبي وين ندخلك
3982,f swa ta3 mok
3983,اربط <@1049778867423957022>  28d
3984,rakm 3agbini a Khawti 😩😩
3985,la la pls
3986,دك نجبدو هنا
3987,Bruhhh
3988,smhlna
3989,<:NIGGA_omg:1150394296680329226>
3990,my bad
3991,اربط <@1049778867423957022> 28d
3992,:white_check_mark: **@zno.9 تم اعطائه وقت مستقطع!**
3993,طيحت لكل سيرفر بيماه وتقول لالا بليز ؟؟
3994,Ttya7 bl ymat makach
3995,Sirrr al 9laxi sirr
3996,ههههه راك تشوف
3997,ياي !!!
3998,
3999,NTA B 500
4000,نيك السوة تع ماليك القحاب يا النقش القحبة وليد القحبة نيك مك ونيك ختك ونيك باباك يا الزامل وليد الزانية العطاية نيك لافامي تاعك من بنتك القحبة لي مزال ما خلقتش لجداتك الزانية لي غتاصبها جدك نيك مك ونيك الحيوان لي غتاصب القحبة لي خراتك ملور يا النقش نحرق حتشون ماليك القحاب اذا نتا راجل نيك مك قحبة وليد قحبة نيك سوة يماك نيك نهار يدفنوها ونيك مك نهار تحطوها في قبرها ونيك اي واحد مات ولا راح يموت من لافامي تاعك نيك والديك نهار يموتو نيك مك نيك اي انسان عزيز عليك نقش كيما نتا قحبة وليد قحبةنيك السوة تع ماليك القحاب يا النقش القحبة وليد القحبة نيك مك ونيك ختك ونيك باباك يا الزامل وليد الزانية العطاية نيك لافامي تاعك من بنتك القحبة لي مزال ما خلقتش لجداتك الزانية لي غتاصبها جدك نيك مك ونيك الحيوان لي غتاصب القحبة لي خراتك ملور يا النقش نحرق حتشون ماليك القحاب اذا نتا راجل نيك مك قحبة وليد قحبة نيك سوة يماك نيك نهار يدفنوها ونيك مك نهار تحطوها في قبرها ونيك اي واحد مات ولا راح يموت من لافامي تاعك نيك والديك نهار يموتو نيك مك نيك اي انسان عزيز عليك نقش كيما نتا قحبة وليد قحبةنيك السوة تع ماليك
4001,الأخ نحلتلو
4002,هدي عجباتك
4003,Ooooo
4004,1-0 ليفا
4005,ليزوم يا قاطو
4006,YASA7BI WCHBIK
4007,هاذي نحتاجها
4008,ليخصو نبعتهالو
4009,وش تبعث ؟
4010,نص
4011,TARMA
4012,M9wd yeah 😂😂
4013,هي ديناها بصح بعث
4014,Zid nta tan
4015,نيك السوة تع ماليك القحاب يا النقش القحبة وليد القحبة نيك مك ونيك ختك ونيك باباك يا الزامل وليد الزانية العطاية نيك لافامي تاعك من بنتك القحبة لي مزال ما خلقتش لجداتك الزانية لي غتاصبها جدك نيك مك ونيك الحيوان لي غتاصب القحبة لي خراتك ملور يا النقش نحرق حتشون ماليك القحاب اذا نتا راجل نيك مك قحبة وليد قحبة نيك سوة يماك نيك نهار يدفنوها ونيك مك نهار تحطوها في قبرها ونيك اي واحد مات ولا راح يموت من لافامي تاعك نيك والديك نهار يموتو نيك مك نيك اي انسان عزيز عليك نقش كيما نتا قحبة وليد قحبةنيك السوة تع ماليك القحاب يا النقش القحبة وليد القحبة نيك مك ونيك ختك ونيك باباك يا الزامل وليد الزانية العطاية نيك لافامي تاعك من بنتك القحبة لي مزال ما خلقتش لجداتك الزانية لي غتاصبها جدك نيك مك ونيك الحيوان لي غتاصب القحبة لي خراتك ملور يا النقش نحرق حتشون ماليك القحاب اذا نتا راجل نيك مك قحبة وليد قحبة نيك سوة يماك نيك نهار يدفنوها ونيك مك نهار تحطوها في قبرها ونيك اي واحد مات ولا راح يموت من لافامي تاعك نيك والديك نهار يموتو نيك مك نيك اي انسان عزيز عليك نقش كيما نتا قحبة وليد قحبةنيك السوة تع ماليك
4016,Hell yeah
4017,
4018,اربط <@1137510099154378752> 28d
4019,:white_check_mark: **@karim209_15406 تم اعطائه وقت مستقطع!**
4020,😂😂.
4021,ليفا والثاني
4022,شيكور
4023,OH CHIT
4024,Luwaa
4025,Aller
4026,ناكوهم
4027,1-0
4028,ليزوم يا قاطو
4029,2-0
4030,زادهم ليفا
4031,Aww
4032,شت و كتبتها غالط
4033,ماراهش يروندي
4034,والله بدماغ
4035,
4036,خلاص مصهولو
4037,<:emoji_102:1191547661355065454>
4038,قعرو خخخ
4039,2_0 يا الاخوة
4040,مور بعض
4041,Ya zbi
4042,شكون ؟؟
4043,نمشي نشوفلي كاش يوزر
4044,ايي انا قدييم
4045,شيكور ياخو ليفا
4046,حلهالو
4047,ءءء علابالك قعرهم
4048,<:CREST:1113235704852525127> <:CREST:1113235704852525127> <:CREST:1113235704852525127> <:CREST:1113235704852525127> <:CREST:1113235704852525127>
4049,🐒
4050,😂😂😂😂😂
4051,
4052,او جاي 3
4053,يزح
4054,تحسايبونا دورتموند ولا
4055,Watch a monkey cry 2024
4056,Viv barca
4057,اي شعره
4058,slm
4059,وعليكم السلام
4060,kash wa7ed shaf spongebob
4061,خاوتي ريسان الطوطة راني حاب نحط فيديو
4062,<@742398088886353962> أححح ثبوحي
4063,في روم <#1230876321807339551>
4064,RANI 7AB NICHRAB 7LIBAK
4065,9OL
4066,Me
4067,You
4068,ماي حبوبي 😍 🥰
4069,9OOOOOL
4070,مي بب
4071,RANI 7AB NICHRAB 7KLIBAK
4072,
4073,أححح تاعك صغير <:KEKYou:1150418200027201566> بدل مكان
4074,علبلك وش معنها زل بصح عندنا 💀
4075,MAT7ALABCH
4076,وش معنتها <:uncannycat:1152013915954352148>
4077,زن=زل
4078,ليفاندوسكي نقش
4079,غير يضيع
4080,Bl3
4081,هيه نتا برصا ؟
4082,2-0
4083,Nta mrkithom
4084,ضيع والقول فارغ تتمنيك
4085,Mtmnykch
4086,Ya 5o ni nchof f site
4087,والله
4088,Raho ytko0a
4089,Ytkopa
4090,Llalalala
4091,نقش
4092,والله مايتضيع هذاك
4093,<@1195134511546105958> ayoo 💀 برو شوف فويس
4094,منيش قاعد
4095,CH7AL LA7LIB TA3IK
4096,صور وابعث راني نتفرح
4097,ج
4098,شوف عدد تع لعباد
4099,رقم قياسي
4100,I WANNA YOUR MILK
4101,SAY SAMTHING
4102,what will you do with it
4103,شكون لي مايضحكش قع
4104,فيديو مايضحكو
4105,ياقحبة
4106,يجيني بريفي
4107,يببب
4108,DRINK IT
4109,خاوتي
4110,واحد البيت
4111,ناكو
4112,شكون النقش لي مداير هذاك صوت
4113,والله نيكو
4114,ايفري مايحلبش
4115,3-0
4116,ناكوهممممممم
4117,L7wa ya 9a7baa
4118,"هاهو شعر فيه 4 بيوت 
جاني واحد فلمنام كان يلعبلي بيه 
قلتلو هاذ الشي حرام 
قالي موالف بيه
طبعتولو حتان خرجو عينيه"
4119,rahoum qlwawna barca
4120,3-0 mother fuck
4121,7WAWNA
4122,<:CREST:1113235704852525127> <:CREST:1113235704852525127> <:CREST:1113235704852525127>
4123,Aller aller
4124,<:CREST:1113235704852525127> <:CREST:1113235704852525127> <:cum:1152013788653031434>
4125,fuck this shit
4126,كل واحد شاف المتش راو على جنابا
4127,🇳 🇮 🇰  BARCA
4128,<:shivermetimbers:1152016074695516160>
4129,L7wa
4130,Aa77
4131,هذا فيلم بورن مشي ماتش
4132,ih porn
4133,qlwanwna ya chkoopy
4134,
4135,تحيا البرصا
4136,رانا على جنابا
4137,ddaroulna 3 3la jih
4138,شكون لقحجة لي قال 3 راه فطريق
4139,fuck
4140,tbahdila
4141,w zid lamine yamal
4142,li marqualhoum
4143,bro
4144,Ana wach 3ndk ?
4145,ناكوناذ
4146,this is fucking asshole
4147,Ta3ti
4148,روح ادوش يالمكلخ رووووووح
4149,<@1195134511546105958> ارواح شيل 2
4150,Frrr
4151,barca fans be liike arwah ndirou partiya
4152,😂😂
4153,4
4154,yregdou bi koul aman
4155,يلقحجة
4156,444
4157,يلقحة
4158,وتفك
4159,ناكونا
4160,444
4161,قحجةةةةة
4162,وتف
4163,7wawna ki hna ki bayern
4164,fuck
4165,تناكت ياربك 4-0
4166,قحبة مبابي
4167,قرد فيني
4168,4-0
4169,?
4170,شوف دقيقة
4171,fuck
4172,nik raphinha
4173,nik moh
4174,4 ينم
4175,تناكينا
4176,4
4177,خخخ
4178,yrih ya3ti
4179,nik moh
4180,خخخخ
4181,خخخههه
4182,ههه
4183,مبابي
4184,قحجةةةة
4185,Zebi
4186,n3all tizz mathom ga3 les joeurs ta3 barca
4187,فيني كحلوش عبد زنجي قرد كوكينج
4188,oui farcha
4189,lzm ykhrej
4190,aw qlalna l équipe oww
4191,Gaaaaaaa
4192,Yyyy
4193,Nik ymahom
4194,ملي جا وحنا خرا فخرا
4195,مخدمناش
4196,fact
4197,4-0
4198,tnekt 3lina
4199,4-1
4200,bayern
4201,mother fuck
4202,nwelliw martaba 2 éme
4203,fuck
4204,fuck
4205,شيتتتتت
4206,دورتموند
4207,fuck
4208,ولاد لقحاب عطاونا ثقة
4209,ملي بدات لبنات يتفرجو ف ريال تناكت علينا
4210,<@1260376858973700217> علاه نتا هو المدرب تاعهم نتوما ازوج <@1260376858973700217> <@1093236226003325088>
4211,🐒
4212,حب سنوات
4213,شواكركم
4214,azul felawen
4215,n3all tiz mathom ga3
4216,gg jsk 1-0
4217,مليوم
4218,نقلبها ليفربول
4219,<:gigachad:1150419236989186078>
4220,araw n lqvayel araw n ljerjar
4221,4-0
4222,مكاين ني بيت شرف ني والو روحو ترقدو
4223,😂😂😂😂
4224,تجرجير
4225,ياربك
4226,<@1260376858973700217> يشبعوك بول
4227,4 real w 4 l bayern
4228,nakouna b 4
4229,نروحو نقودو
4230,ak tshof nakouna 4k
4231,<:Yes_Honey:1150411382869729290>
4232,we got fucked in front of public
4233,Ana barca hh nknakom
4234,4 zebis
4235,ناكونا على لمباشر
4236,4k
4237,4 zebis dekhlou f real
4238,wl lkhamissss
4239,shit
4240,qrib zadoulna wahed
4241,<:Dead_inside:1150410964659863592> <:Dead_inside:1150410964659863592>
4242,ياخو انا منزيدش نتفرج
4243,ليلة دخلة علابالك
4244,Hhhhh
4245,ih daroulna fucking 4 in one match bzf
4246,شعرة 5
4247,نمشي نسب كاش شيعي نقرغ طاقتي
4248,ف*
4249,machi haka bsh
4250,mdinalhoum confiance
4251,كثر
4252,mbappi zad fndeqha
4253,wlh ghir smir
4254,wlhhhh
4255,علاه ؟
4256,14 champions league w 5 champions league
4257,fuck
4258,ولد لقحجة هذاك
4259,عطايين
4260,we are cooked
4261,fuck
4262,Yazabi 3la Real Madrid
4263,نتا يا نقش ؟؟
4264,Nik zabi
4265,n3all tizz ymahoum les joeuers
4266,srtt mbappé
4267,"Frrr , true , fact....."
4268,qhba
4269,And More
4270,Mpapi d5alo
4271,Wtf
4272,d5alo blbzf
4273,c grv
4274,4-0
4275,?
4276,!!!!
4277,fuck
4278,ykhwti wejdou rwahkoum
4279,ني حاس 5
4280,الخاوة شكون لي يقدر يمسهولي
4281,Lamfao
4282,dok l barca yhkmouha 3ndhoum
4283,yjbdoulna dossier
4284,wchbihoum les joueuers ya chkoopy
4285,امشيو تدوشو ورڨدو
4286,tactic fachelllaaa
4287,الخوف لاكبر
4288,Dok tt7allhom jma3t barsa
4289,dok ytirouhali b 44444
4290,مسوهولي
4291,ih 4-0
4292,f bernabeu
4293,mother fuck
4294,f l espagne
4295,الاربعة توجع اه شيت
4296,we are cooked
4297,stade ta3na
4298,ربحتو راكم فرحانين 😂
4299,n3all tizz ymahom
4300,fuck
4301,f stade ta3na
4302,qhab
4303,Tr5f nta barsa ??
4304,راني مطبوخ
4305,ya zebi f stade ta3na tanid
4306,Jma3t barsa 🤡
4307,f stade ta3na en +++
4308,fuck
4309,فيلم بورم
4310,ن
4311,خاوتي
4312,مش حاب نصدمكم
4313,<a:Dollaz:1150410764054704269>
4314,Tnawet
4315,4
4316,جبتو على الريال
4317,ربحت بارصا
4318,لpornبيو
4319,4
4320,hhhh
4321,c grv
4322,وليت نحترم بارصا ونحبها أكثر مع اني نحب ريال ك سائر بشر
4323,gg
4324,ربحت ع ريال 4
4325,💀💀
4326,Gg تحشم تقولها
4327,daroulna al arba3a
4328,هدف شرف مكانش
4329,Yeah man
4330,ربك
4331,dok yhkmouha 3ndhoum
4332,كاينه
4333,w ytirouhalna
4334,غادي منا ل2030 يحكموها دوسي
4335,bayern ra7et 4-1
4336,hna 4-0
4337,انا ميهمنيش عادي نحب ريال و بارصا
4338,fuck this shit
4339,bzf
4340,ونلعب بيهم فيزوج ف فيفا
4341,loukan au moins 4-1
4342,👀👀
4343,owww
4344,اغتصبونا
4345,ykho ddaroulna chi chi w khlass
4346,fuck
4347,سلام عليكم
4348,"*رياكشن محمد رغيس*
A3333"
4349,slam
4350,عادي مبهمنيش  خسرنا gg
4351,نميييي
4352,Aw
4353,ak tsho
4354,were fucked
4355,
4356,Yaw gg ta7chm t9olha
4357,ykhwti
4358,akharjou mbappé
4359,شحال في عمرك
4360,rahou ki ch3er
4361,Fact
4362,ana 5 snin
4363,w nta
4364,Mliha
4365,Ml9ri 5asrt real Madrid mi nb9a nb5iha 🗿
4366,ملي جا وريال مهش ف خيؤ
4367,ر
4368,43 ans
4369,kynaaaa
4370,mli7a
4371,خاوتي ايزن مزال فسرفر؟
4372,مبابي شبع خسارة مع باريس جا ريال 🙂🙂
4373,عندي حفلة
4374,تجي
4375,his cursed
4376,تع ديدي
4377,مسمي نفسك ديدي💀
4378,واحد يقرا معايا نسموه ديدي يشبهله🙂
4379,قدوة تاعي
4380,وهو يقلي عندي حفله ب زيت اطفال
4381,قدوة مليحه كمل فيها خو
4382,ندعموك قع من لور
4383,👀
4384,انا مانشبهلش فالوجه بصح فالعقلية ايه
4385,"جماعة ريال راح يديرو بكاء جماعي 
4-0🔥🧏🏻‍♂️"
4386,مرحبا نبدا بيك
4387,صاحبي يشبهله فل وجه وعقليه
4388,mbappe ydk fihhh <:cum:1152013788653031434> <:cum:1152013788653031434> <:cum:1152013788653031434> <:cum:1152013788653031434> <:cum:1152013788653031434> <:cum:1152013788653031434> <:cum:1152013788653031434>
4389,Nta barsa wa9il ??
4390,هدا وليدو نعرفو
4391,هذا مشي ماتش هذا حوا
4392,<:cum:1152013788653031434> <:cum:1152013788653031434> <:cum:1152013788653031434> <:cum:1152013788653031434> <:cum:1152013788653031434>
4393,visca barca
4394,💀💀💀
4395,فيسكا حبب
4396,فيسكا بيديد
4397,ختك
4398,اخخ ضعاف تعزبي
4399,ya hoova ida rak tchof fl msg ydk fiihhh <:cum:1152013788653031434>
4400,<@836767184855891998> ydk fih <:cum:1152013788653031434>
4401,Dija nikathom fi zoj ki real ki barsa
4402,lmolodia hbibi
4403,ايزن مزال moderator ولا خرج من سرفر؟
4404,قود
4405,نتا زاكي؟
4406,ايه
4407,خخ
4408,<:cum:1152013788653031434>
4409,وشراك
4410,
4411,usmh
4412,حمدلله لباس ونتا cv؟
4413,حمدلله
4414,تكومباري يلا و بارصا بمولوديا
4415,7bibna m9awad
4416,Psycho
4417,Wach jab 5ra ll ward
4418,SA7
4419,علاه الرابع يجي كل عام كيف كيف
4420,لي ضربنا قاعو مايهمنا صداعو
4421,Yza7
4422,ياقحبة مزالك حي
4423,قوة
4424,وا زبي ماتو كيما راهم
4425,قهوة شرڨي
4426,سالام عليكم
4427,ديدين قالولي بلي راك كاره كاينا حفلا تجي
4428,كاين شي حد قاري  reverend insanity؟
4429,مازال
4430,خو علاه ملغيتليش للحفلة
4431,كاين حفل جديدا نورمال ندير الحافالات على جالك
4432,تجي
4433,حبيبي راني تم
4434,روشي لي برك دك نشوفك
4435,<@836767184855891998> هوفا نبعثلك تصويرتو انا عندي طويل عريض مريض راسو خشين ارايب تاعو مايخلاصش مواصفات ولا اروع زيد مشي طويل تمصخيرة لالا هاذا لازملو قاراج تقاريه فيه لي يحب يشري نبعثلو تصويرتو فلبريفي او يدكم فيه
4436,V.I.P لعزيز
4437,V•VIP
4438,كارطونا تاع زيت
4439,<:emoji_101:1191547625883828325>
4440,نتلا قاو قدام لبيسين نعتلك بيتي كيفاش دايرا
4441,نشري كونتونار تاع زيت على جالك
4442,متتحمسش
4443,رانا غي نزعقو
4444,عارف
4445,"واش خاوتي كيفاه نبعث تصاور اي طريقة وحداخرة
-# تحذير هاذا المستخدم اخذ صورة مع ديدي ولا انصحكم ان تمنشنوه ولا تردو على رسائله لانه سوف.... ‏ⓘ"
4446,قالولك انا بيديد تاع صح
4447,كريثة
4448,اصبر دك نصورلك زبي ونبعتهولك. كحل
4449,ياربك😂
4450,خاوتي وش راكم تهدرو على يهديكم
4451,هههههه
4452,<:NIGGA_omg:1150394296680329226>
4453,we got fucked
4454,قالك لي يهدر بتاعو كامل 13- سم
4455,nik hatchoune zebi
4456,تسما وصلت التصويرا
4457,fuck you
4458,32سنتيم
4459,لالا
4460,fuck you nega
4461,ssah nta ttghtaseb niggas and child
4462,نحكمك نقتلك بطوطا
4463,32 نضارب بيه مع مسيح دجال
4464,why
4465,غير انا وسونيك الفايح
4466,انا نحفض التاريخ وهو يحفض الجغرافيا
4467,وش راك تهدر
4468,سوبر سونيك وشمن سونيك ازبي
4469,سونيك تاعو زرق 🗿💀
4470,قالك تاعو فيه 32 <:juan:1150418197581922344>
4471,شكون سونيك؟
4472,ياخو مارانيش قادر نتنفس من الضحك
4473,حاج سوة نيك
4474,نص ستاك انا فيه 20 ميترا وين تروح نجبدك
4475,besa7 ki ykoun super sonic tota ta3o tweli sefra
4476,هيه حاطني نكدب
4477,#mpapi needs to pdidy
4478,تهوكي بيه ناس وقيل blidzcranck
4479,ابعثهولو تصويرة
4480,خلاص ماكانش مشكل
4481,يا عطاي مصطلاحات جدد
4482,اوووو اوووو كالمي روحك خويا
4483,اصبر دك يحي يجبدو جاستن انا مانقدرلوش تقيل بزاف
4484,طيتلنا نرتبوها ولا كفاه
4485,اتهلالي فيه
4486,اسمع ياخو تاع العود شفت قدمنو فيه 50 سم 😂
4487,باينا
4488,هذيك رجلو الخامسة مشي تاعو <:juan:1150418197581922344> <:cum:1152013788653031434>
4489,باش يديرهولك
4490,وانا نكت العود
4491,besa7 ki ykoun super sonic tota ta3o tweli sefra
4492,besa7 ki ykoun super sonic tota ta3o tweli sefra
4493,true
4494,😂
4495,ههههههه
4496,what mourad tahari
4497,نتا تاعك فيه رايب infinity
4498,خاوتي مانيش قادر نتنفس ناكني ضحك
4499,ناكو ضحك خاوتي <:therockreaction5:1152013878641819768>
4500,وكاين تاني كونتيا
4501,<:uncannycat:1152013915954352148>  ناكو ضحك كفاه هذي
4502,😂
4503,قع ياخو
4504,اي انا لي نكت الضحك
4505,is it mourad tahari
4506,مريحة ضحك مزكم شوية ؟
4507,<:NIGGA_omg:1150394296680329226> 💀<:shivermetimbers:1152016074695516160>
4508,انا لي نكت الضحك ماشي هولي ناك
4509,"بسيط هاذي غيبة 
انا جايك"
4510,4-0
4511,سراق سليبات downbad
4512,توجي سرقلي سليب تاع بيونساي
4513,شكون هاذا يحب طوطة نجي نديرلو تاع عمي مسعود طولو قد تاع لعود
4514,وقتاه سرقتو ؟
4515,rare item
4516,ya jake 3lah tbedelt
4517,سرقتهولها فل حفلا كيما ضربتهولها
4518,دراهم الايجار مكاش
4519,<:emoji_91:1188672059321094224>  نكمك اسرائيل
4520,Eyh sauvit yhmar hh
4521,نن هذاك غوجو
4522,tahia hitler
4523,حبسسسسسس
4524,بكل يوليو صابو وزيت باش نبنيط بيهم
4525,"# السلام عليكم

-# تحذير هاذا المستخدم يحب لاطفال الرجاء لابتعاد عنه او اخذ الحتياطات السلامة والامان ‏ⓘ"
4526,انا نخرج اتهلاو منقدرش نكمل هنايا اواه لالا
4527,وانا نحب هادا المستخم
4528,وشنو ؟؟
4529,nta p dd wela A traine
4530,لي حب قحبة ينيكها اي كاين تسكن في باتنة+213 669 42 13 35
4531,انا ختك
4532,+213 669 42 13 35
4533,m3ndish khti
4534,اكتب النومرو صحيح نيك مك
4535,نخاف نعيط و يرفد عليا ديدي
4536,asbr nseyi n3ayet
4537,علاه الام يا زبي
4538,يخو تحلبولي بلي نصيد العيباد هكا
4539,خطيني انا تحب نعطيك ميغومي
4540,سي زهرك بلاك يجيك
4541,ya p dd nta wesh t7b
4542,نجيه نقتلو بل طوطا
4543,rani n9sr sahbi manich n9ch n3yet  lil
4544,البسيطيون
4545,لي دربتهولو معا افلا طون
4546,الو وي توحشتك عيطيلي مشي رحتييي
4547,ديدي رجعلي بيمو
4548,Khawtna
4549,Shhht
4550,خويا طروكسي
4551,met9lish no9ch hada sr9 bimo
4552,جبلي سليب تاع جاستن بيبر نرجعهولك
4553,دراري زبي راني نايكه راه يطلب رحمة
4554,و بيونسي
4555,اني داير عليه مزاد للبيع
4556,وش نستنا Diddy
4557,Chkn nta
4558,تروح تعطي لقيتها كحلا يزبي
4559,ديدي نسقسيك ؟
4560,شحال سوما خويا نسلكك كاش
4561,زوج بيادن زيت و شكارة حليب
4562,بصح لكحل يلاوي
4563,didi why are you gay
4564,و شكارة ابن
4565,خلاص نتلاقاو فل حفلا ونتفاهمو ونريقلك ونتهلا فيك
4566,قلت خاوتنا قتلك خويا طروكسي هذا وش كاين منيش حاب نتبانا <:uncannycat:1152013915954352148>
4567,هوما لي بغاو هو خاطي ربي يطلق صراحك خويا
4568,ما تخافش نبعثلك بسيط يوصل ليك الامانة <@1289551138273759265>
4569,<@1289551138273759265> اتهلا فيه او تاعنا
4570,Muah
4571,khsara 3lik jake
4572,لالا الامانت توصل معا صاحبها باصيد دربتهولو من قبل اااقصدي باصيد مانمنش فيه
4573,SUS
4574,نخاف على ترمتي
4575,خصني فيمبوي
4576,Khawti kach bzol
4577,كاين
4578,كاين
4579,ماتوسوسش انا كيما خوك
4580,كاين
4581,بشحال خويا
4582,نتا واش راك تحوس ؟
4583,didi dirli kache haja wela l sandy  wela sponge yemake nikhalek
4584,خويا حواني كي كنت صغير
4585,سوق لببزول والفامبويز <:cum:1152013788653031434> <:juan:1150418197581922344>
4586,Ara 20m credits nwli femboy taek 1month
4587,فيم بوي ناعم
4588,مفيهش شعر
4589,<@719264664135008256> هذا اديه باطل
4590,didi dirli kache haja wela l sandy  wela sponge yemake nikhalek*
4591,اصبر دوك نجي نيكل حتونك
4592,Mhbol nta ana ghali
4593,نقي تقول حديدة
4594,انا نسوا 20 جوهرة في فريفاير
4595,راك رخيصة على لكوجاك تع 20
4596,صحيت خويا الله يحفظك
4597,خاوتي جبت وحد القحبة الليلة موت فرات
4598,نتا تاني لازم ندربهولك
4599,اي ولا دربتهولك من قبل
4600,"ديدي 
بيلي ايلش وشنو هو لون تاعها ؟"
4601,:((
4602,فيديو
4603,si normale tethrebli pipa
4604,998 شحال نزيدولها باش تولي 1000 ؟
4605,خضر خزي
4606,هي تاني كحل
4607,رواح بريفي
4608,22
4609,<@1276288246296477860> كاش r8
4610,Ni ngsr 12
4611,شوفلي وحدة غوز و نرجعلك السليب
4612,10 فالبرد
4613,Mchi hmar ana😎
4614,111.5 فسخانة
4615,راك تشوف مبغل
4616,jake wo lhal kifah
4617,كاينا ترامب وردي
4618,مشي نتا هو الحمار
4619,Dm me
4620,كاين
4621,"Femboy. Come parvite
رواح فريفي نهدر معاك"
4622,منعرف
4623,Knt ngsr:(
4624,ya didi w l 7al kiffah si zebi
4625,متزعفيش
4626,راك معروض للحفلا نوزعو سليبات تاع جاستن بيبر لتم
4627,وانا
4628,Si
4629,نتا تاني
4630,"مريقلة 
جيبلي 10 غوز ل شمبرتي رقم 107"
4631,اواه لالا فيهم رايب
4632,fax
4633,ماكش خايف على ترمتك خو
4634,ne9es wa7da tweli kima didi
4635,شفتك تسرق كيلوطة تع جارتك
4636,معنديش جارتي علاش تكذبي
4637,سليبات مغسولين ولا موسخين <:gigachad:1150419236989186078>
4638,راك تعرفي دور عليا تروح تتحاسب  عند ربي
4639,تع يماك
4640,جيبلي بنات
4641,ya kho hada tfel
4642,شكون قال ؟
4643,Nik tiz mok
4644,كريثة
4645,نتا دربتهولك ولا مازال
4646,قيو
4647,ياخو ربي يسهل عليك حكمتك تسرق كيلوطة
4648,ricardo
4649,قولي وين
4650,"تناك 
Remember no Russian"
4651,مريقلا بصح مورا مانريڨلك
4652,ريكاردو مخنث وفيمبوي وش راك تهدر ؟
4653,فاصيتها من كثرة +99
4654,ريقل بسيط
4655,نرڨلكم في زوج
4656,ياخو لي ديتو باطل محبش يعطيني
4657,Tnaklha esyd
4658,لا انا ريقلني ب 10 بنات
4659,حويه مليح ربي يسهل عليك
4660,"<@1276288246296477860> 
وش دير ال تشابو او معاك فالحبس"
4661,didi rani wesitek
4662,<:uncannycat:1152013915954352148> shit is getting to real here
4663,Mongol howa
4664,هوتاني دربتوهولو وعطاني سلع مليحا لتم
4665,خصك شوي تدريسيه
4666,didi we9tache le vrison
4667,Khawti n7ws 3la tsma znjiya ndir biha w7d l3fsa
4668,ششش بسيط تناكت نقولك علاش
4669,prix ?
4670,ياخو نتا تحب الطفلة لي راك دايرها افتار من لخر لي يدير طفلة افتار ولا تصويرة تاع البروفايل تاعو يحبها ولا هو ق. ا،  ي
4671,why
4672,"وشنو هوما ؟

-# تحذير هاذا المستخدم يحب لاطفال الرجاء لابتعاد عنه او اخذ الحتياطات السلامة والامان ‏ⓘ"
4673,درك
4674,"<@1276288246296477860> 
بصح ما يلاويش باينة عذبتو مسكين"
4675,"سليببات تاع ديدي......
سرقتهم"
4676,انا قاي
4677,ماقدر مسكين
4678,shikour
4679,<:confused_sherk:1150411388846604288>
4680,واش دير بيهم ؟؟؟؟؟؟؟
4681,ترمة واحد كحلوش
4682,هربة تسلك
4683,atini wahdza
4684,واش جابك يازح
4685,وحدة عندها دراهم حابة تشريهم
4686,راك معروض vip
4687,9l3 methoufsh mourak
4688,<:sh:1152016071147147319>
4689,كيفاه
4690,طل عليا من البالكون تا ديدي
4691,اصبر شوية ديركت تقولها مكاش لالا ولا ديركت
4692,"اسمع لڨيتلك وحدة ما تڨوليش لالا 
Sweety fox 🦊"
4693,قولها تجيني للجزيرا
4694,didi
4695,<:sh:1152016071147147319>  i take you to diddy party u give me my monny ez as that
4696,
4697,ارواح نزيدلك واحد
4698,اسمع بيديدي داوه للحبس
4699,؟
4700,rrak ma3routh 3nd mr salta3
4701,اعطيه ل بسيط معندوش
4702,me to ya zbda
4703,بصح ما تجيش هكاك لازم باكي صحيح
4704,زبي
4705,ياخو انا حشي تهالهم مديتلهم خويا توام وانا هربت
4706,shikour
4707,سوبر يونيك ازبي ومن سونيك
4708,5sna lbobbies 🥵
4709,دخل لمطنن
4710,العزيز
4711,ليوم تتخلط جيبولي سليب تاع بيونساي
4712,علاه تكذب يخي صبغتلك واحد من المروك و بعثتو في بلاصتك
4713,كي تحكمو ساهل
4714,didi 9ol diik
4715,مسكين حلو على حاديك ماهدرش
4716,didi 9ol diik
4717,حط دراهم على باب دار
4718,Remember no russian
4719,ahhhhhh shit
4720,اوكي بصح تدي دراهم وتهرب نقتلك بطوطا
4721,بصح سليب خي مازال فيه ريحا
4722,راه كيما سرقتو نفس ريحة
4723,نبعثو ليك مع طفل صغير بونيص
4724,راه جايك
4725,انا نروح لخاطش لوكان نقعد راح نولي جنابة
4726,utha to9otloبطوطا no9tlek bl 9alwa
4727,دراهم في بيتي انا ماكانش ادخل برك ماتخافش
4728,نخاف اودي
4729,قيسهم ليا من بالكو اني تحت
4730,ماتخافش ادخل برك انا ماكنش فل دار
4731,مريقلة
4732,blak kash ma dirlou
4733,نلقاه طوطة تاعك نقطعها
4734,بسيط اربطو اربطو
4735,حقروني
4736,راني نطل عليك من تاقة بالاك اااا ضربو ااااا جبدولو حبس حبس
4737,khadam 3nd khtk
4738,احكو ليوم نقتلو بطوطا
4739,Lalalala
4740,touchih yemak nikhalek
4741,طيحلي نتا تاني نقتلك بطوطا
4742,نيكك نتا وياه
4743,و انا ؟
4744,to9tlni b kawlawtek
4745,نتا تاني نجوزوك ماكانش مشكل
4746,ياخو فيمبوي محبش
4747,your gay
4748,نيكو ماتخافش
4749,نكتو
4750,تباوسو
4751,بصح محسيتش قاع
4752,Cap
4753,نيك الجميع انا انا مانر نديش انا مسيتها لمايكل تايسن
4754,كبر زكك ولا نجي نكبرهالك
4755,ياخو طرشتو بي بيديدي و محبش يوريهالي
4756,toji win rah
4757,Blae
4758,تحب نجي نعدبو ونرقلو
4759,راح يسرق سليب تعاك
4760,متخافش يخو راهي غير فوطو<:skullite:1267263630911471678>
4761,"اخاوتي نحلو chilling هكا كامل
<@&1164661342620352614>"
4762,يدك فيه
4763,wtf
4764,Hadek lvideo li 9al fih hoova roh ldis tel9ah ml9itoch 3awnona yaw 😁
4765,Mamido يتبع البارصة
4766,4
4767,غير الطريين لي يتبعو البارصا
4768,شحال اسمو تشيزي
4769,وانا نحب طريين
4770,ارواح للحفلة
4771,Ghir lmhabl li ytbeo lfoot
4772,وش تبع نتا
4773,ya kho toji mat
4774,كيما ختك
4775,شحال اسمو
4776,<:wa_Barcelona:1087155026243362816>4-0<:RealMadrid:1267437990615973919>
4777,نن
4778,مسكين قتلتو بل طوطا ماتحملش
4779,<:9k:1189273274455179358>
4780,mechi nta
4781,وين راهي بارسا بيناتهم ؟
4782,Corn
4783,لي ربحت
4784,Wdok raw 5las lmatch m3amn rak
4785,انا الحق نتبع القحاب الطوموبيلات و نسيبورتي الدراهم لا فوت لا والو
4786,sr9 slip t3 yemat kratos
4787,Bhhh fr?
4788,w kratos 9etlo b touta
4789,Tnak bb
4790,ال porn oui
4791,Wch sigma
4792,Kml bol wrayk zid bol 3lih
4793,Wsh khoya alpha
4794,Ana beta brk
4795,Ahah
4796,<:wa_Barcelona:1087155026243362816><:wa_Barcelona:1087155026243362816>
4797,Joki
4798,زيد دير البارصا ضرك نصبرلك زبي في قاغك
4799,L7waa ya lhwa
4800,<:CREST:1113235704852525127> <:CREST:1113235704852525127> <:CREST:1113235704852525127>
4801,Wnyk
4802,هه روح رقد يزبي تسيبورتي ريال وتزيد تحل فقاعك
4803,5asr wy7l fiha
4804,<:wa_Barcelona:1087155026243362816> نحبك بعدها
4805,Tl9ah 3ndo 15 ychof balon yhij li lbobo
4806,البالو اكل يتناك ما نتبعوش
4807,صاي اقفل طيزك
4808,وحق ربي
4809,وش بيه طيزمك اوليد القحبة نتاع زبي
4810,<:CREST:1113235704852525127>
4811,<:CREST:1113235704852525127>
4812,يخو روح تعطي مدصرنيش
4813,<:CREST:1113235704852525127>
4814,<:RepOFdz_love2:1191058155300470865> <:CREST:1113235704852525127> <:mca:1191057945392324678> <:RepOFdz_love1:1191058141325037709>
4815,Aaa777
4816,<:emoji_91:1188672059321094224>
4817,♂️
4818,يدك في زبي
4819,باغي نتمنيك بيك برك
4820,يا الللقحبة
4821,<@1142540508183416883>
4822,<@1142540508183416883> <@1142540508183416883> <@1142540508183416883> <@1142540508183416883>
4823,شكيتو راح يدير واحد و يجي يڨصر
4824,يازح ربعه
4825,:OO
4826,nn
4827,جميع واحد يسيبورتي البارصا نحكمو نقتلو بل طوطا
4828,راني معاك
4829,تناخت خسرنا 4-0
4830,🤝
4831,تحكم شعر
4832,نحكم عندي طوطا تفوتك فطول
4833,راه عارضك للحفلة ديالو
4834,Wch
4835,<@1287875358493904957>
4836,Awah lala
4837,Ayayay
4838,L7wa
4839,4
4840,Barsa nta
4841,<@1287875358493904957>
4842,فلخر تلقانا دينا دوري أبطال
4843,تدوه ملور
4844,Hahi hadraaaa
4845,Le m3a barsa gay 🏳️‍🌈
4846,7winakom wlina gay hh
4847,Mohim tb9a Real Madrid afdel chriki 🗿
4848,Sw 5asra wla rab7a
4849,و بطل الدوري ريال مدريد
4850,Wtf
4851,"Nah , I'd choose CSC"
4852,Wtf is that
4853,افضل فريق فلعالم
4854,حاوي طبون الاندية
4855,Kach one tap Wala walo
4856,<:way61:1152013922229043310>
4857,شكون لشاف الماتش
4858,4-0
4859,93 chafoh
4860,مين نجبدهلك قلي 4_0
4861,Tfrj 9bil jsk?
4862,<@1142540508183416883> شوف ميمز
4863,<@1195134511546105958> شوف ميمز
4864,وش ببه
4865,فيه*
4866,Mato
4867,
4868,Mato mseken
4869,.
4870,
4871,<:9k:1189273274455179358>
4872,Mrakch f server l hentai bach t7t.W tro7
4873,يا خو لميم تاعي بان فلفيديو تاع هوفا لجديد
4874,حلبونا على سرفر الهنتاي هاذي جديدة
4875,اليوم بلعنا
4876,اطونا الكود تع سيرفر واحد صاحبي راه محتاجو
4877,<:yuck:1152016101862023178>
4878,Paimon
4879,.
4880,Aho ja ma boy
4881,123456789
4882,Hbibi
4883,Wchrak
4884,O 3lah haoztni
4885,Cv byen wbu
4886,Ana n7awaj 3omri
4887,Mrid nta
4888,Rodni😭
4889,Att
4890,Ad5ol doka
4891,السلام عليكم
4892,@everyone راكم نايظين
4893,Cv hhbb
4894,Win
4895,Ayh
4896,Hmd
4897,Hmd
4898,Tsma ana w enta bark
4899,ايه
4900,ياخو
4901,وين تسكن نجي ليك عجبتني
4902,بزاف يلي يقولوهالي هاذي
4903,ههه وعلاه
4904,وش حاب دير لي من لخر
4905,نروح نغامرو فلا غباة
4906,وأشجار
4907,ايييه مليحة هاذي
4908,على الأقل كاين واحد محترم هنايا
4909,نروح نحوسو انتيك
4910,شحال
4911,عمرك
4912,19
4913,قادي انتيك
4914,ياخويا غير أنا ونتا عندنا تفكير واحد لي هوا
4915,تقرا ولا قعرتها
4916,قعرتها
4917,الله يبارك
4918,المهم من وين شرفتنا
4919,بصح نصلي مانيش قعرها فكل جويه
4920,قالك مامن احد كامل الا خالق الكون الشامل
4921,نسكن في لسيتس بن ماراد
4922,حتى انا كنت غلطة
4923,وهران
4924,فاش
4925,انا كنت غلطة
4926,نحبك من واهرن
4927,ياخو عندك بيسي ولا بلاي
4928,ولا ول لو
4929,عندي بيسي
4930,واش تلاعب
4931,ياخو اكتب
4932,Minecraft
4933,Mortal combat
4934,أنا نلاعب Rocket League
4935,عندي بلاي
4936,انا ثاني
4937,وش تلعب فيه
4938,انا نلعب Resident Evil
4939,فورت نيت جيتيا 5 رادد ٢ وا كل العب
4940,Ayayay
4941,تلعب god of war
4942,وين خوو يلي مانعرفكش
4943,لا
4944,7raaam t9ol hak
4945,Good of war
4946,حرام بصح ختمته
4947,اي لعبة فالبيسي
4948,Oui 3labali
4949,Mi7ram t9ol god of war
4950,Bsk
4951,يا خو انصحني نشري تجميعة
4952,Ok
4953,لا اله الا الله
4954,Kayen bzeef
4955,Mi lazemlek drahm
4956,3la a9l
4957,15 mlyon
4958,عندي 25مليون
4959,المشكلة الوحيدة
4960,ازبي
4961,Rabi bareklek t9der jib pc haaaayel
4962,هه
4963,ماما وماصرفتش عليا قدنهكاك
4964,** ** **
4965,الله يحفظه
4966,She is dead
4967,الله يرحمه
4968,و راح الالف تاع المثنى
4969,الله يرحمها
4970,امين
4971,الله يرحمها
4972,أنا تاني ماما ماتت
4973,<@1289925165987139635> هاه شوف صاحبك مثقف الله الله
4974,رانا كيف كيف
4975,ربي يرحمها
4976,أمين
4977,وين راح يلي اسمو صعيب هذاك
4978,I don't know
4979,يا خويا لعزيز رلني جاي ل وهران
4980,ارواح مش مشكل
4981,راني نخطط لفكره
4982,نرجعو عدنا الدراهم
4983,اتحفنا
4984,نبيعوا بيبي اويل
4985,واش معنته
4986,سمعنا افكارك
4987,ياخو اروح خاص
4988,كاين ليراهم عاد عايشين؟
4989,روح بول ونعس غدوة تقرا
4990,خاوتنا
4991,غنية تاع هوفا
4992,وين نلقاها الله يستركم
4993,وش لمصغر
4994,MSOUHOULI YA N9OCHA
4995,خوتي إيسم شباب
4996,
4997,زبي شبيه الفوكال
4998,نوضو تقودو تقراو
4999,انا حنرقد
0,قاتلك هاذاك الإنسان ال gris 😭
1,Never saw his skin color lol
2,السيد لي ماشي grey
3,Say dok ghi syed li 3andou 1000 3adala
4,😂
5,H99tlk holm te3k
6,دحمان
7,Lala wasnt a dream 🌝
8,mawslatekch lbareh?
9,Lala 😞
10,خلل خارج عن نطاقنا
11,bcs baridi mob cant send 0.005da
12,khsara 3lik
13,versitlha 3 DA manich m9a6a3
14,لي ينحيهالك بريدي موب اكثر من لي فارسيتها نتا
15,ysma3 bik lwalid yget3ek
16,Imagine tedkhol dir la voir ynaholk -10 da t versi 3da tekhrjo b -13
17,Khawti zewjouni 💀
18,pin this message please
19,l3rviyakhroj 3an samtih
20,Dok le7goni 😔✨
21,
22,Ih wlidi nokhtbolk 3lah la
23,bayna magoutlouch sinn rani rou7t f plaset Lkabch
24,ah 9asdi Lme9nine
25,9sdek ljaja
26,zawej
27,lkebda ta3 lm9nine mata3rfoulhach ntouma
28,Ne3erfouha
29,Wait wht is tht 😂😂😂🤣🤣🤣🤣
30,Wait archive 😭😭😭
31,أوئي إآئي أوئي إآئي
32,Tahya 16
33,.
34,Ig thats why ma tele3tch logique 😂
35,She's everything he's just ken
36,True >>>>>>>
37,Ardh 🤣🤣 yoooo
38,I want some more nigga 🙌
39,Yadra ayn anta mn cherchouma rn 😔
40,"Yakho Ki netlaqaha f droj w tqouli: bonjour, vous allez bien? 😫😩"
41,Bsah ga3 tgollna hakka larvi 😔
42,Awah ahmed rah ghalbek 😔
43,I got a plan:))
44,Grib l 3erss mal
45,Kayen 2 3ersat and a divorce binathoum 💀😂
46,El mohim chof m3a <@875482444818681897> yekrilk la salle
47,Wait why 2 💀
48,3ers l3ris w 3ers la3rossa
49,2 divorces too
50,ah hadi ma3labalich 3lah zouj
51,Wahed lel3ris w lakher lel3roussa
52,Chkon ytalag w chkon yzewej chkon la3ris w chkon la3roussa telfthali
53,"Thats the plan, no one should know Who is who :))"
54,Raha complet had les vacances
55,l3rossa cherchouma bayna
56,Ma teqderch tdirelna favor
57,ferreh khok zawali
58,No go prv t3erfi chkoun  Lgetk ya larbi
59,Makheskomch tayabat ana w <@777137053166993409> khasna 3rass 😔
60,Raki sure? 🥲
61,Ahhh <@893958691156541470> takchif lghamid w lmouthir
62,Maykheloch zawali y3ich 😞
63,lgelil
64,<@877942175315398766>
65,Ah ya <@578643557351555113>
66,ma3reftekch tekhda3 cherchouma
67,Weshnou 😭😭
68,cha qaloulek
69,إشاعات برك
70,awa lala
71,Qoulili 🥲
72,ma3reftekch hak a larvi 😔
73,im too flashbergatted to speak 😔
74,Lala speak 😔
75,Bi sora
76,Huh?
77,عندها دليل قوي هدى
78,Be3touli l adila prv
79,😭
80,بزاف قوي
81,خلص
82,Au moins nmedd تصريحات
83,Achhal
84,لالا اغلقت الجلسة
85,"Noo, u have no right"
86,yes i don't
87,Ma 3endkoumch dalil qati3
88,i have a left
89,اولالا يقطع خير ملموس تع الذبيحة 🤣🤣🤣
90,You didn't see bent cherchouma 3setna f OR
91,How dare u use my own spells against me potter
92,"Not her daughter, bent khouha"
93,"Of course, ja Mel moukhabarat"
94,راكي تقتارحيلو ول؟
95,Yakho kcheftou my plan
96,😔
97,او صححلها المعلومة
98,Lina xD
99,خاوتي غير خافو ايمان 😭
100,i thought we were joking besa7 sa7 mokhabarate 🤣🤣🤣🤣🤣
101,Wt?
102,Nass mla7 ana 🙌❤️‍🔥
103,Imene w her network
104,3lah y3ni 😔
105,she said bent cherchouma 9alha lala bent khouha
106,وهو كون تسقسيه على ولاد عمامو ينسى اخرين منهم
107,Non ghir houma ma nensahoumch
108,Nehsebhoum v
109,3labiha makhdemtch fel OR
110,Who said ma khdemtch 😂😭
111,"khlas kmlto L3am makan 7ta wa7ed yhdr, ya wa7d l khebbachin makanhc only studies in life"
112,Awa u need a life teacher
113,10 dollars per hour
114,on my insta
115,see you there
116,olalaa mon dieu chkoun rahou yehder 3la lekhbich :''')  prblm makounach nhedrou 3la lekhbich here XD
117,"this proves that you need a life teacher, getting good marks != tekhbich"
118,as I said it's 10 dollars on insta waiting you there
119,Ana ne3ref ghir memes channel hna
120,Lol
121,Pay me 200 and I get u the course for free for everyone
122,facts
123,Nta saleh ga3 mthdrch
124,Tsken 7daya w nchoufek ghir fel sanitaire
125,hadik week ta3 exams berk
126,Lol
127,Bsebet Tnt  w 9ahwa ta3 resto
128,سجل يا تاريخ رائد هدر
129,Hdr nhar b3tlna sir samy 3la lcourses 🌝
130,Also him f début des vacances
131,khtini
132,:)
133,it's been 1mois et demi rani en vac
134,Imene wahed ma yeqderelha
135,men 12 w hwa f vs code
136,bhdltna rayane win ra7 VS?
137,Remarkitou
138,Lucky
139,0
140,i mean false
141,i mean no it's not true
142,too heavy
143,noob
144,salah y programmi b vim
145,u misspelled emacs
146,VIM
147,susem
148,B nano
149,
150,2 new schools
151,wiiiiiw
152,Side eye
153,akedli 3la nano when jma3t costume demi manche they still exist
154,Ewww
155,Priorities also changes in ENSIA Priority 1: Lycée des Maths Priority 2: Math Priority 3: Science & MT
156,It was like that first year ki dkhelna
157,الارستوقراطيين تع القبة
158,No In our first year it was Priority 1: Math Priority 2: Science & MT We become like ENSM
159,Nooo
160,Siiiii Double check it
161,It was l’école des maths first priority
162,No They were included fi Math
163,Not alone
164,I'm sure
165,Guessoum even Said it in one of his interviews
166,Wait I'll prove
167,But they didn't do it
168,Proof by contradiction
169,Hahi ta3 3amna
170,
171,Where is thé year I dont see it
172,
173,the hell is this
174,Independant systems 🥲😭
175,Dunno
176,Ig drones
177,rabi yetle9 sra7 dependent systems
178,Also here's a new schol Idk where it'll be:
179,7na mzalna f isti3mar
180,If you want I can send you the whole document I still have it
181,No I was just bored lol
182,New schools => new varieties of pain
183,Mch mli7 torgod mor l 3asr
184,كاين تكنولوجيا متأخرة؟ 🥲
185,Ze3ma ydou la bourse kima 7na
186,Sure
187,Nrmlm ki tle3na 3eme année 3endna zyada
188,Idk who told Ait yahia 9alo so
189,Lmoudir said so too
190,Not sure
191,I don't think Even their category is not the same
192,"It's just they're st, but anyone in our pole will be the same"
193,Ah ok Makes sense
194,lmasder: ait yahia
195,"ta3 maalma 1,2,6: <a:cryingspongebob:1050126004426899476>"
196,Hadok nrmlmnt had l 3am maykonoch
197,she doesn't know
198,tkhafi tl9ayhom zado 💀
199,capable 7na li mankonoch w homa yeb9aw
200,Nah they renewed their residencies
201,So going back to oulad fayet
202,"Yes, ta3 mahelma 1 w 2 yrou7ou"
203,Mais 6 not sure
204,Ga3 rah y7otohm fnefs zoj i9amat m3a lokhrin
205,"Ydouhoum, w ykheloulna les chambres individuelles ta3na"
206,I heard that they may stay
207,Statistics show bli atfal l 9oba ymajoriw bzf
208,"Wait sma we will be 5 schools??? Sma not only 200 jdod, but 1000????"
209,💀💀💀
210,"God, l 3am l jey manjich wla impo nokhroj mn my room"
211,
212,no more network problems
213,Zid sawralna how are things there
214,
215,
216,Win rak
217,We love oredoo
218,Lycee des maths vibes >>
219,Wlh 😭 Yakho mngbil w ana nchebh f l'amphi w les couloirs
220,mo2amara
221,Khti was like wa3lach raki twerili f lycée dok T-T
222,
223,ta9achof
224,Noooooice
225,واش حكاية اتصالات الجزائر و سونلغار
226,"<@826476349769646121> mn dok rani nesm3 ""الميزانية متكفيش"""
227,يبان باب تاع جمعية
228,Bah maych9awch lihm bah ykhalso les factures
229,رائد سكت دهرا ومبعد طلق بومبا
230,"Rani netfakar berk ki rohnalou 3la l climatiseur nhar l event w galena this isn't our building, everything is going to be fine when we go to ours 🥲 <@887346801148039199> techfay xDD"
231,<@879756074012512346> budget 5lass
232,
233,Mokhi habsso wlh 😭
234,7na hadik sma3naha fi kol event
235,W telgana mazal maderna bih walo tgol yebno 3la dehorna
236,البشير ديجا دبر بلاصة لطوموبيل تاعو
237,<@879756074012512346> congratulaciones 🫶🏽
238,التعذيب لي دارهولنا السنة ربي لي عالم بيه يا الحوايج مايجيوش يا الصوارد مكانش
239,7na l club fte7 had l 3am bsah l budget ta3na khlast l 3am lifat kifah allah a3lem fte7na bl crédit sobhan alleh 💀
240,العين كانت تقطر وماريقلوهاش الله غالب
241,"= makanch réseau, arj3 ghodwa (Typical alg administrations 🤡)"
242,حنا الايفينت بقالو ساعة الادارة: مانعرف اذا وجدو الحوايج ولا لا، ضرك طراش نعيطولهم ونشوفو
243,"W ""higher"" win raha 🥲"
244,جوامع قعدنا مرة نص الكور عندو وحنا في مناظرة: هل higher معناه العليا ولا الليسي
245,Salah ja men Tissemsilt bch ychouf camion ta3 ooredoo
246,وانتهت بقوله it's not your business let's complete the lecture
247,ما شفتش الفرحة كي دخل علينا الصالح الtshirts تقول مدلنا 20 ف AI 🥲🥲 من كثرة اللي فاقدين الامل فيهم
248,camion ta3 ooredoo?
249,W mb3d ki ydirha bik ygolk why don't u attend the lecture
250,I was sleeping that morning xD
251,W nta mahabitch tro7 mn gherdaia bah tla3lna l 3lam 😔
252,Diri SG nji men Sebseb direct L Alger
253,machi rak men thnia? wlat sebseb?
254,Ida ndir SG nro7 mn ouargla direct l alger ndareb m3a medkour w nrj3
255,Rani tale3 L sebseb nachba3 kawkaw
256,sawralna 6ra hadhi l7aba li tdhal tgoulelna kbira
257,Ida wslt labas 3lya nsawarlek
258,isha'allah trig slama
259,تفهم بلي الدزاير عندها مهندس معماري واحد
260,ولا متفاهمين البلايص لي يجيبو الاكتئاب يصمموهم كيفكيف
261,الليسي اسطوري
262,Kima t9oul zineb m3alma ta3koum Mexico lite
263,jat fi trigi berk
264,they stopped smoking
265,We high all the time tho 😔
266,we were higher
267,now we r the highest
268,https://tenor.com/view/tnakt-gif-6290999
269,Tesloh ghi l drifting hna
270,3ndi jedati bs7 meita
271,Mashi berk Algeria 💀...  Gotta be سامط tho it always works 😔
272,Saison 2 berwi6a
273,good idea
274,but lazem berwi6a brk
275,Good Idea ida kano hnoda mazal tema we borrow kach 2
276,Yhabo drama mm hna daroulna hakd f arcade
277,Yea for u I'm sure 😂
278,Khawti man9drouch nkhdmou bb bard b lemail tae l’école ?💀
279,Bard ta3 google ?
280,Yes
281,Yes lazem email perso Machi email ta3 organisation
282,Aah okk thank u
283,Wait is it free?
284,yes
285,Kayen firqa moussiqiya m’en chlef 😭😭
286,<@826227968460062720>
287,Jamais sme3t biha 😭
288,Mm ana jamais sme3t biha
289,Jma3a heey ! please could anyone tell me wektah nwellou ida f septembre wella octobre (I need this information urgently 🥲)
290,Ask brahimi or sami f the other channel
291,Send email to the department
292,Je pense mor lbac tkhrej رزنامة الدخول الجامعي (decision officielle tae ministère)
293,Late september ig cuz they said they wanna start early but I'm not sure
294,Hiya fi circulaire hadhak ykamlou الاجراءات fi début ta3 septembre
295,
296,"Kima koul 3am, kima 9alet djo ya mi septembre ya f la fin"
297,Inchallah 7ta octobre 🙂
298,Okaaay 🥲🥲 sahitou
299,<@879494959336677396> nwellou inchalah le 9 Septembre
300,Insha'allah
301,le 3 le rattrapage
302,كون ماشي قعدت ساكت خير وماخرجتش عن صمتك؟
303,ma3louma sahiha 90%
304,زيد دير طحن الخواطر زيد
305,Oooh 🥲
306,Sahit de tt façon 🥲
307,<@578643557351555113> the department informed you ?
308,Like to make sure bark wella sme3t bark 😅
309,they informed a friend
310,Okaaaay thaanks
311,"u mean 9 october, alright good"
312,Sale7 l moch
313,doja cat
314,https://tenor.com/view/speech-bubble-cat-kitten-gif-25320661
315,We say that 👀
316,R u serious 💀
317,Ykhah beid cher
318,Yea so serious
319,Minimum minimum octobre bech n9der ntealej m trauma tae 2nd year
320,Then ma t3alji x2 😭
321,They sent an email
322,Who and when 😭
323,Go d3awi chef
324,Petition to add d3awi chef l cuisine
325,😭😭😭
326,Salam . Chabiba did anyone have number ta3 Ait yahya or Boukhalfa?
327,Boukhalfa
328,Can I ask : Why? 🧐
329,Why are u asking why 😂
330,"Ta3 boukhalfa cbn , w ait yahya?"
331,Technical issues
332,If u get it send it to me as well pls
333,<@877942175315398766> maybe you can find them in the school's email
334,صلاح كي يروح يخطب
335,<@879756074012512346> abda freelance mn drwk 😅😂
336,ghlaw 3lina lchorba
337,القدرة: 3 ملاين تع لابورس
338,رحيم و كان نديرو شركة تولي عنا قدرة تاع 6 ملاين
339,وتبقى 24 مليون برك  ماشي حاجة
340,Réciproque te3 ta3adod
341,Many to many
342,Many to one hna
343,يب نظرا للقدرة الشرائية
344,😂😂 نمدوهم للصالح
345,<@879756074012512346> شفت الصحبة الصالحة لي تبغيلك الخير
346,قالك الصالح في عرسو غادي يحط TNT
347,قلك نهار الشوفة يبغي يتاستيها يقلوللها ويندوز 11 خير ولا arch
348,تماك يعرفها لا  بنت الحلال
349,اذا فتاة احلامو ولا لالا
350,وش ذا المهرجان🗿
351,رانا نتناقشوا على مستقبل الصالح
352,Mazal l joke ta3 TNT 💀💀💀💀
353,الله غالب غاملين
354,يستفزونك ليخرجو أقبح ما فيك
355,نتا اقبح مافيك ديجا خارج
356,عُرِف جبر الخواطر عام 1046 الناس في 1045
357,يعجبني رائد يخرج من حيث لا تدري
358,راني حاير كيفاه تفاعل مع حاجة ابار القراية
359,افتجأت
360,We are adding new features
361,جاه update
362,هاورجع للقراية مجددا
363,ولا السخانة دارتلو update بالحق
364,لالا اقعد ساكت خير
365,هاذي صح ضحكتني 🤣🤣🤣🤣🤣🤣🤣🤣
366,ناس لي تسطعرف مشي كما وحدين
367,ها ومالا نلعبو ول؟
368,نتوما دايرين هكا ماتبغوش لي يخرجلكم طاي طاي
369,تبغوا المجاملات
370,أ رائد فهمني برك في الفوطو دو بروفيل لي راك مدايرها وش علاقتها بيك؟
371,كيما السخانة عندكم خارجتلكم طاي طاي في الشتا من 50 ماتهبطش
372,شاكر كي يكملولوا قاع المواضيع:
373,المجاملة هي abstraction تاع حقيقة.
374,
375,مشي دايما، خاصة فالحالة تاعك
376,كفاه تستثني بدون دليل
377,بدات الفلسفة انا نروح نرقد هو من بكري الواحد راه فاطن مليح زيد الهواء والريح
378,مثلا نجي ليك كاش نهار و نقلك راك شباب اليوم
379,هذي مجاملة
380,اكاديمية رحيم لطحن الخواطر تقدم:
381,اودي وين راه يخرط برك. انا لي كنت نجاملو نقولو راك شباب كي يحسن
382,رائد ضك يبدا يعرق بالفلسفة تاعو
383,ياودي انا فقدت الامل من روحي نورمال شوف نتا
384,Cave boy
385,رحيم كي يحفف يولي يبان خارج من الحبس
386,من غير اخر تحفيفة لي جابها مليحة
387,<@826227968460062720> أ أنصفتك؟
388,خويا لقيتك يائس بغيت نرجعلك الأمل. في حالتك الأمل =>معاناة
389,مزية ماشفتش تصويرتي تع الريسطو باه تعرف الحبس تع الصح
390,هيا روح ترقد روح راك بديت تقرب للقراية بالشوي
391,يسمى استدراج
392,الكاميرا تاع الريسطو هاذيك اصلا تحس عندها فيلتر تاع محابسي
393,نحو الهاوية واه
394,كنت على الكارطة تع الريسطو
395,اااه اه مالا المشكل فيك هنا ماشي في الكاميرا سامحني
396,عندك الزهر ما صورتهاش نهار مديتلي القاطو
397,بيناتنا الشانل هذي رجعناها بريفي تعنا
398,ولا عندكم يصورو بنوكيا ول؟
399,المشكل جامي لا كان فالكاميرا هذي راني متقبلها
400,بدأت من صلاح و محاولة جمع 30 مليون عشات برائد
401,الزين للنسا
402,
403,الحكمة راهي تقطر ياه
404,رحيم الوايز
405,مزيا الواحد كانو يجاملوه برك مشي صح
406,رحيم مخ الهدرة
407,<@882774339051737109> ارواح نتا ثاني كاش ما نتنمروا عليك
408,ما قيمكش قاع يا المخ
409,ما يقدروش المواهب ذو
410,لي مايبغيناش نبغوه
411,
412,Afrah afrah <@826227968460062720>
413,😅😅 mchaftch msg
414,zahitna zahitna
415,<@638828933936316434> Houssam Za3im mchi kima nta
416,الزعما راحو  كي مات هتلر
417,Chkon galk Hitler mat 😐
418,li 9atlo machi za3im
419,Rabbi wkilhoum 😭
420,rah f chbabou meskin 😔😔🥹
421,هتلر في قلوبنا.. ليس له عمر
422,Li rah sara9 téléphone l raid ghir rej3olo
423,Raid machi Raid
424,راهم بيراطاولي ديسكوردي و راني عارفو شكون
425,عبد الرزاق باينة
426,مينتا هذي بصح
427,يمكن لعشاق ناروتو في جميع أنحاء العالم أن يبتهجوا حيث تم تأكيد موعد عودة أنمي ناروتو المرتقبة وتم تحديدها في 3 شهر سبتمبر 2023! من المقرر أن يعود أنمي ناروتو بأربع حلقات جديدة تكريما للذكرى العشرين لصدور الأنمي.
428,احبك، هاهي الناس لي تجيب اخبار تفرح
429,Updated pics of our library:))
430,Quaso~
431,Damn papi
432,Whadi l'école ta3 lmath
433,GUAPISIMA
434,Nice masha'allah
435,Younes Do you have other pics?
436,"No sorry, maybe ghdwa njouz 3la l'ecole  nsawer mli7"
437,اه اوكي زعيم
438,3lah ymoto 3la hadok l'ugly things
439,Dude that building had so much potential bseh nah we gotta choose a standard font 🥲
440,لانوت ايليميناتوار تاع ليزي شحال؟
441,كما تعنا
442,بصح معندهمش راطراباج
443,عندهم حق اعادة السنة؟
444,ايه مرة وحدة
445,داكور شكرا زكي
446,راك سير زكي مكانش راطراباج في ليزي؟
447,"Makanch ih, bs7 3endhoum rachat ( Ida prof 7eb w ttktb fel bulletin admis avec rachat)"
448,ih
449,Rachat يخي تاع يطلعلو الموديل هو
450,"Yes, Ida makountch b3id 3la la note eliminatoire (Ida 7eb prof ytl3k) bs7 la moyenne maybdlhalkch fel bulletin"
451,اه اوكي
452,how to be ensia 3rd year student 😎
453,
454,(btw I've been here since 2016 just respect the goat of discord)
455,عندك لي كود تع gta نتا
456,حنا بشق الانفس باه دينا الرول
457,cheat code for legends only
458,مربع مربع دائرة فوق يسار مثلث
459,only legends know
460,RENDRE MUET  https://tenor.com/view/disgust-disgusting-puke-vomit-eww-gif-19262390
461,fghench
462,شايديرذا
463,tkt
464,كت كت
465,"خاوتي شكون يقدر يقلي شكون ""المعروفين"" لي داروا دي كونفيرونص فانسيا هذا العام"
466,واحد تع باك بغا يعرف و سقساني (وانا ماكنتش نروحلهم)
467,
468,Rahm ybanou names
469,Nrmlmnt darohm f site w la page ig
470,Ch9it sema 🥲
471,I was gonna ned3ilek b lkhir
472,But ki qoltha f rassi kherjet weird 😭
473,Maelich mouhim niya😂
474,Nah actually what u suggested is the best way 💀
475,<@578643557351555113> td3ou bl3rbiya?😂
476,De3wat lkhir : chqak f ljenna nchalah 😭
477,Yakhah 💀
478,Khli brk 😂
479,صحيتي
480,نبعثلو هذاك الكابتير وخلاص صحيتي
481,مانيش قاع فنيان
482,مروان دباح هذا تاع الشركات الناشئة لي نسيت اسمو محمد السنوسي تاع نخب هاذو السنة العام ليفات خي بوعاش و بغدادي وبلقاسم حبة
483,صحيت شاكر
484,بلا مزية رحيم
485,خاوتي  الأولوية فالبوليتاك ياخي للتقني(نقصد العام هذا)؟
486,تبالي كامل كيفكيف
487,تسما التقني من بعد الماط من بعد سيونس؟
488,لا تبالي كامل نفس الاولوية
489,
490,Haka it is normalmant
491,يعطيك الصحة شاكر
492,راك تسال اكستانكتور😂
493,Normalment haka wah
494,Salam jma3a nsqsikom.. est ce que lwahd yeqder ysejel fi école b bac qdim ??
495,Qsdi bac mach ta3 ssna
496,نورمالمو المدارس العليا كامل لازمهم باك جديد باش تقدر تسجل فيهم
497,أوكي شكرا
498,حتا ترونسفير متقدرش دير ياك ؟
499,ترونسفار الله أعلم ، نورمالمو كاين مرات وين تقدر دير ،  نعرف واحد بدل من ensm ل estin
500,أيا مالا مليحة
501,صحيت بارك الله فيك
502,<@700379394383937607> lmaoooo big flop
503,Bot like shit
504,Chou hayda
505,heheheheheheeeeeeeeeeee
506,Ma fiyi
507,attnegredh a marouane
508,Chkoun khele6 settings t3 larvi
509,What happened?
510,I Believe i was libaneese in another life
511,bruh
512,Saraha ana Ig ma fi wala chi w marouane tili3 nassab w mou zalami 😠
513,Larbi change your pic Allah yhdik
514,Ok
515,nice.
516,:))
517,call me sensei
518,Hak batata 🥔
519,what a whale you buy nitro
520,disapointed
521,Ewww never lol
522,شكون كان يقلي هذاك النهار بلي مانيش رسام؟
523,هاني عاودت رسمتني باه تامنو
524,
525,تبات تشوف ف les videos تع كيفية تحويل صورة الى كرتون
526,Bsh w chaker 3lah machi mkml
527,شاكر عجزت نرسمو
528,فيه بزاف تفاصيل مشي كيما انا سامبل
529,مكانش واحد وجهو standard كيما شاكر
530,لي يبغي تصويرة كيما هاذي يبعثلي تصويرتو و 400 الف و نريقلكم
531,نرسمكم بيدي
532,ولا 8 شاورما و 200 الف
533,الشوارما ب 20 الف؟ شوف شوف التبزنيس شوف
534,جيبلي شاورما ب 20 الف معليش
535,بصح هي وين تروح الاغلبية يبيعوها ب 25
536,
537,مالتالي مابغيتش نخسر عليك الاقلام الملونة
538,اذا تبغي نزيدك خلصني
539,خاوتي ماتنساوش تقولوا الله يبارك باه ماتروحليش الموهبة
540,نتوما مافهمتوهش ، رسم شاكر هكذا على خاطر وجهو أبيض من الإيمان
541,علاه كشفت الحقيقة
542,Serine
543,People who know ↗️
544,galk bli mayersamch ذوات الأرواح <@826227968460062720> wla cha gal
545,Nothing just a debate hata 2 am
546,"wé kakashi, kidayra kakashi"
547,اسمي المستعار
548,انا ما عنديش روح عليها رسمت روحي ومارسمتش شاكر
549,Allah 3ala lma7aba <@883306210680504330> kachma kthertlou lm7ajeb ?
550,بعثلي المحاجب و قلي كولهم وحدك
551,وانا وثقت فيه
552,<@577182678818881556> techfa
553,🤔 nope
554,راك راسمو كما الانبياء فالمسلسلات تاع الانبياء
555,Jomo3a mor sslat bla ftor
556,tban ta3 قصص الانبياء
557,average debate at 2am in lbouzi's room after playing 2 hours of loup garou
558,lol hadawin 9rit ur msg
559,"deeeeym, dehektni hak batata"
560,Mlih
561,ايه كاينة كاينة (انا وماعلاباليش)
562,ensia lycee des maths: 17.77 math: 18.27 science + mt: 18.64
563,We dipassina esi
564,"yep and since lwl fi dzair dar ensia, l3am ljay ytab3ouh akthar"
565,"Wah, I hope he joins us tbh"
566,Bsh jeto chance to go to MIT
567,ya3rf slaho
568,"jatou? I heard that he just want it, not he got it"
569,Galo 3ami tebboun 3liya
570,hmmm alright but I am sure dork nalgaouh ydour fi m3alma this year
571,Li yamen Tebboun yroh ghlat
572,Well madabina tbh
573,He will be a good add to the school
574,insha'allah we hope he continue as he is
575,Khawti We are in august
576,U know what does this mean 🥲
577,?
578,Les vlogs d’aout 🫶🏽
579,may3jbkoum hta rais
580,Ana n3rf haja wa7doukhra bla les vlogs
581,https://drive.google.com/file/d/1Z-mrXcRqozwDiQmvHDP0cqbR9rei92TN/view?fbclid=IwAR1GjmWyZpfgO7aiLUEpGfGifWz282kkBbFXZl7w1HJYdeqzusGSvH2J1O4
582,Mindak chaker ybanli yekhdem fi وزارة التعليم العالي     3endek ga3 documents ta3 denya
583,Mindaak ! Bro is kamal badari's best friend
584,ana documents to3i w m3labalich winrahom
585,Reminder that this za3im will not be among us next year
586,😭😭😭
587,He’s talking f past 🫠
588,"صح ناس ملاح بصح هادي تاع ""تاقلموا سريعا"" ماشكيتش"
589,انا مزال متأقلمتش
590,<@879796727031422997> we will always remember him but not with this
591,L3am ljay nchalah
592,"Just remembered prof td database tdir fel 7arakat hadouk w t9oul : ""ana w  kamel men bekri netfahmou"" 9alha <@890943195456868392> lah ibarek  best friends 😂😂😂"
593,😂😂😂
594,are you sure? like he won't take both positions?
595,عندو زوج وجوه ول
596,kont na7der ghir 3lajal hado la96at
597,بصح عندها صوت عذب الله يبارك
598,بصح مخدوم باه تسمعو مرة وحدة وموراها يروحلك السينيال
599,مخدوم باش تخدم في البلدية وتقولك أرواح غدوة، راحت الموهبة في sgbd
600,Biggest 2 scams ever  <@879756074012512346> xDDDDDDDDDDDDD
601,maya3rfoch hadok l7kayat ta3 2am f my room
602,sgbd 7ta grib yekhlas term bah 3reft what it means
603,La photo ki khn9o 7bibna
604,Deja rahi kant emoji chkon na7aha😂
605,Hadou première année jded hamemhoum role kter Mel Werth ta3 babahoum
606,mba3d ydiou role yalgaw marwan m5alilhoum <#877877117872902199>  w <#1004388574319345785> brk li yaqadrou ychoufouhoum
607,+ <#1030743355635798056>
608,
609,another tiktoker in the house
610,
611,another person to get bullied <:Trollface:1006837020238295040>
612,وشكون لي كان قبلو؟
613,<@879796727031422997> the floor is yours
614,drama ta3 <#877877117872902199> >>>
615,صح🔥🔥
616,<@700379394383937607> نقصلنا فالسلومود
617,Hiya bdat b Marwan qra l bio
618,بدات كل القصة حين
619,7in da9tlha mn resources ensia 💀
620,"the funny thing is, accessing ensia resources is easier than accessing those of ensm"
621,Exactly knt rah ngoulha mais khlitha 😂
622,Easier for her than explaining what are the colors
623,<@875482444818681897> ربي يجعلها في ميزان حسناتك
624,<@879796727031422997> I don't know but remembered that time 🤣
625,تقول عاشور 10 كي حب يمد الديموقراطية للمملكة العاشورية اومبعد قلب الفيستا
626,
627,<@681238662453002271> bahdeltna
628,خاوتي شا صرا لهذا السرفر
629,ya marwaan chakdiiir
630,What server
631,What happended
632,Guys bezzaf khellitoulhoum channels f servers lelberaniya
633,Check audit log i touched nothing
634,asket hbiy n7slha fik
635,#blacklivesmatter 🫠
636,🤣🤣🤣🤣
637,<@946710636883243029> وعلاه اطاك رايح يكمل وعلاه
638,cuz lmangaka mhrbtlouch l9issa wbda y3emmer fl gaps with unexpected characters
639,all good things have an end 😞
640,زعما تقدر النهاية تع الانمي تكون مبدلة على تع المانغا؟
641,i do not think so
642,based 3la wesh sheft f last episode
643,trailer?
644,الخاوة كاش واحد فيكم راح ضرب طلة على ليكول؟
645,<@578643557351555113> <@774006774814081045> 🫠🫠🫠
646,🫠🫠🫠🫠🫠
647,Wlh ghir hiya 😂
648,Cbn wahed machaf
649,w wahed ma sme3
650,plagia ensia
651,crazy
652,why first years have the best color ?
653,"Diroulna blue or something, why yellow 😭"
654,Typical UI designer/ front end developer:
655,Justement 😭😭😭
656,Why yellow
657,Did u know that le parmesan is not hallal 🫠
658,yellow is og
659,what color do you want
660,bch mat9oloch zaki is not Democrat
661,Saha ldimo9ra6ya
662,Zaki rajel 🥹
663,deja emoji yellow
664,rakum tetchbho l emojis
665,Sayi Lgreen
666,🩵
667,Had le bleu 😼
668,test
669,Test
670,test
671,Chbab
672,Better than the yellow 😭
673,Ne7ini mod
674,No please
675,gostu lol
676,😂😂😂
677,Nsayou orange
678,Yes seyyi
679,etc
680,Green blue
681,😭😭😭
682,Orange
683,Hayloul
684,orange yellow kifkif
685,Jumia 🔥
686,😭😭😭
687,Nkhalou orange?
688,Green blue>>
689,"Orange is fine, bs7 Koun nkhelihew sfer kima kan khir 💫"
690,"You’re not open to change, that’s why Algeria is never gonna develop"
691,😞😞😞
692,Dok ndirouh Ll Mods
693,"i am very open to change, but yellow>>"
694,L mauve ta3 first year khir
695,mauve is for first year 🤷
696,مسعود الحيطيست للتنمية البشرية :
697,Orange
698,"Ta3 modération is cool tani, better than the previous red"
699,قول والله!! و انا عايش بيه غير هو
700,كي تكون ماكلة بلا بيه مانقدرش
701,Tle3t ga3 lfouq 😭
702,الفيد بزاف
703,Crazy
704,from yellow to orange
705,what a big diffrence
706,😂😂😂
707,Lmouhim they accepted the change
708,m3lich
709,4th year nwliw cyan
710,https://tenor.com/view/thats-right-correct-yes-right-yup-gif-16435470
711,This color is reminding me of the teachers 💀
712,Wellina teachers
713,ooooooooooooo
714,we are much more beautiful doka
715,<333
716,bsa7tek 😂
717,thx
718,my fav color btw 😂😂
719,3labiha you were insiting on it
720,yes I thought none would consider it 😂😂
721,damn the new kids ma yhechmouch 😔
722,"Salam alikoum guys, Does anyone know when are we going back to school? If possible the exact date please.."
723,we know the date ta3 l wizara only
724,but the school no idea
725,Who is maissa 💀
726,I thought ne3ref ga3 l promo
727,A ghost member don't mind me 💀
728,Thanks
729,
730,😭😭😭😭
731,Ab3ate nchoufo lanab9aw same group😭
732,I dont have permission neb3et 😞
733,Khawti be3toulou l djouamaa yeb3etelna thé groups 😂
734,Nrmlm 7ta yjewzou rattrapage Bach y9esmou
735,"Lala khlass darouhoum, even first years darouhoum kayen 12 groups 😭"
736,3 sections
737,ممكن يكونو قسمو ودارو حساب لتاع الراطراباج اذا يطلعو راهم فليغروب تاعهم  واذا لا قدر الله ماطلعوش ينحيوهم
738,يا الشكوبي المغول هاذو ول
739,Ig kayen 200+ student 🫠
740,كيما العام ليفات بصح العام ليفات غير 10 لي غروب
741,Where is <@893958691156541470> message wella rani netkhayel 😭
742,I found many other teachers f gmail
743,Then they are the new teachers
744,Well there gotta be new ones madam 1ere annee rahm 3 sections 💀
745,"One of them is part of the algerian academy of Arabic language li fiha guessoum, so i think we will have new teachers too"
746,Imagine may9erinach guessoum  Wild innit
747,Guessoum supermacy
748,The impossible thing
749,تفاءلوا خيرا تجدوه
750,الصالح كون يعاود يدوبلي اللوبيا تسمع بيه معالمة ڤاع
751,guys win nsib social security number f la carte
752,Carte shifaa
753,wach mn jiha ? kayen zoudj
754,li mlgoudam wela li mllor ?
755,Win kayan l picture
756,lina raki retard
757,بارك الله فيك
758,mazalet open bsah lol
759,Anyone 9der ydir les inscriptions ta3 الايواء
760,No makanch ta3 liwaa
761,khawti onpopular opinion: first years bezzaf hasbin rohhom like they already sending emails to Bachir to change groups 💀
762,wild
763,Unpopular opinion: first year drari ktar mn lazm w kamal des fils à maman
764,Wild x2
765,N here i thought i was the only one thinking that n felt bad 💀
766,No we all think that
767,ma 6a7ch m3a l best friends te3o mala bgha ybdl
768,Neb3etelkoum his email 😭
769,???
770,Feel normal to see them crying seeing first meal f ristau
771,Doubt they can handle guessoum's first lecture
772,
773,Like look at this email 🫠🫠🫠
774,cute
775,I wanna see lbachir reaction 😭
776,Indentation win rahi 😭
777,Typical Djouamaa's reaction
778,removed it to reduced email size
779,Json.stringify()
780,kayan l3sel f grp 5
781,
782,For people asking about l résidence
783,"Dayrinli 1ere année, normal?"
784,Moon second cycle rak sekran
785,Rah zanedha
786,Wtf
787,I am more confused
788,3lach machi dayrine ism
789,Khawti I miss ensia
790,Thank u
791,Abdelmalik typical reaction: you won't get what you want
792,I've heard that enough times 💀
793,We will still hear it many other times djo <:PES_Hands:883030075476443156> <:boozi:1005891386626818048>
794,Drari capable ygoulek: 3mi win nalga l ostadh
795,Mazal Bismillah machafouch wjhou bda baghi ynadal
796,n5lou النقل?
797,la bghiti
798,it looks good
799,😭😭😭
800,looks like an actual uni now
801,when where these shot taken?
802,<@879796727031422997> lazemlna koursi n7lmo nro7o nry7o fih kima li komt t7lm bih f l esi 😂
803,Good place for philosophical inspirations
804,ro7 tl3b b3id
805,Tani emotional ones xD
806,Mirror selfies 😭😭😭😭😭😭
807,I’ve been dreaming of this
808,خنزتنا
809,Yoo I agree 💫
810,Chkoun khalas الايواء؟
811,Mazel mamchalich
812,مزال مادخلتش للسيت اصلا لضرك
813,5/10
814,probably the only architectural good looking building there
815,
816,Facing the same error
817,Mm ana💀
818,It’s a worldwide problem
819,Algeriawide mchi worldwide
820,كم مساحةً مزرعتك
821,صحرائك*
822,Jma3a Am I the only one who has a problem in الإيواء?
823,we all do
824,Ah alright
825,I couldn't access
826,Ygouli bli il n'y a pas une inscription comme ça
827,Yes yes same for everybody
828,Alright
829,"Slm, est-ce que ga3 9adito tkhalsso les frais ta3 la résidence ?"
830,Nope I couldn't
831,<@&877880553599303711>  Check <#1005224305858199654>
832,Ig he's hacked
833,Done
834,Hello kyn li mazal ma9droch ysjlo tol? Since ever they opened the website I've tried each day but mazal lldrk ma7abch
835,"Yes, ana ma9dertch nsejjel kamel"
836,
837,Hakka sema doukhoul l jami3i aprés le 20 Septembre ??
838,I don't think they'll postpone it just cuz of e-payment issues tbh
839,Yarabi October brk
840,Nta madabik nwelo
841,Raid fi khatrou koun mrwhnech
842,Bsh kifech t9ari des étudiants marahoumch msejlin
843,Ensia y9riwk 2mois ydprssouk après yglk aa nta mch mssjel😂
844,يخرج عن الصمت 😂
845,Machi le 20 août ta3 les 1ere année?
846,Inchallah men fmek l rebi l2okht
847,Kifech ?
848,I thought 20 août houwa deadline ta3 les inscriptions ta3 les nouveaux bacheliers
849,"I checked now, it is not the case"
850,Ameeen
851,
852,Hna mhssoubin yek🥲
853,Yachaker tflk prtbl wela mazal
854,🤣🤣🤣🤣🤣🤣🤣🤣
855,I don't think so🤓
856,Think so basmala think so
857,وان كان هذاك ماديرش عليه  حتان تخرج حاجة رسمي من الوزارة
858,حنا كون صابو كون دخلونا في جويلية 🫡
859,Tbanli ghir ana li kraht l g3ad
860,كفاية خوف من المجتمع
861,حابة نطلع لالجي
862,Oug3di fdarkum khir mn sidi abdlh meriem
863,Bayna raki f setif 😭
864,Galha bayna
865,Wana wesh larbi😂
866,BISKGHA 😂
867,Sahbi kraht 😭
868,Setif >>>>> Khasni chwi shabati brk
869,Saha maelich ndkhliu f 24 wella w sahel
870,Aelah aelikum
871,Khwti I discovered bli bara ensia mana3rfch l3bed
872,Kifkif 😂
873,Rani lonely as hell
874,Knt naerf zouj zdt nssithum😂
875,Hadik hiya
876,Hadi hiya
877,Sma I wanna ntla3 alg
878,And meet la clic yakho
879,Qe3di f darkoum y’a tefla
880,Enough of darna 🥲
881,Jma3a Fel app ta3 l wizara kant 3ndi بطاقة الاقامة بصح ضرك ولا تبان بيضة كشمن واحد عندو نفس المشكل؟
882,Am I the only one li mazel kamel matsejjel 😭😭
883,انا العكس ، كانت عندي غير بطاقة الطالب ، و درك ولاو في زوج
884,me too😭
885,الجزائر يا دولة
886,"Yes, log out w 3awd adkhl tel9aha"
887,درت وماصلحتش
888,
889,"No worries, Aslan ki tdkhel l site tel9a koulech payé, so wait w twelilek la carte tqt"
890,All dakhlo 3asskr 🪖 b9it ghir ana  xD
891,Mosta 😭
892,مام انا فجأة راحت 😂😂 app مهبولة
893,Ntouma hebeltouha 😞
894,وانا وش دخلني 😂😂
895,good then
896,Salam guys what is the deadline for paying the iwa2 thing it doesn't work for me
897,Le 20 septembre normalement <@898608462358007820>
898,Since deadline te3 registration hata le 20 so nedkhlo après !!
899,"I hope so, mazel mabanetch"
900,L'app hadik normalement ysemohz problem machi progress
901,Meme ana la carte hadik troh w tweli 😂 nhar tbat f l'iqama nhar bera 😂
902,iPhone users 😃😃😃
903,Li ma tekhrejlhoumch même pas la carte 🥲
904,Li maendouch password 💀
905,Yweli ybat f la bib 😂
906,Lik ki rahom dead from happiness xD
907,"Damn zit w ma khellawhch, tehya l3esker Ig 😭"
908,Trou7 w tji bel naf7a
909,F lil tji w fel sba7 trou7
910,<@883306210680504330> i need help 🥲
911,<@578643557351555113> side eye
912,😭😭😭
913,9t3thali fwjhi
914,Choufiha f the other group
915,"slm jma3a,  i v a qstn  g paye les fres t3 inscription w i9ama w transport  dork kifah ndir bach nlga la carte digital ta3i"
916,?
917,<@883306210680504330>  <@700379394383937607>
918,Telechargi l'app webtu w dkhel les info ta3ek (matricule+ pwd) tl9aha
919,thank u so much
920,Check the app (Ana wmazal marej3atli la carte ta3 l iqama ya3ni)
921,Hadhwin wlat xD
922,sayit chhal man mara ygoli pasword ghalet
923,cbn
924,it worked
925,thanks guys
926,btw kyn just 2 cartes  taleb w i9ama ?
927,transport makanch ?
928,Yes
929,thnk u Lmodir
930,Yep
931,Yo
932,Oui:))
933,Chkoun jrb pyypl card 🙂
934,paypal or pyypl🥲
935,Lala pyypl
936,Pyypl exists damn 💀
937,Exactement genre hiya alternative cuz paypal wellat s3iba chwi
938,Wah tae imarat wkila
939,Paypal is not a card 🥲
940,Mee
941,Oh crazy
942,Mouhim alternative f service rbi yshel😂
943,3elemna
944,download pyypl and binance app
945,ahbel creating accounts
946,Esq u can’t receive fiha💀
947,Receive what?
948,Lgtouta larbi
949,Ha drahem
950,transfer some Dinars from baridimob with someone in binance to get 5$ so that you unlock your pyypl virtual card
951,I bought dollars from p2p from binance you need 5 dollars at least to activate pyypl's card  When you have credit in binance you will have options to transfer it to pyypl
952,"you can, through binance you transfer"
953,Nice rakou ga3 rich 😂😂
954,larvi teffi lmobile
955,Im just kidding
956,Saha wesh l’inconvénient feha
957,Also the money in binance will be on cryptos (USDT not Usd ) it's typically the same so don't worry
958,
959,<@917789079431680020> 😂
960,Hater brk
961,Wee
962,Hada bantli maerfch kifh ydir w kan mnervi 😂
963,"Well it's better to keep your money in Binance just transfer the amount you will buy with when needed just for more "" assurance """
964,Aight
965,Thank u sm lkhout 🫡
966,W mafihach riba normalement it take a fix fee when you buy something I forgot how much
967,Yea ig 2%
968,This is not fixed
969,I understood fix is for example 2 dollars
970,me
971,Hkilna 3la ur experience
972,its our only option
973,but it is good
974,Exactly 💀
975,Guys
976,Did anyone of u manage to pay the iwa2 thing ?!
977,Yup
978,U used Ur mobile or laptop?
979,Laptop
980,It's been centuries that am trying mabghach yodkhol🌚
981,Mbghach gae ydkhlek site?
982,Ih le site ga3 mabghach yodkhol
983,Lbareh brk jrbt lwhda it worked
984,3erfouk qbayliya xD
985,Lol
986,Can I pay them in cash when we ll be back to school???
987,Check ur dm
988,Okay 🤍
989,Chabiba
990,بعض الاخبار تقول
991,La cité mara7ch tg3od Individuel💀
992,المصدر
993,Ibrahim w cherif
994,موسم الاضرابات يبدا بكري 🥵
995,#لا_للعار_لا_للعار
996,<@875482444818681897> <@577182678818881556> its time bach rakbo lla cité rwad
997,مصدر موثوق خلاه
998,Ilyes 3lah
999,+yassine
1000,Yji w y3awed ywalli
1001,خاوتي لازم العنف
1002,Nary 😱😱😱
1003,الجزائر ماهيش تع قدرية
1004,حسبي الله 😭😭😭
1005,قدرية؟
1006,ليش يا ربي ليييييش
1007,Hadi ghi ta3 Younes
1008,و منا وجاي عادي العنف يجيب
1009,فهمنا ما تظلش لاعبها غامض وقاع
1010,و الرحيييل اا المدير
1011,انا راني باغي يدونا لل4
1012,راني باغي نعاود نختار شومبرة جديدة بالراحة
1013,Nrmlm nta wech totlob ydiro rouh hkilhom
1014,L 4 ray7a lta3 bouzerri3a
1015,وراني صنفت ناس معالمة و بالضبط ناس معالمة 3 شياطين
1016,علاه تبون ول
1017,جا وقت مالك و حسام
1018,Tji nta wmb3d yji Taboun
1019,يا نتا متواضع بزاف يا متكبر بزاف كي مادرتش روحك فالقائمة
1020,Yaw ana wld ljanoub Lpetrol fayet ta7ti w ga3ed saket
1021,نتا الاول ومبعد يبدا الحساب موراك
1022,ماعطاوني شامبرة ماعطاوني عمل  مخليينا مريحين فالسخانة تحت النخل
1023,Jayeb l3awd Ll spot na9sal fih lma makach f la cité
1024,Lma yrou7 bel smana wmb3d ygoulek rabi w ra7mtou
1025,وكاين مصادر تقول الاولاد رح يديوهم لمعالمة 5
1026,Mliha griba L Hamid
1027,وماكاين لا خوف لا والو ، و الشباب ما تخافش ، ازدم نڨلبو جدها هادي ensia لاسيتي فايتا علينا و قاعدين مريحين
1028,Nafs lmasadir tgol blli 5 mara7ch tfte7 had l3am
1029,ديرلي بلاصة معاك فالسبوت
1030,انا لوكان يجيني البشير في المنام يقولي ماتديرش اضراب ندير اضراب و نعيط
1031,Wtf Awah hadhi masktouch 3liha
1032,وراني نطالب منظمة حقوق الانسان تجينا من الماريكان تشوف حالتنا هذي معالمة 03
1033,
1034,تسما ال 5 مايحلوهاش وال 4 تتحل للادبيين تاع الشكوبي يخي تسمخير يخي
1035,كي المدير كي الزمر ،وانت جد الوالي انت، وانتوما لي راكم شادين الشغل مدكور و الجماعة لي قاعدة تهرد فالشباب هرد
1036,زيدلهم ديوان خدمات الزمر الجامعية هاذوك هوما الصح
1037,عندي صحابي في 48 اقامة، الشبيبة تدير اضرابات ومبعد يجيبوهم هنا لمعالمة يتهلاو فيهم
1038,ونتا يا مدير الخدمات الجامعية ها شوف لينا ولا نحو جدنا من الجزائر غرب
1039,<@946710636883243029> <@891047303497015306> نجيبو الشبيبة تاع فيسديس هاذوك خبرة كبيرة في الاضرابات ثانيتك
1040,يردونا تابعين لتيبازة xD
1041,يجي لعندي انا ڨاوري نستعرف بيه و نتحيلو و نخدمو كيما تقول الشريعة ، و مايشدنيش اواناسي دايرني فلا 3 ميكست
1042,والله التمصخير
1043,وهاذي هي الرسالة تاعي و بارتاجو خاوتي مكاش الخوف هذا قاع راكم عرب اقحاح مكاش قاع هذا الخوف
1044,Average day f ensia
1045,هذوك حنا نقولو يديوهم زادو مدولهم ال 4
1046,Yawedi la logique y7awzo hadok lbrahech t3 bouzeri3a so we get more space
1047,و حنا رح يلوحونا في 1700 في 3
1048,We study there so we should be the priority
1049,Ymedolhom ensia tani machi khir 🤡🤌
1050,جماعة حنا نستناو و نشوفو  لا ردوها ثنائية الاضراب ينادي من لخ
1051,لخر
1052,<@877942175315398766>  نسينا البارتي تع لي كانت عقليتوا خفيفة راه هبل
1053,Dok risto ywlli yfte7 3la 8 yball3 3la 00:00
1054,"3ndi 3 n3rfhom deja, kano min dhimn li ghl9o fesdis last time xD"
1055,هاديك خدمنا بيها بزاف
1056,Lik Lcomments 😂😂😂
1057,ez pz yji m3ak wahd 2005 lchambrea khwfo .. dk whdo rahiil a lwali
1058,يلوحو مع كل واحد فينا واحد من النيوبيز. 😂
1059,فجأة الطلبة القدم كامل يتحولو لارهابيين
1060,xD
1061,"Fr, manwelouch individual? That room makantch kafyetni wahdi, kifech ya9edrou y3ichou 2 people fiha ??"
1062,Exactly
1063,+ chkon taguani
1064,لوكان تنوض الحرب حنا لولين لي نتهردو
1065,فيسديس اصلا الفترة الوحيد لي تكون محلولة فيها هي اول سمانة
1066,kima kano f maalma 1 & 2
1067,"but logically, greve fchbab lawzi xD"
1068,we have the right in all maalma residencies more than whoever not studies in the pole
1069,الميلود يعطيلك حبة روز يقولك الله غالب ماتكفيش الماكلة الفوايي تعود تبسط في لرض باه تقعد لاصال تعود تلعب ماتش الماتش الجاي يكون السمانة الجاية وزيد وزيد وزيد
1070,soo
1071,الحياة ستصبح صعبة 😭
1072,Ldouche tdewech khatra fel smana 💔
1073,Bachir rah jab 300 w ydirli 2 f la chambre yroh yedi hado 100 ysknhom f daro w tabi bouzari3a kamal temma wtf
1074,نورمالمو اذا يديروها ثنائية يديرو للجدد وان كان نورمالمو يدو الادبيين وحنا كل واحد شومبرة خاطر هاذوك اصلا ماهيش بلاصتهم ورانا اقلية مقارنة بيهم
1075,Ljomo3a tnoud 3la 3 ta3 sba7 bch tdewech w fel chak talga
1076,awah 3AM
1077,That's it Mahich aslan ta3 deux personnes
1078,Tlga Lchabiba dayrin charlomonti fel douche kal3ada
1079,تلقى الماء خلصوه
1080,khssrna assli7a t3 greve btw
1081,lazemna armory jdida
1082,علاه؟
1083,Kayen good side ki njbdou twyouat ta3 lnar ndirou 12v12 mch 6v6
1084,باه في سمانة تفرغ لا سيتي هكا
1085,نقولو للجدد هذاك راك كي تخدم بيه يزيدولك في التقويم
1086,ونقصو العدد تاعهم
1087,=> sanitaries twliw t9ssmo 3la 4
1088,Les matches tweli t7km plastek qbal mayodkhlou ljamahir lel stade
1089,Khmmt fiha w 7chmt ngoulha xD
1090,Troh l stade tel9a place
1091,"t9ol match f moustapha chaker, lazem thkm blasstk youmin 9bl bch tchouf DZAIR vs MALI"
1092,تطيرلك بلاصة في كوت ديفوار تتفرج الكان اسهل من انك تتفرج في لاسيتي
1093,damn
1094,the thing ta3 2 f room is serious
1095,xD
1096,xD
1097,xD
1098,xd
1099,xD
1100,Larvi mode anfal
1101,La salle d'étude galek bel smana 9bal bch kach matlga blassa
1102,BLAGUE DE L'ANNEE
1103,khawti mthlbouch dhrya bli kayn ethernet fl ecole
1104,Not that please 😭😭😭
1105,تجي تتغدا في الريسطو تلحق على العشاء
1106,Speedy yweli f koul wa9t lah ysm7
1107,M3a face Id lala klit
1108,لي كانو صغار وسياو الخاطوف على خمسمية هكاك تصرا للطون في الريسطو
1109,هاذوك الرجال لي يخدمو في الشونطي وياكلو عند سبيدي يوليو يطيحولنا كي يشوفونا في غاشي
1110,حنا رانا الرحمة يالشونطي
1111,اواه بالغاشي الرحمة في الشونطي يا حنا
1112,chnowa lhal daba?
1113,Not speedy tani 😭😭😭
1114,Loukan ydemandiw la carte 7da lbab tweli la chaine ll ta7t
1115,Ida welat ldakhla bel wejh therdet kthar
1116,منا و رايح غادي جد العنف يجيب
1117,الرحيل ا الوالي
1118,و لي متقادر هو و خوه لا يدير الكيتمان راني نهدر ياسر
1119,الكلاب تاع الهنودة راح يشبعو السنة
1120,راح تولي كل ليلة اولمبياد 100 متر
1121,tawallah bellati araahiiiil asi lwali
1122,يدير hide لل channel*
1123,المهم خاوتي فرقة مكافحة الباست فراندز رايحة تبدا الخدمة من النهار اللول
1124,ولي عجبوا الحال عجبوا و لي ماعجبوش
1125,3ellal
1126,
1127,"<@&879492497586405426>  News from <@681238662453002271> lyoum ra7 Lla cité w galoulou bli officially ga3 rana f Mahelma 03 w rana 1700 wahed including the new schools bqat Mahelma 05 maghlou9a the only solution hya yaft7ouha w ydirou separation, L2idara ta3 la cité said spam bel comments f la page ta3 DOU Alger Ouest psq rahem ytl3ou Lcomments Ll moudir w ychouf koulech w ida mariglouch L7ala 7ata L dakhla yabda l3am b grève wa chokran"
1128,Fax a3tina paga ta3 dou
1129,I'm in the mood for trolling 🥲
1130,LEMOJI
1131,https://www.facebook.com/doualgerouest?mibextid=ZbWKwL
1132,Azdam a Lchabab matkhafech
1133,Hetha f ensia only tem kayen ghachi yespamiw
1134,This is the wtf of the year
1135,حسبي الله
1136,Copier coller
1137,Kach wa7ed ywjdlna comment nspamou bih
1138,Ha nmout 🫠
1139,rohna fl GGs
1140,تدوش مع الجنون تصيبو يمدلك فالشومبوا
1141,البنوات
1142,
1143,Us this year 🥲
1144,Madkhaltch nhar l discord l githa tkhaltt
1145,"Khawti rass ytir, grv w safi"
1146,"Mantal3ouch l les chambres, wnglbouha"
1147,Ndiro greve kbira 3la ta3 l3am li fet
1148,imagine having to endure an extra person in that box 😞
1149,"Had l 3am la fac kbira, nbato fiha xD 🤣"
1150,wykon 2005 ☠️
1151,"W la cité maychoufounech hatan ysipariwna (khawti I don't guarantee bli lbnet ykouno 9al mn 1000 either psq bnet ktar bzf mn drari, so yfrgouna b l'école wla ythardo)"
1152,"L adabiyat ylikidiwhoum fi mlyar, at least yfargho wahda"
1153,أعمال الترميم هاذو لي من ثلث سنين ما كملو تبهليل وتقاعس في العمل خاوتي، القطب كمل وسيتي ما كملتش
1154,وعليه سنتمرد لطرد الدخلاء من القطب خمس اقامات قطب تكنولوجي دايرين ربعة للادبيات ووحدة لينا
1155,Btw kayn tag khrj ghir kima #سيدي_عبد_الله_قطب_تكنولوجي_وليس_أدبي
1156,Nspamiw bih ta3 l khadamet
1157,"exactly ☠️  i mean if yftho the 5th had l3am, next year nzido nhsslo f same problem (temp solution) 🫠"
1158,"Exactly, we be not joking him"
1159,راهم يتكاثرو بوتيرة أسرع
1160,جماعة وين راكم تكومونتيو
1161,جيت رح نكومونتي مالقيت حتى كومونتار
1162,حتا انا
1163,Nah if u reach 4th year any student in Algeria has right of individual room so we just need to reach the 4th year 😂
1164,Sema rana 2 f une chambre 🥲
1165,ا جماعة ابعثو ثاني للمدير ومدكور قولولهم قدقد  يا يديرو حل يا يستناو اي حاجة
1166,oh did not know about it
1167,nope
1168,Master students have right in individual room
1169,1700 wa7ed kifeh ydirolhom mela wl 7a y7elouna 5?
1170,ya individual ya greve x)
1171,Yeah Iam so in magalesh 7eta hadou li jabouhom m genre ma3lish yedou placa 🥲
1172,6ru
1173,"True, they gotta do something about this"
1174,Kawti imagine 1000 new face f le pole 🙂
1175,Manzidch nokhroj 🙂👍
1176,@everyone  الشباب ماتخافش  ازدم ، ازدمو نڨلبو جدها باذن الله ماراناش حابسين
1177,https://m.facebook.com/story.php?story_fbid=pfbid02wUsyWEA6JyLqekeRVDrizhoR2wVxXCh85wjjWfr4eS6dE1837nyVmaHoymNopnFSl&id=100063631343424&mibextid=Nif5oz
1178,Aya ncomwntiw fi hada
1179,الله يسهل هاذي المهم تبقى chambre individuelle ما يهمش كيفاه يجيبو الادبيين هاذوك يحشروهم هنا ويزيد مايحلش  ال 5 باه كشما يزيد يدير فيها ادبيين العام الجاي ومبعد يقولك الله غالب نتوما بزاف
1180,وجدو كومونتار فريد نهدرو بيه كامل
1181,سيدي عبد الله قطب تكنولوجي ليس أدبي الغرفة الفردية حق لطالب الذكاء الاصطناعي بموجب المرسوم الرئاسي
1182,نزيدو هاشتاج الراس يطير
1183,وهاشتاج الفردية أو التمرد
1184,اشكروني من بعد روحو كومنتيو ذرك 🤣
1185,It's time to burn wheels
1186,في ظل  استمرار اكتظاظ القطب بطلبة الآداب، 1700  طالب من نخبة البلاد في إقامة معالمة 3!!!!   أين حق طلبة المدارس المنشأة بمرسوم رئاسي في الغرفة الفردية ؟ #الغرفةالفرديةحق
1187,https://www.facebook.com/100066666077846/posts/634217968810400/?mibextid=rS40aB7S9Ucbxw6v
1188,مافهمتش علاه مازال ماشي ناويين يديوهم
1189,Nchlh brk tbdaw tcommentiw
1190,https://www.facebook.com/profile.php?id=100091664040787&mibextid=LQQJ4d
1191,"hadi la page ta3 faycel Henin directeur ta3 diwan, Machi ta3 dou"
1192,"Hada link li tbe3tou fih, lchkawi f discord ma3ndhoum mayjibou، Burn la page ta3 dou"
1193,هذا نحاوه
1194,7ana wa9t tsya9 la page
1195,جماعة زيدو شوفو تاع البرومو لي بعدنا وتاع المات راهم حتا هوما معنيين
1196,Chaker nawwd l mouteur
1197,Ya jdk nahawh vite vite
1198,Win rakom t commontiw
1199,Hna
1200,l3arabya rahtli mina sadma 😞
1201,<@890943195456868392> can you send here the text of the other comment
1202,قطب تكنولوجي بستة اقامات جامعية لنخبة البلاد لكن ليس لديهم الحق الا في واحدة؟ 4 مدارس و 8 دفعات في اقامة واحدة أكثر من 1700 طالب؟؟؟ في حين 4 من أصل 6 اقامات مخصصة لطلبة خارج القطب التكنولوجي مع العلم أنو الغرف الفردية حق لطلبة المدرسة العليا للذكاء الاصطناعي بموجب المرسوم الرئاسي
1203,في ظل  استمرار اكتظاظ القطب بطلبة الآداب، 1700  طالب من نخبة البلاد في إقامة معالمة 3!!!!   أين حق طلبة المدارس المنشأة بمرسوم رئاسي في الغرفة الفردية ؟ #الغرفةالفرديةحق #طلبةالذكاءالاصطناعي_يطالبون_بالغرفة_الفردية
1204,قطب تكنولوجي بستة اقامات جامعية لنخبة البلاد لكن ليس لديهم الحق الا في واحدة؟ 4 مدارس و 8 دفعات في اقامة واحدة أكثر من 1700 طالب؟؟؟ في حين 4 من أصل 6 اقامات مخصصة لطلبة خارج القطب التكنولوجي مع العلم أنو الغرف الفردية حق لطلبة المدرسة العليا للذكاء الاصطناعي بموجب المرسوم الرئاسي في ظل  استمرار اكتظاظ القطب بطلبة الآداب، 1700  طالب من نخبة البلاد في إقامة معالمة 3!!!!   أين حق طلبة المدارس المنشأة بمرسوم رئاسي في الغرفة الفردية ؟ #الغرفةالفرديةحق #طلبةالذكاءالاصطناعي_يطالبون_بالغرفة_الفردية
1205,Hada lien https://m.facebook.com/story.php?story_fbid=pfbid02wUsyWEA6JyLqekeRVDrizhoR2wVxXCh85wjjWfr4eS6dE1837nyVmaHoymNopnFSl&id=100063631343424&mibextid=Nif5oz
1206,"lol, t7afto l7ala"
1207,gg
1208,165 messages 💖😂
1209,
1210,younes ak 3ajbni
1211,zid cbwya y7awzek mark
1212,و جماعة  المات وينهم  اني نشوف غير في تواعنا 🙃🙃
1213,hed channel ghir te3 3eme anné te3na
1214,ضرك نروح نكمل نسيق الحالة
1215,لي داخل في غروب تاع جماعة المات يخبرهم خلي يديرو واجبهم مام هما
1216,Zaki wkta inscription f la cité?
1217,Good question
1218,not fixed
1219,m3a dkhla they said
1220,20 24 sept
1221,I see
1222,its delayed because of progress
1223,Wt bout school? Magalouch date te3 d5la?
1224,Wllah ghir daroli timeout 😂
1225,they say the same thing
1226,Okay Thanks
1227,mods te3 la page ki ychoofooma derna raid 3la la page
1228,Gg everyone
1229,Khawti if the campuses are ready but they won't open it to us for literally no reason   Then there's a real possibility yzido m3ana the new schools exactly like campus for no reason XD   I know they opened one school special for ai brk but I know decisions ta3 last second ki dayrin too
1230,🫠🫠🫠🫠
1231,Bonne remarque 😂 at least l'école kbira
1232,Knowing that most of the directorate workers adabiyin  This person really opened fire 😂😂😂💯
1233,I heard that director ta3 math said fi Nahar bli 297 new students  Yssma imagine it's now 300 instead of 200 for every promo   We'll have our new 300 ai plus 600 of the two new schools Yssma 900 students xD If jabo other 900 students mkan la kbira la walou xDDD
1234,حسبي الله
1235,"No guarantees bli 9blou 300 m les écoles jded, et même si kayen 900 jded madironjich kima la cité"
1236,"there is a reason, progres"
1237,"yes but i hope not, deja our school mzalhum yra7lo f les bureau w kda"
1238,https://m.facebook.com/story.php?story_fbid=pfbid0K8FbDaGrd5kLT2kKa7KBkJZo9oYYYAb1kVDB1FxfL1ZorDConmxSJaRNZ62AYTM4l&id=100063582054101&mibextid=Nif5oz
1239,
1240,Salle de conférence lekbura hadi?
1241,Match hna haja mahboula
1242,Tesleh ydirolna écran kbir lteht netferjo fiha les matches
1243,Kont nekteb fiha 😭
1244,Tkhaf ydachnoha bl 7afl ta3 spacetoon
1245,هاذي ثاني مليحة ✨😂
1246,double biceps hna mch nrml
1247,Let’s go 😼😼😼
1248,Makanch mrayat ghir makalah
1249,Yfajirouha ayoub bi tha9il 😂😂
1250,Asber ne7ih ay tnod la guerre 😂
1251,Rah kayen wch m7it a Ayoub 500 DA ntafi ldaw
1252,
1253,Ya merouane matkonch mediocre qalek boukhalfa don't expose logs to end users
1254,"Machi ghir nta 3endek powers, bs7 ayoub khoya"
1255,Yahasrah 😂
1256,اواه هك حمستوني
1257,Ya merouane hambook dirli timeout mena la rentrée ani bdit ndi3 f discord 😂
1258,هروب تكتيكي
1259,9otlk matdorch m3a l Annabi
1260,"3ndi log ta3 had server, ta3 GDSC, ta3 ETC w ta3 Skill n Tell"
1261,arwa7i t9abli
1262,"Ida 7sbetlek log ta3 servers ykhel3ou, you saw nothing 😂"
1263,Khesatek tae secai
1264,Ahaaaa sema ana faha
1265,Hatitk khoya y’a ayoub
1266,"Not surprising, bs7 I didn't know you care that much about my avatar changes"
1267,Faha w bi 9owa
1268,Mayhaboch rjal imed khoya hebo yferqona 😂
1269,Mykdrouch😂
1270,Ki machi nta faha chkon faha
1271,Kho bsh wech kolt
1272,3leh nta mawlitch tkhel3ou f dhelma ? 😂
1273,Ychof snik w 3inik yemchi wehdhom yekhle3 kter
1274,Ytghacha meskin carrément
1275,Hada vrai machi ayoub
1276,awah wa9ila sa7 bdit tdi3
1277,تم دخول القرصان الجزائري
1278,"كما قال الشاعر howa rah y7ewes 3la public  You can’t get public with my avatar changes, I'm sorry try to invent another story 😂"
1279,هادا غير اسماعيل مان لي حكالنا عليه احساس
1280,"I won't reply to you from now, bs7 I see you are very interested in my log part, enjoy them 😉 😂"
1281,ابعث بريفي ابعث
1282,
1283,https://tenor.com/view/emotional-damage-gif-24390252
1284,ايوب وحدو 🤣🤣🤣
1285,<@700379394383937607> I was just kidding sorry 🙏 don't take it to heart
1286,<@880206525950476359> ملك القصف 😱
1287,Qrib dert 3efsa trewehli lmoustaqbal 🥲
1288,I hope no one saw that
1289,Kayen logs 😂
1290,b3at photo f ask students
1291,Aya ma tefdehnach 😭
1292,New post m dou 3la mahelma => Burn it again  Hada link https://m.facebook.com/story.php?story_fbid=pfbid02XwKMnYEMezTx36X75nPmJuXKvXTjrmfKUoRtdDaZmbi47oKESTKqaFBiEe2u5NXfl&id=100063631343424&mibextid=2JQ9oc
1293,Cbn hbblnahm
1294,قطب تكنولوجي بستة اقامات جامعية لنخبة البلاد لكن ليس لديهم الحق الا في واحدة؟ 4 مدارس و 8 دفعات في اقامة واحدة أكثر من 1700 طالب؟؟؟ في حين 4 من أصل 6 اقامات مخصصة لطلبة خارج القطب التكنولوجي مع العلم أنو الغرف الفردية حق لطلبة المدرسة العليا للذكاء الاصطناعي بموجب المرسوم الرئاسي في ظل  استمرار اكتظاظ القطب بطلبة الآداب، 1700  طالب من نخبة البلاد في إقامة معالمة 3!!!!   أين حق طلبة المدارس المنشأة بمرسوم رئاسي في الغرفة الفردية ؟ #الغرفةالفرديةحق #طلبةالذكاءالاصطناعي_يطالبون_بالغرفة_الفردية
1295,I'm with u :)
1296,Sa7it jamal
1297,
1298,😱😱😱
1299,Vrai ma7rtch they figure it out
1300,They call us elite ghir ki nkounou 7na who needs to deal with it
1301,قولهم حرشو حرشو
1302,كي يڨهمك بلاشارج برك وين تسمعها
1303,نعلن رسميا عن بداية لاڨراف من النهار اللول
1304,🙌🏻
1305,😱
1306,Golo nhar ndiro la grève tweli 3andkom authority
1307,Saha l3ennabi ✨
1308,"Guys lzm najro 3liha doke, psq ki dire la grv fal badya nta3 l3ame y9oulak cbn 6aftare wyatik promises for next year"
1309,Hata system d'école they used to have no authority Avengers... Assemble
1310,Exactly cuz ki tfot troh w teskon 2 say Gg klak fox
1311,Exactlyy
1312,Lzm najro 3liha soit yafat7o l 5 soit nta3 bouzari3a mayatouhomche l 4
1313,We can't wait 7ata yabdaw ymado les chambres
1314,i v activated for free
1315,U right
1316,Wech ndiro sema?
1317,Dok trohlk
1318,Njou nbatou berra for 3 days w ndirou strike
1319,Lessgo
1320,"Rahm ba3to email llbachir idk ida reponda wlla mazal , 7nna nstnnaw chwiya , ida ma ban walo n3awdo ndiro 3lihm la pression, sinon ida mabghawch mnna 7tta ldekhla , ntfahmo wa7ed ma yro7 Hakda w zido chofo"
1321,telqa Imed ltem xD
1322,Bachir be like we are aware of the situation pls bear with us trust us
1323,Nchoufo kifah ncontactiw l directeur nta3 dou
1324,Dok nchouf nmr ta3o
1325,Mais 3andi ta dcc lim3ah
1326,"Sayi 3ayatlo, psq snn naspamiwhome bles msgs, kml naba3toulhome meme message🙃"
1327,3lah exact?
1328,He has authority💀
1329,والدبرش المتحمس للدراسة كيفاه نقنعوه ميروحش؟
1330,yrouh yeqra wahdou 🙂 yqabel medkour ou bachir temma
1331,Thb naetikom nrm ta3o ahkiw m3ah
1332,yep same thinking خاطر اذا وصلت البدية يقولك ال 5 ماشي واجدة طفرت والادبيين داو بلايصهم مانقدروش نبدلوهم ضرك
1333,ig we make pressure from now maybe it'll help in the answer he'll give if he answers
1334,I definitely agree on everything  But what do you suggest
1335,1- contact director of DOU 2- contact the minister of HE
1336,how to contact them? espically the minister
1337,I'm sure we know someone who knows someone dok nchouf kchma 3ndi some leads
1338,For now we put pressure on our directpr
1339,Wngoulpulpu bli if it's not fixed debut danne dirou nta w 20 bnadem
1340,Ig we should write something official l director
1341,they wrote already
1342,"Yawdi nhadro m3a brahim wlla cherif w hiya frat , bayna 3ndhm contact m3ah"
1343,Ay kayn hadak majlis ta3 this year where they do meeting 2 time a year and idk   Ig they have direct contact to wizara  So we ask them to write Since they have the authority to do so
1344,Who?
1345,2nd years
1346,lol
1347,its not official but still xDD
1348,Bzzaf ba3to
1349,Za3ma 1600 students makach mana li 3ando 5youta fal wizara wala fal dou ya9dina sla7e?😂
1350,Be3to just bach ykoun 3abalo machi bach y9olo students rahom kml contre ?
1351,"A9ra l'email , w zid rahm ba3to bzzaf deja ki ychofhm y3ref"
1352,Lazem رسالة شديدة اللهجة
1353,"Lala nabdaw bhadi mli7a, zidoulo bali we would appreciate a response as promptly as possible."
1354,Omba3de ida mafihach ndiro chadidate lahja
1355,Hadi li b3etoha bzf jaya cute
1356,"Man, if anyone 3ndo  bs7 mazalo hna Yssma vrai may3rfch sla7o XDD"
1357,الكوستيم دومي مونش
1358,Ya wdi that email is way too nice
1359,Genre they're being like please fiha i9ama w7dna wla no🥺
1360,Lazem nebe3to une demande
1361,Soit mail soit neketboha
1362,W yeb3etha délégué l’école
1363,Au mm temps nebe3to l dou
1364,Ta3 melekher we don’t accept this
1365,Ig so
1366,saha Hekou
1367,Haka mm ida wsselna l une grève may9oloch 3lech mahdernach me9bel
1368,But lazem everything ykoun organized w official (mails or papers)
1369,+ as soon as possible
1370,Dou nationale + dou alger ouest
1371,+ we need to get their contact and do this asap
1372,We can ask bachir yeb3etlhom tan while nhewsso 3la contact ta3hom
1373,Ida kayn wahed sur alger ye9der yroh 3endhom tan mliha
1374,The problem is that he's not replying till now as far as I know Lazem wa7ed yro7elhoum
1375,And we may ask Brahim or Cherif too
1376,Jma3a We need to be fast Mazal two weeks
1377,Nebe3to l medkour w djouamaa tan
1378,Alright So we make an email
1379,Btw Did anyone try to contact the page of DOU alger ouest ?
1380,"Exactly, we need to take actions quickly Someone ywajade official email tonight and then we review it I have the number nta3 dcc li madouh l <@890943195456868392>, he’s called Mustapha, nchoufo wa7ade ya3rafe yahdare y3ayatlo Bachir ida marepondach tani nab3atoulo someone y3ayatlo"
1381,Dou ma3andhomche official email?
1382,
1383,Naba3toulhome official email in arabic
1384,
1385,3endhom fix n spamihom
1386,Mabghawch yrefdo
1387,It's literally 23:40
1388,"It's night time, office hours are done"
1389,Exactly😂 <@877942175315398766> nta t3ayate at midnight?🤣
1390,"bruh, like bayna they (i9ama admin) have contact w DOU & already talked it out with them, just i9ama admin trippin on us cuz either they did not hear back from them yet or they tryna take things slow and quiet till ysdmo all students nhar the entry .. cuz they received +1700 yet they do not have beds nor other resources for all the +1700 students"
1391,Howa yeb3et email at 3 am mala surement mayr9doch bekri 🤨🤨🤨
1392,Exactly even if we pretend that it will be for 1700 student it's even impossible to do it they don't have the resources for that
1393,Testit brk ida ysouni xD  Lawwl sona  deuxième non
1394,and for that i think they agreed on some terms before even they are assigned with +1700
1395,Guys they said bli they did a meeting today to decide whether to separate boys and girls or idk (lmhm to find a solution)
1396,Marouane bayatlo fal bureau😂
1397,Who said
1398,Who mentioned that?
1399,I can imagine restau starting at 12 and ending at 3
1400,Rani fi la cite rn
1401,good luck basmala
1402,Miloud my3oudch ykder yedi mkla 😂
1403,Dw nchallah yl9awlkm 7al
1404,"Inchallah, thanx for the information"
1405,"Inchallah, hopefully"
1406,Mn li kan ygoulna makanch zyada ywlli ygoul makanch makla
1407,Sure?
1408,"In that case, I think ndiroulhome chwi la pression"
1409,Ana wch 7yerni wch Kano ydir f ssif à part عملية التشجير في الاقامة الجامعية
1410,Chiya bzzaf
1411,Mb3d tlgaw la cité sa7ra
1412,Please can you insist on them tomorrow?
1413,"if we are splitted, bois will be this close 1 inch away from hameed .. lessgo T-T"
1414,We'll ask them cuz I wanna know too
1415,حملة النظافة الكبرى تحس راح يخدمو اوطوروت جديدة
1416,Inshallah Btw best of luck
1417,"Most post yl3bli 3la lmoral . Rabbani kl ma yna7ii 7chicha yposter ""مواصلة عملية تهيئة المساحات الخضراء""  Tgol rahm ychajro f adrar"
1418,هاذي اليوم
1419,They need more time to prepare for the splitting tho💀
1420,طريق سيار شمال جنوب
1421,It exists already xD
1422,"Fl mawa9i3 brk , fl wa9e3 mazal machfnahach"
1423,هي تبالي حابسة مور المدية
1424,اودي وهاذي وحدها
1425,حمبوكم قولولي شكون مزال عندو مشكل معا سيت تع الايواء ولا أنا برك
1426,Brrdli gelbi xD
1427,problem probably m3a your account
1428,كومونتار لضرك ماقدرش يحبسني من الضحك
1429,surement
1430,ios users ma tekhrejlhoumch la carte or only me ?
1431,To5rojli
1432,ToT
1433,Which card
1434,ohhh front student card w back residency card Gg
1435,Exactly
1436,Wait ma3raftach ta9labha?😂
1437,no I clicked but ma qritch xD
1438,I thought it was the same student card
1439,Kol khtra yfaj2ona b7aja ma3ndha 7tta fayda xD
1440,Ghostbusters
1441,for me it is the same
1442,yo wait
1443,i didnt pay i9ama and i have it
1444,lolz
1445,artiste
1446,Nta dok nwllo ma tlga la chambra Individuel la m3a sa7bek
1447,3ndi preuve 🙂
1448,nbat f l ecole m3lich ahi kbira
1449,locale ana 9adim
1450,Dire m3aya roommate mala😂
1451,khabith
1452,Good idea
1453,Rmawk fi Black list again XD
1454,https://www.facebook.com/100063631343424/posts/787752983355739/?mibextid=rS40aB7S9Ucbxw6v
1455,sema lyoum ygolk
1456,ygolk
1457,ygolk o
1458,duk n3yt l brahim
1459,lnoudira te3na ahi tem
1460,Alright
1461,😱
1462,Any news jma3a?
1463,Nspamiw l post xD?
1464,Lessgoo😂
1465,على بركة الله
1466,
1467,I guess since it's reshared by the school page sma fiha
1468,23 nodokhlo
1469,حنا 24
1470,aya w la cite kifah dork?
1471,"They announced it in the news too, gae nedoukhlou le 23"
1472,الاقامة عيطت اليوم لوحدة تخدم في اقامتنا  قاتلي لحد الان ماعلابالهمش كيفاش رح يديرو
1473,الظاهرة رح يعرفو نهار 22 سبتمبر
1474,وبشير ماريبوندالناش كامل
1475,"either a solution will occur in the upcoming days or greve w dprch madabih mayfssdch cuz im pretty sure 100% want their right for an individual room as promised since 2021, as simple as that its impossible that the ministry and campus admin. do not resolve it till entry day, bcz they are already aware that the number fat the capacity .. theù solution will yban in the upcoming days when either i9ama is resourced with extra beds or, some logical split is decided"
1476,W 7kayet rooms and the huge number ?
1477,"Not sure if they can make a decision soon,y5louna 7ata ngrbou n9raw as usual,"
1478,Any contact te3 i9ama <@879496652887556117>
1479,"exactly, they would not ykhliwha hka +1700 students and resources (beds) mknch meme pas so, it is either a solution li will satisfy our right or a solution that would not .. they would not stay hkak without a solution cuz im pretty sure the menistry is already aware of the problem"
1480,What if their solution is to bring extra beds and stuff
1481,"IH I got u  I just meant that they will do their solutions after nssm3ou, Aware of the problem but they don't know BLI we don't agree 3la roommates"
1482,"1700 f cité wehda means 7a ykounou problème f lma , resteau, douche …"
1483,"#no_for_saying_""kifk kif nass"""
1484,Not really since the others have double rooms
1485,With pressure li 7a tkoun 3endk during the year ma7ach ykoun 3endk lwe9t tkhmmi f hed hadjat li kano ybanolo basics
1486,Enfin for them I mean
1487,Hadi Machi solution 💀
1488,"From their perspective, it is🙂"
1489,3liha je propose ndirou un écrit signé b ga3 les promos n7e6ou une copie f dou et une autre f diwan
1490,"this sol does not satisfy us => we do our thing .. same as we changed la note elim, bourse...."
1491,"Cuz Houma yest3rfou ghir b les écrits, Ida fatou 10 jours mabanch khber n76ou we7da fel ministère"
1492,Lprblm kifah ndirouha écrit wrana b3ade? Wchkoune yadiha?
1493,Ndirou an excel sheet or something fiha NOM PREMON signature png w npartajiwha
1494,As long as it's not building other rooms it's not a solution
1495,what I was thinking اذا راح يديرو غرفة ثنائية، راح يستناو يكمل الراطراباج ويديروها ونهار الدخلة راك تفيق هذا كي يحبو يمكرو فينا
1496,بصح اذا وصلت للدخلة ومافراتش كلاك فوكس يقولك ماعندي مانديرلك بصح ضرك لي صح تقدر تبدل
1497,"if we will do, we need to do it asap we have only two weeks"
1498,Oui justement galoulhm mor rattrapage rah nghl9ou la cité wahd ma y9dr ydkhl psq 3adna khdma
1499,that's it
1500,"as i said lbarah mala, i9ama are already aware and they are just trippin on us"
1501,"No other solution, cuz Ida fetna w dina mfate7 6frt, même si ndirou greve y9oulek next year inchallah"
1502,"awdi idha wsal do5ol cbn ygoulek we don't have time to set maalma 3 and we cannot kick literatture students now men m3alma 4 so simp,y ykoun klana fox"
1503,Actually it's difficult for them to gather human ressources in 15 days
1504,"Naaah mazel, Ida khedmou ouled fayet 1 w kmlouha f 15 jours y9edrou yrej3ou adabiyat tem w y3touna la 4"
1505,but we need to put pressure now ki yousel 24 cbn
1506,they only need beds .. tables and chairs we already have two per room
1507,"what is difficult is, assigning new admin. staff for a campus, equip it with all resources and make it ready to tst9bel new students, so for now im sure we 100% doomed unless we do something real, not virtually commenting......."
1508,Kifeh something real bs7
1509,"greve i suggest (could not happen earlier than entry day), or a pro statement as imene said"
1510,In my opinion I think we put pressure on the school (since we have contact with them) then they will just how serious we are and they can contact anyone the minster the director of that shit dou or anything
1511,aggreeing that none goes to i9ama will never be a solution (idr who suggested this)
1512,i agree
1513,We just write an email with the content that we will not study and there is no individual rooms in the campus as simple as that
1514,How to put pressure on them?
1515,Cuz les premières années+ les maths+ some of our promo will definitely go
1516,Easy we send emails
1517,Also they can't run away like we can't do anything related to campus.. when guessoum used to be the director he was asking and he fixed some issues
1518,Mais je pense l'administration t3 l'école Galt ma3dha ma dakhlha non ?
1519,The problem is that lbachir is not responding
1520,"Tbanli naba3to something official l dou wal minister kima 9alate imene, wnzido maba3to official email l bachir w M"
1521,I like how you referenced Medkour with M
1522,خط يدمر خط
1523,I guess we write directly إشعار بالإضراب
1524,"If you guys agree, I can write it"
1525,Yes I agree
1526,It will be as clear as يا فردية يا ترقبوا اي حاجة in a suitable language
1527,طبسي حامي يشلفط 😭
1528,"I'll prepare the paper by tomorrow, then the delegates or someone takes the responsibility of sending it to official sides: DOU, HE ministry, Bachir, and Mehalma 3 pages"
1529,"It will be official and clear enough, and then we can ngrfo بكل قانونية once we back"
1530,"Btw, I guess it will be إضراب مفتوح till it is individual again"
1531,"If you all agree, I'll write the paper and send it here to discuss it"
1532,Yes you can write it 😼
1533,i do agree
1534,I suggest that we talk to 2nd year also
1535,They know
1536,Cuz they’re in the same situation as we are
1537,But ig once the paper is ready we share it f <#1004388574319345785>
1538,I mean they send the same thing
1539,It’s better
1540,For the school lazem les délégues homa yebe3eto in an official way
1541,Mankounouch random
1542,Au moin délégue ta3na w délégues ta3 2eme
1543,But ma wellawch des delegates
1544,So we assign someone in both years
1545,Yeah I do agree To have a bigger number and since they are concerned too
1546,Well we take decisions and we inform them 😀
1547,Yes better than a khalouta
1548,Chghol the paper we discuss it here brk
1549,Mm ta3 maths
1550,Exactly
1551,"Wmba3ad once ready, we distribute it 3la all Mehlman 3 ppl"
1552,Haka we agree on it w nchofo chkon yeb3etha
1553,Ana nb3atha mn ba3d f servers nrml
1554,Mba3ad li 3ando contact ta3 ppl li lzm noslohom yb3at
1555,And I suggest les délégués ydiroha
1556,Yes sure
1557,Psq homa الممثل الرسمي
1558,Everything should be rasmi
1559,Haka ma3endhom maye7kmo 3lina
1560,خاطيك الشغل
1561,I'll write it perfectly
1562,W nebe3etolhom 3el bekri bach may9oloch matitonach we9t
1563,"Guys literally we have اليد العليا from the first they said that I9ama is prepared for 1000 student that doesn't mean that it has only 1000 room it also means that the capacity of ristau , sanitaires, study room and other things is for 1000 students how the hell you put 1700 student Une grève pour une demie journée hata teboun w yji ymedla machi ghir individual ymdlna ADL f sidi Abdellah"
1564,Problème kaynin les cité 9odamhom w ymedohom l ta3 bouzeri3a
1565,We have priority on them
1566,i have seen somewhere that their ex i9ama meddohom already .. so it is not temp for them to stay there?
1567,"indeed, plan t3 lpole five higher schools .. each with max of 1000 students .. with total capacity of around 5500 rooms f all i9amat"
1568,"For now, rana ga3din a l’aise f ddar 🥲"
1569,5 schools machi 6 ?
1570,Bsh binatna first year hado wjoh alnahss 💀
1571,Especially ta3 nano 😂
1572,"Smata jat m3ahoum, en plus ma ye3erfouch yehedrou 😭"
1573,W lesqa 😂
1574,9bal mayjiw la cité asslan ydirou fel machakel wyetdarbou m3a les autres
1575,W ythawcho 😀
1576,W 2006
1577,Iiih fakaretini bali ta3 2006 wja3ni galbi 😂😂
1578,They literally ythawcho khawti
1579,Wmba3ad ygoulou lba3dahom samhni 😭
1580,Wmba3ad lokhr ygolo smah 😭
1581,Really?
1582,Trop mignon 🥺
1583,If they are stupid enough we can ask them to go to the compus next week wydirou i7tijaj 3la individual rooms haka blama nata3ebou 7na
1584,Exactly 😭
1585,I was like yooooo
1586,"rani n imagini .. around 21st hkak troh tdi lkey t3 chambrtk again .. tht hwayjk denya hanya .. mb3d ydkhl 3lik rajel wwlido .. y9olek ""athalla fih"" 🥲"
1587,Reading this brought me memories of prison break
1588,W nta twli Kima T-BAG 💀😂
1589,a3odo billah 💀
1590,Also me: yntala Fina rabi lhaj
1591,https://tenor.com/view/shishiro-botan-throws-omaru-polka-push-off-cliff-yeets-gif-25058803
1592,also me:
1593,: l7aj khallini m9adrek
1594,yess
1595,later on guys => قوانين الغرفة 😶💀
1596,I agree
1597,tgoul attack 3ammek wlla matdkholch
1598,Op 3ammek*
1599,Hadik f chambrti
1600,chambret i7sas: review bomb all aot eps 0
1601,ديجا راهي تحكي معايا ام وحدة  زوج دقايق مانردش على الميساج تعيطلي  راني ندعي يحطو الجدد كامل في اقامة اخرى
1602,rule n:1 => mntla9awch fi 2 dakhl chambre ya ana ya nta .. lila tbat nta w lila ana
1603,"Sma7li khouya ana manl7agch l  niveau hada  7na nkhadmo b المصداقية , ida mli7a ngolo oui , otherwise no"
1604,Oumayma she will hunt u for the rest of the year
1605,These yearly strikes remind me of highschool 🥺✨
1606,That's why daroukem first priority
1607,Ntouma tani 😭
1608,Experts f tmermid 💀
1609,In three years i think i took part in atleast 5 strikes
1610,Bombastic side eye ta3 khayli >>>
1611,Lala yakho ta3 khayli kanet cute bsah ta3 الناظرة drama 🤣😭
1612,Macheftich najah tejri morana t9oulna ana bent lkouba balakou tkhltou fiya 😂😂
1613,Najah mrida wlh 😂 bsah l gosra m3aha >>>>
1614,سكنات عدل من 2006 وحنا نسناو ونطالبو
1615,Yesssssir <@877942175315398766> ana njib pnouat wnta jib nar xD
1616,Don't forget that you're an adult Wallah ghir khasna skona ngl xD
1617,🔴آخر الأخبار : الوزير صح جا للاسيتي، بصح وقيلا مافيهاش يفتحو 5 على خاطر ماراهيش واجدة خلاص لا من جهة الماتريال لا من جهة الخدامين ، و مستبعد توجد منا لل 23
1618,Strike
1619,W sol li l9awha wshnha ?
1620,Yelqaw solutions? Since when
1621,Ahh sorry 😂
1622,ايا مالا نبداو نضغطو
1623,منين عرفت ا يونس؟
1624,
1625,Aw nmr taeo liheb y3tlo
1626,Sa3id
1627,اه اوكي
1628,
1629,Bachir yaerf ghir ybl3et
1630,خصنا مالا الألفين لي بعثوهم للاكات يبعثوهم لبلاصة اخرى
1631,هاذيك هي ماشي الواجدة يديوها هوما وحنا يلوحونا كي السردين
1632,في الواقع ماعندهمش وين باسك لاسيتي تاع بني مسوس سكرت ضك وبداو الاشغال ونتاع بني مسوس راهم في ولاد فايت
1633,عندهم اولاد فايت راهم رمموها وراح تعاود تتحل
1634,بعثولها تاع بني مسوس
1635,وتاع بني مسوس راهي تخدم كيما نشوف في الباجة تاع ديوان الخدمات الجامعية الجزائر غرب
1636,ماكانوش طول يقولو بلي بني مسوس مسكرة كانت يقولو هاذو تاع اولاد فايت خاطر تاعهم لي مسكرة
1637,وخي كانو قالو بلي تاع ال 6 زعما راح يرحلوهم في لخر نشوف فيها ماصراتش
1638,يدبرو روسهم وين يحطوهم مش حاجتنا
1639,Yep that's it
1640,ما نخلص انا التأخر لي مدايرينو حاجتهم
1641,هوما وقراراتهم العشوائية كن عينهم مافتحوش ليزيكول الجدد هاذ العام
1642,حنا وعدونا يخلي الوعد تاعو
1643,اودي ولو علاه تجيب الادبيين لل 4 احشرهم وين حاب الله يسهل عليك
1644,المهم لخلات كامل ماتسلكها غير لاغراف
1645,Directeur te3 dorms ma3endo ma ydir 9olo you must contact big heads
1646,"la greve majibelnach 7e9na had l3am prs Ida fetna Ra7na, obligé nbatou tmak (w rah nkounou a deux) y9ouloulna asbro yedkhl budget w ndirou la cité"
1647,Nspamiw la page ta3 wazir melkhr
1648,انا مافهمتش 15 يوم ماتكفيهمش باه يجيبو سرة وطوابل يحطوهم في لاسيتي؟
1649,ويا العمال نص الشعب الجزائري راه بطال
1650,جماعة ديرولنا كاش هاشتاغ نطغاو بيه في لاباج تاع الوزير ونتاع الوزارة
1651,Only solution
1652,مشكل والله
1653,مافهمتش انا الادبيات هاذو لي راهم يتكاثر دورة ويعاودو سيتي من الزيرو
1654,ديرولنا هاشتاغ
1655,الغرفة الفردية حق لطلبة المدرسة العليا للذكاء الاصطناعي والرياضيات
1656,بانلي شوي غامل
1657,😂
1658,Bsh mkn ma dakhl l adabyat w m3lblish houma 9assouhom tem brk mshi houma bghaw m3alma
1659,Sema la faute mshi fihom
1660,حنا ماقلناش دخلهم
1661,نحكيو على سوء التسيير
1662,هوما طلبة كيفهم كيفنل وين يحطوهم يقعدو
1663,ايه ماناش عليهم هوما رانا على لي يبعث فيهم علاه يعني هوما ماديين 3 ديجا يزيدو يديو لاسيتي الرابعة وحنا حاشرينا كي السردين في سيتي وحدة
1664,I remembered  ki nta kont tchouf fih fi strike ta3 this year when kan ybl3tk 🤣🤣🤣
1665,(aka. u got trolled kids)
1666,"Our ybdlo ta3 6,1,2 They announced at first that it will be quick before taking them back to wlad fayt It's been 3 years"
1667,Win kayn blass 3mr
1668,Bayna
1669,Kayna
1670,Definitely
1671,ماشي على حسابنا
1672,"Yas7bi Ida kayn 0,001% chance they set back la bourse to normal  I won't be surprised if I saw them trying it"
1673,Ik ik What I mean is that we need to do anything now
1674,Tb9a making resto ready gas and material like this year it took more than 2 months  Putting doors for the rest of the rooms Paint since not all are ready   If they continue at this rate 5 won't be ready until 3 months at best  Haka it's gonna be too late
1675,Ih 3ndkom sah hna aha9 bsh la façon de parler t3 l adabyat mdoulhom w hna lala maysh jaya  U can ask for ur rights without this khtr mkn madkhlhom ka étudiantes
1676,دعاء اي هدرت مع التوفيق ضك
1677,وقاللها بلي الغرفة حتبقى فردية
1678,ونهار الاثنين الجاي يبان كلش
1679,Hmdlh ya rab
1680,هذي رسالة دعاء 😂
1681,Insha'allah it continues like this
1682,Jma3a hada win hdart m3a Toufik w haw wch Gali  1- mazel ma darouh directeur b sifa rasmia mais 90% rah ykoun hwa  2- la chambre individuelle mahich rah ttnaha psq lyoum ja lwazir w hdar m3ahm  3- rahm ysayou ydu l 4 bch ydirou fiha drain w 3 lol Bnat  4- lundi nchlh rah yban klch Sama galkm ma t9al9ouch rwahkm
1683,Yesapariw drari m3a lebnat?
1684,"مراسلتنا من قلب الحدث  Inchallah fiha khir mena 4 jours, sa7iti anfal"
1685,Thanksss
1686,نورمالمون
1687,Maejbtkch?
1688,Lala machi problem
1689,Chkoun bark irouh la 4
1690,M3a toufik directeur ta3 chkoun
1691,Drari
1692,Hayla vive l 4
1693,LWMOJI
1694,Bsh ndiw m3ana toufik directeur
1695,Hwa gal blk nahkm 3 w man3rf 💀
1696,هاي جات مراسلتنا من قلب الحدث 😂
1697,"Rak t3ref l politique ta3 dzaïr , drk homa y7kmhm toufik ,w7na lwlad yjibolna kach mra rahj"
1698,Wch kayen
1699,Diroulna summary
1700,الاثنين يبان كلش متقلقش روحك
1701,Best summary written
1702,خاوتي اكتشفت حاجة
1703,قسوم ما صرحش بلي الاقامة فردية
1704,خصنا تصريح بلي إقامة الذكاء الاصطناعي فردية خاوتي
1705,القالي حاجة رسمية فيها هاذ الكلمة الرحمة للوالدين، تصريح في اليوتيوب ولا في اي بلاصة
1706,<@700379394383937607> this is the summary
1707,حاجة اخرى، السيت تاع ليكول ماهوش يمشيلي، فيه بارتي تقول بلي الاقامة فردية، لي مشالو يكابتيؤيهالي بليز
1708,Error establishing a database connection
1709,It stopped working for me too
1710,No  Ig he said Cuz I remember when I chose it I had this information
1711,Exactly
1712,I didn't find it
1713,القاوهولي وابعثوهولي بليز، لاني مالقيتش اني نزيد نحوس على كل
1714,خصني حاجة رسمية وحدة تقول بلي فردية باه نحطها في بيان الاضراب
1715,
1716,البث المباشر كان هاذ النهار بعد يخي
1717,صحا
1718,مام هذا مافيهاش قالك مبدئيا ماكانش حاجة نسقمة تقول بلي الغرفة فردية هكذ
1719,من جهة كاينة فالسيت نتاع ليكول
1720,السيت راه حابس
1721,https://www.facebook.com/100086063318913/posts/270100085868767/?mibextid=rS40aB7S9Ucbxw6v
1722,ومن جهة مذكور فالمنشور الرئاسي بلي ظروف ايواء خاصة، تقدري تقولي بلي مدام طالبات الاداب عندهم نفس الظروف نتاعنا فالاقامة، فعلى الأقل الحاجة اللي تميزنا الاقامة الفردية
1723,
1724,هاذو زوج سرة ولا راني نخايل
1725,خاوتي قسوم قوة يا جدك ماصرحش كامل بالفردية
1726,وي راني شافي بلي مصرحش😂
1727,مالا حابة نقوللكم بلي ماكانش حاجة يستند عليها الإضراب وشكرن
1728,🥲
1729,لاكونش ماشي في الاقامة تاعنا والله اعلم خاطر الترقيم راه زي خلاف
1730,مالا خاوتي بغيت نقوللكم بلي قال الغرفة فردية في البداية
1731,شكرن عفون
1732,وي صح ماهيش نتاعنا
1733,hadi la 6 meriem 🥲
1734,Saha 🥲
1735,ايا الحمد لله سلكنا
1736,لقيتيها؟
1737,يب لقيت اللايف
1738,وقال بلي غرفة فردية في البداية
1739,وبلي الاقامة تهز 2000سرير
1740,وشكرن
1741,Download it and send it لا يتنحا اللايف كيما السيت ضرك ماراهش يخدم
1742,ماعندهاش معنى، راهي ضدنا اصلا
1743,قال حرفيا بلي الاقامة فيها 2000 سرير
1744,بصح قال غرفة فردية
1745,بصح كلمة في البداية ماهيش عاجبتني
1746,Bs7 fiha 1000 chambres
1747,قال في البداية لأنهم 200 طالب
1748,ومنه طار الحمام
1749,ومنه نستنتج بلي الغرف ثنائية
1750,الصح في الاخلاق
1751,مالا نضربو النح على هدرة قسوم
1752,مزال عندي امل في مرسوم تنفيذي خصني نحفر عليه الأرض
1753,سينو نرجع نقرطس ونبلعط شوي وصافي  لانو مافيهاش حاجة واضحة
1754,Choufo ta9adri tdiri 3afsa tani
1755,I heard bali fal cycle superieur f esi yatouhome kml chambre individuel
1756,Na9adro nodorbo 3la hadi tani
1757,كاين ورقة رابحة الوزير كي جا العام لي فات قاللهم الغرف ما يقدرون يكونو زوجية لأنهم ضيقين
1758,بصح ما سمعتوش بوذني، هاذي هدرة وصلتني يعني مش متأكدة من صحتها
1759,ثانيا تبقى حاجة مش رسمية
1760,طار الحمام
1761,4eme w 5eme mich kaml
1762,3eme tane
1763,Cycle superieur kml
1764,Hakda 9ali sa7bi
1765,Well ana I know bli ghir 4 w 5
1766,Confermi
1767,Thou hna jma3at 2eme w 1er ydoro 3lina
1768,Lala 4th w 5th berk
1769,rak sur? Psq houwa 9ali cycle superieur kml mal 3eme annee
1770,9ali f esi brk
1771,Aba sahbi yeqra tem qali men 4th year
1772,قسوم ضدنا في كلش يا جدك
1773,Why it's always him
1774,اواه تبالي رابعة وخامسة برك كي شغل ماستر
1775,"Doke nsa9sih mala, psq rah dayare fi balo sna yadi chambre wa7do😂"
1776,فاروق بي لايك :  المهم حنا النيوبيز مايهمش 😂😂
1777,"wherever i go, i see his face 😞"
1778,خلاصت عليا نشوف المراسيم التنفيذية
1779,الدنيا يا جدك
1780,اتخيلو راني نقرا بالمادة
1781,Mliha
1782,تربية مدنية
1783,راح نبكي
1784,مالا المرسوم التنفيذي مافيهش اصلا معالمة 3 خاوتي
1785,Maybe I should be a lawyer
1786,Yup 7na tani yzidolna 2000da la bourse by that time
1787,مكانتش محلولة اصلا هذاك الوقت
1788,"""Khawti n9dr n9ra medicine and ensia at same time ??!"" vibes xD"
1789,Yup
1790,مالا قالولكم راهي ثنائية
1791,هاذو هذا وين راكم تشوفو فيهم
1792,راني نحوس على المرسوم الجديد
1793,حكاية 11 الف سرير سمعتها قبل ما ندخلو ل 6 😂
1794,ياودي شايفينهم من قبل حكايتها لحظة ادراك برك
1795,اضربي النح مالا
1796,بلي مافيهاش الفردية
1797,ih .. yb9alek 23hrs tdir fihm sport w rotinek lyawmi
1798,صحا القاولي شا نكتب في ورقة الاضراب حمبوكم
1799,راه هنا مات
1800,علابالك بلي تبالي اشعار بالاضراب يفوت على المحكمة
1801,مانيش متأكد بصح مالف نشوف من قبل يهدرو هكا
1802,معلوماتي المحدودة بالقضاء والمحاماة ماتخلينيش نأكد
1803,انا وماعنديش معلومة
1804,نحن نخسر القضية ازدقائي 🥲
1805,"طحمست عمبالي، بصح صدقا ماكانش حاجة على أساسها نقولو بلي ""الإقامة الفردية حق"""
1806,نصبرو تبالي طراش للاثنين كيما قال توفيق وخلاص
1807,المهم كشما تلقاو قولولي
1808,الأخت الاقامات هادوك ڤااع للقطب التكنولوجي ومادام ماتعمروش بطلبة القطب، الغرفة الفردية حق
1809,"I think we wait till la décision tae lundi maybe we wouldn't need any strike, being defensive could make things worse"
1810,I agree 💯
1811,Dirouli resumé 🥲
1812,We'll wait till Monday to hear what they have decided n decide what we're gonna do
1813,<@455585882469040146>
1814,kayan f youtube
1815,https://youtu.be/3iqFGt9PESE?feature=shared
1816,38:39
1817,<@807375299192553482>
1818,this terrifies 2 years ago ☠️
1819,He said مبدئيا
1820,
1821,لاقراف مينتا تبدا
1822,رحيم متحمس
1823,Let’s go Rahim 😼😼😼
1824,هذا قاع جا من ارك النمل
1825,كي تكون وحدك تقدر تتدبرس الاز مشي كيما يزاحمك واحد
1826,😱
1827,ولا مبعد تبدا المشاكل تع الرقاد و الحس
1828,حتان حوست عليه باه عرفت وشنو هذا ارك النمل
1829,Wait wt 👀
1830,I'll support y'all
1831,Wnti madirich ya ikram ddin
1832,نشجعكم
1833,Soon
1834,Yadra
1835,Rana tnin
1836,Jma3a Today is Monday Any news?
1837,منين خرجت نتا؟ كنت نكتب حتان يخرجلي مون يقول يادرا
1838,what was supposed to happen b tnin
1839,التوفيق قال اصبرو للاثنين يبان كلش
1840,I know 3ndo 3ala9 b i9ama
1841,ok
1842,duk nchoof
1843,Bsah byna mch tnin sbah😂
1844,<@681238662453002271>
1845,الله يسهل عليهم راهم ديجا روطار
1846,Soumia télégramme
1847,Okok 😂
1848,li 9alo toufik  b tnin ychoof m3a toufik
1849,psq mahelma 3 mzal ma3mbalhumch
1850,Tbh I think they know At least lmoudira They just want to hide until we get surprised
1851,"brahim, gali mazal lel an chnaber ahum individuel"
1852,w l i9amat lokhrin rahum y3amro chnaber
1853,Alright
1854,Lyoum lundi kach ma ban
1855,Wa9ila bghitah at 00:00 yji ygoullek ?
1856,رانا عشرة ايام على الدخول ومزال ماهيش باينة لاسيتي ماشي على اليوم بالذات نهدر على شحال وهوما يقولو مزال ماتبان مزال وكتاه مالا تبان هاذي؟!
1857,insha'Allah fiha khir
1858,Insha'allah
1859,Ya shaker Normalement hna walefna 😂😂 techfa 3am li fat dkhelna ma3lablnach meme pas wach ne9raw f term 1
1860,Knowing what we'll study this year feels like a trap  There's something they're hiding XD
1861,xD tchfa l3am lawl ki ma3labalnach b walou
1862,That's why lpromo ta3na za3ima
1863,5las monday wmaban walou 😭
1864,مافهمت والو
1865,Shaker is shaking 😭😭😭
1866,Yo guys machi hadi hya ?
1867,Hilo khawti
1868,Gotolna fiha jdid b ltnin
1869,Kech jdid?
1870,تهدئة الشعب
1871,وش قالة
1872,و
1873,maban walo
1874,تقنية المسامح كريم
1875,Rip my name
1876,Yes ra7 yft7ouha bs7 beni messous rahi en travaux
1877,It's enough bach yfergho wehda mn les cites
1878,الخاوة انهم يتمسخرون بنا
1879,
1880,La grève Ndirouha w liqama nroublouha 😂
1881,
1882,Na9der nebki drk 😂
1883,<@807375299192553482> انطلاق العمليه
1884,they trippin .. like around 10d wnrj3o so im pretty sure they already know الاجراءات .. if they are receiving more resources (beds and so on) ...
1885,
1886,Aw kol wahed Wech yhki
1887,or maybe kol promo w kifah (but still hkak w mafratch if >1700)
1888,انتهت حلول الأرض ، الأمر متروك للعنف يجيب
1889,https://tenor.com/view/ah-shit-here-we-go-again-ah-shit-cj-gta-gta-san-andreas-gif-13933485
1890,Ana waleft we7di 5awti 🥲
1891,I called ma3youf gali 7aja mahi bayna for now
1892,chkoun ma3youf?
1893,شكون بغا يكون معايا فالشومبرا، خاوتي والله نظيف و منديرش لحس فالليل
1894,<:pepecry:979070412124213279> <:pepecry:979070412124213279>
1895,Wa7d ta3 iwa2
1896,اودي واحد ماراه باهي chambre double
1897,كفاه يعني حاجة ما بانت و حنا عشر يامات و نرجعو
1898,w manjriich f chambrea T-T
1899,كيشغل باغيها انا
1900,هاذاك لي تحتي لي يتعذب ماشي لي معايا 🙄
1901,متخافش امهند منجريش كي يكون واحد معايا 😂😂
1902,lmohim nwli fesdisi if double
1903,كيشغل راني باغي انا، راني متقبل الامر الواقع هذامكان
1904,تاع فيسديس على الاقل شومبرا اوسع  حنا باطة تاع سردين
1905,انا كون فيسديس منديرش اقامة اصلا
1906,قريبة ليا
1907,انا ومانديرش ساعة ونص في الطريق عادي
1908,"mymedolnach asslan, i meant ndiro greve kima fesdis xD"
1909,Hadouk Jami fat 3am madarouch grève 😂😂
1910,"awddi wllah ghir ytiriw brk , li yahder m3ahem mn b3id ygololo individuelle , w li yro7 l3endhm ygololo 2 f chambra"
1911,"Heey, lkhawa Ida akm habin diru kch haja concernant la cité madabina nabdaw mn doka"
1912,Psq b9aw 10 jours brk
1913,Yes we should put all our pressure this week
1914,"Ytmahablo bikim ga3, rahi bayna w mahabinch ygoulou psq 3ambalh9m nahablo 3lihom"
1915,بسم الله نبدأ متعة جديدة
1916,الراس يطير
1917,Goulou saha 3ad yacine ydiro 3lih
1918,Khawti ndmt li mabdltch l'école had l 3am
1919,3la khatr ana manhchmch w manokhodch ray mlakhar
1920,علاه وين كنتي باغية تروحي ؟
1921,وش صرالك مريم 😂
1922,Ana insan mayahchmch w safi 🥲
1923,الطفلة لي هدرت راحت للاسيتي ومدت المفتاح للمديرة وسقساتها قاتلها راكم زوج في لاشومبر سما المديرة لي قالت ولخرين تاع الادارة راهم يسكتو فينا برك ويقولو مابان والو
1924,المهم خاوتي ياك عندنا عامين في ليكول
1925,كل عام كاين الإضراب العظيم
1926,مستحيل يكون مابان والو ومزال 10 ايام على لارونتري وقتاه حيوجدو لاسيتي مال
1927,الإضراب العظيم تاع هاذ العام راه بان
1928,وقاتلها ميقدروش يحلو 5 هاد العام بصح يديرو حل
1929,L7el nbatou 3nd 7amid
1930,"Why not wait till they open campus  Some people ( elli yesoknou grab ) go and check if individual or not  If not individual, people stay in their homes hta yefahmou rwahhom w yfarej rabbi"
1931,I don't get how exactly u still have hope bli rahi fardiya 🥴
1932,Jma3at la 4 l adabiyet are choosing their roommates
1933,Wntoma have hope 🥴
1934,"Rana 1700 lkhout, en cas nsito"
1935,"Ida 93edna f dar w sketna kli absence, i9ama ma3endhoumch problem Ida wa7ed fina maja"
1936,Khawti 300 li rah yb9aw fardiya promo 1 homa li lihom priority fihom
1937,oh yuh forgot about that XDDD
1938,Lsl rass ytir  Ana ghadi noskon f la fac ga3
1939,fi mizek depresh lmota7amiss myrohch y9ra? x)
1940,not hope but to make sure since kol wahed cha rah ygoul lol
1941,"Lprblm marahch ghi f rooms. La cité ga3 ra7 tt3amer , risto ,lma w koulch"
1942,Bata zalami6 kifh ndiro 2 khawti My fridge 3andh priority 3la l 3bed
1943,reminded me of after l3id last time
1944,Wektah nbdaw
1945,Douche w sanitaire (hachakoum) 🥲
1946,Bayna mli nodokhlo direct
1947,best days ta3 school are the days we don't go to it xD  i wonder on why ghady ndiro idrab in the fourth year xD
1948,Dok tban 🤣
1949,i suspect la bourse
1950,Nooo😭
1951,problem rahom bzf xD
1952,Mayzidouch f la bourse or probably houssem yetfaker les iPads
1953,They never dare
1954,🙂 if m7louch i9ama jma3t Alger yro7o y9raw
1955,depresh mt9l9ch rohek greve khfifa (aka. wa3ra) brk wtrj3o t9raw
1956,like we go there and stay 2 in the rooms and not going to school xD ?  i9ama tjihm 3la el gostu
1957,Mich school Don't mix up things
1958,"Li yrou7 o9sim billah ghir nbahdloh , rana ndarbo 3la 7a9na w 7a9hom"
1959,Mantal2ouch l rooms
1960,Manoklouch f resto
1961,🙂win nro7o mala
1962,Wnb9aw f la cours ta3 la cité
1963,"Nights ntchrdo, norogdo f la fac mayhamch"
1964,legend start idrab when ykon late fi doros xDD
1965,ki ndiro greve li myrohch nkhlsolo karan
1966,Lsl no sokna and some fawda f la cours
1967,Aaaa haka njiw bla bagage
1968,uk this does not make sense right ?
1969,Literally I don't care about other promos especially te3 had l 3am
1970,"Kima rahm mkhachnin risanhm , nkhachno risanna 7na , douk manach sghar bach ya7choulna b zouj kelmat"
1971,nah this way none will come and agree .. it doees not work like this
1972,If haka nro7o around le 19 wl le 20 ndirou l7ass
1973,Tfarjti chwi 3ich safari 3labalk sah
1974,I don't care ana nawiya norgod f spots ta3 les clubs Rah 3andna 4 rooms f la fac khawti 😌
1975,+ la bib
1976,I'm talking about 1st promo
1977,Dead 🤣
1978,bghit n9olha but didn't want to ruin the serious vibe xDD
1979,😂haka 10 in room sis
1980,Wah bayna I was kidding malko hblto khawti
1981,plot twist: school tghle9 at 9
1982,Room mst3a wklimatizi sis
1983,pov : hnoda yjoblna la police ida b9ina over 9
1984,Cool 😂
1985,"remember ki jbdna 3la greve awl merra had l3am w9oltkom we lost weapons, ig we lost houssem"
1986,🙂UK I thought u serious for a sec
1987,Ydéronjik hndi gollo miri zindigui
1988,Bsh well srxly talking dok Kifh ndiro grv 3la la cité
1989,tl9a Shah Rukh Khan zadem m3ahom z3ma lboss
1990,meri* zindagi*
1991,
1992,t3rfi 18 kalb li ydoro bara fi lil xD ?
1993,Wth 🤣
1994,"Feeling is trying,t5lt 😂🙂"
1995,Ki sralo hadak l bayan li konti ra7 tktbih
1996,كيما توقعتها حرفيا
1997,اودي علابالي راني قلتهالكم من قبل
1998,Hadek sahl lyoum nkmlo
1999,كي يحلو تكون طفرت
2000,Rah Jani l ✨️Ilham✨️
2001,Mli not wana nhaws 3l machakil aslan
2002,Sma fiha
2003,Not really
2004,Idk 😐
2005,Khalouni netferej brk 😐
2006,"khatra we jumped fog 7ayt aya jani wa7d exactly talking like this,b9it chab3 da7k till i realized bli howa hndi w mn nyto xD"
2007,Khawti rani f wahd l mood ta3 vr haba nassisini bnedm
2008,نقولولهم هكا حابين ديروهم زوجية نحيونا من الحساب
2009,Haya nahargo la cité 🙂
2010,"kayna,ya3tik b 7aba ta3 ""next year inshallah"""
2011,"This is a weak state, psq hna li ttafar fina"
2012,Njib les pneus ?
2013,Khasna smth good
2014,<@700379394383937607> <@681238662453002271>  There's a problem ==> India xD
2015,El baroud ?
2016,Fiha 🔥🔥🔥🔥
2017,"Haka yab9aw les problèmes kima resto w lma, Sama mahich solution 💀"
2018,<@934516146105888819> <@946710636883243029> jibou m3akom
2019,Kayn rwad
2020,"Choufi samag rani déjà mthamsa, matzidinich"
2021,ايه تكون طفرت الادبيات يشدو لي شومبر تاعهم ال 5 تضرب شهرين باه توجد يقولك ماعندي مانديرلك
2022,Yuh forgot they exist 🥲 Ma yrouhouch l their campus hadou ? 😐
2023,water ykml 2 times faster xD  max half a day every 2 days
2024,Let’s go to the beach
2025,تخاف يقولك هاذوك نريقلوهم والشومبرة زوجية ايا وش نقولو ثماك؟
2026,Saha khawti say smth useful wla nahargo l i9ama
2027,Kifh derna
2028,هاهي لي راه تجهلني
2029,✨ samag ✨
2030,3la wach rakom tahadro 💀
2031,Ana wla the fact ? 🥲
2032,<@891047303497015306> <@946710636883243029> <@212890114626420736> our time has come
2033,3la el sokna
2034,The fact
2035,"lmohim bach nfarriwha daba, ay bayna i9ama are so damn aware .. and it is 99% dual rooms greve fiha fiha .. but how should we do it now? i cannot see a way to do it now ..  rah n9ollo l students mtrohoch l i9ama? majayyach and there will always be those samteen or those li msm3ouch and tteffer ghir fina hna nkmlo nktbo an official letter? we do not have a very valid proof bli our rooms are individual except for what came in let 10 about special rooming for ENSM nsnaw hta nroho tmak ki thel i9ama, is one ligical trial, but as you said, it will be chwya late especially if deja hto m3ak wahed or whatsoever"
2036,Wech yrigel yzid Hdd lel ristau? Ki yeftah bothe sides hadok mayrfdch 1700
2037,chouf private chaghady nrsslk xDDD
2038,روح ريقل كواغطك روح
2039,Well khawti good luck ✨
2040,انسحاب تكتيكي
2041,astad3i nima wjma3to nghl9o lpole kaml mchi ghir i9ama kima ghl9o  universite t3 batna T-T
2042,Ta3 manrohoch ga3 mich vrm solution
2043,Psq l'école li troh
2044,'paris la belle vie' picture
2045,Whoma ma3andhomch 3ala9a
2046,Nah such talks make me stressed I can barely stay focused 🙂 Bye 😐
2047,Aya khawti kayn wahd newbie jay psyco
2048,بصح ماكانش كيفاش نروحو نقراو بلا ماندخلو للي شومبر
2049,يا مهند عندك الحق في كلش غير في تاع نستناو حتان نروحو مانيش واجد نشقى 300 كيلو بالباقاج باه مانلقاش وين نحطو هاذي اللولة الثانية ثماك يكونو الادبيات داو ال 4 ماتقدرش تخرجهم منها وال 5 ديجا ماهيش واحدة يقولك ماعندي مانديرلك ويبدا يرطبلك الهدرة بلي اصبرو والتبلعيط هذا لي يخرج البنادم من حبال عقلو تسما لازم ضرك نديرو حل حسب وش قالي معيوف قالي بلي 17 يتحلو الاقامات (مانعرف اذا راه صحيح) تسما القرار هذا اليامات يخرج
2050,Mli dkhal whowa yahki bli ghadi yokhng li yhotoh m3eh wla yfajar la cité 🤣
2051,و زيد اذا الغاشي راح و داو حوايجهم والديهم بعد رح يضغطو عليهم يدخلو بمعنى تطفرت
2052,Elbouzi hada cha mtfarj?
2053,طلع مكحلة معاك
2054,"Exactly, khasna nchoufou kifh tsra"
2055,the more yba3doha the better for them
2056,ال4 يمدو غرف فردية للادبيات 😂😂
2057,Rani ne9ra analyse 💀
2058,مسجون في الغربة
2059,Khawti cha raykoum nroho bkri
2060,kifah drna mala? as a trial from now
2061,من أجل البقاء
2062,ايه  كي طلع حوايج راح تخليهم برا؟ باينة لازم تحطهم في بلاصة تحطهم فليكول؟!!! تسما كي تطلع بالحوايج راك مجبر يا تقول لوالديك يعاودو يهبطوهملك ويتبراو منك يا تحطهم فلاشومبر ويكون ثماك قضي الامر
2063,خممت فيها
2064,Chghol mankhalouch hatan 2 jours 9bl loraya
2065,"Smana l jaya ntal3o, bla baguage"
2066,Ndiro chwi fawda
2067,Slm khawti sah les chambre msh ind??
2068,W nchoufo tani cha rah ysra gdgd
2069,صحا النوم
2070,India khir
2071,Wmba3ad l baggage yban
2072,ربي يعينك
2073,صباح الخير  ملي عرفتك ونتي روطار
2074,imagine trfd frigider everywhere you go xD
2075,Cha golto
2076,راني خايف نهدر هدرة خاطية
2077,"Just one question, 3lach el adabiyat yedou les chambres? Darokom m3ahom?"
2078,Fact 😭🤣🤣
2079,Meriem lazeem nktbou اشعار بالاضراب w nb3touh l l'école  و مديرية الخدمات
2080,Ha l khawa
2081,meri zindagi teri meri
2082,ايه  اذا فات ووصلت للدخول ثماك خلاص كلاك فوكس
2083,Hada fiha
2084,و العياذ بالله
2085,داو ال 4
2086,Wait bs7 who says sa9sitohom??
2087,اجماعة ارجعو تسباميو ضرك ثاني
2088,it is obvious
2089,"Iiih mor hada Ida ma darou walou ndiru la grève direct, w ki ysm3ou haka rah ydirou Hal"
2090,وحدة راحت وقالتلها المديرة
2091,خاوتي هاتولنا حل كفاه نديرو و بزايد من الهدرة هكاك
2092,Greve✨️
2093,"🔴🔴🔴🔴🔴🔴🔴🔴🔴🔴🔴🔴🔴🔴🔴🔴🔴🔴🔴🔴🔴🔴🔴🔴  MY SUGGESTION IS  Nroho next week, bla baggage, we see cha kayn, nkouno fi ghachi, nbyno bli fiha grv, wnbdawha 9bl l9raya beh mantprisawch  Cha golto"
2094,لي باينة ضرك هي spam نسباميو جد والديهم
2095,Jma3a la 5 kemlou khedmoha?
2096,والو هاذيك حاجة ماهي واجدة فيها حسب وش قالو
2097,I'm in
2098,Non
2099,Ana nchouf nrou7ou m3a dekhla w ndekhlou les chambres 3adi jidan w tebda la greve : youmin lewlin f la cité w troisième jour n93doulhoum 9dem portail ta3 dou 7etta yst9blouna
2100,نطلع ايه
2101,"probably not,it will take some more time"
2102,Bs7 nro7ou nahadrou ghi 3lina 7na like ghi promo nte3na ykhelouna ind?
2103,Lala
2104,مع الدخلة كي تدي شومبر دوبل ؟
2105,Cha raykom nroho nchoufoha tan?
2106,"agree bzf ,some people just can't come without their things like can't go to wargla and return again"
2107,Ki tefte7 la cité
2108,We can nprissiwhom f lwar9a Psq I guess rahi mbniya khasha materiel  Fi 10 jours jib sra rabi ysahal
2109,اه اوكي كنت حاطك تقصدي الدخول الجامعي
2110,Ida fouti dkhalti la chambre tafrt fik
2111,Haka ybl3tk w ça y est
2112,انا قلت اذا تفرت ودخلو معانا ناس جدد بسيف نقولولهم يفتحوهالنا فردية لينا وخلاص باش ما نخلطوهاش في 3 ونخلعو الناس الجدد
2113,Nn yroho ga3
2114,Lzm nkouno f ghachi
2115,Lahmer w ya delaliiii
2116,Actually kayen Nass b3ed so they probably won't come smana ljaya la greve Aslan
2117,"Sah, I'm thinking as if ga3 jayin kima setif w batna"
2118,Ik I meant esq ma6leb nte3na anou ghi promo nte3na yrej4oulna ind wl ge3 ensia
2119,I like that ✨
2120,اضعف الايمان حنا البرومو اللولة نديو غرفة فردية خاطر عامين وحنا هكاك مستحيل تقدر توالف على انك شومبرة تتقسم  مع واحد
2121,على الاقل لي قادر ماشي شرط كامل لي بعيد طول معذور بصح لي يقدر مذابيه
2122,Wesh sari
2123,Wah
2124,Most of us fiha 5 sway3 wla brk
2125,Machi individual <@578643557351555113>  🥲
2126,المسلسل تاع الاقامة
2127,Aslan koun njibo ghir setif w batna w l9bayl ndiro 9abila
2128,Cheft <@756458120795914311> hder 3reft it’s the end 😭
2129,True
2130,"dakhloh 7abss,khrj zad hdr 3lihom zado dkhloh 7abss xDDDD"
2131,Soooo?
2132,مكانش واحد عندو اتصال بالتوفيق؟
2133,Guys let talk with the school then
2134,Ana I can't come unfortunately
2135,mkan ma dakhlo howa honestly
2136,ماعندهم ما يقضيولك
2137,Si we just called him and he said they're studying it
2138,هو لي قال اصبرو للاثنين
2139,N9ololhom u promise beli indiv so houma y7elouha
2140,Bayna ha ygoulk yes
2141,ماعندهم ما يقضيولك
2142,I love toufik and za3im w ga3 Bsh hna I'm sorry no confiance hatan tokhroj haja rasmiya
2143,"Jma3at chamal at least, you agree nroho bkri?"
2144,I believe  we can do something
2145,They said the 5 isn't very ready and white what happened last year with the girl fell it's best with two. So if do anything we have to do it now before any decision is official
2146,Hadi lzmlha announcement
2147,لازم يقولو مدينالكم اقامة اخرى ولا ماكانش
2148,التبلعيط تاعهم يحكموه عندهم
2149,Oui
2150,Bs7 nro7o fi nhar w nerj3ou too much
2151,Yes But let's talk about a date Cuz kayne yamat win I can't go
2152,At least ki tefte7
2153,Yes
2154,Also ihsas li beh yji l alg khash ytraverssi l kharita 🤣
2155,مايهمش الحل المهم غرفة فردية يدبرو ريوسهم كيفاه يديروها شغلهم ماشي شغلي
2156,"ana personally can't go without brinign all my things,donc ida jit n7othom then we do what's needed to be done"
2157,bringing
2158,اودي راهي تقصد السمانة الجاية ماشي نهار الدخول
2159,Same
2160,Honestly 9ader yroh wahed ye3ref yahder he could make a difference
2161,3aytlou lyoum w Gali ahi mkhalta 💀 ( t9dr tafhm Bli ha twli a 2 )
2162,Sma no need tji bkri ig
2163,قصدي كون يقولو فردية بلا مايقولو مدولنا اقامة اخرى مانصدقوهمش
2164,"I don't think we should wait until they open because by then they would have already decided, we have to do something before then"
2165,مدام قال راهي مخلطة تسما ماحبش برك يقولها ديراكت
2166,Rabbani tissmssilt b3ida b 2m 3la alger w tgouli too much
2167,I believe even with two people loukan kteb Rebbi she will fall 💀💀💀
2168,I'm not from el chamal but nji
2169,What excuse is this 💀
2170,انا لي طول نديرها 🙂
2171,Exactly 😢
2172,Yek batna you are chamal
2173,اذا نتا ماشي الشمال مالا انا من التشاد ول
2174,Zemer like nrou7 sba7 nerje3 3shiya🌝 maderna walou
2175,men biskra w lta7t ybda ljanoub makalah tdir Lseba
2176,y7ssl howa wa7do this way
2177,Machi oulad jlal chamal 😂
2178,Ya ymma ya ymma
2179,درتها قبل
2180,man nta ro7t llb7r ktr mni ghir askot xDDD
2181,مذابينا كون كاش واحد قريب من البرومو تاعنا يفوتلهم اليومين هاذو
2182,Chamal = 🏀 w atla3
2183,حسبتها تهدر على تاع السواحل 😂
2184,نجيب ضرك نقولك كلمات ملاح
2185,I'm ready bach nroh nehdar m3ahom seriously like ma3endhom maydiroli
2186,"Just one person won't make a big difference, it has to be a lot of people or we have to write a petition or something"
2187,R both
2188,ربي يحفظك يا البوزي اذا قدرت ديرها  ولي يقدر يزيد يطلع ثاني ولو بعدك باه يزيد يبين بلي ماهيش هدرة تاع واحد.برك
2189,"Since Kayn bzzf ma ts3dhmch yjou, nabdaw nspamiw les commentaires t3 dou w la cité w nab3tou war9a msagma , hata la fin de semaine Ida ma darou walou tama nchoufou kifh"
2190,"even if not, being with a group will give you more credibility"
2191,لوكان كل يوم يروحلهم واحد ممكن
2192,I can go ana if it comes to that
2193,"Cnn, jma3at ""chamal"" (najib included) tsa3adkoum koun nroho ga3 b thlata??"
2194,الثلاثاء الجاية؟
2195,"la majorité grab, like 70% men Lpromo are less than 200 km to Algiers"
2196,Wah
2197,مانعرف صراحة لازم نشوف قبل
2198,Yesss
2199,"Guys lmouchkil koun nroho tkhafou ybele3touna ygouloulna ih fardia apres ydoro 3lina especially that they have no authority - mahalma 3 ydirouha w ne3refhoum -, kelma zouj ygoulek allah ghaleb khatina. Sauf ida hderna m3a l'école wella senina wahed m lwizara yji lyamat jayin kima ja lwazir smana li fatet"
2200,Sa7a 3leh meshi wa7ed yrou7 y9olelhom than ifha mahomsh m3awlin ydiroulha 7el nrou7ou
2201,I was looking for Sunday or Monday
2202,"I can go too, any time mn smana ljayya"
2203,اودي بزاف راهم مامبا 150 كيلو على العاصمة
2204,مام انا
2205,Admin diroulna announcement chbab
2206,نقولولهم  Give us an evidence نشوفو لي شومبر ولا
2207,Ok hadi good
2208,"Une fois y9olo fardiya it's easier for us because at least we have a leg to stand on, dOka ma9alou walou"
2209,This is not an evidence
2210,مكانش واحد عندو خيط في الوزارة؟ لاكونش يقدر يوصللهم؟
2211,Mm homa 3andhom lilt ra3d
2212,Nrouhou ana lekhmis nrouhh
2213,C3 w l7ogra
2214,ما يكفيهمش الوقت باه يبدلو الحالة بالخف تسما تقدر تعرف الحالة وين راهي رايحة
2215,زعيم انيس ربي يحفظك
2216,Winta yji wa7ed ml wizara?
2217,Eli rana 9rab loukach nro7o get kifkif I think
2218,هي باينة بلي استناو حتان تاع الراطراباج يروحو وبداو يعدلو الحالة تسما كي تروح على غفلة راح تشوف اذا كشما كاين تغيير ولا لا
2219,Khawti hay nroho nkhaltouha apr ga3 rakom ma3roudin 3and 3ami f said hamdin 🤣
2220,Lsl ndiro hala
2221,choose a date and we'll announce it
2222,haka mm ana nji
2223,Ra7tlna nhar ja lwazir wllah kan 9ader ydir 7aja
2224,<@&877880553599303711> can you see how you can reach most of people? Announcement or idk how
2225,Déjà ntgasmo b l'équipe koul equipe tbat 3and wahd mn jma3at alg W nkhaltouha 3 jours wra ba3dahom 🤣
2226,ik ghady tkhlaas 3lina baytin fi mossala bs7 lessssgoooo xDDD
2227,Yes w everyone inform ga3 people you know w marahoumch y7allou discord
2228,when you fix a date i'll give <@807375299192553482> the permission to announce in the announcements channel
2229,3amk dka : awwwwww 😂
2230,Winta hadi saha se9sou toufi9 hada belek mazel kayen ziyara wakhdoukhra
2231,Mar7ba bikoum
2232,@lbendi dirli place
2233,Ey What if we contact the school through a teacher? Idk if it can work but I have seen that it helped f ka dernière grève
2234,awah ana nbat 3nd el bendi ghir rou7 chouf win tbat
2235,my idol
2236,نورمالمو الجماعة اللي كانو ثم نهار جا الوزير راهم حكاو معاه
2237,wch galhem
2238,emchi ana 9olt 9blk xD
2239,I don't think he'll come back
2240,
2241,Li 3andhom contact m3a zouhir sa9souh
2242,على الغرف فردية ولا زوجية؟
2243,لالا قصدي نورمالمو كون هدرو هذاك النهار
2244,من يعرف xD
2245,Aya we do smth concrete wntfahmo 3la date f chbab
2246,La Page ta3 m3alma 3 aktar 7aja useless f denya
2247,I told u aya nahasrou m3a jwame3 at least tel7e9 ll wizara
2248,انا ماقلتش هدرو معاه  كي شغل كون فقنا هذاك النهار راهم قالولو
2249,Koun ja goudamou kn rah darbou 3la la a3rif 😂
2250,جوامع بعثنالو قاللنا ماعندي ماندير
2251,انا من الناس لي بعثتلو وجاوبها
2252,Ki thab tntahr at atfakar bli mehalma 3 page exists
2253,"If we anounce today we can do Thursday, si non sunday. Just as soon as possible, before they make an official decision"
2254,حين تلحقنا lol😂
2255,9oli l 3amak yjiblna 5 mn hado chgol 3ars xDD
2256,
2257,Khammt next week psq ykouno ftho Tuesday nroho
2258,جماعة تبالي كون نروحو على مرتين ممكن هاذ السمانة يتلمو القراب يشوفو ومبعد حسب وش نعرفو منهم نطلعو كامل السمانة الجاية
2259,Jma3a we have to be realistic Ida re7na mardi prochain ga3 la cité w le3chya nwelou l dar (une journée berk) wach nreb7ou ? Mara7 ykhesrou walou Homa
2260,Fiha 🤣
2261,I'll be in inshallah
2262,If yefet7o then it's official and it will be harder to change it then
2263,Dead 🤣🤣🤣
2264,I agree
2265,@here
2266,<@700379394383937607> can you tag everyone
2267,Raj nlgaw ppl bsh Ki troh tlga brahim w clika ta3 hnouda cha derna
2268,"anyways, chabab, let us claim our thoughts and ndiro righteous things for now * we contnue on writing a pro statement letter to be delivered for i9ama admin, DOU and even the school (remember how they said khadamat bursary m3ndha 3ala9a b school bssh with a strike we retrieved it) * we overpress every DOU or i9ama posts * right when i9ama opens, we all ntlmo and do whats needed to be done (for me if i9ama does not open before 18th ill be there anyways)"
2269,Good one
2270,ijaba wahda raho ydirlha copy pasting
2271,Ik ik
2272,True
2273,<@946710636883243029> zid hadhi
2274,"Once it's official they can't just change it, it's now we have to put pressure"
2275,"<@807375299192553482> prepare an announcement 7otih f <#879345589186342942> dok nmedlek permission, brk lemme know who should see the announcement"
2276,They can't change nhar da5la Yes you're right now but still there'll be hope since wa7ed marah bayet thmak
2277,"If the goal is ""njibou updates"" then yekfi some people yrou7ou kima tbere3 lbouzi w anis  Ida Bach ndirou 3lihoum dhaght lazem إضراب مفتوح w ga3 lghachi ykounou"
2278,<@807375299192553482> ig this is good
2279,Announcement ig ychoufouh promo 1 w promo 2 for the mo Ta3 math tani nrml
2280,Yp
2281,agree bzf
2282,okay dok nzid ta3 Lmath (knowing that ta3 ENSM role rahem mkhaltin)
2283,Khawti khesna iti7ad 6olabi wl wesh y9oloulou
2284,Not just updates Ndirou pressure نروحو كامل مرة وحدة برك ماتصلحش وباه ثاني لي بعيد يظل طالع هابط ثاني ماتصلحش تسما نروحو على مرتين بهاذ الطريقة
2285,Dud cha rayk nb3atlk direct w hotoh ntoma f announcement
2286,Sma fihom promo 3 tani Hmmmm
2287,lala 7otih nti ysm3oulek lhadra
2288,Yes To have more people and they are also concerned
2289,yup that's why i'll exclude them
2290,Saha 🤣
2291,So this week and the next
2292,That's it
2293,Saha
2294,This week first pressure Next week the biggest
2295,fi mostaganme wa7d ta7lo 🚬 ghl9o bab ta3 uni 4 days xDDDD
2296,You now have the permission normalement
2297,or someone li so close youm 3la youm ychof if they delivered extra beds (dual rooms) {which is the case apparently}
2298,And it'll be good if next week yro7o nas twice A group one day and a group another day
2299,Yep
2300,Ik ykhafouhom cs 3andhom direct contact m3a l khadamet
2301,"Khawti to sum up: L paper ta3 strike dok yktbouha msgm This Thursday yroho lgrab ychoufou l hala, ykoun fi ghachi, they check and they tell ppl bli fiha grave if zawjiya Depends on them, jma3at chamal li ya9adro yroho ntal3o next tuesday bla baggage beh nbdaw strike"
2302,<@700379394383937607> make sure bli tawsal l ta3 math w 2nd promo for now
2303,Bien?
2304,"حتى وتروح على مرتين ماكانش بزاف لي راح يجي، يشوفو بلي كاين جماعة صغيرة يبلعطوهوم كي العادة بصح إذا رحنا كامل على ضربة تاع الصح يبداو يخمو يديرو ""حل"""
2305,"dert 2nd promo only, math madertech because as I said rahem mkhaltin"
2306,Yes Add spamming the pages
2307,Ah ok got u
2308,fi batna kol 3am y9raw semana of each semester w ba9i lyamat mghlo9a and kaml ytl3o l3am
2309,"Bet, I'll announce it"
2310,علابالي بصح كي يروحو شوي في البدية ويزيدو مبعد الغاشي الكبير تبان بلي جينا على مرتين
2311,Exactly
2312,Winta tefte7 el i9ama?
2313,الدخول الاضرابي ماشي الجامعي في باتنة
2314,نورمالمو 17
2315,Saha why not n6el4ou 9eshna at least beh mandiroush greve nte3 one day
2316,
2317,العاب العقل
2318,💀💀💀💀
2319,حسبي الله خلونا هكا
2320,فردية رسمية زوجية قيد الدراسة
2321,<@807375299192553482>
2322,change here by everyone
2323,fel tag
2324,Ni goutlkom li yhab yntahar ytfakar bli had la page txisti
2325,Done
2326,here tags only the online members
2327,bayna 3ami miloud ktrlo loubya ta3 resto mskin
2328,من لاجون تاع الباب و ارواح جاي كامل عندهم باسوورد كل مرة واحد يريبوندي
2329,Bs7 7abit nefhem 7aja el adabiyet mazel ge3 makamloulhomsh i9ama nta3hom?
2330,اودي وين طلعي قشك كي طلعيه وتحطيه تسما راكي قابلة بلي اقامة زوجية يقولك والفي وخلاص
2331,"wahed n3rfo y9ra MI, yedkhol lfesdis ghi ki ysejjel, mb3d ytelle3 b 15 *"
2332,<@756458120795914311> f Grenoble:
2333,Lala nkhlih f une chambre w nbl3 3lih en plus manesh 7a no9o3dou fihom yek no9o3dou 6ol nhar greve+ idha ro7na win nbatou
2334,<@807375299192553482> you forgot spamming
2335,قيد الدراسة هذا دليل على أنهم علابالهم بكلش
2336,ايه تخليه في une chambre ماهيش تاعك وحدك
2337,Hada mn bkri kayn moch jdid
2338,انا نطلع على نهار ونروح
2339,بصح ماراهش يتندار ضرك
2340,pov: مصلحة النشاطات و خلية الاعلام والاتصال وفرقة الحماية xD
2341,I believe in y'all 🤣🤣
2342,ما درنا والو هكا تجي تهدر عند راسو نهار وتروح is nothing
2343,علابيها قلنا يروحو القراب قبل على نهار ومبعد نتلمو كامل في نهار
2344,Li khabet yji repondi f hadak lcompte
2345,"Mn3rf, i saw bli mich lzm ykoun announced, kima we did it we can do it dima"
2346,وزيد انا ماعنديش وين نبات ثماك  ماشي ناس كامل متوفرتلهم وين يباتو ديري في حسابك
2347,Diruna msg Chbab w hashtag Tani
2348,"استخرج من النص ثلاث كلمات تنتهي ب ""ية"""
2349,سجع
2350,Ki nkml l war9a ta3 la grv win nb3atha
2351,N9oulou 7na hderna m3ahom w 9alou la so 7na ne6el4ou nhar thlatha berk for one dayy??
2352,تحسو راهي يغني فردية  رسمية زوجية  🎶🎶🎶🎶
2353,طباق فردية زوجية
2354,ايه هذا واش راني نقول
2355,نطلعو على نهار نضغطو ونشوفو مبعد ثاني وش نقدرو نزيدو نديرو
2356,"اقسم بالله غير نيفو  ابتدائي ، هاداك لي يقول ""انا قانموت على قناة الحياة"" يعرف يهدر خير عليه"
2357,بصح وش دخل المبيت في تطلاع القش
2358,المهم الدرس تاع السجع مراحش باطل xDD
2359,Beh nbatou fihom ik it makes no sense bs7 no9o3dou greve
2360,اودي هذاك تاع مستغانم لي مدايرينو ميم يهدر خير منو
2361,Nti w l admin te3 la page ghi kifkif
2362,راني خايف فمي ياخذلي الراي ونغلط في الهدرة
2363,كيما هذاك تاع وعليكم السلام رحيم من مصر والإجابة  هي جبال الهيمالايا xDDD
2364,Ik bs7 greve nte3 nhar ma derna waalooo🙂🙂🙂
2365,"اسم بلد في شمال افريقيا يبدا ب""الجزا"" وينتهي بال""ئر""  معكم متصل من الجزائر الاجابة هي كندا"
2366,جماعة ديرولنا هاشتاغ
2367,نحرقو بيه لاباج تاع الوزارة وتاع مديرية الخدمات الجامعية وتاع الديوان الوطني للخدمات الجامعية
2368,هذا هو الحل حاليا ولمتبدل والو على 10ايام هذو نروحو ثم نلقاوها زوجية نديرو غراف
2369,#اعطولو_البنان_اعطولو_البنان
2370,وقفة احتجاجية في الساحة واحد مايطلع للاشومبر
2371,نقولولهم نباتو برا
2372,kount 7asbhem ydirouha bel3ani ki cheft anfal dourt f rayi
2373,For one day?
2374,انويها camping وصاي
2375,شكون انفال 🙂
2376,لبتنا برا يتحقو اامطالب بسيف الشروق وتجي النهارالبلاد يهجمو غاع
2377,I dont hava a place where to stay <:PES_Hands:883030075476443156> + one day ge3 makesh mnha
2378,براهيم تلاقايه مداير لايف باه يطلع لاباج
2379,Kon thori nti thdri m3ahom kima haka o9ssim billah ghir ydirona 6 f la chambre
2380,nkhalsoulek l'hotel rou7i brk
2381,Ro7 ahder m3ahom nta nshoufou wesh dir 🙂
2382,المهم الخاوة ديرولنا هاشتاغ نبداو التطبيق
2383,الهدرة رانا هدرنا عندنا شهرين
2384,Bati 3nd shaponji palonji wla idk the name
2385,دار وداد راهي قريبة لثماك
2386,Nanek
2387,Ayah cha gatlah
2388,اااا ذاك العيب
2389,Chaker ma noskotch 3liha hadi
2390,"I understand, kayen des parents li may9blouch des deplacements hakda (surtout tefla) w même si nrou7ou ga3 ""sans baggage"" pour une journée maydirou walou ybl3tou berk, jma3a li b3ida Ida ktrou yrou7ou 3la 3 ta3 3chya Bach yle79ou transport"
2391,Khalsili nti win nbet🌝
2392,Hotel hda aéroport ysa3dek ?
2393,<@877887685749014619> jib la tente ⛺ n instaliwha f rond point w ana gussarin
2394,سماح ماهدرتش ماهدرتش كي هدرت:
2395,Aah mashekitsh choose a better place
2396,<@756458120795914311> <@927125505570910239> شافيين على الكلب تاع الفجر
2397,لا مام روحو اديو لمفاتح طلعو قشكم
2398,نورمال خليو والديكم يروحو
2399,واهبطو اوقفو في الساحة
2400,I have the number t3 a nice woman there she gave it to me w gatli tji tbati wla tghsli 9ashek wla mrhba
2401,انا اصلا طابع بلا قش وبلا والديا تسما هاذيك هي النية
2402,Mazalo3di mfate7 ta3 chambra ta3 la 6 w 3 fi zouj
2403,Yeah tell them jma3a one day rakom ray7in tdirou fousha fl i9ama w tjou
2404,W chambrat abdou
2405,اعطينا حل وحداخر؟
2406,Bruuuh 💀 I'll never forget that
2407,نزيدو نديرولهم اضراب عن الطعام ذاك النهار يطيشو ماكلة الريسطو كامل
2408,<@614801563424391180> arwah sejjel m3aya roommate w3awed rooh .. billets 3liya
2409,Bayna tla9at m3a mamak fi taxi 😂😂
2410,كسع ام يتحركو
2411,مزية كان مزال ما اذنش الثاني
2412,How did you know ? 😭🤣🤣🤣🤣🤣🤣🤣🤣🤣
2413,الريسطو اصلا يكون مزال مايخدمش
2414,Wel fel baladya actually 😂
2415,Mom w social skills ↗️↗️↗️↗️↗️
2416,النهار لول صح يكون مسكر
2417,اه؟!
2418,مملح
2419,يتحركو يلقاولنا حل
2420,Rani nkhemem berk 3la leklab f lil
2421,Yrou7ou chwia Nass yhdrou m3ahoum au cours de cette semaine nchoufou wach kayen jdid sinon nbdaw greve non stop
2422,يعسوكم
2423,عن تجربة يجريو عقابك
2424,نبداو بالهاشتاغ
2425,باه يخافو
2426,ويعرفو بلي ماناش قابلين
2427,هاذي اصلا خي راح تتندار خي قلنا لي قراب يروحز بالخميس
2428,Yes I agree surtout f la page ta3 wazir
2429,.
2430,Kount tema le dimanche 9alek mazal matban
2431,هيا ديرولنا هاشتاغ تراه
2432,واليوم قالو لوحدة بلي زوجية قالتلها المديرة
2433,rak tban salah fel photo profile
2434,Rahou lyoum 9aloulhoum la même chose w même si nrou7ou smana ljaya y9ouloulna mazel astenaw
2435,Une y9olo a deux ça sera presque impossible de changer
2436,Kont jaya n9oulhaaaaa
2437,نحن طلبة المدارس العليا للذكاء الاصطناعي ورياضيات نطالب بحقنا في الغرف الفردية  طويل على حياتي
2438,لا لا اليوم قالولهم زوجية ديراكت
2439,Discord announcement hadha
2440,Chkun 9alhoum?
2441,Tofla nbeyetha fel balcon wa9il
2442,المديرة
2443,لي قالت حاليا راهي زوجية
2444,#give-us-back-individual-rooms
2445,"Lala ma9alolhoumch direct, tefla berk lost control w galet hakda 😂😂 9atlha mazel mabanet w 5 mazal makhdmouha bs7 ndiro 7el 😂"
2446,لازم بالعربية
2447,<@877887685749014619> <@893958691156541470>
2448,#you-dont-get-what-you-want #lbachir #ensia
2449,وهذاك هو الحل
2450,Shkoun 9alek beli meshi nti li 8a tbati fl balcon🤣🤣🤣
2451,Yes rani 3la had l2okht
2452,ديرولنا هاشتاغ الخاوة
2453,Hhhhh
2454,"Kont nkhamem like I can't give up my balcony, noskon fih w ma nesma7ch 🥲"
2455,Hadi bayna 1st year ylikidiw fihoum
2456,#اعيدو-لنا-الغرف-الفردية
2457,Google translate wel goddam
2458,<@877887685749014619> liyoudkhol pavillon taena nkhrjouh
2459,مايكون غير خاطرك
2460,Hadi bayna
2461,Translate🤷‍♀️
2462,Rou7 odrob wa7da coca zero imed
2463,Hhhhh
2464,GL
2465,كانت غالطة؟
2466,Lala wa7da (pepsi max de goût)🤣🤣
2467,اخي الحل ماشي تروح نهار غروب وتعاود نهار ڤروب جديد، الحل انو ڤاع نروحو ونديرو إضراب ماشي تاع نهار  وكيما قالت انفال لازم نديرو غزو لي باج تاع الدولة
2468,Hehe
2469,Yrou7 biha lla brise
2470,Bsh 9oli brk 3lah ch3elto fumée jeune f d9i9a 23 ?
2471,Wahed frite jaj f edimco
2472,Wesh kont tehder m3ahom madoulek chambre indiv wl mazel?
2473,😂😂😂 mtkdrch taerf
2474,ماقالولهاش بصفة صريحة بلي راكو 2
2475,بصح باينة صراحة بلي رايحة هكاك
2476,Ma9dernalkomch 😂
2477,🤤🤤
2478,Khawti makensh hakker hna wl
2479,Wah bayna
2480,Za3ma Beckham
2481,And that's how the convo is messed now
2482,ماشي قصدي هذاك هو الحل تاع المشكل هذاك هو وش هدرنا عليه يروحو خرين يشوفو ومبعد نتفاهمو كيفاه ندير بالثلاثاء الجاي
2483,Ita9i moulak okhti
2484,المهم ضك نيداو بالهاشتاغ
2485,باه لعاد مزال وقت
2486,يبدلو
2487,يبدلو ضك
2488,Secai wel goddam 🤣🤣🤣
2489,Y’a marouene Wechbik konti abyed kikonti sghir
2490,Njibou firas dw
2491,Himouzi
2492,تحمست حتى تحمصت
2493,ظروف الحياة
2494,والله صح
2495,Agree bs7 ma3andish face
2496,Hada win ana tani f9t belli I don't use it 😭😂😂😂
2497,Yooo ki darlou wl 🤣🤣🤣🤣
2498,الغرفة الفردية حق لنا  كرهنا من الوعود الكاذبة  خرجو علينا جماعة بوزريعة 😂
2499,الناس في واد وعماد في واد بصح جبتها عماد خويا عندك الحق
2500,اجماعة واحد يخبطها ب Ban
2501,Mlkher
2502,3lah ثلاثاء الجاي
2503,Ykhoya kayna solution whda 3andkom chhar Wentom dgolo faha😂
2504,Bs7 srx i9ama nta3hom mazalou ghi yekhedmou fiha??
2505,btw i9amathom meddohom .. so i do not think them staying f mahelma is temporary anymore
2506,هكا قالو في <#879345589186342942>
2507,Alalala
2508,والضحية مروان
2509,Kifeh madouhom?
2510,We need more slaves that's the solution
2511,الغرفة الفردية حق لطلبة ensm و ensia
2512,Thts good
2513,#طلبة-الدفعة-الاولى-للذكاءالاصطناعي-يطالبون-بابقاء-غرفهم-فردية #ازدواجية-الغرف-عائق-أمام-تفوق-وتميز-نخبة-البلاد
2514,It has no meanong tebda strike w 9raya mazal mabdatch wa7ed mayesma3 bikk
2515,Mdkhnch ensm osber nkdro lerwahna sah
2516,Mdkhlnech *
2517,Tban 3brya
2518,عجبتني تشبه للهدرة تاعهم
2519,😂😂😂
2520,Tiré 8 wach ydir
2521,لا الزاوجة over
2522,مش اوفر
2523,هوما يضالو يقولولنا نخبة نخبة
2524,ماتكتبو لا دفعة اولى لوالو
2525,Li ymdoulou chambre individual w y3awed ydi lkaf 😂
2526,راني نقراها الزوجة
2527,🙃
2528,Anfal kiraki cv chwya ?
2529,توحشتك ❤️
2530,9atar gang on discord 😂
2531,Same 😭😭
2532,T7silha 🤣🤣🤣
2533,NO ☠️ all other universities tfw9o whoma >= 2 per room
2534,القالنا شعار امهند
2535,شعارنا الوفاء
2536,Yeah thts it
2537,"Maranach kima other universities, ndemandiw 7e9na f la chambre kima 7e9na f la bourse"
2538,we just need to state bli we are promised 9bl mndkhlo this school
2539,اللول هذاك مايح قاع واش كاين
2540,الحريه
2541,i am a slave of freedom
2542,said Ereh
2543,#طلبة-الذكاء-الاصطناعي-يطالبون-باعادة-تميز-الغرف-الفردية
2544,فقرة 🥲😂
2545,November 13th 🫡
2546,نخبة البلاد يطالبون السلطات بتحقيق وعودها والابقاء على الغرف الفردية  هكا؟
2547,"no, 4th*"
2548,ونكتبو ensia ولا حاجة في نص
2549,Where did I read 13th 💀
2550,الاثطناعي ياه معبر جدا
2551,as a # we just say bli individual rooms ha9 ltalabat thakaa stina3i
2552,فردير و قاع
2553,هاخلاص
2554,الغرفة الفردية حق لطلبة ensia
2555,هكا؟
2556,انفال اللي مديتيها مليحة
2557,Wah mli7a
2558,So let s do it
2559,Which anfal w Which hashtag
2560,Mg  Latest one 🥲
2561,
2562,هذو هوما لاباج
2563,
2564,لي نروحو ليهم
2565,
2566,
2567,ليباج*
2568,
2569,#الغرفة_الفردية_حق_لطلبة_ensia
2570,Yes
2571,#الغرفة-الفردية-حق-لطلبة-ensia
2572,Anyways
2573,يس
2574,Dirou ENSIA capitale beh nbanou khshen 😅😂😂
2575,ايه
2576,#الغرفة-الفردية-حق-لطلبة-ENSIA
2577,😂
2578,بسم الله
2579,ابداو الخاوة
2580,وزيدو لاباج تاع لاسيتي
2581,ركزولنا هلى هاذي
2582,use underscores
2583,#الغرفة_الفردية_حق_لطلبة_ENSIA
2584,Can we ask for additional help since ma3endish facebook
2585,طلعي فيس
2586,😂
2587,Illa face🥲
2588,Another proof
2589,من هاذ الميساج تفهم علاه انفال صحبتي 🤣
2590,حرفيا هبالنا وكيفكيف 🤣
2591,انا ثاني باغية شوي مغامرات 😂😂
2592,راكي غالطة فالكوكب ختي
2593,بغيتيني نروح لزمردة ولا 😂😂
2594,la raki f action meshi moghamarat 😂
2595,houssem min sm3 la greve
2596,madara reincarnation
2597,المصدر : اميمة
2598,How
2599,عيطت لوحدة تخدم في الاقامة
2600,قاتلي لحد الان مازالو مافرزوش كيفاه رح يديرو
2601,So no date for us haka
2602,Khawti weshnou UE
2603,Li zadouha fl program
2604,It's just showing the category of the modules below it
2605,Aaa unite denseignement
2606,Tep
2607,Yep
2608,How the hell 2h lecture fi stochastic modeling W 30 minutes tp?!
2609,Kayen TD fi entrepreneurship 🤡
2610,Psq kolesh dirou we7dek ull show ure work f dik 30min wl ask qus🤷‍♀️
2611,a chaker mazal lhal to judge
2612,T-T
2613,بزنيس فول 2
2614,That's the issue You cannot skip it now
2615,you cannot skip it
2616,i can
2617,ba3tou program?
2618,Ba3thou l volume horaire w les coefficients
2619,The best thing idha ydirou entrepreneurship soit cour wla td 3la 8 Tji hayla
2620,mchi they promised ecam myfoutch 50%?
2621,exam
2622,Did notice Lemme see
2623,Chkoupi makanch module f les trois années mafihech exam 60%
2624,Guys ne9raw analysis 2 f second year tani wela kifah ? 💀💀💀
2625,😭💀💀💀
2626,Yakho exam 60% khir Lala 😭
2627,W data structures 2 wel 1 wine ra7? 💀💀💀💀💀💀
2628,l 1 f first semester ever (intro to programming)
2629,Yeah but for second years li ma9rawch DS 1 kifah
2630,Khalouta
2631,probably they will study it like we did
2632,like datastructures 1 is basically l cours te3 c++ modified
2633,ig it is the same as C++ in first year
2634,Oooooh I see
2635,dik lmra i saw anguel and lasla modifying the cpp course
2636,W 7kayet analysis 2 ? 🥲
2637,Ig hiya analyse 3 😭
2638,i believe that since there is OOP after DSA1 so..
2639,Hadak wsh khess mala analysis 3 tweli 4 💀
2640,<:PES_Hands:883030075476443156> <:pepecry:979070412124213279>
2641,"as far as i remember, lprogramme (specificly the content) li ytb3t llministry is not the exact same li 9rina wrah ykmlo y9raw bih (aka. yjrbo yr93o as much as they can bch ministry verifies and validates the program)"
2642,ki ma ya3tikech l7ass fih yeah
2643,Hadi vrai bzf  Imagine you're sick day of the exam  Mala bs7tk
2644,Hey did anyone go to the i9ama today?
2645,Raho jma3t alg lyoum?
2646,"By the way, wanna inform you bli l ghorfa zawjiya I have my own masadir And it is zawjiya up to now Thank u"
2647,So fiha grève inshallah
2648,I don't think so
2649,Yes we know😔
2650,Ki ra7t makan Kayen 7ata wa7ed
2651,Hadi hya this Thursday a Meriem
2652,You failed us
2653,ya hassraah it woz obvious mn dan nhar
2654,Not confirmed yet w mazel majabou les lits la 3
2655,"That's what he told me, but majabou walou lele la 5 Tani so.."
2656,you went there?
2657,5 tbali mafihach
2658,kifeh mafihach wesh 7ab mal
2659,idk tbh ana I am saying this cuz kountou tgoulou majabouch l5damin 7atta
2660,Yetmermdou sghiwrin kima tmermedna f la 6
2661,ana galouli kayan lkhedamin
2662,w moudir
2663,ah nice didn't know
2664,are you sure 100% it'll be so? and if so what should we do?
2665,"we can make the school put pressure on them,"
2666,mndkhlouch n9raw
2667,but ig we should start doing a thing from now is there any way we can put pressure on them now?
2668,"we at least need to plan from now wesh 7aysra later, at least"
2669,<@807375299192553482> did u write that paper ?
2670,yeah tha's a good thing
2671,"I agree, ana nchouf we don't do anything now,  we just plan for the open strike cuz howa li ra7 ydir pressure. dk y3erfou la situation w mazel 6 days Bach yjou les premières années la cité"
2672,5 days qasdek le 20 ta3 yt7alou les cites?
2673,"it's really important, mchi 7eta y9ablouna bel amr lwa9i3 w nry7o nklto omb3d"
2674,"Yess, le 20 ymdoulhoum les clés"
2675,Exactement
2676,ymedoulna* cuz we are concerned too
2677,Confirmed khti mlakhar
2678,Wah
2679,khawti what do u think ndiro a meet nchofo lhala kifah rahi
2680,we need to move psq rahom ijibo bina f lwaqt
2681,Ana ro7t sbah makan 7ta wahed f i9ama
2682,Se9sit 9alo nothing is official
2683,Meme school malabl3houm b walo
2684,The usual 🙃
2685,Khasna lma kima ta3 l 3am li fet
2686,Mnha li mchet la grv ta3 last year mlakhar
2687,Sa7 m3awlin tbato bara?😂
2688,Since you are so confident what is your source
2689,I won't share it
2690,Then nothing is official yet
2691,Yakhoya chd fi dek l khit wch rah ngoulk
2692,what is official is tht the worst case => greve
2693,Ki tlga rohk m3a whd 2005 wla 2006 ana khatiya
2694,"yay no need, it is not individual anymore"
2695,meets are khalota
2696,If you find a way to make them more organized then I agree
2697,"Yes mli7a, we have to plan for the worst case kima 9al Mohanned"
2698,Delegates li yorganiziw meet w ymedou la parole li 3endou tadakhol I think it's fair enough
2699,Nweklou محامي yefrihalna
2700,I can organize one and send the link but rana fi +300 w google meet yarfed 100?
2701,and if I send email ichofoh ta3 l'administration
2702,neb3t discord wella email?
2703,"huh, it will be. a jungle"
2704,wht do u suggest?
2705,Why not just the people li 3endhim opinions or can suggest solution from 10 to 20 !
2706,how to know who?
2707,and ida decidina haja kifch na3rfo lokhrin ida rahom ok
2708,snn am ok ya3ni
2709,Everyone has an opinion
2710,"Ig people hado ykono les délégués(li kano l3am li fat ga3 2y w 1y), kol wahd yhder m3a ta3 classto soit fi discord or idk win , après ydir meet les délégués w yokherjo b Ray wahd ."
2711,yes I agree
2712,ig nahdro hna delegates first meet bah nchofo bark lhala kifch rahi mba3d nahdro m3a our grps mba3d n3awdo nmeetiw
2713,"I prefer that the delegates meet together, find sollutions propose to classes, maybe also listen to the class suggestions. then like yendar vote 3la what plan wela what suggestion is best"
2714,bch maysrach ykoun koul classa tjib plan jdida w tetlef
2715,yes that's it
2716,first promo sahlin khesni wahed imdli delegates ta3 2nd promo
2717,go to <#1004388574319345785>
2718,and ask
2719,ok first meet ndiroh lyoum if possible
2720,Use the role <@&897878467717267518> 🤔
2721,madernalhumch first year i guess
2722,Ah okay
2723,<@681238662453002271> chouf m3a mustapha wla lyes they know all their delegates
2724,Déjà mustapha kan délégué
2725,Yeah plz asap
2726,idk do u think 8pm is good?
2727,psq ma neqdarch nseqsihom kaml
2728,and to agree with 15 people on a time s3iba chwi
2729,I think 8pm or 9pm is really good
2730,I don't think we will find 100% of them anyway
2731,so it is good
2732,ngolhom lli ma qdrach iji ib3t wahed from his grp
2733,ok then
2734,https://www.facebook.com/100091674824240/posts/pfbid0Rj9bRkBsSbXteEZMif38rx4FnpWerhBAKZXSTzWx9QiBjrMyTzqDXY7Y3EfqZ6Htl/?mibextid=Nif5oz
2735,who is this
2736,someone with detailed shiffres i see
2737,
2738,Mamat issm nadir 43 41 >>>>>
2739,🤣
2740,التنمر يا جدك 😂
2741,Insha'allah we hope so
2742,Oumaima everywhere
2743,Any news ? Wkteh tft7 i9ama
2744,باش نجيب الاخبار برك  بانتلك باغية انا نكون everywhere
2745,ana 47
2746,Kechma galou winta njou?
2747,"mt9l9ich rohek, nhar y9olo ana nssm3o"
2748,شفت من قبل المكلف بتسيير الديوان تاع الخدمات الجامعية قال فلي نورمالمو 20 في الشهر يتحلو الاقامات
2749,Nice 👀
2750,Mtwla beh nssm3ou mala
2751,Ta3 i9ama ta3na 9alouli le 23
2752,Wana 9aloli kbl dkhla b 3 jours 💀
2753,La réponse standard ta3houm
2754,مرحبا وحدك
2755,Hah jami3i mch ta ikama
2756,7ay 3liya 😂
2757,madabina xD
2758,مع الدخول الجامعي
2759,tgoul mdayrin automatic reply
2760,Aw brahim lazem nakflolo la page kinrouho
2761,Mouchkil même si t3eytlhoum ygololek hedra hadi 😂
2762,wa9eel herbo 3lina f AI 👀
2763,brahim m6ala3 la page b حملة النظافة الكبرى
2764,Kolyom ykoss hchicha
2765,Guys urgent What is the external service of the school ? Like who is that ?
2766,I need it asap plz
2767,Hbit n3ank mfhmtkch
2768,That's the problem 🥲 Galouli look for that I don't even know what it is 🥲 Thought some people might know 🥲
2769,Se9ssi boukhalfa wella jouwamae
2770,Boukhalfa mchi he is not with us anymore?
2771,La wakila mzalou f lpost
2772,Bsah even if not
2773,He would help
2774,Yuh will contact him
2775,Thank you Soumia
2776,Khawti
2777,come check this
2778,وشنو
2779,Do we have that? Kano ma3jouna w madkour homa kolech 💀💀
2780,
2781,<@883306210680504330>
2782,Yep?
2783,Gg <@807375299192553482>
2784,A9ra
2785,Nice 3jbni
2786,Yeah nice I liked it GG
2787,Saha
2788,"So next step choufo ta3 lmath, if they are in, nzidhom mn taht"
2789,تسما من لول ديراكت اشعار بالاضراب
2790,Same hadou elli n3ref ana 🥲
2791,بصح هاكي زدتي مدير المدرسة تاعهم الفوق
2792,"Wah, nzid nhot bli طلبة المدرسة العليا للرياضيات mn taht jiht l imda2"
2793,"if they are not in, nahi mdghri, w nahi one of l mawad li tahki 3la mth school"
2794,اه اوكي اوكي فهمتك
2795,Jamiiiiiil
2796,<@875702139534581792>
2797,<@807375299192553482> dm me your telegram
2798,yes?
2799,Check the paper that Meriem sent w gouli L hadouk jma3t Telegram
2800,yes cheftha ... I'll send it and see what others wrote
2801,
2802,didnt you mean thakaa istina3i here?
2803,True
2804,Ill correct it
2805,also here:
2806,"there is an additional "" before the word: منحة"
2807,جماعة لاسيتي وقتاه تفتح؟
2808,Qalou tasjilat yebdaw ghedwa 💀💀💀
2809,تسجيلات ولا لمبات ؟
2810,التسجيلات
2811,زعمة يروحو يشدو ليشومبر هذا وش قصدهم ياك؟
2812,Yes
2813,سما واحد يروح يشقى ويولي يروح؟
2814,That s crazy
2815,Ta3 tout le monde wla ghir ta3 1ere année
2816,f groupe ta3 1ere they shared that
2817,Chkon 9alhom ?
2818,someone rah lyoum qaloulou ghedwa
2819,
2820,Wth ghoudoi?
2821,No makan walo Ghedwa
2822,how do you know ?
2823,Hdart m3a brahim 9ali ghedwa rah ydiro meet makan hata réinscription
2824,Meet kil 3ada 3la l7chawch ta3 mor ristau
2825,Ydir meetings kthar men jma3et ETC
2826,نظافة المحيط
2827,9ali déjà salam 3la talaba rah ysalem 3likom w 9alkom marhaban 😂 <@917789079431680020>
2828,Koun gtlou salam whdk w marhaban whdk 😭😭
2829,
2830,Weqtah marhaban?
2831,Yarabi wjhou shih
2832,Marhaban we9t ma habit
2833,Larbi ched darkoum
2834,Larbi magalkch marhaban
2835,"""Bikom"" he is included 😔"
2836,La nssa brk
2837,-{}
2838,Marhaban bli mch hab yji li hab yrouh lala
2839,Ana aelabali 9ssdou
2840,والد السيد غدوة مين يروح ويلقاهم مدايرين ميت
2841,"Syed 3lajal 2 7chichat, dar filtre ta3 discothèque w 93ed tchmkh fel ma"
2842,what is that
2843,w igolk makach lkhedamin
2844,lkhedamin wach rahom idiro:
2845,It's good to make song from this sounds
2846,Breaking news : found Mr.Sami's old classmate 🥲
2847,Li howa
2848,A cutie girl 🫂
2849,Wait U know her ig 👀
2850,Qolilna who
2851,Can't share a girl's name anywhere 🙂 But check the small quantum dz server u will find out who
2852,وانا قريب يعرشلي
2853,
2854,Ydiroulna f stress w mb3d yglk 3lh m9al9in
2855,الله يسهل عليه حقي نسقسي عليه
2856,تحس روحك فجدلية، كل خطرة يقولك فردية ام زوجية
2857,حيقون يقري عربية
2858,براهيم مقرود
2859,اقليها قنشوبة
2860,ايه نسيت طول
2861,بهدلو بينا😞
2862,"Rani nchem louche, ya dra brahim wach rah dafen f hadik la cité w ystna fel 7chich ykber Bach wa7ed mayfi9lou"
2863,Ana la cite hadik nwlilha ghir 3la wjeh hamid
2864,Kan ydiroulna Hamid moudir tji hayla 🥲
2865,The wrong emoji again 😂
2866,Wlit na7chem nahder elih at this point
2867,
2868,<@891264886624112702> chhel knt thder
2869,Achhal ma kanch yzid 3liha 😂😂😂
2870,<@700379394383937607> finding lhissa interesting 😂
2871,U can hear the “ hi m maab chaoui “
2872,يهدي الله من يشاء
2873,Best session to sleep
2874,Koun ychoufouha hadi ta3 l 1ere annee matfrqch m3akm😂😂😂😂😍😂
2875,Aw aendi fill video 💀
2876,Full
2877,Ey
2878,Eeeeey
2879,A7chmi
2880,Ki kanet zabat teb3et the videos 😭
2881,Dok nforwardihoulk chouf rouhk
2882,Movie of tonight
2883,Send send
2884,Nsit m3a chkoun dert Ana 😭
2885,Anfal mg waqil 😂
2886,Ya soumia yahdik rabi😂
2887,Yrbi ana dert m3a salah wakil
2888,Just found all videos f telegram💀
2889,Zaabat meskina tsewwer b filters ta3 snap 😭
2890,
2891,Wthrek l phone 😭😭
2892,Za3ma tdir movie 😭
2893,Boba w kholod
2894,
2895,<@578643557351555113> chou 3am ta3moul
2896,Nary 💀💀💀
2897,Wesh b3et 😭😭
2898,
2899,<@700379394383937607> ymout utlg hadi w ydir rouhi mch bl3ani
2900,
2901,😭💀
2902,Wiliiio😂😂😂
2903,يامات الغفلة 😭
2904,"ahaaaaaaaaaa at some point knt sgheer i woz so desperate, bsh 3omri madrt haka T-T"
2905,We want Guessoum 😂😂
2906,We won’t let u go
2907,Ok 😂
2908,i even pfped my fb account with some Lego ninjago character .. bssh i never done smth like this
2909,الفضايح صاريين هنا
2910,Naryy time to unsend waqil 😭
2911,Sinon f la rentrée yehergouni 💀
2912,ڤاع نغلطو
2913,Loyd garmadon
2914,zayn>>>
2915,"Guessoum as a headmaster was a good manager we should be honest, but kima 9al mohanned Machi a ce point"
2916,tbh prof Guessoum was great as a director
2917,🫂🫂🫂🫂
2918,<@720185698618966026> arwah tchof ch7al kont t7eb guessoum
2919,🥲🥲🥲
2920,Bshh lazem ya3ni tejbdou dossier 🤣🤣
2921,الله مغير الأحوال
2922,Yeah bsh he was a good director still
2923,I will not deny it
2924,Yuuh true ✨
2925,Mais bshh larbii you are toooo dangerous mannn
2926,You keep track of everything 😂😂😅
2927,Min Rabi ybghilk elkhir bs7 nta matfhmch xDDD
2928,It was shared f group 😭
2929,<@891264886624112702> how do you feel remembering bli kont ray7 t3arch ll wizara because of this 🤣
2930,Bs7 Machi kima haka 🤣🤣
2931,You know ensia changed you a lot when you know that this happened ghir only a year and a half ago 🤣
2932,جماعة شذون راح لاسيتي
2933,كلامك حكم
2934,Not me 😐
2935,3lech 9ritha شذوذ 😭😭😭
2936,و مرة اخرى راحو و قالت ماعلابالناش
2937,واش ابراهيم هبلت
2938,العياذ بالله 💀
2939,مستحيل ضرك
2940,يس باينة علابالهم و قاعدين يطيوش فينا
2941,مدولهم الورقة؟
2942,Wesh men werqa 💀
2943,هاذيك لي دارتها مريم
2944,Ooooh
2945,Did they send it ?
2946,No
2947,كي راحو لليكول قاللهم البشير شكون ردكم ممثلي طلبة هذيك كانت العام اللي فات
2948,+ جبدلهم مادة بلي الاقامة تكون فردية وماكس 2
2949,🙂
2950,ومنه القانون ضدنا للاسف
2951,وهل القانون يقول يعمرو اقامات القطب الجامعي بأدبيات ماعندهم حتى علاقة بالمجال ؟ كي يعطينا الجواب نفهمو القانون على اصوله
2952,Let it go 😭
2953,نعلن رسميا بداية الاضراب
2954,Rani f i9ama khash mathabo ta3arfo
2955,seqsilna
2956,"3la rooms, date ta3 when we can come"
2957,Mardi
2958,Wech mardi
2959,Hada
2960,rooms banet 3lihoum hadja or no?
2961,Oui
2962,wesh ban 3lihoum
2963,Hah kml kho
2964,Beat wahadhom werari wahadhom
2965,وين
2966,Drari f 3
2967,Mlaha
2968,Bna td 6
2969,individual or no xD
2970,Oui
2971,شكون اللي قال هك
2972,he is there
2973,المديرة
2974,ماتكفيناش فردية في 6
2975,girls
2976,Ghir lbnat
2977,so even E ykoun mahloul
2978,البنات رانا في 900 كامل
2979,Y raouf rak sure tfth mardi?
2980,Lala fardiya
2981,و كاين غير 500 شومبرة
2982,F 6 9ali li m3labash mashi sure Faridya bsah drari normalement fardiya
2983,Zido kash questions
2984,Nary
2985,Wlad fardya f la 3 W lebnat 900 f la 6 li terfed 500 حل رائع
2986,sah ye3ni girls placethoum felcousina
2987,jk
2988,Ya sexism
2989,dirou greve lebnat
2990,serfqoulhoum qanoun
2991,Tsema sur bnat f la 6 ? Daw les dossiers ?
2992,😳
2993,Mazal
2994,Donc 6 ay fergha ! 3lh mykhliwnech 7na f 3 w jdd yhtohm à deux f 6
2995,3leh maydiwch bnat ta3 traduction ta3 la 4 tmak w ye3touna la 4
2996,Another solution
2997,Ya rbi 7abit nfhm kfh ykhamou
2998,Hna Machi 3ibad 💀 manstahlouch chambre individuelle
2999,W tfol mn nano wla ydiha normal
3000,Win Rahi la logique 💀
3001,bssh 6 fiha ghi 500 rooms ☠️  asslan females outnumbered males
3002,Rah nashof 6 l haja sure drari les chambres homa  homa fardiya w mardi yebdaw yesta9blo
3003,Lbnat rah nshof f 6 wesh y9ololi
3004,Nab9aw fi les chambres taw3na ta3 l3am li fat
3005,?
3006,Ih
3007,Transfer mor ma 9a3 ydo chnaber
3008,Ok
3009,Bsah li dar tajdid berk
3010,Chikour l bendi
3011,W rah yba3to f la page la3shiya
3012,"salam 3likoum khawti, rouht la lem3alma 6 and they told me que c sûr nwellou hna lebnat"
3013,And it won’t be individual
3014,"Wjhoum s7a7, 9alouha direct"
3015,Mkalah nroh
3016,bdir n3archlou l directeur ta3 la 6 goutlou kima galet imene 3la mayjibouch ta3 bouzeri3a la 6 galouli kayen bezzaaaf
3017,and kayen wlad kther men bnat that’s why hna li nrouhou la 6
3018,meme 7na matkefich wshbi jedhom
3019,Galli tekfi ida kouna zouj zouj 💀
3020,hada houwa lmoment li lwahed yebghi ykoun tfel 🤡 (و العياذ بالله)
3021,mala 3lah drari ye9a3do individual w 7na  lala 🤡
3022,Mch solution hedi bs7
3023,choufi kho rana 2023 i identify as whoever gets an individual room
3024,Keml hebin individual
3025,Lbnat ga3 ltemak ta3 ga3 les écoles en plus normalement tahadro m3a l idara
3026,gender reorientation starts now xD
3027,Very good one ngl xD
3028,lbled hedi
3029,Kho ydou maximum ta3 bnat la 6 2 par chambres w bnat li 93dou y7e6ouhoum f la 1 w la 2
3030,It's your time to show you are strong independent women
3031,meme we shouldn't accept
3032,meme heka
3033,Yes ma lazmech yehegrou bnatna
3034,ida darouha lel bnat ged l3am ydirouhalna l3am ljay
3035,"True ila sketna now, nothing will stop them"
3036,Beyna wech daro med l men individuel bach ma ydirolnach fawda and the girls Normal machi problem also ma3ndhomch like choices hna we can make it ner9do berra girls no  So they played it well
3037,"the thing is, if their sollution was to put girls fla 6 then la 5 will not be open"
3038,"hekdek ywelo l adabyat y7gro taw3na ""yghiro mnhum"""
3039,Ida rah dayr fi hsabou lbnat rah ysktou w ma ydirou walou ghir y3awd hssabou 🤣
3040,C déjà hedi mch solution hedi demi solution
3041,chkoun hwa bsa7 🙂
3042,Kayna  Smart ngl
3043,By the way hna w l math 3 promo wid deux promo ta3 les écoule jdid tsima 9adrin hna ydiro chwiya 3ibad f deux chambres
3044,Obviously It needs bzf time
3045,2 years fi ensia  You're all well trained XD
3046,Li dar had la décision lm3aw9a kima hwa
3047,Exactement 2 ans w ana ntmrmd mn ba3d yjii wahd mn nano wla ydi chambre individuelle li makech mm pas tam3 fiha 💀
3048,ma ndiroch fawda? HH
3049,his math isnt mathing
3050,eserf li yeb9a 🫠
3051,Wch raw sari madhamtch💀
3052,Boys individual fi 3 Girls not fi 6
3053,7ogra 3ini 3inek
3054,They're not even tryna hide it at this point 🤣
3055,Houma ki 9adrou yferghou 6 3leh mayzidouch yferghou 2 w 1
3056,Ya wdi problem bnet Houma li ghachi
3057,Jatni 6 tkefi louled Machi l3aks
3058,yes
3059,Matkfich in both cases ig m3a jma3t nano w ...
3060,7awzou 3lina adabiyet
3061,Imagine having to fight for a right giving to you by 3mi Rais 💀
3062,i identify as HP computer li f labs
3063,labs
3064,I identify as a pointer
3065,Ana howa spot
3066,That points to ur heart
3067,i saw that meme
3068,Wa9il lwa7ed yjib frachou lspot ta3 lclub w safi
3069,"Ybet them, infinite wifi, heat, koulchi kayn"
3070,"Ana asslan nnod 8,30 hadik hiya XD"
3071,lberd ygat3ek
3072,<@577182678818881556>
3073,They fixed heating lela?
3074,ana ki bet tema l heating makanch ymchi
3075,🥲
3076,"Nah mtkfish at all, 3 wmych rah tkfi kaml lolad i spose xD"
3077,Last year kanou a lot of rooms farghin f jihat l boys
3078,Surtout f C
3079,7na f pavillon ta3na w kanou 4 wa9il
3080,"lmohim we still not settlin till everyone gets them individual room (at least 1st promo, which is kinda unfair but who cares unfair to other promos better than unfair to ours)"
3081,F chat likhor ygoulhoum at least ensia🤣
3082,awah pavillon t3na exception xD
3083,Selfishness 🫠
3084,wlh les décisions ta3houm bébé sghir maydirhoumch lmouhim yhennou rwahoum 🙂
3085,3ami rais rah yetna3am f NYC 😔😔😔😔
3086,he was like : ki ja lwazir la 6 ma amench que shab bouzeri3a rahoum hna tellement it is the best 🤡
3087,houma theyre making their problems our problems 🫠
3088,Wchnu la différence bin 3 w 6 💀😂 mm les arguments ta3hm m3aw9in
3089,tbel3it ↗️↗️↗️
3090,Win 3ambali ana tellement kount tayba 3lih rouht ou khellitou
3091,So lewlad rakoum m3ana f la greve wla lala?
3092,We should set a plan prs koun nsktoulhoum ymsou même la bourse
3093,Medoulna chouya m la bourse nedekhlou m3akoum 😼
3094,"Naah I'm not asking anyone to join, I wanna see Ida rakoum m3ana wla lala that's it"
3095,That's so unfair wchnou hada they planned it in a way te3 tihoudit
3096,"Tihoudit oxxdmnara akka, c'est la plus bête raciste decision"
3097,Btw lah kyn ghor archi 1 fi program jdid 💀
3098,Are they planning to teach all of it fi s2?🤡
3099,Awili <@863232038786301963> te3erfi qbayliya 😱😱😱
3100,S4*
3101,Basmala umba3d ngedsrou 3la programme semhili wlh ma weqtou 🥹
3102,Wa7ed ra7 y3ich ki serdine f la 6 m3a si chemsou directeur basmala 😭😭
3103,I don’t think drari will all join us chghel mm si ykoun chkoun ydir m3ana but not many 🤷‍♀️
3104,Ndirou m3akoum
3105,Ma nkhelloukoumch WEHEDKOUM
3106,"L3am ljay tsra fihoum la même chose, w y9ololhoum kima 9blou bnet lazem t9blou no law can protect you"
3107,i think rayhine yfethou la 5 bla jeddhoum aslane la 6 bessiiiiif tekfina 🤷‍♀️
3108,Ani 3aref 3lah lwlad darouhem wa7dhem w Lbnat lala
3109,Why ?
3110,Yes
3111,Ohhhh
3112,😭😭😭
3113,Bsah aelah mch lbnat li f 3 wlwlad f 6 🤨
3114,Bsbt accidents
3115,Ta3 l3am li fat
3116,Probably
3117,True
3118,Galli lewlad kther men bnat this year
3119,Bnat wahed 700 et qlq
3120,that's not true
3121,Naah they don't care about our mental health
3122,Lewlad yelahqou 1000 🤡
3123,Bdit nahseb wach 3alzmli ait yahia ga3 rahli tellement it’s not true 🙂
3124,Ana kon yzidoli wa7da li nahbl 🫠
3125,ma7soub ki teskon m3ak we7da mata3rfinach el 2amn wel amane? 🤨
3126,Why ? 🤡
3127,S3iba chwya bch tfhmouha
3128,Ila y dirouhoum double tekfi 🙂
3129,Zid nta tan 🙂
3130,ana b hbali b exams nkhaf ana li nermiha oui 🤨
3131,"Naaah this can't be true, makayench تكافئ فرص louken maydiroulnach same conditions tae hébergement"
3132,Since when girls yedekhlou f that
3133,I get it ya Raïs 🫡
3134,and he told me : peut être na3toukoum la priorité ntouma la première promo ou la deuxième tkheyrou copine de chambre 🤡
3135,Quelle priorité 💀
3136,"the genius t3 lb*chir said ""no more than two people in a room"" and thinks he discovered smthng new 🤡"
3137,peut etre
3138,Since darouna f la 6 à 2 w wa7ed 2006 3endhou chambre individuelle
3139,True 2006 hger 2003
3140,bditi tghiri 😂
3141,oulala 9etlona bel 9der tbh
3142,Qetlouna berk
3143,Kayen fer9 bin ghira w bin wa7ed n7awlou 7e9ou
3144,just kidding mataklounich 🙃
3145,I know <@893958691156541470>
3146,Haya Weqtach tebda la greve a Chabiba
3147,wlh thammest goultou imallaa 3la matkhellounach hna la première promo f la 3 (bnat ou drari) ou treddou bark the new ones la 6 ayaaa gali Allah ghaleb 🥹
3148,Le 19
3149,miytine one way or the other
3150,3lah no
3151,ysefer wejho 🤡
3152,Why mykhaliwnach hna fi la 3 kima l3am li fat w jdod ydiwhom la 6 w ida mkfatach yadiw bnathom la 1 w la 2 ??? Ig hadi hiya solution lwahida kon myfthoch la 5
3153,Imene how we can make it like kifah ykounou ga3 dekhlou
3154,Ykherjou adabiyate wella kifah ? We don’t even have time
3155,Galk les parents khafou 3la bnathem men Lmixte
3156,klawna el best friends lah y3afina
3157,I think they wanted to ynahhou hadi ta3 mixte melkher
3158,Exactly
3159,"We don't have another solution, ghedwa may9drouch ga3 yjoj"
3160,Yjou
3161,Btw tweli ensia m3alma 3 🤡
3162,heil hitler 🫡
3163,واو بعد عامين باش خافو
3164,"Hiya bayna mixte 3ayana , but kayen bnat jaw ensia w wa3dohom b chambre individual 🤷‍♂️"
3165,awedi mixte wela pas mixte LAZEM INDIVIDUAL ROOM
3166,We are adults w les parents li ykhafou 3la bnathoum y7e6ouhoum f la 1 w la 2 maydounach fel jerra 3lajal mweswsin
3167,Apres Deux ans li ykhafo 3la mixte
3168,Wow exactly
3169,"Sa7iti, la greve fiha fiha"
3170,Hiya ki ne7aw mixte mli7a bsh I shouldn't solve a problem by creating another
3171,Ana 3la jal brk l3efsa Hadi ta3 yrigliw lwlad w lbnat lala li ndir grève baqi ça m derange Pas nkon m3a sahbti fi chambra
3172,"Kayen plusieurs solutions, ydou lbnat ta3 tarjama l 6 w 1 w 2 w 7na y3touna la 4"
3173,Psk a girl wla a boy we are students w lqanon hedek yentabq 3la Les deux
3174,Ydirouhoum 3 wella rbi yshl aelihoum 💀
3175,Ah😂
3176,Exactly
3177,sa7 girl wela a girl
3178,g3 kif kif
3179,Homa w la logique two lines that never meet
3180,خطان متوازيان
3181,Guys drk Machi nbqaw nentaqdo fihom brk nro7o la solution
3182,Psk klam aw sahel
3183,el 7arb a moulay
3184,Mazal one day 🤡
3185,3lah tasjil le 19 wela le 20??
3186,Justement hada hwa probleme
3187,Yes
3188,which one 💀
3189,I think le 19
3190,Mm ida le 20
3191,La mm chose
3192,Haj moussa moussa lhaj
3193,mou9ni3
3194,Bs7 homa li daro decision Hedi fi Deux jours nqedro n7rsohom ydiro decision khlaf fi Deux jours tan 🙂
3195,i think it was planned
3196,Machkitch
3197,becuz they knew we wouldnt agree
3198,haka they kept us in the dark until two days early
3199,They usually take plans à la derniere minute
3200,tbh wi theyre not even that smart 😭
3201,Bayna
3202,Wlh ghi Hadi ta3 yl3bo b girls matefrach
3203,Hada howa lmochkil lkbir li ghadni l7al 3lih
3204,The rise of a new leader 👀
3205,
3206,للقضاء على الجزائر*
3207,+ next year qader lwalad ygouloulna chambre à deux rakoum bzaf Aya w ygoulek hahoum lbnat 3ndhoum chambre à deux tsma 7atta ntouma tala7gouhoum
3208,Tbh they can even add promo jdid ta3 ensia and we would still have extra rooms
3209,Bs7 lela ychtiw yfzdou
3210,"tbh, the only required solution is they free up 1 2 4 from adabiyat .."
3211,elsewise we will have this problem every year
3212,مافهمتش انا وش الحكاية هاذي تاع البنات زوج  الاولاد كل واحد وحدو
3213,وزيد الادبيات هذيك الاقامة هردوها
3214,هيا قالك للذكر مثل حظ الانثيين راهم يطبقو فيها هنا 😂
3215,باين هاذ القرار اقتارحو ابراهيم
3216,i believe brahim could come up w better solution lol
3217,"anyways, greve still valid r?"
3218,ضرك نتوما مدولكم غرفة فردية  رح توقفو معانا ؟
3219,They have to this is not a choice
3220,we re fighting for students rights  wla barkina?
3221,Ila mawa9fouch m3ana sam7ili
3222,Mch rjal
3223,والله اسيدي
3224,
3225,ليسانس في تصوير الحشيش
3226,*دكتور
3227,*ليسانس في اكل الحقوق
3228,Houssem jab dossier ta3o directly 🤣🤣⚡
3229,دكتور في الحياة
3230,@everyone khawti (boys) rana rayhin ghedwa l DOU if someone wants to join igoli
3231,W mn reactions tfhem bzzf oumour🙂
3232,none is around algiers maybe?
3233,Damn
3234,I can go
3235,Tmw you will decide wktch l greve?
3236,Ya3ni ida kyna
3237,We support u even though ma ranach f Alger khawti 🫶🏽
3238,<@875702139534581792>
3239,Which OMOR exactly? 9dina slahna w khalinakom ? 9olnalhom hna brk boys individual w ntoma lala ? Or just on one react for 5 minutes it's done things went clear for you. I personally hate hado les GESTES this things include us kamal boys and girls we are all students of ensia machi say doka teams and it's done. We will help machi psq oooh li may3awench machi rajel wela 9da slaho kol wahed w his principals. Alao  اللسان الحلو tani mlih w les arrières pensées w drama machi mlah
3240,"Abdenour, its not about teams wella اللسان الحلو kima golt, une semaine avant discord kan g3 3la « finding solutions » and eventually dès que les gars ont eu la réponse, cbn no one is talking about it, u cannot join its okay but as u said this includes us all, so kon u suggested solutions this time as bfore we would appreciate it more lala?"
3241,"nah, im pretty sure the majority (li sam3o ofcrs) will join bcz if not, it is only about time the situation will turn against males as well,"
3242,Like l9ina solution w mahabinach n shariwha ? Come on kima 9olti rana f about 2 weeks and we got nothing Their decision ida kant just hogra because you're girls and you wouldn't talk your rights they are stupid and wrong w wahed ma yhb lhogra no matter what Ida their decision is based on other things like the accident or whatever they are also wrong And a reminder not talking doesn't mean we are not concerned and we don't care
3243,not to mention that a mid solution that profits one group over the other is not a solution and lgeste of girls dual and boys individual no matter under what consequences or accidents occured is not a solution
3244,"Dude, from some sources, they really confirmed that num of girls akter mn num of boys, why do u think madawkoumch ntoma la 6? Simply coz u can make a strike tbato berrra with no problems (hadi 3la hadik ta hogra li hdert 3liha)"
3245,don't worry farida we are still here
3246,Hadi the first thing I shared after  bendi told us about what's going on
3247,Oh🙂🙂 thanks laghbi 🫶🏻
3248,Anyways we just wished that u made some more suggestions as u used to do
3249,When we have we will do
3250,i told yall 9bil bli females outnumbered males and adding to your argument why madawch males to mah6 is the accidents that happened last year
3251,what accidents ?
3252,Exactement
3253,deaths
3254,what ?!
3255,Wach dkhel mktob rebby f swlh ado dok?
3256,"And there were a lot of accidents hakak where they had double or more rooms, so if anything they should ban double rooms"
3257,I cant see how it's related 😭
3258,yes even f double rooms these things happen
3259,Just fel la 1 yen avait un l'année dernière
3260,More than one ans all girly convince them beli maktoub rabi and It could also happen to boys can you ?
3261,I don't think so since meme fi wa7da men les cités lo5rine li chambre double w khi 6a7et wa7da rabbi yar7amha
3262,like those dumb and small minded administrations think that if she weren't alone such thing wouldn't happen
3263,"they want to avoid that, and they using it as an argument <as they told my source>,"
3264,AH comme si on est pas majeur et vaccine
3265,although they told them bli the same accident happened in mah1 where they were dual rooms just few days after
3266,Jma3a rah koul wa7ed 3ndou source allah ybarek jayba 6arf men l5bar Ana source ta3i nhabbal brahim dm hadha makan xD
3267,sad they're using mktoub rebi as an argument for dual rooms
3268,chhal chabba min tb3et wahed kan f politics fbladna xD they cant ybal3tou
3269,they're empty headed
3270,I feel bad for them wlh
3271,poor Algeria T-T
3272,istg
3273,they can't keep their word
3274,matrix that can never end
3275,wherever you go tl9a bli the thing li rhtlo is the problem xD
3276,Hadhi confirmed men ya7srah Whole summer ma3labalouch bli la cité ki yjou ljdoud tet3ammar 7ta l une semaine avans la rentrée bda za3ma ydir des actions
3277,"lala actually, they knew, bssh ykelhak b ""we did not know"""
3278,"kima ykelhak b ""mazal maban walo"" and and"
3279,Yes yes That's another thing too
3280,"hya we cannot blame admin t3 3 bcz they do not have the privilege, bssh they knew everything, and ofcrs they were in contact w wizara, and with kol ijra2aat wether they will receive extra resources or what will happen to the >1700 student"
3281,bsh the question is
3282,why girls t3 bouzeriah are still fl iqamat t3 pole
3283,I mean they said they r staying for like a year only
3284,now it's been three
3285,it's high time they got to their ACTUAL dorms
3286,If you find an answer then all problems ta3 l pole will be solved
3287,سياسة فرق تسد rahi bi 9owa hna
3288,i9amat t3hom (as far as i know) meddohom l boys
3289,La cite ta ouled fayet mdoha l d’autres étudiantes nrmlmnt hakka galo
3290,"The real question is : what we should do now , because wech daro mahich solution"
3291,That's the problem We payed it
3292,it's illogical wlh n7ir
3293,Let's see what they will tell them tomorrow
3294,strike w ydbrou rissanhum
3295,"tssma daro a solution bilama yriglo i9ama t3hom w jabohom llpole, mb3d ki wjdo thei campus, taho f group of boy m3ndhomch i9ama, 3mrohom bihm"
3296,The best thing to do is to complete the first plan (strike)
3297,toute facon w7d marah qabl b decision
3298,at least girls
3299,their solutions mhmch scalable 😞
3300,t7ir wlh
3301,hna lbnat we are planning for a strike f la cité ( ma ndkhloch lrooms) ofc nchofo wch igolo demain mais sur marahch idiro solution
3302,chofo ntoma wch taqdro tdiro
3303,i don't think nqdr nji b tlatha 😢
3304,we didn't agree about the date yet
3305,just vote f lgrp w nchofo
3306,Hna than lazem ndiro haja strike 3la la cité + 3la school
3307,i did
3308,Houssam win makan strike ykoun
3309,ok then we are expecting from u guys(boys) to do smthn
3310,hada makan chofo ntoma how to help
3311,like if all boys were with us administration would be surprised tsma quicker solution
3312,psq deja organizing our selves w nqen3o other girls deja is hard enough
3313,Help == Strike 🤷‍♂️
3314,yes so organize it and make sure they want to join
3315,tt façon ki nroho lmodiriya ngolo strike boys and girls
3316,aslan kayn boys tal3in m3ana
3317,*Ensia students
3318,yes ensia and ensm I hope
3319,<@882774339051737109> strike on school i get it we won't enter classes but what about dorms what should we do
3320,I meant us boys
3321,tdiro kima hna ma tedkhloch lrooms
3322,"""suggestion tho am not asking u to do it"""
3323,"First of all , Restau mnroholoch"
3324,I don't this is going to work especially we are little compared to newbies
3325,nrml ntoma makom khasrin walo
3326,and arwah nta w 9enne3 newbie ydir m3ana strike
3327,"During the day u can maybe join us outside la 6, genre at least وقفة احتجاجية"
3328,We can't convince them peacefully unless we force them i think they will enter their rooms
3329,hna ida ma dkhelnach newbies iddolna rooms
3330,ntoma your rooms medhmonin
3331,Ig it will work
3332,non makalh
3333,machi lazem ikono m3akom
3334,aslan homa hebbo iredohom à 2 llah isahel
3335,ana nehdar 3la my promo w 2eme promo since wegfo m3ana
3336,ljdod I don't represent them
3337,"No , we should go outside the school and don't forget halo schools jedod so rah yjiw TV et tt kima nhar halet ensia w hna nroho ng3dolhom thema fi pole w dayrin strike ig it will work ."
3338,Look we are going to try all this things eventually
3339,Let's just hope that some method will work
3340,ana je pense ida rohna la cité 20 21 w darna grève idirolna hel qbel ma ndkhlo neqraw aslan
3341,snn troh la grève ta3 l'école which is the worst case
3342,I already told bachir if we do a strike f la cité marahch naqdro njo neqraw
3343,Strike + wa9fa  + mndkhlouch + n3rchou llkhdamin i guess we have experience in this
3344,N3rcho lel khadamin why ??
3345,ma tkhononach bark 🥹
3346,Just to make it serious
3347,Cuz from  what i have seen
3348,They are really treating us like children
3349,When ever we complain they start laughing like we are kidding
3350,"N3archo lel modira w brahim , c non lkhadamin vrai khatyin ghir ida jaw yloho fi rwahom"
3351,من يضحك اخيرا يضحك كثيرا  They will see
3352,I'm going to n3rch to everyone who ydakhel roho
3353,Rani nghli men  ba3d lkhdamin  + lgit sebba beh n3rach
3354,aya saha khawti mala ntoma lemmo drari aslan sahlin madabihom idiro grève
3355,bessah wach rah tgolo ntoma?
3356,Dork lazem ntfhmo kamel
3357,PsQ hsab wech rani nchouf ghir ana w nta li rah ndiro strike
3358,Don't worry i got 10 guys who already have agreed
3359,Actually our classroom + 10 guys
3360,"This will be decided later but basically: it's not fair , انتم السابقون ونحن اللاحقون and etc....."
3361,yes that's it
3362,Thank you all khawti
3363,nchlh teslek 3la khir
3364,"I suggest that we focus bah yna7oulna l adabiyate hadouk kml.. They’re the source of all those issues.. Lpole wal dorms is for the schools li rahome fal pole wal priority should be given to us. Lprblm that yna7o lchambre l individuelle  at the expense of l adabiyate ykouno à l’aise fal dorms li rahome fiha. Where it should be the other way around.. Ybdaw bina 7na les étudiants nta3 les écoles nta3 l pole, they make sure bali rahi msa3dtna l7ala, omba3de bah ydoro lihome even if this means houma ybato 3 fla chambre machi 2.. Psq mahich their dorms in the first place. If you’re going tomorrow to the dou, mention to them how they ruined w was5o l dorms w mention l madahire li rana nchofouhome man home bara, it was already unbearable w making les chambres à 2 lale girls is just the last straw"
3365,Thank u jma3a 🥺
3366,Yasmina hzi notes bash matnsaysh
3367,here :')
3368,qelbi m3emar khti ma nensa walo 3ndi zyada la bghito 🙃
3369,"And guess what, the next year rah yjibo ta3 ENSTA fiha 5 promo w 2 branches 9is  2 école , so bayna kon nskto dork l3am ljay yglbona 2 fi chambre wela hata 3 🤷‍♂️"
3370,"girls thani wa3dohom tkon chambre individual , win rah lwa3ed ta3hom ybdaw ynahiw b haja hata yroh kolch 😑"
3371,Le placard hadak wehdi ma yekfich 😭
3372,"Ga3 kifkif, même les agents sif ga3 ydirou f قذف المحصنات w les histoires imaginaires ta3 cité mixte, mlkher li yzid y7el famou 3la la dignité ta3na, ykhlsha bzef ghalya"
3373,So tomorrow ga3 njou bla 7wayejna wendirou i7tijaj yak?
3374,جماعة سمعتو لخرة قالك معالمة 6 مهيش رح تحل حتان ل 24 كيعاد علابالهم رح نقلبوها عليهم
3375,انا بانتلي غدوا نروحو بلا حوايجنا نقلبوها عليهم
3376,Yep
3377,Kifah thell 24 ou nwellou le 24 🤡
3378,Jenn ta3i nba3tou l’école wella kifah yarebbiii 🙂
3379,I don't think this is true
3380,المهم ياسمينة وامل و دعاء و زاكي راهم في DOU  بعد ما يهدرو معاهم و نقررو وش رح نديرو
3381,Ki trohi demain 3la wech diri grève ??
3382,🫡
3383,نستناو الجماعة يردولنا ونشوفو وش نديرو
3384,"Ismou i7tijaj, we show them that we are not satisfied with this situation"
3385,So golo ihtijaj machi strike
3386,PsQ strike ano ndiro توقف l haja besah hna mezal mbda walou bah ndiro strike lazem thal la cité w tbda l9raya
3387,And ihtijaj maho rah yjib hata results 🤷‍♂️
3388,Ram tbalhoum raw 3ajbna l7al w it's ok w ga3
3389,The sooner they realize that we are serious about this the better. Plus machi tomorrow y7alou i9amat
3390,"We need to do it tomorrow, le 20 ybdou yjou nta3 mah 1 w 2 pour les inscriptions w yjibou 9chhom , tsema dak lwe9t ra7 tetafar ila 7abina mahelma 1 et 2 yfergou, lazem nroho tomorrow nchleh w nbeynoulhoum bli Rana manoud5lou manousknou 7tan yrigloulna l problem, tema homa loukan ychofou l7ala bzaf serieuse y9drou 7ta ydissidou ywe5rou les inscriptions lel adabiyat."
3391,Rahi vrai 3lina w 3la l persistence nta3na.
3392,Et même surtout haka yeda majawch demain les premières années yesem3o beha et they're more likely to join
3393,"Wtf , mfhmtach wech rah dir demain w i9ama mezal mhalatch dir ihtijaj lel lhnouda ???"
3394,Ih hadi sah besah ndiro grève 3la haja machi random hkda nroho w khelas
3395,"Rana rohna demain wech ndiro , fi rayak rah ykon result ??"
3396,Who told you ikama t7l b 20 Machi 19?
3397,Probably not if we go just tomorrow
3398,Li raho lyom l DOU
3399,But we will find l idara FL ikama bayna so
3400,Ana nrou7 tomorrow lachta ndir i7tijaj we7di 🙂
3401,If you mean idara ta3 i9ama they do exactly whatever dou asks them to  Donc  putting focus on dou would be better
3402,"Ig my9deroch ydiro 9rar hkda ta3 i9ama lazem ta3 DOU wela wizara direct , w hna bah nlhgolhom bli rana srx w habin yrigliwlna problem lazem strike , yek am dawlhom war9a lyoum but fi dz myfhmoch blwr9a w lhdera yfhmo b strike men lakher , w strike mn9deroch ndiroh 3la haja mezal mbdatach w en plus lazem kamel ntfhmo nroho kamel (majority) fi youm wahd"
3403,"Because une fois yedekhliu quelques uns ge3 ils vont vouloir prendre leurs chambres Tani, we should make it clear to the other students Tani beli Eli if they take their keys their acting again our interest. And so the students tooneed to be know that we are serious about the strike"
3404,"True, et 7ata haka yesem3o"
3405,Khawti 3la mtetfahmouch tetlemo w mtkhaliwhomch ydiro les inscriptions
3406,3lah*
3407,"Well li raho lyoum galou ta DOU they r willing to listen, so the best thing we do anou nsennawhom coz we r wasting energy making assumptions brk"
3408,They listen berk
3409,"Tbalk 7a ng3oud 3 DAYS or more man5ali 7ata wa7d ygedem, this is not possible"
3410,Exactly
3411,"Lala dw, جبهة التحرير li rahet, so rana taklin they make result, yqdrolha nchlh"
3412,Lazem peer pressure
3413,I hope so
3414,Not with brahech ta 1st years🙂
3415,Not going to study/not going to campus/strike those all are your Rights  But tmn3 Inscriptions haka nwlo nbano 7na li Rana nkhasro and can be considered illegal (anyway xD )  Lokan ndiro haka Hadi lmasla7athom not ours cause ychdo 3lina something
3416,Homa libdaaw ykhsro lowline bsh
3417,"The prblm anou ida bdaw les inscriptions cbn, manqdrou ndiro walou apres, tnahhilhom les chambres z3ma?"
3418,"But homa they don't know, that's why we should show them d'abord beli Rana sérieux"
3419,Yep et eda bda wa7deh nweliw get netab3o
3420,Why mn9dero ndiro walou ???
3421,machi can be considered .. it is illegal alr xD
3422,3lach houma ytb3ou lqanon ykho🤦🏼‍♀️
3423,"Après te93ed te3 manro7och ne9raw, but it would be better des le début we don't take our rooms"
3424,"Kon 80% nb9aw chadin fiha vrai raha tnjah , rahom ykhafo la grève , média , ......"
3425,We do them both
3426,Surtout the first years
3427,no .. but they can use it against us
3428,First year rah ykono ykhafo so don't expect rah ykono bezaf m3ana
3429,Houma Eli rahoum plus médiatisé
3430,"And we use “all dorms ta pol r our rights!” Against them, khalli yhslou f adabiyat whdhom"
3431,Peer pressure
3432,"Même si darou les inscriptions f la 6 matdherch, prs en toute solution 7na man93douch f la 6 so c'est temporaire berk (pour la greve)"
3433,Not really Best that we can do is to wait for today's talks Else we announce strike  So people li b3ad maycha9och rwa7hom with their things with them Cause wa7d mn adrar Ida came with his things you can't tell him to keep his things bara and to not register
3434,i think bli even in worst worst case when we strike aboit studies they will have no reason not to listen bcz they fear lhkwya tossl l solotat a3la
3435,"Naah they are not involved alsan, we don't promise them anything"
3436,Ykho bsh chambre individuelle promaw brk la promo lowla Mfhmtch 3lah dakhlo f ta première
3437,"Imen🤡 Im missing smth, where r we staying then?"
3438,I do agree I say: let's wait ljma3a li rahoum fi DOU
3439,Yep its better
3440,Yes But we should move wisely Cause Ida khasrna kima howa twali the upper hand lihom   For now it's for us since we're all united under one word
3441,Just a matter of time before this happens
3442,So no need nro7 tomorrow?
3443,"Farida impossible ydirouna individuelle f la 6. 3liha même si daw les clés ce n'est pas la fin, mouhim la greve"
3444,exactly
3445,We receive the news first  Then we plan according to it
3446,Nsennaw les infos mn li raho apres tban
3447,Best thing we can do is to see what dou will say lyouma and the way they are going to talk ida they are willing to find solution ahla w sahla Ida no we can't do anything to you okay we can do a lot of things
3448,Exactement
3449,Kayna
3450,Jomla akhira 9awiya 🔥
3451,Exactly
3452,So akhetiwna men randomness hadi
3453,Khalina ntfhmo 3la haja bayna w ndiroha
3454,"Smhli, bsh last sentence 😂😂💙thanks abdenour"
3455,Khalina nchoufou lyoum slan wch ygouloulhoum men DOU bdhatou
3456,Like this year  Tuesday strike began Wednesday continued Thursday wazir came
3457,Kach ma ban mn li rahou l dou ? Wakila chedouhoum lel ftour
3458,Normalement mzalhoum temma
3459,Rahum ystnaw
3460,Mabrouk alikoum
3461,C officiel tsma
3462,"Hada win ja ta dou kan f reunion, and galou mm ta la 6 ahoum ltem coz they didnt accept yrhlou mnha + gallek la 5 is not that « undready »"
3463,So thay started thinking anhoum y7alouha hakka?
3464,Undready lol
3465,For a moment kount ra7 nro7 l google translate
3466,Everything in a nutshell✌️
3467,Besah mahich ha9hom yroho l bouzeri3a wela idk wiin
3468,First time adabiyat ydirou 7aja tnfa3 ig
3469,Gallk wazir li mabghach yhallouha assln
3470,Hell
3471,Kima they didn't We won't  Easy
3472,Houma rahoum against les déplacements hadou hada makan
3473,Hiya I see good they didn't At least now kayna more pressure
3474,meme houma haka yweliw bezaf fi la 4
3475,We wait for our friends yjibou resmi cuz Machi wach 9alou true
3476,"Thats it, we wait for them khir to confirm coz allah a3lam after all"
3477,Ouii imagine 900 filles ta3 la 6 + ta3 beni messouss
3478,We won't abandon what we want either So haka 9raya 7ta November at least xDDD
3479,Ywaliw bezaf chwi problem ta3hom yg3do fi 5 fi la chambre we don't care houma li rahom dayrin problem ta3 1 2 4 6 wooow daw 2/3 men pole 🙄
3480,And we thought they can put 3 of them in one room 💀
3481,non ya3ni 7ata houma tsa3edhoum ki manediwelhoumch la 6
3482,Actually Ida ma7bouch ykherjou  m la 6 7aja mli7a lina
3483,exactly
3484,Zid next year yjo a whole 5 promo university plus 800 other new student  Nwlo 6 fi room at this rate
3485,I see an alliance coming
3486,Besah lazem ykherjo men la 4
3487,"Impossible ydou adabyat had l3am, mouhim nkherjou m l'affaire hadi bi a9al khasa2ir"
3488,yep
3489,"the best solution is y7alou la 5 had el 3am, apres lannee prochaine lazem ya3tzwzlna le pole ta3na"
3490,Qadrin yhaslouhoum f la 5 whna ymdolna la 4 easy juste homa mabghawch
3491,Probably until 2024
3492,"Oui capable, yebdaw les travaux f les cités fin août oumbe3d y9oulek 7et 7et fi mahelma"
3493,The best solution is adabyat yeb9aw f la 6 so they will not have any other solution except open la 5 then ya hna nediwha ya ykhaliw l 4 lina w homa yroho l 5
3494,"Voilà, mais Houma y7ewsou the easiest solution for THEM, may7wsouch 3lina, they thought ra7 nsktou"
3495,exactly
3496,3lah qrit adabiyat abayat 😭
3497,Weqtah qrit haja kimarahi assln😭
3498,"Second better Since 4 ra7 tkon ready ktr mn 5  Imagine bli even when they opened 3 , things kima resto and foyer weren't available for months   Donc imagine situation ta3 5"
3499,Wla tout simplement ykhelou bnat f la 6 w y7ebsou les travaux ta3 beni messous w ydou bnathoum 3lina w teb9a la 4 fargha
3500,Do u think that 5 is ready for opening Machi nwelliw f Les problem ta3 mkach elecricité mkach lma mkach lbab 🌚
3501,الله يسهل عليهم يتهاردو بيناتهم
3502,twalefnaha rahi koul 3am
3503,<@875482444818681897> bla ma nnsaw that fawtna days bla trissiti fi étage ta3na XD
3504,Kon bghaw yrj3oha ready within one week
3505,Individual w n3icho 3la chem3a w lhayat sa3ida
3506,"9alhoum la 5 is not that unready, ytsma fiha had basics, à la limite y3touna la cité w ysgmouha à fur et à mesure khir mli njewz les 3ans à deux"
3507,exactement
3508,Yea u roght
3509,Yes هوما من بكري ماهم تاع قراية لا شكوبي يقدرو حتا لديسمبر مايقراوش عادي
3510,Right
3511,yep
3512,M3a hada khadma ta3 week twli 5 years xD
3513,اقل الضرر
3514,eli ra7o lel DOU kemlou wela mazalhoum fem?
3515,Mezal
3516,"They considered 3 to be ready and we faced a lot of problems this year (resto,foyer,water,keys, where to buy)  Imagine brk 5 which they consider it to be unready"
3517,تبالي ماعندهم بزاف من لي بداو اصلا
3518,ادريس اذا تقول هاذي الهدرة قدامو يقولك مالا دير 2 في الشومبرة تسما اقل الضرر
3519,Yeah
3520,Ydir ta3 nano w autonomous system 2 fi chambre
3521,Wahdhom rahom grib 600
3522,Man I prefer to live with a candle 🕯️ my whole year rather than someone with me XD
3523,doka a3tewelna les chambres apres nebdaw nsamto 3lihou 3la hadi
3524,Aw dakhlo 300 for each?
3525,That's the right thing in my opinion
3526,اواه تبالي غير 200
3527,Presque oui meme ensia grib 300
3528,No
3529,Especially that they're not familiar with strikes XD
3530,"Voilà, le problème de vrai ja men 3end shab nano w les systèmes avancées, il fallaot melewel ydirouhoum m3ana psq ma3endnach les même conditions li wa3douna bihoum"
3531,Alors ki ydirk m3a wahed nano ma3endekch l7aq tehder wella nta teddi individuelle w houwa lala
3532,ماشي جاية يكون عندة الحق على القديم كي تكفي راه يدي غرفة فردية
3533,La solution c que math et ia wahdhoum w nano et SA wahdhoum
3534,"Oui exactement , w ida halo la 5 ymdohalhom lihom machi ytaychona hna fiha deja 3andna 2ans kol 3am nsofriw m3a lawal b sabt i9ama jdida et tt"
3535,"Psq chaque années rah yzidoulek 600 étudiants wella ktar, donc même tkoun had l3am individuelle, elle ne sera hamais l3am ljay"
3536,"Prblm mm kon hak, la 3 matkfinach g3 b chambre individuelle"
3537,loukan le pole ta3na et koul ecole 3endha sa cite
3538,Takfi la 6 ykhaliwha les promo jdod w hna nb9aw kima rana 🤷‍♂️🤷‍♂️
3539,Je pense had l3am tekfi rah nkounou 1000-1200
3540,Oui hadi hiya afdal solution 🤝
3541,"They said mafihach mixte wallah a3lam, lets wait w say"
3542,Voila best solution
3543,"Look first thing houwa chambre individual , après tji mixte machi mixte"
3544,"Hna we dont have prblm with mixte hadi, houma berk ysa3bou fiha"
3545,Soit ydirou drari IA+ math wahdhoum wella bnat IA+math wahdhoum wella ylhelouha mixte psq une fois tetkhelet m3a nano cbn
3546,Apparemment kayan li chkaw mnha
3547,"Unfortunately yes, les parents en plus"
3548,"Li mahebch wlidou wella bentou tkoun f une cité mixte ykhelliha fi darou melkher, there are a loooot of situations malla li lazem we will take in consideration ta3 ikhtilat ou tmeskhir hada"
3549,Ça fait de la peine some people are fighting w others yhewsou weqtah ymedoulhoum les clés 💀🥲
3550,Li ya3ref wella ta3ref her\his limits jamais tkoun cité mixte prblm for him/her
3551,"But wech raah dirlooo ,"
3552,بارك الله فيك هادي هي
3553,2 years Never heard of a problem
3554,chghel 3la jal some minority chkaw 3la cité mixte hnaya we suffer
3555,"Loukan tchoufou Wesh yehedrou 3lina like plusieurs fois I meet people, yqoulouli voila voila Wesh sme3na 3la liqama ta3koum"
3556,"Kol wahd Pavillion ta3ou , ntlagaw fi restau , foyer , salle de lecture"
3557,Li tghidk anou les agents li yhdro🤦🏼‍♀️
3558,"Trust me, not what les agents yhdro to strangers"
3559,Yhadrou 3la rwahoum rebbi yhaseb 3badou b lwahed if someone ma ykhafch rebbi kayen 3ibad hamdoullah ykhafouh and btw yaloukaan trouh l smaa twelli llard yhedrou 3lik
3560,Les agents li houma beddat yla3bouha men taht l taht nesket khiir
3561,Kima 9alet amira kayen une minorité li fsdou som3a ta3 les étudiants ta3 ensia/ensm
3562,Khalli lbir b ghtah hbb
3563,"Alors Houma li bdaw chawchara kbira, même ki rahou des parents ta3 1ere année 9aloulhoum hedra vrai matn9alch"
3564,"Les agents klab direct , chekon rahom yjibolna les agents ghir les voyous"
3565,tkhlat li machi mlih kaml kan between les agents hacha li maystahlch
3566,الخاوة ملخص
3567,"Ha oumaima fkkertk jaya tmdilna moulakhas, thmmest fi batel"
3568,Just حتشي don't worry
3569,ندخل للتيليغرام مسنجر ولا ديسكورد نلقى 100 ميساج 😂
3570,Rana nstnaw jma3a li ra7ou l dou ykherjou w ymdoulna jdid
3571,Adrénaline ↗️↗️↗️
3572,Men sba7 rahem tama lala?
3573,"Oui ""mais"" ma3endoumch bzef mli ste9blhoum directeur"
3574,"Hakda I don't think nle79ou lmoufahama, I hope berk dou ydir"
3575,Y’a rebbi hadik moul la photo noir et blanc achhal ma tele3lich 3la l morale 💀💀💀
3576,Lbnat ta3 SA samtin 3la rahj  إلا من رحم ربك
3577,tssma raha t9olli males <=500 w females >= 1200 HH
3578,"Khlass they won't share those useless comments anymore, they have no sense"
3579,Weshnou sa
3580,Autonomous systems
3581,Aaah
3582,Saha
3583,Sa kayen fihoum li tgoul 3ndou mardh wsmou ensia
3584,Salem khawti
3585,El mohim
3586,Osbor n9ra wech rah sari then tell u what I have lol
3587,Does anyone know how many girls and how many boys there are ( total t3 ensia + ensm + new schools ) ?
3588,
3589,lol was gonna announce that
3590,
3591,My friend told me this just now
3592,now everyone goes under the bus 🫠
3593,ايا ضرك وش نفهمو؟
3594,Awili Wesh had l contradiction 😭
3595,راكم متناقضين
3596,LGirls 900 wl Boys 800
3597,Wehda tqoul not fardiya w loukhra fardiya 😭
3598,How do u know 💀
3599,Loukan c'est vrai loukan rahoum hadri
3600,الفوضى راهي منظمة🫠🫠🫠
3601,They are gonna announce it as she said
3602,خلط واقسم ليلة فردية وليلة زوجية هكا باه يخرجو في زوج صحاح
3603,Même Eli rahoum 3end El dou loukan mabtawch get haka
3604,rana ray7in to y9ablona bel amr el wa9i3
3605,Source ?
3606,Rah ytiri brk La 6 7sabnaha b chambra lgina fiha 500 including pavilion E w ga3
3607,"Rani chayfha f wa7d lcapture ta3 conversation m3a l idara , nsit win rahi , but madirich 3liha 100%"
3608,Well not ytiri watch ur words plz They told them that so let's stay calm and not blame people who go all the way there and try to bring some info
3609,Bruh
3610,
3611,Anyways everything is a mess now lol
3612,Khawti wesh hadou lachkal 😭😭
3613,اساليب النقاش الحضاري
3614,"Dork yjiw jma3a w sahel c non lhdera hkda bark m3ndha hata ma3na , amira lbarah raht w galolha 2 fi chambre"
3615,Da3wa mch nrml😂
3616,Hab nebki wlh 😭
3617,I threw the phone wth is that 😭🤣🤣🤣
3618,insha'Allah
3619,tfouuuuu 3likom 🤣🤣🤣🤣🤣😭😭😭😭😭😭
3620,Smhli ma jayach ngoul amin 😭🤣
3621,+ poor rami 😭🤣🤣🤣
3622,"Ytiri means rah ymed wrong infos either mn 3ndo wlla galolo homa , I'm talking about l capacity ta3 la cité"
3623,Wela 7arami 😔😔😔
3624,Yuh got u
3625,عجبني غير الجناس
3626,Nzidelkoum wehda 😭
3627,
3628,💀💀💀
3629,Calmiwah khir mli yhawzouna khlah
3630,لا نريد الغبيات في المعالمة😭
3631,Oussama hada yban 3ndo passé m3a adabiyat
3632,Chkon ha l3jouza
3633,Ana 3lah mykhrjolich had achkal
3634,Oussama meana glb w rab 😭😂😂
3635,💫يعطيكم رامي لي يكون حرامي💫 Hada bayen fan ta3 sali7a cha9lala
3636,جماعة لحقني ضرك خبر اوعدوني مايخرجش من هنا نقولكم
3637,tballi nbatlo khawti wndkhlo n9raw wga3 xD
3638,K
3639,يبقى بين البرومو تاعنا برك
3640,Première année mazel mafhem système 😭
3641,Khlas ma nzidouch nehedrou m3a 2nd and 1st years
3642,<@877942175315398766> hadak oussama t3 2 years ago ? 😭😭
3643,لالا هذا الخبر مانحتاجوش يخرج برك
3644,Meilleur haja tkder tsra
3645,Hderna m3ahoum lyoum qaloulek tesda3 rass
3646,Aya khlas
3647,:0
3648,:O.
3649,En vrai halabnahom fo9 lazem hata dawha f rwahom lazem ywelo l their positions w ychoufo l3in lhamra
3650,wsh kayen oumeima dertilna tachwi9 😭😭😭😭
3651,Nary oumaima ketbi blkhef
3652,🥁🥁🥁🥁🥁🥁
3653,🥶🥶🥶🥶
3654,bismillah ya rebi 😭
3655,vamono'
3656,Stress ta3 l bac 😭
3657,الخبر هو :  علاه رح يمدو للاولاد فردية و حنا لالا كيعاد راهم ناويين يكسرو قاعدة الغرفة الفردية و رح يبداوها كيما هك  معالمة 5 راهي واجدة و مابغاوش يحلوها  و الاولاد مدولهم غرفة فردية كيعاد خافو منهم نتوما على اساس تقدرو حتى تباتو برا و حنا لالا  بداو بينا و رح يكملوها بيكم
3658,BOOM
3659,😱😱😱😱
3660,🫠🫠🫠🫠🫠🫠
3661,Kanet bayna ye3ni 🥲
3662,Oumaima seriously ? 🥲
3663,رسميا : الإقامة ورث بابانا راهم يقسموه
3664,Hadi kanet bayna
3665,ا جماعة طيحو عليه بالسينيال لا يهردونا في جرتو
3666,mala kayen traffic khalf el kawalis
3667,They already said that tho
3668,Ykhafou promo ta3na
3669,معالمة 5 واجدة هوما ماحبوش يحلوها باش ينحيو حكاية الغرفة الفردية
3670,9olnaha lbarah hadi
3671,
3672,and thats why (well this is the second reason machi the main) ladies & gentlemen men are still trying to ydiro greve and so on bcz females mmdolhmch individuals
3673,Jma3at dou rahom hayin yek ?
3674,تاع الاولاد خافو منهم علابالنا بيها
3675,هي باينة تصرا حكاية: اكلت يوم اكل الثور الابيض العام الجاي يقولولنا رانا درنا للبنات ومانعرف وشيه هاذي باينة
3676,يستعمل في كل محضر منا وهك لي يقلقني نبعثلو هاذي
3677,بصح معالمة 5 ماكانش علابالنا بلي راهي واجدة
3678,hada char9i xD weld char9i xD
3679,رهائن
3680,Nobody knows ، اختفو فجأة
3681,Mazel makherjouch 😭
3682,khe6fohom tema 😭
3683,اليوم مانعرف شكون لي قال قالو بلي not that unready
3684,Farida undready
3685,aya binatna w rabbi yasmahli hada wahed ENGINEER?
3686,Kan yeqra math 🤣
3687,yakhoya 9elbo m3amer mnhom
3688,راني نخمم فيه كون يغلط معاه قسوم ولا
3689,9aloulhoum lyoum f dou hakda
3690,LOOOOL
3691,هاذيك هي
3692,Li yghlet gdamk yhsel
3693,guessoum wont be breaking ghir leg then
3694,Kifach
3695,تقول هذوك المداحات تع لعراس
3696,Hadak li ydour b lqamiss w chongla w m’en 8h du matin hakem salle d’étude 😭
3697,ايه هو
3698,Ewww
3699,3ayti l shabatk choufi la rahom hayin wela khatfohom
3700,كان ماط وعاود الباك دخل معانا
3701,3amtek ki dir el machakil bin g3 la famille
3702,"Changla* , larbi wch dek l accent mch t3k"
3703,"Semhane 3ndha screenshots, I lost them"
3704,اي جماعة ايماجينيو السيد هذا يولي ديليڨي
3705,piiiiiiiiiiiiiiiiiiiiii
3706,Douaa w yasmina darouli vu.. ig its time nzdmou l DOU
3707,Dawhoum
3708,Hadi sarilha kima aghmoz ida rak makhtof
3709,Omg Zaki meskin 😭
3710,how to mute messages in dicord khawti 😀
3711,Jibi lben
3712,"Lbachir : u don't  get what u want  oussama, an intellectual:"
3713,
3714,Settings lol
3715,شهيد في سبيل بنات بلادو
3716,جماعة لازم نكونو يد وحدة
3717,ma hada ya hada xddddd
3718,mala fiha t3am
3719,Wla dir kifi w ekhroj men server direct
3720,Cbn😂
3721,يدور بالشنڨلة لي دير صوت ، يجي للاصال ديتيد يحكم طابلة من 7 حتى العشاء ، و يقرا فالفلسفة
3722,Why u describing zoheir ?
3723,Zoheir may9rach philo w his geo fla salle d'étude
3724,omg ki 9olt philo his geo li fhamt chkoun 😭
3725,Not fel lycee tho he was literally like that 🥲
3726,Anis ya Raïs
3727,The reactions here say a lot 😂
3728,"Jma3a, galet Yasmina: « hhh hmd cv, ghdwa nzido ntlaqaw » (b qbayliya brk"
3729,Ça veut dire Machi ça va 😭
3730,Is “hhh” a good or a bad sign? :’).
3731,hhh
3732,"“Hhh” ta yasmina hiya w matfhmhach mindak, so i really don’t know 🥲"
3733,How I imagined being a delegate will be xDDD
3734,This is a send help message they had her at gun point 😭😭😭
3735,"Expected xD مبدأ ""فرق تسد"" Won't ya7armona all darba wa7da  And can't start with boys since 7na basslin and mwalfin nhmlo bara XD  So they started with girls cause it's easier than boys   And next year will do the same and girls won't yaw9fo with us cause maw9afnach with them xD   Smart decision Bs7 we'll be even Smarter if we kept united under one word  Cause giving boys individual rooms is a temporary solution not kaml xD"
3736,<@681238662453002271> mdlo Access legend XD  Hada tawa3na
3737,Bon jma3a lyom derna reunion m3a l dou En gros maalma 5 sera prête d ici 3 mois et pas plutot psq no way lmateriel yosel w ghodwa we know wch ydiro fiha   En attendant kayen la solution te3 maalma 3 pour les garçons et maalma 6 pour les filles qu’on a refusé  On a proposé d autres solutions w ghodwa ndiro une autre réunion sur terrain (f la cité) pour avoir les chiffres exactes et voir les conditions  W thema une des solutions proposées sera mise en action Donc demain dès que la feuille sera cachetée neb3ethlkom la décision finale du DOU  Merci beaucoup for your trust and be hopeful W d3oulna labghito ze3ma 🤌
3738,Real talk  Hadi hiya 3a9lia ta3 engineer Bach tdi 7a9k 🤣
3739,"From amel, ki yjiw yfhmona plus"
3740,"Ida khtfohom ,yrslolna a sign so we start saving mission XD"
3741,Exactly xD
3742,Btw people are you accepting a temporary solution and to wait at least 3 months ?  (Thanks for forwarding the message)
3743,Depends 3la this temporary solution cha hiya
3744,+ chambre individuelle
3745,"Za3ma after 3 months fla 6, les étudiantes ya9adro y3awdo yarafdo all their stuffs wyro7o l 3? Omba3de l 6 tab9a fargha?"
3746,Exactly
3747,The one they suggested drwk  Accepting this current situation for at least 3 months till i9ama 5 is ready
3748,"Actually not, homa they proposed other solutions w gatlk ghdwa nchlh they will take one"
3749,"Ydiroulhome kima daroulna na9raw m3a les maths semestre wya9asmouna, m3a tali 93adna 2 years😂"
3750,Sahhiti 3la جبر الخواطر khoya🥲💔
3751,Just saying we shouldn’t accept this solution. Ydiro hakda hah ysaktouna ctt
3752,It's either y7awlo a group of adabiyat   Or za3ma staying temporarily in rooms of two till 5 is open   I don't see other things to be proposed honestly
3753,And if you talk next year ygoulek hahoum girls ta3koum chambre à deux
3754,If there is an official garentee that 5 will be open
3755,Voilàaa
3756,Exactly the answer I was waiting for XDD   Ghir tadkhol and accept living 2 ghady ytafi 3lik daw 💡 XD
3757,3 months aka 3 years
3758,جماعة 6 مؤقتا مانقبلوهاش مايتامنوش
3759,3 months te3houm jamais kanet 3 months tbh
3760,So tomorrow is the decisive day
3761,و زيد 3 اشهر بزاف
3762,Official kima ipads were official XD ??
3763,Yep
3764,Bayna impossible
3765,"Nchlh yes, at least najib maychqach🥲"
3766,Mala we got our answer 🤣
3767,He said at least 3 months Never said at max 🤣
3768,Btw What are the possibilities?
3769,<@883306210680504330> most realistic ones xD
3770,"In that case, propose the idea bah y7awlo l adabiyate li yab9aw ba3de matat3amare l 1, 2, wal 6 to outside Mahelma, wal girls ymadoulhome l 4"
3771,"Yak 3andhome i9amate wa7do5rine, li yab9aw y9asmouhome chwi chwi takfi l7ala"
3772,"If you say this straight forward ghady ydorbk bal9alb ta3 ""3lah kima haka,kaml nass kifkif,nta Machi faythom b7ta 7aja""xD"
3773,Tbh Li fazd l pole homa 7acha li 5atih Like you remember <@879796727031422997> ki l imam ta3 sidi Abdallah jbad 3la l pole thinking that hadhouk rahoum houma ta3 ensia ensm
3774,This is what hurts the most
3775,Grv nta tmchi bara nrml w ppl ychoufo fik hakd 😒
3776,Yeah that's the issue
3777,"Lsl, the Key is we stay united"
3778,Kayn some stuff li mustn't ykouno acceptable kaml
3779,That's it Insha'allah tomorrow we hear the best decision
3780,Nchlh
3781,"Btw <@&877880553599303711> for any future news, can you make them pinned or in an announcement channel It'll be hard to read 100 messages to understand what's going on"
3782,Resume them w n7otouhem psq ana ma9rithemch
3783,<@700379394383937607>
3784,
3785,Skto 3lina had l bnedm baliz
3786,<@681238662453002271>  رحت معاهم اليوم يخي زيدلنا شوي تفاصيل
3787,ah b3touh deja
3788,انا قتلك زيدلنا شوي تفاصيل
3789,😂😂
3790,هذاك قريناه
3791,مقريتش وش بعتو ديجا
3792,جماعة  لي مدارش اقامة العام لي فات وحاب يدير هذا العام واش يدير
3793,خي كامل عندهم الحق
3794,انا وقيل مجددتش دوسي🥲 مشفيتوش وش فيه؟
3795,"Photocopie la carte de résidence, photocopie certificat de scolarité w certificat médical men 3end doctor tae residency"
3796,
3797,كيف تعرف بلي خلاص بدات قرايا
3798,Mazal ba9i 6 days 😭😭😭
3799,Ah ya yamat
3800,Chkoun 3labalou les solutions hadou qu'ils ont proposés
3801,Good question
3802,Chekon hadi soumeya ? 🤔
3803,Jdida ?
3804,Assistante ta3 boukhalfa 🤣🤣
3805,No kanet l3am lifat fel idara
3806,Good question
3807,Hadi meskina t rigel labs ki kona ne9raw online tji tedrob tella tel9ana kamal ra9din
3808,Sema men idara l mobile dev 🤝
3809,وش اقترحتو حلول
3810,Ig brk daret classroom Cuz hiya ingénieur 3ndhoum  Tsma wla cheddat l5edma ta3 boukhalfa dork
3811,Okay sema hiya l create classrooms
3812,Yep yep
3813,Machi hyla l prof houssem ma tbdach t préparé pour une autre grève
3814,"Ik bli boucherika houwa prof , but golt blk tchad lab m3ah"
3815,No machi howa rahom dayrin normalement hadi Saadi
3816,Ya khouya ana <@953643117825908826> li gali boucherika houwa li chad mobile development
3817,Hadi soumeya labs
3818,Bdat ten9ous réputation te3 source tw3k bendi
3819,"at this rate,some months xDD"
3820,Awah Mzal lwa9t Wa9il Mzal madkhalsh lel classroom f time table tban
3821,Vrai mn3rfhach 😂😂
3822,no ig hya mokalfa bch tcree cleassrooms and so on kima kan ydir boukhalfa
3823,At least ki tdkhel l'historique ta3i w tchouf farid korhan ttfhm 😂
3824,Btw <@878928458087022613> bdat season 2
3825,I just realized Belli ga3 ssif jeweztou b l email professionel damm
3826,Nary 😭😭😭
3827,Ana better not tchouf
3828,Telqa miraculous w peppa pig 😭
3829,<@681238662453002271> 3la9adah yji l directeur nta3 dou ghadwa? I might be able to join you
3830,Gal 3andou réunion Sbah Sama ki ykaml yjii la cité
3831,I see
3832,جماعة اليوم كيفاش درتو روحتو و غدوا ترجعو؟
3833,Chkoun yrouh ghedwa???
3834,Dou nationale wla ta3 alger ouest btw?
3835,Bouira qriba 🥲
3836,Hadi cherra wella wach 🤨
3837,Mahich Kamel 💀😭
3838,"Dou ouest , hadek li malf yjina daymn ( nlgawh f resto bzf)"
3839,Meme lhdera sahla 😐🤷‍♂️
3840,Yji m3akoum farouk tefra
3841,Ma3andkomche lzhare rani raya7 sba7e I can’t stay till the afternoon ki yji :’).
3842,Balak yji sbah lala?
3843,Wili
3844,"Ana normalement nkoune fama the early morning, can’t stay long tho"
3845,Chkoun yrou7 L Mahelma ghoudwa yrendina service
3846,cbon marwan
3847,Lah yzwjk a Zaki
3848,9rit 100 msg to find the info😔
3849,زعما دارو pin للرسمي
3850,Khawtiiiii there are good news
3851,Hna shab ensia ou ta3 math rayhine nebqaw ga3 individuel f m3alma 3
3852,Toutes les promos
3853,Douka rouht la 6 galli hakkaa
3854,And it’s official
3855,C officiel?
3856,Shab nano ou AS f la 6 normalement à 2
3857,Yeees
3858,Meme ana rani rayah n assuré🤣
3859,Sema houma tan mixte
3860,Yeep
3861,B les promos jdd tekfi ?
3862,Barely
3863,Machkitch tekfi a 100%
3864,Tae lmath btw ne9ssou bzf
3865,Genra sah bzef surtt promo 1
3866,Depends on math
3867,in case bqaw idirohom indiv f 6
3868,<@875702139534581792> rhti likama lyum?
3869,Li bqaw yeddou individual rooms f la 6 normalement
3870,nope rah ghir zaki (daro lmeet bezaaf bkri )
3871,First promo hna + math n9olo whd 220  Second promo blk 380 wela  W new promo +500
3872,abdennour trust me they have all numbers
3873,and now that the dou gave the decision to students idebro risanhom kifach itebqoha
3874,it will work somehow
3875,new promos rahom 610 hakk
3876,I know I am just saying it approximately how it will be
3877,ah yes muhim jma3a 3ndna w jma3a 3nd 6
3878,Khawti lmouhim individual rooms 🥹
3879,Even though makhamoulhach hadi gonna cuz problems f la 6
3880,I hope nano systems yaghal9o jami3a xD I didn't prepare a thing for campus XD
3881,So 1st promo berk li 3endha privilege of individual rooms 🥲
3882,Ooh hnaya first promo 🤣
3883,Nary aelik
3884,Ghedwa wesh nrjou ndirou 🥲
3885,Nroho?
3886,Manich aerfa win chtha 😂
3887,F ENSIA only 😭
3888,Haywah ih 😂
3889,Manich baghya individual room ndir grève 🙂
3890,Yehdik rebbi
3891,Nary goulouli wesh ndirou ghedwa
3892,Zaema koun mrouhch wesh ysra 😂
3893,Plans ta3 studying fi November ra7o
3894,Mayssra walo normalement hna derna tejdid our rooms rahom reserved sema newbies blk ykhayro li b9aw
3895,Obligé nroho ghdwa ???
3896,Aw ghadwa 9raya?
3897,😭😭😭
3898,La naryyy
3899,The important thing is that I see واحد ما تظلم
3900,Bsah ana bghya nbdl room 🥲
3901,تاع النانو والانظمة ضرك يشوفونا بعين اخرى ضرك 😂
3902,Inshallah yaghal9o pole XD rahom two universities
3903,ENSIA Disease 😭
3904,Arssil holm aw dream l dou
3905,Yrsslok 6 XD
3906,Lbareh ykho kount nfhm fihoum f situation galouli haka we don’t care lmouhim hna indiv 😭
3907,Hadok la laghl9o les chambres tw3hom rahom mlah
3908,W zad galouli feminist 😂
3909,Yarabi allahouma lachamata
3910,ماعندهم ما يقضيو ضرك اصبر اصبر تسما من بعد يوليو معانا 🤡🤡🤡
3911,Dok neftan mlih brk nroh l serber te3ehom nkhrjhom mn rahmat rabi
3912,I'll be using this whenever I'm losing an argument XDD
3913,I don't know how it's possible for girls Bach y7awlo their things again mn 3 to 5 after few months
3914,ايا ريڨل
3915,Sahel sahel
3916,Nhajrou
3917,ممكن بعد العطلة تاع الشتاء هذا اذا ماكملناش العام هكا
3918,Ah wili la matslhch 😂
3919,Bayna mahich rah toujd f 3 mois 💀
3920,عندي احساس كبير انو العام راح يكمل هكا
3921,ماتتبدلش حاجة بعد 3 اشهر المهم ضرك كامل غرفة فردية وهذا هو الصح
3922,Imagine tskon m3ahom fi pavilion w only nta the individual XD
3923,Aya Bien min people already know the reality xDDD
3924,<@879820085810835486> <@875702139534581792>  تسما الجدد لي زرب ودا فردية بصحتو والا زوجية وكي تكون زوجية تكون في معالمة 3؟
3925,Khawti tsma wqtah tfte7 la cité???
3926,هوما علابالهم ونتوما علابالكم بلي علابالهم 😂 ومتفاهمين تضربو النح كامل في رحبة وصاي
3927,غدوا
3928,one i9ama for boys f noss 5 i9ama for girls
3929,lbnat outnumberin
3930,Okay thank you
3931,We can change rooms ??
3932,New ai and math will be given empty rooms li b9aw  Then Ida mkfatch ydohom to 6 for individual  And according to numbers li 3ndhom they're sure tkafi
3933,Ai w math 3 promo Kamel individuelle Ida makfatch 3 ydouhm l 6
3934,Haka normalement
3935,اه اوكي اوكي
3936,القرار ثاني معقول في جيهة حقا النانو والانظمة تساعدهم ال 6 قريبة طول لليكول تاعهم وحنا تساعدنا 3 تولي تهبط هبطة تكون فليكول
3937,"Dou: ""exactly what we were doing!"" (We never thought of it this way jat zhar XD)"
3938,"but .. they never mentioned individual rooms for them schools, yak?"
3939,sinon lmesghar ywli yshennef 3lik wtdrbo xD
3940,Rah tsra الطبقية
3941,ki3ad hna ensia nghirou mnhom 😩 as anonymous user said
3942,طبقة المرسوم الرئاسي طبقة المرسوم الوزاري طبقة الادبيين
3943,First class students xD
3944,T7iir wellah en plus rahoum ydemendiw individual rooms
3945,3w9t lword lol xD
3946,Yzidou chweya yqolk neddi 1 million f chhar
3947,لي خرجو ملاح في القرار هذا بعدنا هوما الادبيين
3948,W hadok li yjo all the way mn bouzari3a to talk with adabiyat win XD ?
3949,since frinaha I'll share with u zaki w howa idir f sadaqat f DOU 😂
3950,
3951,Win rah Al kahl fihom 🤣🤣?
3952,مع اللول قريتها صدقات يا الشكوبي
3953,Dar shab haylin 😂😂
3954,Same 😭😭😂
3955,زاكي ... صديق الكهول
3956,imagine ysiro greve 💀
3957,ana lli ktebtha w ki 3wedt qritha hakak 😂
3958,Ki tkhellik yemmak wahdek m3a dyouf :
3959,يجيبو الهندي يخوفوهم بيه
3960,Rah darb 7ata ta3hom w mray7 kima homa 🤣 <@681238662453002271>  Domine m3a miloud ta3 resto gave you experience xDDD
3961,impossible now cuz ydkhlo new bssh upcoming xD
3962,Aw ????? They don't get it????
3963,اذا مادوهاش سامحني يوليو مع طبقة الادبيين
3964,Baynaa they don't wachbiik
3965,Aw !!!!!
3966,اواه تبالي يديوها
3967,Ydiw ch3ar
3968,Adabiyin khir in my op XD  At least no pressure w ya9ro ghir English five years xDDD
3969,Rahoum école normale kima lea autres
3970,<@875702139534581792> your announcement is copied as it is and is being sent to ther servers xD by other promos اسماءكم راهم طوندونس اليوم
3971,3 years
3972,Students of the month fi pole XD
3973,Ta3 first year ychoufouhoum super heros
3974,Dka ay Haja tasra yhaslouha fina 💀😭😂😂
3975,Ta3 other schools ychofohom super villains XD
3976,ta3 nano ou AS aslane the gurls kanou rayhine yeddou à deux 🤷‍♀️
3977,khawti shab nano rahoum dayrine halla 🥲
3978,Hasou bli hgrnahm 💀
3979,Khawti weshnou hiya DOU
3980,Direction d'oeuvres universitaires
3981,Aslane mastennawch yeddou chambre wahdhoum 💀
3982,Anfal semhili mais mindak nhessek comme si u are joking 🥹
3983,La am not 🙂🥲
3984,تاع نانو راهم شاعلين  في دخلة يرتكبو  جرائم قتل في حق الادبيات🤣🤣
3985,Ghadouni ghir li yeqraw IA w rah ydirouhoum m3a ta3 nano f 6
3986,Khellouhoun yestechfaw f chirate malla 🥲
3987,And le prblm c que ta3 nano chghel rahoum lyoum yebdaw normalement yeddou les chambres wella ghedwa maximum
3988,"3la hadik ""التشي"" maymdolhomch XD"
3989,Tsemma mm yeddou fardiyya f la 6 yeddou chwber li bqaw 🥲
3990,Asma3 dir ENSIA wehedha
3991,Bayna beli chelfi
3992,xD
3993,Sa?
3994,Akedli 3la adabiyat khir men SA 🤣🤣🤣🤣🤣
3995,Khawti malazemch nestechfaw 🥲 khayfa tesra kach hajaa
3996,Système autonome
3997,auto. systems
3998,i feel bad 😔 i remove
3999,
4000,💀
4001,Wachbihoum hablou hakda 💀
4002,Haroun ida srat kach hajaa nta sebba 🥲
4003,"Msaken they're still kids, they have a lot to learn"
4004,Zaki 3alamdar 😭
4005,It is cha baghi ndiroulhoum 🥲
4006,Eww😭
4007,Saroudj 💀
4008,Not idriss feeling guilty and deleting msgs 😭
4009,<@946710636883243029>
4010,Zaki rah yban hadouk l3myan li yjibouhem fel interviews
4011,"Khawti just wanna ask, maneshqou walou to bring when we will have our keys ?"
4012,I  mean kach papier wella ?
4013,Good question
4014,Nta w khalek te3 la france ba3d ma jablk nwader kbar 3lik w 9alek rak artist
4015,Don't think so yal l3am lifat khlssna brk l mondat hadik w sna khlssna online
4016,Wch Kayen m3a système autonomous khawti
4017,Naïma l3emya 😭
4018,I hope may9ololnach imprimiw la carte ta3 webtu
4019,Khawti wahed ygoli wech sra 👀
4020,Check <#879345589186342942>
4021,sbah lkhir imed
4022,Ykho nodt 3a 5👀 mkontch nconnecti brk😂
4023,Nas yero9dou 3la l 5 wnas ynodo 3la l5 😭😭
4024,Hah w waktah tef7 likama?
4025,Dka ygoulou klch f la page
4026,Mais normalement mn ghdwa
4027,السلام عليكم  اليوم رحت للاقامة و هذا وش قالولنا :  -تاع الذكاء الاصطناعي و الرياضيات كامل رانا في معالمة 3 غرف فردية  -تاع النانو و الانظمة المستقلة راكم في معالمة 6  بالنسبة للقدم قالو مبدئيا رح تبقاو في نفس الغرف و راهم يخممو كيفاش يديرو للغرف اللي بقاو بين البنات والاولاد  -الجدد اللي راحو اليوم سجلو اساميهم برك في ورقة مامدولهمش الغرف  -تاع معالمة 3 قالولكم نهار الخميس تقدرو تجيو و تجيبو قشكم تسكنو  اللي عندو استفسار يحطو في لي كومونتار
4028,L3arbi mchefti walo
4029,😂
4030,Cheft kulech
4031,Ana tanii🥲
4032,Nta Maelich
4033,Hhhh ana tani
4034,Kifkif 😂
4035,Dert capture 😼😼😼
4036,Khelsouni ma neb3etch
4037,Tahdid 😂
4038,Akhaaaah😂😂
4039,Khalsouh ana khati Ahki m3a lkbayele
4040,<@720185698618966026> awid sinon nefedhek 😼
4041,Khlas kach ma khella <@890943195456868392> 😂😂🤣
4042,Mch anis Hada bsh akin ghltine
4043,Négociations f private 😅
4044,Im so happy
4045,جماعة تاع النانو و الانظمة رح يهبلو
4046,W hna cha dekhelna fihoum :))
4047,send send kch link nchouf xD
4048,
4049,meanwhile nti l admin looooool
4050,Akdili 3la 3ndhm ma3rifa 😭😭😂
4051,wtf houthala
4052,wellitiw Houthala ( accent 3ennabi) xD
4053,Moderator brk 😂
4054,المهم نقدر نقرعج
4055,These are boys for sure cuz gurls were already in m3alma 6 + loukan kan 3endhoum ma3rifa hadou houtala mayrouhouch za3ma 3lajal des promos yrouhou 3lajal rwahoum bark 🙂
4056,Inshaa’Allah nelgah publié f la page 🙂
4057,هذا واش يصرا كي يطلع واحد تاع 2006 للجامعة
4058,Them kids are getting out of control
4059,Chbik chbik 😂
4060,ماعلابالهمش بلي اللي عندو المعريفة يمدولو مباشرة غرفة فردية علاه يكسرو راسهم مع برومو
4061,من جيهة يقول حثالة  من جيهة ادمين share
4062,في غروب فيسبوك تاعهم نشوف فيهم عندهم حاجة ضد ensia
4063,cuz their first choice was ENSIA then tsedmou b lwaqi3
4064,كاين وحد الوجوه نيّرة راني حفظتهم ، موالفين يطلقو حلاوتهم فالڨروب تاعنا  او نشوفو كي تبدا القراية اذا تبقالهم شطارتهم
4065,"Men jiha 3endhom heq ytalbo b chambre individuelle they r schools too ghir dz m3ewja iqamat mdayerin for the 6 schools après jabo tae wlad fayet yresidiw 3ndna, but they shouldn't attack us neither we do both should understand the situation of the other side"
4066,بصح واحد ماقاللهم عندكم غرفة فردية  هوما اللي قالو عندنا كيعاد رانا في سيدي عبد الله
4067,"Hada howa lprblm , dzair m3awja jib les étudiants w 7at f sidi abdellah 7tta ynoub rabbi"
4068,"true .. the only thing is that them schools never mentioned they awill have individual schools .. yet from the expected plan t3 lpole kaml, kol school 3ndha total of 1000 students with individual rooms and they raised them expectations high thinking bli since rahm fl pole then they get indiv. rooms meanwhile neither of em schools stated that"
4069,Oui rebbi yjib lkhir wkhlas
4070,المشكل انو حتا قبل هذا المشكل دون سبب لازم يجبد ensia
4071,"True as well, mais chghoul we r gae algeria students like majayach ecole qeddamek fardia w nta a deux"
4072,Hhhh hadi wlh ma3labali I dont know any of them
4073,هاو اليوم قالك بلي هي راهي حق البرومو اللولة برك وان كان بالمخطط تاعهم نورمالمو كامل
4074,انا غير كشما يخرجلي في فيسبوك
4075,To a group of ai bach yji contre ta3 ai XD ??? Mskiiin
4076,"Facebook y3eyi fih ghir les problèmes, ykherjoli ghir les problèmes tae dz w marroc w tmeskhir hadok, khrejt meno wlit in peace"
4077,Ad7ko 3liha khawti 3ndo ma3rifa madar biha walou xD  <@681238662453002271>
4078,كاينة هاذي الشكوبي ضرك يخرجولي تاع المولودية وبلوزداد انا وش دخلني
4079,At best Zaki offered them moderator role hna fi server What ma3rifa you talking about xD ???
4080,HHHHHHHHHHHHHHHHHHHHH
4081,Oui karitha ydepersok 😂
4082,All tech groups fihom post wa7d ydor ta3  لغة بايثون واحدة من أهم لغات البرمجة ...
4083,Kayna 😂
4084,Mkach bnadm li machafch hada post xD
4085,Facebook Group of Enssa
4086,Ayya nda7ko ga3
4087,منصة التوظيف تم رفضك، رتبتك 1627 عدد المقاعد المتوفرة في بلديتك: 0
4088,Mrad katakit 2006
4089,Fi group ta3 ai yahdar fi ta3 ai   Donc hada bnadm ??!! XD
4090,Chft at least 500 haka 🤣🤣
4091,chft whda: رتبتك: 1 عدد المقاعد: 0
4092,Baghdadi😂😂
4093,استعمالات الشات جيبيتي
4094,why 3onsorya 🥲
4095,مسكين مراحش يلبس المئزر حتى تلبية المطالب XDD
4096,privacyy 😂😂
4097,مباشرة من جامعة ابوظبي نيويورك 🤣🤣
4098,كنت رح نحطها سبقتني
4099,Facebook howa deep web ta3 Algeria XD
4100,هو نهار 24 يستنا فقسما قدام الدخلة تاع ليكول
4101,Tfkrt nhar lawal ta3 ensia  I was waiting for it tssoni Bach nokhroj nray7 fi sa7a xDDD
4102,yazah
4103,chabiba lazem nfahmouhum
4104,Acceptih please ngussr m3ah brk
4105,lala
4106,هي عندك الحق بصح وش شفت تاع ensnn متفهمين القرار مقارنة بالانظمة تاع الانظمة كاين منهم جماعة طول يجبدو ensia
4107,They won't  Not all people can understand And not all people can be saved   If ya3rf bli nta one of the people who went to the dou  Ychki bik xD
4108,lah ysahel
4109,
4110,naa n9ra f NBA khawti
4111,يبراو بصح يطولو و يبراو مراض
4112,What they're smoking there xD ?
4113,7na bayna blastna  Fakhamat l ism tkfi
4114,Yo post it fi hadak ai group ta3 fb XDD
4115,راح تكون أعظم فتنة بعد فتنة المسيح الدجال
4116,
4117,Khawti rah tasra la guère galk
4118,Was drinking Water khrjli mn nifi 🤣🤣🤣
4119,Ya manfokhin
4120,خير من دكاء✨
4121,متعمقة
4122,Mn wkta la 6 i9amthm 💀😂
4123,حنا نفخناها ✨
4124,هاذي رسمي دارت ذكاء لولة قبل ما تقول منفخينها
4125,شبيبة خلينا من تنمر 😂
4126,دكاء*
4127,دكة
4128,Am yharchou b rwa7m wlh 😂😂
4129,ربي يغفرلنا  رانا هردناها بالتنمر
4130,Once l9it ضكاء صنعي
4131,ضحكاء
4132,thaka2 stina3i <@880207347245535252>
4133,البكاء
4134,دكاء صناعي
4135,Tji lsaga xD
4136,Lsaga ih
4137,تحس روحك تخدم في لوزين تاع جي ولا الكارطون
4138,همزة وصل
4139,دكاء industrial
4140,علاه ديرولنا هكذا، درك الواحد مايقدرش يشد روحو😞
4141,م.و.ع.ذ.إ
4142,ش.ء.م.م
4143,ذ
4144,Nss9ssikoum
4145,متسقسيش
4146,Smhouli 9at3t tanamour
4147,Mas9ssitkch nta
4148,
4149,Chkoun mch hayrouh had smana🥲
4150,دك منخليكش تيقسي
4151,Fridge tae dar jeddi
4152,Tbh most people I asked won't xD including me
4153,قست😂
4154,Tssma hayrouhou wela mich 😂
4155,Dertli negation twice
4156,نتا باين ماشي متعمق في النانو XD
4157,Won't go XD
4158,اللي مايلحقش للعنقود يقول قارص 🤣🤣🤣🤣
4159,i am waiting for the time they call us غباء اصطناعي
4160,غباء صناعي
4161,Hmm nice
4162,Dok nlga ruhi ghi ana majitch 😂
4163,
4164,فرقة مكافحة الباست فراندز رايحة تولي فرقة مكافحة النانو و الأنظمة
4165,ب التيو تع الماء
4166,Upgrade XDD
4167,Sa3id nas mla7😂
4168,الادبيين:
4169,تحسو تاوعنا
4170,Hadak nhar wllah ma nnsah😂
4171,Taw3na hna 🤨
4172,Tkfrt nhar <@700379394383937607> thrown out trash mn 4eme étage and kolch ta7 fi sa7a xDDD
4173,تاوعنا معنتها جماعتنا
4174,ڨاع عباد ربي عرفو بلي كلينا البيطراف
4175,Ki skenna hna f la 6 hado kano hadak win bdaw yahbou
4176,Yahah 😂
4177,قراو مشتقة
4178,كي نتفكر وجهو ثماك 🤣🤣🤣🤣🤣🤣🤣🤣🤣🤣🤣🤣🤣🤣🤣🤣🤣
4179,Ana 9otlo w tenin darha kach merra n9ol marouan makch rajel la masotitch mena yjibha lthta
4180,Dok yji merouane yqolkm ban hetta yeftah rebbi 😂
4181,مروان نظرة الخوف هاذيك شفتها غير في زوج مواضع: نهار البيطراف ونهار صلاح والتويو تاع الاكستنكتور
4182,Rani na9ra w mcalmi rouhi
4183,حرب اهلية
4184,كان على شعرة السنة يعقب مروان العام بلا باب
4185,نهار شمبرة مروان ولات بيسين
4186,Ki rmah b bligha hadik te3 jwame3 😂😂
4187,شافي ثماك اول مرة مروان طبطبلو على الباب يقولك شكون ماتدخلش ديراكت عليه
4188,"Chambret merouane wlat koulch waqil dortoir, qahwa netferjo fiha les match piscine wch mazal 😂"
4189,Ndiro fiha parcours
4190,"Salle des sport, coiffeur"
4191,Salle d'étude
4192,Salle d'étude Salle réunion ta3 les clubs
4193,Coiffeur
4194,جماعة الاعداء راهم غير يزيدو  عندنا ضرك الانظمة و الادبيات
4195,Gym
4196,كوزينة
4197,Cyber
4198,Normal jibo m3akom dwa te3 namoss
4199,قاعة افطار جماعي
4200,That's how u know u're successful
4201,Dortoir thani
4202,Li mabatech 3ndi t7chatlo
4203,Llahibarek thella merouane 😂
4204,Lbouzi hadik li trakbha fla prise li grib chrebha zaki😂
4205,
4206,Gol wellah win kont ana hadi l'appareil te3 namoss  Rabani zaki hada jrada yakol kolch
4207,Our promo is so chill That's what matters XD
4208,ويليام بعزيز
4209,شافي على نهار الجمل؟
4210,Or maybe you're so bad xD  It goes both ways
4211,Syd t9ayali 3la pc kach ma khala
4212,Aya nadahko
4213,weshmn server heda
4214,Khawti mn 9am w 7na nda7ko ktrna bzf xD
4215,تاع نانو كون تدخل نتا ليهم ضرك يطيحولك
4216,I told him but he wants to see it himself 🤣
4217,T3 nano Channel li yhko fiha machakilhom open l kamal nass tedkhol tedhak w tekhroj stand up comedy
4218,لا_للتمييز_بين_طلبة_القطب_الجامعي_سيدي_عبد_الله
4219,Sa3 9olt alhamduliallah marwane Machi fada7na XD
4220,zaki 🙂
4221,nfd7kum?
4222,Ghir 3la jal hadi hadra impossible ymdolhom 🤣🤣🤣🤣
4223,😂😂
4224,asber ndir compte jdid w ndkhl m3ahum
4225,ne9leb l vista
4226,Problem is Rani nd7k 3lih Machi m3ah 🤣
4227,Hado tedrob wahed fihom b kaf yatal3lo kamal les chambres te3hom yer9do 5 f la chambre
4228,Waqila dekhlo  b اقوال توماس شلبي بالعربي
4229,Jatni wehd l'idée bsh kon ndirha nedkhol l nar direct
4230,Wch had l'idee 😂
4231,جاsus  xDDD
4232,وشراك ناوي 😂
4233,Aya nbdlo roles w nl3boha fi their server kach manad7ko 🤣
4234,Syed rah sure mn rouhou 💀
4235,Kon Ensnn khir hadak role maderna walo
4236,Can be useful since they'll get the same exact treatment xD
4237,عميق كثر هذاك رول
4238,Hehehe lessgoo
4239,
4240,<@578643557351555113> my booooy 🤣
4241,Bro tagged her 🤣🤣
4242,<@774006774814081045> 😭😂
4243,xDDDDDDDDDDDDDDDDDDDDDDDDDDDDDDDDDDDDDDDD
4244,
4245,Sorry 😅 it is public and everyone can see it 😂
4246,😭😭😭
4247,La makontch meak beyna
4248,abdelmalik bashir 🫡
4249,Not group 6 having a 3 day weekend😭
4250,Vrai 7a n7sdkoum
4251,Khawti g1 7agrouh 🥲
4252,group 6 chkoun ybeddel yji l group3?
4253,xD
4254,They only have 2 days 3chiya li may9rawch
4255,Where rhe rest have 3 or 4
4256,Wait they didn’t give us groups lala ?
4257,I'm assuming it'll be last years
4258,perhaps just as last year'
4259,Yakho g6 koul smana f dar w raye7 thani
4260,Bdito  thsdo bdito 😂
4261,"*hopefully, unless im in group6* xD"
4262,.
4263,But monday fih la charge 💀
4264,Yakho 3 YEM WEEKENX
4265,Nchouf bachir blkhmis manzid nchoufou lthnin 😭
4266,imagine mt9rach b sunday 🥶 stress t3 bdya of new week myjikch khlas
4267,Data mining cours sami ou tp chettah sayi rouhna f dak chi 🤡
4268,Wait wait wait
4269,G6 2 cours blkhmis and that's it
4270,So if you're brave enough its literally a 4 day weekend
4271,Li ybi3li blastou f g6 bch7al?
4272,Wahda whey
4273,khawti G3' timetable kheer mn G4' .. bdlo m3aya ana kheer
4274,3liya
4275,Esbr gdeh dir
4276,W whada creatine
4277,لا خلاوني في g1 نبكي
4278,جماعة مازلت حاسبة روحي ديليقي
4279,holmi ne9ra f S2 (group6 hh) ha99oli holmi
4280,وراني ندير في مخطط باش نعدل برنامج g1
4281,حلم برومو هذا
4282,same
4283,الحاجة المليحة في g1 لي بروف نعرفهم و عموما لباس
4284,Sami labas ? Mart remita labas ? 🥲
4285,Bon sami en moins ysiyyi 🥲
4286,Jma3at g6 wla g1 chkoun bgha yr7el
4287,Khalti fatima labas
4288,Impossi 😂
4289,<@880206525950476359> 7a9e l3ochra :’).
4290,على الاقل مهيش بنادم يسابوطي  تعاون
4291,علاه وش عجبك في g1
4292,Hna maqdertlkch 😭 a3geb privi kayen code promo
4293,وين كنتي ايمان 2 ولا 3
4294,5awti rani fritha la39ouba likome😂✨
4295,3
4296,shab g6 i think there group is full  lala ?
4297,wait g1 fwach zayed?
4298,Oui rana full😌
4299,Kifah fritha fi 1 min yarhem babak 🥹
4300,<@880207347245535252> .. bdli group and i rent you a gf 😔
4301,وشنو هذو التعاملات الغير قانونية
4302,farouk bdal l group qbal djouamaa xD
4303,#Timetable yt3awed  #rj3ouna ga3 g6
4304,*bla twswiss*
4305,😭
4306,
4307,Tlata libre + bouchrika lab
4308,sah .. 3lah mchi n9raw klchi as one group .. ga3 ndiro lectures w tutos w labs m3a ba3d xD
4309,<@756458120795914311> a3tini plastek yarhem babak 🥹
4310,"6 months, dates mn endek I will consider it"
4311,"G6, the most legendary of all time 😂😂✨"
4312,iyed arwah sejjel wbdli
4313,9ritha remita's girlfriend 😔
4314,"Hereby, I grant thee, Amira Boudaoud, my sacred place 😂😂"
4315,سامي براهيمي شطاح كامل كيفكيف يعني مهوش مقياس
4316,Normalement g6 fih more than one vacant place
4317,Ana y9arini ma man Bouzi dok nb3tlo mail n9olo tp te3 dimanche mafihach
4318,التحريض على التفكك الاسري
4319,Brahimi mliih i swear 🥹
4320,اهدرو معاه بدلوها للثلاث وهي فرات
4321,Houwa w mayjish smana lwla
4322,"Lprblm, jouamaa lyoume 9ale bali rahome ybadlo fles groupes 3la 7sab li ra7o bah yjar3ouhome kml équilibrés"
4323,Ygoulek ida matjouch manjich
4324,"amraoui is back, yyay"
4325,Manich hab nahlaf bsh sed9ini mayji hata mor mouloud
4326,ya rabbi nog3od g1 ghir 3la jal thlata
4327,شكون هذا حقا
4328,9rana stats 1ere
4329,ولونيس
4330,chabiba ba3to groups?
4331,nope
4332,g6 sunday empty
4333,الللي يديكوري الطابلو ؟
4334,mzalni dayer ro7i g3
4335,"Non, he's more the kind li y9olhom ma tjouch bach n9ol lel idara majawch"
4336,I think same
4337,imagine yzido yhtok f g1 m3a zaki 🥶
4338,which is better
4339,yamat s1g1
4340,Mm ida beddlou it won’t be too much like marahouch bezzaaaf
4341,+Delegate
4342,والله لقيت كيفاش نفرغ زوج عشيات ل g1 اذا قبلو
4343,Kayen li rahou w idara ma3labalhoumch
4344,aya riguel
4345,الخاوة عاودو ڤوطيو عليا ديليقي
4346,diri delegue nti hed l3am
4347,Rani n7ws ner7el 😭
4348,wait yek same groups ?
4349,idk
4350,men group te3na
4351,?
4352,افترضنا هك برك
4353,If groups still the same aslan
4354,ara7li meme 7na mns79okch 🙂😂
4355,just kidding matz3fich
4356,Ah ya Zaki matw93thach menek 😂
4357,"7na ""theoretically"" 3ndna khmis fargha 🙂"
4358,we have only 5 modules gg
4359,Douk tchouf second semester yettlewwen ga3 hadak timetable 💀
4360,You mean practically
4361,kima rah ah ybanli mlwn emaugh 🙂
4362,I see I see
4363,in practice sure ra7 l ecole ygoulk dir 7aja khmis 3chya lol
4364,"Koun matro7ch lel cours, trb7lou l 3ib l sami f tp"
4365,me who manich raye7 ni cours ni td
4366,Rani khayfa hada ylewnouh b wach ma 9rinach
4367,3ndna 6 modules second semester ya5i
4368,Ih + lprojet
4369,Guys wine rahom Katbin groups
4370,????
4371,Not yet shared. Probably it will be almost the same as last year with some slight changes
4372,Guys databases t9erina bent guessoum or what??? 😭😭😭😭
4373,😂
4374,li 9ratna web
4375,Lala meriouma cutie
4376,Meriem guessoum bento??? 😭
4377,Naaah
4378,Wsh hado terrorism en famille 😭
4379,Oh thank god
4380,Oof
4381,Lala meriouma nass mlah
4382,Babaha bezaf
4383,So they just a timetable for everyone 🤔
4384,Wshno had el khdema bel me9loub oulala 💀💀💀💀
4385,Thursday groups inchalah 😭
4386,التشويق 🤌😭😭😭
4387,Y’a Rebbi w ma nkounch group 4
4388,ya rabbi nkon ay group except *that* group
4389,Ameen
4390,https://tenor.com/view/chicago-pd-handshake-deal-gif-9914521
4391,<#1088585543195054190>
4392,me & larvi again f G1 with the worst timetable ever:
4393,awah g1 mrigel
4394,Awili not group 1 😭😭😭
4395,Vive g1 wella wach gal
4396,ha bayna tusday fargha break fi wast smana
4397,Asber ndiroulek group wehdek
4398,at this point ghi g6 li yahya xD
4399,g6 is shit b monday
4400,go and check
4401,Can I choose the people li fih ?
4402,hmmmmmmmmmmmmmmmmmmm
4403,no .. ppl choose you
4404,"Of course, thats the aim"
4405,https://tenor.com/view/calculation-math-hangover-allen-zach-galifianakis-gif-6219070
4406,at this point no one will choose me 😭
4407,i will 🥺
4408,Bsh we already know chkoun tkheyer 🤫
4409,"Salam guys, campus opens tomorrow in sha'Allah?"
4410,نيوبيز رح يمدولهم لي شومبر اليوم
4411,واحد راهو ثم
4412,Newbies fi maalma 6 wla la ?
4413,old empty rooms you mean? right? RIGHT?
4414,Yess
4415,Hnaya we can get our old rooms :()
4416,that's all what you deserve.
4417,Ibrahim l'agent mriiiid 🤣🤣🤣
4418,براهيم قالهم اخطيو جرتي ضرك ماعندكم ماديرو عندي
4419,Typically replies within a year 😂
4420,
4421,Rba7na el3ayb en gros
4422,باسك نتاعنا لي راحو ريكلاماو على حقهم وجابوه بذراعهم كي كنتو نتوم راقدين وتستناو في خبر رسمي
4423,Hado tani 🤣?
4424,True
4425,بزاف تعليقات قالولهم هكا هو في الصح غير حنا تاع ذكاء لي كنا نتحركو واحد ماكان يتحرك من المدارس الثلاثة لخرين
4426,Hna zou3ama 😼
4427,ohoh? xD GG mliha tkon hated by 3 promos 9abila li التمدد
4428,ولينا حرش بلاڨراف
4429,قريب شوي ونربحو العيب للجدد تاعنا
4430,Y’a li yekhreb f ENSIA b nwadro ne3mih 😭😭
4431,POV: jma3a li ra7o l Dou xD
4432,tballi ensia first promo kaml wanted
4433,Ensia kamel
4434,"tssma drka lproblem win rah? meme ENSM mktob fl marsouum t3hm indiv. rooms so, later on (in worst case 5 mtfthch or), ynholna indiv. rooms"
4435,قالك الغرفة الفردية حق البرومو اللولة برك لخرين راهم في الفايدة
4436,"i blme two ppl here, that dude li khmem yjib adabyat llpole, w that dude li aaccepta +300 student fl promo"
4437,Meme 7na we join them xD
4438,"no, kima mktoba lmadda fl marsoum, ghourfa fardya lkoul talib"
4439,"Adabiyat like +4000 ghir fi 1,2"
4440,مكانش طول مادة تاع غرفة فردية مالا لعلمك حنا ورانا en noire
4441,في المرسوم قالو ظروف ملائمة وصاي
4442,وخاصة**
4443,C logique parceque les étudiants tae ia +maths =1110
4444,ايه تقولو وشيه هي لي خاصة يقولك لابورس صاي
4445,"no, dhourouf i9ama moulaima w khassa"
4446,"Dork العدو يحيط بنا من كل الجهات  Nano, andima, math , w adabiyat"
4447,Matnsach hadok dogs li ydoro jma3a XDD
4448,does not matter lmohim get ready to be hated for many years hta ynsaw hkayet bli kan kayen students li kan 3ndhom ghorfa indiv. flpole xD
4449,
4450,Imagine mala mdolna ipads 🤣🤣
4451,ممكن بصح نتوقع بعد ماكس شهر مع لقراية كل واحد ينغمس في الدمير وينسى هاذو
4452,yzid yetftah lmawdou3 f dkhla t3 each year
4453,Machi kifkif ki tdok 3efsa omba3d ynehohalk wla tbda bla biha ywalfo normal 😂
4454,It's not just a picture for me
4455,If kach wa7d majabch mli7  Ghady yl9awha Saba XD
4456,اياد روح تقرا اناليز الله يهديك
4457,"In the ancient times, the story goes..."
4458,Rani ne9ra complexity lol 🤣
4459,تقول لولادك كي كنا نقراو بكري كنا مكروهين من 7000 طالب
4460,create a regex to identify ensnn students
4461,bch n7ato fel bot w nblokihum 😂
4462,😭😭
4463,"Maranach mmpa tema, rah ydir basic dfa"
4464,Wach hiya ensnn '-'
4465,Nano
4466,Daro hadik l'école speciale ta3 drones? 🤣🤣
4467,e cole nationale ... li endhum 9raya deep 3la te3 ensia
4468,Barhimi will be happy xD
4469,Nope Darou ta3 système autonome
4470,نتا غير منفوخ ماشي متعمق في النانو xD
4471,What? 😂
4472,روح تقرا ستايت ماشين روح
4473,Bring me to the old good times 🥲
4474,سبحان الله اياد ولا يحضر ليكور
4475,هذا وين تولهت
4476,First month berk 😂
4477,العام ليفات حضر كور كور من كل موديل ومنبعد مازاد بان لا في كور ولا في تيدي
4478,Jamais dkhelt archi 2 🙃😂
4479,اسمع اياد هذو يقرو كما تع اليوتوب؟ كما كنت تقولي
4480,The number of modules last year is more than the courses me and iyad attended combined XD
4481,Matensach '-'
4482,جاوبني 😂
4483,Almost 🙃
4484,good
4485,Tebdaw les cours la semaine prochaine ?
4486,Yes
4487,ان شاء الله
4488,khawti
4489,tell me
4490,does anyone know if campus is open on friday ?
4491,It is
4492,Yep Thouria galt bli yhal
4493,noice
4494,"Salam All 🌼  I went today to the Mahelma 3, and these were the news:  * Most of student levels (1st, 2nd and 3rd year students) can get their keys starting from today.  * 2nd and 3rd year students can restore their old dorms (except of the ones who lived in D, their rooms is occupied today, and need to wait until tomorrow)  * The first year students (girls) will mainly be living in E.  * 1st year students need to provide شهادة صدرية وشهادة عامة، to get to chose their rooms.  * 2nd and 3rd year students need to provide شهادة تبرئة الذمة و وصل تسليم القبول (that small green paper) to get their keys.  * The campus will be opened all the next days including Friday. (From Thouria)"
4495,
4496,وصل تسليم القبول from where
4497,Ask <@890291510061453364>
4498,Rigloha 😅
4499,Kayen wahed green paper ddinaha ki derna tabria dima qbel ma nkherjou normalement hadik hiyya (haylik galet the green card)
4500,t9t3tli 🙂
4501,thought it is something else xD (Thanks for explaining)
4502,No problem
4503,Lesseqha 🥲
4504,Lmouhim warrihalhoum nrml
4505,For 3rd year makalah tjib walou
4506,Ymedou directement les cles
4507,"tghslet, sema salam 3likum"
4508,mns79ch l wer9a l green?
4509,Lala
4510,mzya hh
4511,Btw jma3a ooredoo tmchi bien f la cité (syit fel B w jiha iwa2)
4512,lbar7 syyna ana w <@970189955638911027> l9inaha mtmchich bien
4513,"Ça depends win syitou, mainly cheft couloir ta3 b (li m9abel la cours w li m9abel bra)"
4514,syyna f couloir A4
4515,"Oh I see,"
4516,"N7kilkoum hadi berk :  lyoum brahim li ste9bel talaba jded : mar7ba bikoum, w li yjouz ykhlih vu y36ih b bombastic side eye 😂 remontada"
4517,يا الشكوبيي
4518,where is my room <@883306210680504330>
4519,<@879796727031422997> fhmni chkun mch jay first week
4520,L counter rah habess aendi fl 1
4521,Me
4522,W wa9il mrwan
4523,Lbare7 dar random wheel thingy w ta7et f 29🤣
4524,Marwan jay lkhayn
4525,
4526,How marwan makes most his life decisions
4527,😭
4528,Anis all his life was like that😭
4529,<:pepecry:979070412124213279>
4530,Y’a <@879796727031422997> y’a meskin inta 😭
4531,
4532,Nice 🥲
4533,"Same, more like raya7 l dorms😂"
4534,Awdi Ani nd3i ghir nti7 g6
4535,Nkhrj lirb3a l3chiya nji btnin😭
4536,That's basically heaven
4537,Yarbi mch g4 brk 🥲
4538,G1 lela?
4539,Houwa worst imo
4540,yarebi ay group ma3ada g1 g2 g3 g4 g5 😭
4541,"Ya rabi: ∀i∈Groups, i != 6 => Manti7ach f group i"
4542,Farou9 okhrj
4543,Sam7ouli 5awti🥲
4544,Ah ya farouk
4545,Farouka calma
4546,Wlh hssitha
4547,<@681238662453002271> arwa7
4548,7awz 3lina
4549,Hemdouleh we don't share schools with those nano guys
4550,I don't think I could hold my self from making jokes about their situation
4551,Tsma mziya w dorms ta3houm b3ad 3la ta3na hakka
4552,nktboha b bra-ket form xDDDD ??
4553,hadi fi khatrk  |ψ⟩= 1|111111000> using bit-flip code ta3 3 quibts to serve qec
4554,Smtha 💀
4555,ارجموه
4556,Hadi f Qclass berk 💀💀💀
4557,"It is that small green paper you get after renewal of dorms last year, like this one"
4558,<@681238662453002271> hadak howa 🥲
4559,yeah chreb lma 7eta chb3
4560,Manich 3aref win rah mais rani sure blli fat 3la L machine à laver 10 fois
4561,Khawti
4562,Win rahem les iPads?
4563,💀💀💀
4564,Nostalgia
4565,Aya grève jdida
4566,Normal ana tani l3am li fat jit bla biha Sebouni chwi w 3tawni Les clés
4567,7na again ki t7kmna la pression w netfkrou les ipads
4568,3achour l3acher the best ✨
4569,دارا المشكل تاع الغرف الفردية باش ينسونا ف les ipads ، والله ما رانا ناسيين
4570,(les ipads sarilhm kima l 7irak f dzair xD)
4571,Hadu hiya dz ydilek bzzf hoqoq apres bach nessik fihom ydilk haq wahdokher apres yrej3holk w tensa le but ta3k ta3 sah 😂
4572,Qalek m3jona g6 yebqa g6 w li ma3ejboch lhal ybedel leblad
4573,حسبي الله 😭😭😭
4574,ayoub dirli plaça nl3ab (wla nharram)
4575,Mol lballon 😂
4576,Nary group 4 😭
4577,Yakho ma3lich 2 eme semester yetbeddel l'emploi 😭
4578,Google groups?
4579,Idk chadrna in our life xD
4580,Goulou حسبي الله 😭
4581,Matzidouch g6 berk qeddamha 👀
4582,Yeah
4583,Bsh hadouk ta3 l3am lifat
4584,Oui hderna m3a me3jona qalek la plupart bqaw kifkif
4585,Ah tsma they are updated f google groups?
4586,Yes
4587,Nice✨️
4588,The groups stay the same officially??
4589,No
4590,Qalek rah yetbedlou chweya
4591,Okay thnx
4592,<@877887685749014619> <@927125505570910239> <@891047303497015306> GG group 1 mala
4593,Be3tou Les groups?
4594,"Enter here Najib, you will find yours https://groups.google.com/my-groups"
4595,Li tah f g4 ghir yrouh yjri aela rouhou
4596,Dok mnjich gae
4597,Hassbiya allah
4598,G4 the best fiha ana (malgré que mzl i didn't check)
4599,Lemploi du temps cheftou kifh 3amel
4600,No
4601,😂😂
4602,Brka mak tlakhri aeliya ✨
4603,اقوال خالدة لرائد
4604,Kyna tachkila wa3ra tae students / teachers/ timetable
4605,رائد المهم عندو مايتقاسلوش الريسطو
4606,عندي عندي بزاف اقوال
4607,Tkhlik thb tmout
4608,La hdik whdha 😂
4609,Goultha lsami kouna n9raw db
4610,المقولة لي قلتها لمروان تبقى الافضل تاع كونك ......
4611,Bntli g4 ghi rfdou mnou makach wahed y9der ykoun ml3oun wytht aendna
4612,Muhim rip
4613,Can u remind me xD?
4614,"Look at the brighter side, 5ire man timetable nta3 group 5🥲"
4615,group 5 people rn
4616,"Look at the bad one   3ndk a day t9ra fih only one session 3la 17-18,30"
4617,XD w sayi
4618,"Matfakarnich😭🤣  Problem not even 17-18.3, but man 17:45-18:30 (45 minutes session)"
4619,Btw ana manchofch Les courses 3ndi doesn't exist xD
4620,W business
4621,People ysslo maghrab w7na 9a3din n7mado xD
4622,9raya Mli7a at that time trust me 😂😂
4623,Kan sari bug kouna f sessions talyin
4624,Ehh ta3 transactions
4625,I remember saying something that made him laugh but I couldn't remember it
4626,Nahi lkhmis brk yweli khalwi
4627,People ysaliw lmaghreb w7na wa9tna bah nro7o na9raw
4628,Fun Fact : the school didn't allow group changes Last year since it requires executing update queries on their database. But It turns out that it's expensive since they are using mysql. And the number of students is witnessing an  exponential growth and they don't have enough budget to disturbute their dB to master slave nodes... حصريات رائد
4629,شر البلية ما يضحك
4630,Raid tgoulhoum hakka ykherjouk men l’école g4 ou matelgahch 🥲
4631,"i checked, i did not find 3Y G6 .. mala ig mazal mbdlohomch there"
4632,🥹
4633,اكتر بلية عي g4
4634,ydiro ghir indexes bzf xDD
4635,ادريس هاذو اليامات زي خلاف
4636,"Ga3 thadro 3la g4 , 7mmastona bach nchofo lprgrm ta3o"
4637,I love l fun facts ta3 <@638828933936316434> zid droppi some fun facts
4638,N9raw koul yum w aendna nhar aela 6 wkil truh ajal 45min
4639,While kayn des grps my9rawech nhar gae wella hta 2 ki tnhi cours😂
4640,
4641,<@917789079431680020> 🤣
4642,N7et hwayji wnrouh ldarna 😂
4643,Nssit wch men group ana
4644,Group 2
4645,Meme Ana group 2 🥹
4646,Tji 3ndna wl
4647,ana group 6 🤩
4648,7arki
4649,oskot nta group3 mthdrch m3aya ana g6 😞
4650,Are you ready tkhrej nhar 3la 5 w nhar 3la 6 3lajal un jour libre ? (Sorry g4 😭fkrtkoum)
4651,mba3d telga mouhanned ray7 lel ecole 3la 8 bah yqra 3nd l bachir
4652,baghi tbedel
4653,"Actually Zaki 3endou l7e9, l'emploi du temps ta3 g3 hayl"
4654,g6 fih l3sel?
4655,the best one
4656,Group 2 timetable w teachers >>
4657,ab3t te3 g2
4658,vive g1
4659,👀
4660,actually yes
4661,i love g3
4662,bssh g6>
4663,Zid wli délégué w lébirilna kach 3chya
4664,awa 3yyt
4665,liberilna mn9rawch :')
4666,meme g2 chaba
4667,Agree ✨👌🏻
4668,ma3ndhumh khmis fargha tho
4669,g1 tuesday fargha
4670,Sunday lectures brk dirou faregh
4671,luctures mchi lecture
4672,#جروب-g3-يطالب-بالعهدة-الثانية
4673,<@212890114626420736>   arwa7 dirlhum president houma tan
4674,Chkoun khoso president
4675,Rani hna
4676,ملك ملوك ensia
4677,G4 😎
4678,Wa9il n7iw bachir
4679,Dirouni Ana
4680,Vrai ndirlkoum program hayel l Ness kamel
4681,Chouf kifeh tmchi l7ala
4682,You vote on eachother as people
4683,W top 20 n7otohom f g6
4684,"Majayach t93ed simple villageois Zaki, delegate is a great honor not for everyone"
4685,W haka from best to worst
4686,W results ta3 lvote we release them f fin dannee
4687,Bch tb9alna drama l sayf
4688,diriha nti yek konti 7aba l anne passé
4689,zaki ghir ta3 loup
4690,daymen ti7 fya 🥲
4691,w daymen t7awzouni loup wela mchi loup
4692,mnzidch nl3b m3akum
4693,Chitan li kan ywswsli ndi plactek
4694,vive yamat <@875482444818681897> vs <@879796727031422997> w marwan ta7sel fih
4695,Ana netnafass :  Everyone: bouzi loup
4696,A khawti kifeh 7ten marwan Co lead Tae gdsc
4697,Dok ydirlkoum stand ta3 latay
4698,🥲
4699,LEMOJI
4700,ro7 sa9si f server te3hum
4701,Yjiblkoum Hamid as relex
4702,But tbh I support that
4703,la chambre ta3ou ra7 tzid new feature: spot
4704,Spot extension ta3 his room
4705,Gdsc team ma3rodin Tema brk
4706,Hna we do bs7 we don't have a Free day xD
4707,majbteha la men la men
4708,Ta39l nhar khdmnaha nta loup w ana sv w nl3bo fira7ba 🤣
4709,B3tolna les grp ?
4710,They won’t
4711,Chouf google groups :))
4712,I found only the ones of last year
4713,M g6 btw 😎
4714,We don’t care 🤷🏾‍♂️
4715,After the first month u will
4716,Wch lfayda mata9rach nhar w tokhrej 2 days at 6
4717,Ana mana9rach nhar w kol youm nokhrej at 11:40
4718,Troh ldarkom
4719,Wow crazy 😱
4720,Mdrrr expected jealousy
4721,💀
4722,Wait wait yak nta g2 ? Kifah hadi mateqrach nhar ? 🥲
4723,aaaah sunday fih ghir lectures 🥹
4724,merouane y9ra f group merouane .. g2 lectures excluded  HH
4725,Ana ne9ra m3a marouane tani 🥹
4726,<@898608462358007820> lgit whda mch nti essmha anais 😭
4727,I prefer neqra 2 days hetta 20:00 w neddi weekend 4days khir maneqra 5days chwi chwi
4728,Ahchmou chwiya
4729,Our feelings 🥲💔
4730,Ma3lich ay least 3endkom good teachers
4731,Omg ra7et lhiba  khlas😞
4732,Mch hadik ta3 nano ?
4733,Lala
4734,Wdok iktachaft bli hadik tae nano mch nti 😂
4735,I thought it was u all the time
4736,Hta dok she sent f announcement glt aw kifh 😂
4737,لاقراف كاينة اليوم ان شاء الله ولا لالا
4738,Eyyo
4739,ما تسقسي علينا ما مالو
4740,ديركت تحوس على الاضراب
4741,رحيم باينة تحرقو لي كابل تاع الانترنت عندكم في الشلف من السخانة
4742,نجي اليوم ان شاء الله ونكرهوا من بعضانا مكلاه نسقسي
4743,هاك تشوف نكر العشرة
4744,ايا رواح راوح نستقبلوك
4745,تسما ندخل للشومبرة نورمال ني قراف ني والو
4746,بوجهك ولا بالشاورما
4747,واه. خاطش مسقسيتش علينا
4748,شاورما راهي زادت غلات
4749,لالاااا
4750,احلف
4751,راح دورها كاران وصاي
4752,ديجا وجهي خير مل شاورما تاعك
4753,Spaghetti hair
4754,رامن
4755,ايا بلع ايا
4756,وش راك تتعاطى
4757,علاه الكاران شا خصها
4758,ماخصها والو بنة وسومة
4759,سبيدي حبس كاران
4760,مضادات الاكتئاب
4761,خيانة تصرالو كيما لاروكا كي حبس فريت اوملات وخطاه الغاشي
4762,الاخبار السيئة تتهاطل كالامطار يادرا التعبير
4763,الماكلة التي تكافئ القط كحيوان من ناحية الكياتة و الوفرة
4764,رزقي الفرزدق
4765,رائد 3 حوايج ماتخربلوش فيهم: الريسطو القطوط اناليز
4766,نكذب عليك كون نقلك فهمتك
4767,زيدلها رحيم باه ما يزعفش
4768,كون تزيدها نتوسوس
4769,صيف كامل ونتا تشرلي
4770,خاطيني انا
4771,الكران راهي قط بصح ف dimension w7dakhora.
4772,Plan organique
4773,سما علابيها قطعت موليتش تسقسي😂
4774,عندي الصح
4775,لا. معندكش دليل قاطع
4776,نتا اعترفت ضمنيا
4777,من هاذي الجملة زعما؟
4778,
4779,ايه
4780,ابتلينا بقوم
4781,كحل كحل رحيم على المنطق
4782,لا رحيم. تماك لم يكن اعتراف انما ادراكي لشكوك خلاني نربط الامور
4783,بوزي صوالح كبار عليك ذوك
4784,بلع
4785,خنزتنا
4786,نفكرك كي كنت نقدملك دروس في طريق تيكجدة
4787,كوبي رايت لالياس
4788,درس تاع كفه تحشيها لروحك بلي كاين ثلج و هي مكانش
4789,درس تاع كفاه تقنع الكفار بلي كي تطيح عندهم شتاء مشي معنتها ربي راضي عليهم
4790,لا بوزي مفهمتنيش. المشكله اصلا مكانتش تم
4791,ايوب جا لاح بومبا وعاود راح
4792,بلع بلع ماهتما غاندي تاع مستغانم
4793,بوبا طلبق بومبا
4794,بصح بومبا خانزة
4795,ماهتما باندي
4796,غاندي خاطيه ai
4797,غاندي غير تاع ملح
4798,ونتا خاطيك الثورة
4799,"ايا هاك درس تاع كبار في خاطرك:""ممنوع الخروج على الحاكم"""
4800,كي يشبعك الحاكم كف ثاني؟
4801,في ذيك الحالة كاين بند يقولك نخلو لي سموهم عبد النور و يعيطولهم لبوزي يتولاو القيادة
4802,اواه القيادة لا تعطى تؤخذ
4803,لا بوزي استعقل
4804,اواه ماقنعتنيش
4805,"ليك شا راهم مبرمجيني نقول في ذو الحالات:""الحكمة ليست ملكة الكل.. فأما الحكمة التي يعسر على البعض فهمها و على البعض تيسرت فانها حكمة في مواضع الحياة العامة.. و أما تلك التي لا يمكن فهمها فهي ليست حكمة مالم يتنفع بها"""
4806,صدق الذي قال : خذ الحكمة من أفواه المجانين
4807,غادي تتبدل ممبعد و تولي خذ الحكمة من أفواهl cyborgs
4808,متخربش فالتاريخ
4809,منيش نخرب ف التاريخ. راني نخرب فل مستقبل
4810,التغيير يكون في حاجة صرات الأصح راح تخرب فالماضي
4811,هذا الذي تصف هو تغيير للشي و ليس تغيير للتاريخ. فلو كان تغيير الشي يعني تغيير التاريخ. لما وجد التاريخ اصلا لان كل الأشياء تتغير من أساسها فهو جزء من جوهر وجودها.؛؛
4812,
4813,g6 dk ychriiwk
4814,Afdal jouamaa f denya
4815,+another week
4816,Galkim mat9rawch?
4817,Choufi e-mail 😭
4818,Aah ok
4819,الخاوة حتى وبغاو يقريونا مايقدروش  + وجدو رواحكم تحوسو على اومفي 5 و اومفي 7 ....
4820,Matlgawhmch bech mn9rawch
4821,Aelah madaroulnach opening ceremony
4822,Here we go again
4823,
4824,Mahelma 05
4825,Nwlo ghoraf tolatiya
4826,
4827,Wahed yhawess kerya f sidi Abdellah w say
4828,
4829,اللي تدبري كاش خطرة راهو واجد في القطب
4830,تدبرس
4831,Mahelma 5 l3am ljay ymedouha l adabiyat jdad
4832,L 3am jay y7awzona wa9il 💀
4833,bonne rentrée guys enjoy
4834,Merci 🫶🏽
4835,Ki 9raya bdet sketou ge3 hna !
4836,Ak tchuf 💀
4837,Ana jit nchouf news about the teachers w les sections w les amphis mais biensur makanch li yahder
4838,Ana mazal 6am3a yzidouna smana
4839,Nti 9riti? Ki banolek modules te3 lyoum? I need an insight
4840,Ah 💀
4841,Ani fdarna
4842,Eeeeh
4843,🤝
4844,3ndk l module ta3 stochastic modeling 5amem mn DK kfah ra7 t3awedou b les autres module ki3adch manach 7a njibou mli7 fih 🥲
4845,Math ta3 denya ga3 dakhla fih even OR 💀
4846,<@638828933936316434> matala3lnach Lsoug la yzwjk
4847,Wa9il li tjih f rassou idee ta3 école ydirouha
4848,A khawti kamel njibou 5 w safi 😊
4849,LEMOJI
4850,Wlh manediti kraht😭
4851,Dart lyam dok ntouma twelo tel3ouli soug
4852,noob
4853,
4854,Internet in the school ✨
4855,Ethernet ?
4856,Yes
4857,Niiice ✨
4858,WiFi is not available for now
4859,Ma3lich qowa ✨
4860,upload chhal?
4861,5rjt mn l'école I can't check now
4862,Tbali jwayeh 200 300 kima syitou gbil Don't remember exactly how much
4863,upload 200 f dzair? you sure??? 💀💀
4864,upload machi download
4865,https://www.speedtest.net/
4866,Upload ken 100mbps l3am lifet so normal ya mouhaned
4867,F had site ta3 l upload Hiya li ydirouha bl purple?
4868,If yes I remember Wslt fog 500 sa3at
4869,W average 200 300 as Chaker said
4870,Maytl3ch fo9ha bsh 100 w maylh9ch ykon 80-90
4871,machkiitech ylha9 100
4872,bof I saw better 🙄
4873,Yeah fl Europe bessa7 🙂
4874,Guys chkun rah ltht fla cour
4875,🥲
4876,Why?
4877,Knt rah nb3t dawriya lbrahim
4878,Bsah cbn he answered me thank u
4879,Ki tle3t bah cheft l mssg 🥲
4880,It’s okeey sahiti
4881,💀💀
4882,1Gbps univ grind XD
4883,Khawti shkoun baghi ybdl lgroup 5
4884,Me 🥺
4885,RIP group 6🥲
4886,ther still a hope <:pepecry:979070412124213279>
4887,Chkon rah ystechfa : no one except jme3t g4 😹
4888,Bedlou program? 😭
4889,"Yes, They made it worst"
4890,Thank u Farouk 😭
4891,Program nta3na is now way better😭
4892,https://tenor.com/view/we-good-thumbs-up-lost-jin-gif-8123876
4893,KARMA IS REAL 😼
4894,Sber nzid haja
4895,Li qraw m3akoum kifeh 😭
4896,chkoun bgh yji l g3 😎
4897,Matjich nta demi mal 😂
4898,Shab g1 😂😂
4899,Li kanou rayhine yeddou Tuesday as a break in the middle of the week 😂
4900,Ma3endou heta ma3na l'emploi du temps jdid
4901,One session 7atinha fi NS el nhar  🥲
4902,<@879496652887556117> we need to fix this
4903,Me
4904,
4905,
4906,
4907,t7esshoum ye9raw par facilité
4908,Lkhmis 3chiya 😭
4909,"Lprblm 3andkome 5 hours in a row bouchrika b larab3a, w 5hours in a row sami bal 5misse"
4910,"I don't care, I wanna free monday"
4911,العشوائية :
4912,Prblm ta3koum bark is the lab f lekhmis 🥲💀
4913,3chiya
4914,chkoun baghi yji l G3 HHHH
4915,"Nchoufo brahimi nriglo hdk ywali program chbb, ma3andnach kml l 3chiya manghire l 5misse"
4916,G3 is the new G6
4917,Ana habit
4918,3lah wachbih G2 🙂
4919,matqerrinach mert remita 🙂
4920,Chefti lundi
4921,+ 3endhoum lkhmis prsq faregh f g3
4922,"Faragh, l cours transparent"
4923,I don't attend les cours 💀
4924,Nrml for me like lmouhim machi labs wella
4925,+ maybe we can negotiate for this
4926,"Farouk now: The term ""cours"" is not recognized Do you mean empty?"
4927,"Not for me, ya ne9ra sbah ya mane9rach"
4928,بهاذ اللوجيك حطو مرت ريميتا لغروب 6 على الثمنية بالاحد
4929,g3 3endhoum td bark ta3 45 min 3chiya 🥹
4930,"Oh true, at 4"
4931,Bsh machi nhar kamel faregh w yebdaw ye9raw 3la 1h30
4932,Being delulu is the solulu
4933,Dérangement drct
4934,nhar kml yrohlek wnta 9a3ed stuck tkhemmem bli 3ndk session
4935,And it's at lunch time
4936,Nadjib khreblou fi koullech ghir weqt lmakla 😂
4937,Thursday
4938,You can attend this session in Monday morning M3a G4 and skip it f sunday so its not a big problem
4939,Wesh our group is full
4940,Ddar si mouh waqil 🫤
4941,I did that a lot last year
4942,Last year ga3 dernaha
4943,"W this year tani, surtout M3a les programmes chbab ta3houm"
4944,Chrob w roh
4945,Apparemment makanch li kan hakem lgroup ta3ou last year 💀
4946,Ana 🤷‍♀️🥲
4947,Smhna brk
4948,Rak msameh à shaybi
4949,G3 3endhoum best timetable
4950,"Hadi dar sali7a, tdkhel tdi 6ri7a"
4951,Tsema raki ga3da
4952,Yeaah
4953,<@578643557351555113> hna bdlouna?
4954,Bdloulna yaeni
4955,Yeah
4956,Timetable ta3km Wella chbab
4957,Yeah
4958,Q3ed ghir hadak khmis 3chiya 😡
4959,Naryy
4960,Aya Saha 3a 8 Ani 3ndkom
4961,Arwah wehdek berk
4962,Byna haytb3ouni😂
4963,Guys quick question!
4964,For mobile dev yak teams from the same group right ? 🥲
4965,Larbiiiiii
4966,Yes
4967,Thank u
4968,Anytime
4969,heya new delegue te3 g3 fada3 3la 7o9o9na bech mayjouch lina outsiders
4970,1- dafa3 Machi fada3  2- new délégué = old délégué = <@681238662453002271>
4971,chkoun nbi3lo plaça f G3?
4972,la2
4973,Ok
4974,Kayen li 7ab
4975,زاكي راني حاسو مارقدش ليلة كاملة ومبعد كتب هذا الميساج
4976,Fada3
4977,Ew! Ana li andi mshy 3amel hek
4978,ew! tle3ti ga3 lfouq xD
4979,يحبولنا الخير باه مانطيحوش فلاشان تاع الريسطو (راني نصبر في روحي)
4980,Khawti moderations plz hotolna ga3 text books 🥹
4981,True 🙂👍
4982,Anyone awake aendi sou2el 🥲
4983,Welaw yorgdo bkri
4984,Nhar jit ana nsse9ssi  snn ydlou hna 💀
4985,Kchma tshaki?
4986,imed rajol lmawa9if sa3ba
4987,Manich 😂
4988,imala tsb7 bkhir
4989,Chabiba ay tbakar
4990,Knt hanss9ssi ila galoulkum jibou chi haja f idara
4991,nta hwa chabiba ana heda win 7nr9d
4992,Ak Tchouf
4993,Magalouch nrmlm
4994,Dhart ana mala chabiba
4995,Ça fait plaisir bsh
4996,Hah rouh tourgued
4997,Guys who wanna go from group 4 to group 5
4998,<@953769659642044546>
4999,Khlas she changed
0,كاين مصلى في ايكول؟
1,Good question
2,ig no but i personnally pray in empty rooms kaynin bzaf specially f last floor
3,"Wach 9olna fiha 😎 <@681238662453002271>, ya DÉLÉGUÉ number 1"
4,🥲
5,تحيا العهدة الثانية
6,Zaki rajol mawa9if sa3ba
7,I am the real delegate never forget this
8,Kayna
9,"Maci kayan, إنها"
10,Batelt 😐
11,chute
12,ew
13,Khawti li aendhum la switch ahi normal !
14,ooredoo in general ig
15,Smtouha
16,except when nhot lphone dakhl lplacard xD
17,Idk bsah aendi worst glt balek
18,When 9rib ytih mn l balcon
19,"it woz much cooler last week, had semana barely can do a thing"
20,Sending a msg tb9a 5min hta nbtl mnou
21,Ykho 🙂
22,🤡
23,bouloulou
24,<@700379394383937607>  dirna application chabba kima nta
25,l'app Lchaba li kima ana be like:
26,"it is a little bit more handsome than u but it's okey, we can consider is as o(Marouane)"
27,Choose
28,from the red ones only
29,"calm down it's me who gave u the perms u, I am ur sensei, I sacrificed myself to save the train, I ma your rengoku, so show respect u little admin"
30,يا أيها الناس، أنظروا إلى مروان كيف يتعامل مع سيده
31,i miss throwing water on your clothes from my balcony
32,I AM STILL UPSET
33,but bcz of u I bought new ones :')
34,you had to be aware ana khatini
35,so I'm happy
36,I wish one day someone will trough his toilet water from balcony u stupid idiot
37,that red and black chemise is from 2005 happy for you that you changed it
38,nevegh
39,i only live in the high floor xD
40,4th floor for the 3rd year
41,I was about to say something but  I instantly regretted it XDDD
42,ahdar brk
43,not in public chat lmao
44,Nary chaeb gae mrwh ghi hna n9raw
45,🤡🤡🤡🤡
46,Lyoum nefrouha m3a brahimi
47,مواطن من بجاية
48,<@578643557351555113> if we were programming languages we would be C bcz u r pointing to my heart
49,Daddy 🤡
50,bahdeltna.
51,Bell3 nta 🤡
52,at least my words are original
53,+1
54,error: trying to sum between string and int
55,Rak sur t9ra 3eme année
56,look ur profile pic before talking
57,js allows u to do that lol
58,pls don't mention that shit
59,ur biassed
60,he us right
61,is
62,ur like it
63,biaaaaasssseeeed
64,go play barbie wlh
65,<@201373829380046849>
66,yes
67,welo
68,<@201373829380046849>
69,ur attacking me since u already lost the debate lol
70,go play with raid
71,<@201373829380046849>
72,your name became simple villageois
73,I will chew ur meat
74,hella sus
75,"u r using Js as an argument, u lost already mentioning that shit"
76,متعصب
77,I take u 2v1
78,hh
79,poor reasoning
80,u r poor
81,you are bourgeois
82,yes me but not my reasoning
83,hh
84,ofc
85,bye
86,didn't meant money
87,u r poor in person
88,-1 enemy
89,ki tji l dzayer gouli rayane
90,inchaa allah
91,I will come taking back my rights of delegate
92,I thought khellit some good delegates apparently Walo...
93,I will train u chwiya
94,😑🤨
95,DW tsra
96,ask my group
97,✨
98,I will ask everyone 👀
99,yep
100,the other one went playing barbie
101,good
102,أحمد محسن
103,wesh
104,Cha ys9sina ?
105,it was fun نجوز الوقت بيك time to go
106,it was fun fighting in 2v1 but I need better enemies
107,is he a good delegate
108,مواطن من ا**رائيل
109,Nary 3lik 😆
110,مستوطن😂
111,محتال 💀
112,free Palestine
113,Lyouma kano 4 b 20 f ghaza
114,G6 3endkoum obsession b chachya bidha 😭
115,حراق من عنابة
116,2 hours trip hearing: aaa khoooyaaa i khalini nrayah jihat al ta9aaaa
117,Chkon Ada😂
118,Marouene Khoya ahchm lnbda 😂
119,Makalah tbda hadi w khlas bch nfkrk bel ayam Ljamila 😂
120,😂😂
121,لاجئ من النيجر
122,Wach njbd ta3 Lcascade wl
123,Lala whda b whda
124,😂
125,Rak bogoss
126,احسن لاجىء
127,The best ever
128,if it's u who say it it is going to garbage
129,Khawti chkou rah berra wela kharj
130,Nhtajou dawa2 :))
131,Snn chun aendou dysentil
132,"Kyn chkon bara , ngoulhm ychriwlk ?"
133,What is that😭
134,🤨🤨
135,khawti chkoun yeqra 3éme w 3endou les cheuveux bouclés w moutadayin xD
136,
137,not ya
138,ch3ar faycel
139,3la 17h ahbto la cour ngablo modira hadik 3la jal lma w restau
140,It's that time of the year 😭
141,Hiya haba tsma3 mena kamel gatlna rakom tjiw ghur fi chwi mela lyoum nroho ga3
142,<@681238662453002271> rigel rigel
143,نوضو يا أهل الجنوب اليوم تتڨلب
144,"kheli 6, 5 ani mchghoul"
145,6 modira troh
146,imal ro7 nta
147,Ana kol youm rani nroh
148,يا عيماد 😂😂
149,عماد كون زاد شوي راهو ناض ضربها 😂🙄
150,What happened
151,
152,l3achwi wla therapist
153,Ewwww
154,Can u like imagine
155,I can’t see him as a teacher alors la therapist 😭
156,Tji nta ta7kilo y3achi howa ya7kilek 7yato w g3 wsh dar f Malaysia 💀
157,W yzid yro7 ybiye3 lguessoum
158,Hada te3 cpsct?
159,yes
160,Tgoulou rani neqra ou manjibch ygoullek saha b wach rak tekhdem b left wella right brain
161,me: what brain?
162,"damn,"
163,https://tenor.com/view/patrick-bateman-stare-into-your-soul-gif-25900582
164,Telling him my problems
165,
166,chkun hada
167,Profs Ta3 l’esi zou3ama 😭
168,@brahimi
169,Hsbtli aendna hanglk khlat
170,والله نورمالمو غدوا مانروحوش نقراو ونروحو للمسيرة
171,😔
172,"It all started when we had module called ""Cpsct""...."
173,7na Sami 3awdlna f w9t lmassira ya b3d
174,Lyahoud w ma darouhach 😂🤣
175,<@&879492497586405426> Brahimi said quizz on Saturday
176,W9tch raho nawi y9olna? Nhar sebt sbah?
177,😭
178,Sebt aechiya
179,wow
180,فرض فجائي
181,مراقبة
182,masma3tch
183,Chkon brahimi
184,Yarebi khla3tni m3akom 😭
185,"brahim brahim Machi brahimi
 Tla9a m3a larbi f lil w galou arwa7 ndirlek quiz kifeh tsewr le7chich bel filtre t3 discotheque"
186,What but they haven't said anything
187,This means that t3 Sami mashi ma3niyin yak?
188,Ghir t3 brahimi ?
189,"I don't have social media
I live in a cave"
190,https://tenor.com/view/snoop-dogg-rap-hip-hop-west-coast-crips-gif-24898891
191,Te3 bouziane :
192,Bouziane koun tsaqsih ygoulek ana wma3labalich
193,https://tenor.com/view/dj-khaled-dancing-dance-dancing-gif-gif-17374355049678501349
194,ta3 chettah ba3da
195,Quizz dimanche
196,
197,
198,no SHEATING plz bch myjich l exam too theoretical 🥶
199,Nifi nifi nifi nifi 😭
200,"الخاوة رانا تلمينا في اكثر من 100 بنادم في لاكور 
كيما علابالكم الاحد اللي فات هبطنا في جماعة للمديرة و كتبنا مجموعة من المطالب ( الما ، الريسطو من ناحية النظافة النوعية الكمية لاشان ، الريزو ..)
مدينالها اجل تاع سمانة قلنالها ماتتريقلش الحالة رح نديرو اضراب 
كيفاش رح نديروه اول حاجة ولحد ما يدخل للريسطو غدوا 
و على ال5 تاع العشية كامل تهبطو لتحت 
و مام وقت الغدا نوقفولهم بصح ماندخلوش 
غدوا رح يجي مدير الخدمات الجامعية يعني راهي فرصة ماتتعوضش 
الفوايي رح يدير تخفيض غدوا 
واحد ما يروح للريسطو"
201,الفوايي مداير حملة تضامن معانا
202,مليح اسيدي
203,Time for <#1000943117802934272> 🫠🫠🫠
204,غدوا الواحد يسلع من عندو
205,Guys don't forget we have a quiz tsema nchoufou m3a timing
206,نقولو لبراهيمي عندنا شغل
207,W hada chghel prioritaire 3la quiz ta3ou
208,"Ana m3ak 🫡
Promotion = 0.01% ( ki chghol el jerthouma elli b9at men detol )"
209,"Salam alikom all , I'm here to annonce that the strike begins now : 
● First wahd mykol fi restau wa9t lgheda w l3cha .
● 2nd 3la 12h nroho jihat restau besah mndkhloch bah nbynolhom rana hna besah mnkloch .
● 3rd 3la 17h kamel ahbto men les chambres ta3kom ndiro ihtijaj nhtaj nchfkom ga3 thema .
● Hderna m3a foyé w 9bl ydir promotion bah y3wna .

Nchalh merbouha !"
210,
211,<@&1022272785491431464> kayna arrar?
212,Yup
213,Haba tkml la série tan
214,5i magalet walou 3la ta3widh hadhak
215,No
216,good
217,
218,لكم الكلمة
219,We should tell him we have a strike
220,"كما قال شاكر
""نقولو للباشير عندنا شغل"""
221,
222,✨ Reminder ✨
223,✨.jpeg ✨
224,"zid:
- la salle d'etude mafihach twabel bzaf (only 4)
- they never fix stuff we tell them to (broken lamps, les douchettes...)"
225,Not us section 1  nkharjou 3la 18.20 lyouma b sebbet lbachir aya zadelna hada quiz ta3ou 🙂
226,Ok
227,"I do agree
like makanch cnx wmakanch win traya7 bah tched cnx"
228,"Foyé promo : 
- Frit kan b 100da rja3 80da 
- Tacos kan b 400da rja3 300da 
- Frit omlat kant 150da rj3at 120da 
- Pizza li kant b 350da trja3 300da 
- Pizza li kant b 250da trja3 200da"
229,<@879494959336677396> ma tensaynach 🙂✨
230,no problem !
231,Rabi ydawem les grêves🥹
232,idk why tfakkart widad fel premiere annee ki srat la greve aya ra7et lel foyer gatelhoum bsa7atkoum
233,https://tenor.com/view/bugs-bunny-looney-tunes-cash-money-counting-money-gif-17544086
234,
235,Trop mims lol
236,الخاوة اهبطو راهو وصل
237,مدير الخدمات الجامعية
238,<@882774339051737109> ديليقي مدى الحياة
239,kech ma ben men la greve te3 bare7 ? ma dertoulnach compte rendu te3 la longue discusiion m3a dcc
240,The result : moudira thawzat 😉
241,الزوعاما ❤️ كل واحد وقف فالاضراب
242,شكون جابو ؟
243,Tla9itha lyoum f itfc wjeha mglb
244,"""Sayida moudira"" wlat simple villageoise"
245,Rah yhkmha ta3 la 2 hata ylgaw wahd mlih
246,لازم يحكمها حسام
247,Hada wech khasni rahim 😂
248,تديرلنا الشوا فالريسطو
249,قوة
250,zou3ama
251,guys site ta3 la bourse wesmou?
252,Progres.mesrs.dz/eminha
253,lazem nsejlo?
254,lazem ndirou?
255,I don’t know
256,Jit nseqsi 😭
257,Ta3ch bourse
258,لي راك تشري بيها بيدون الماء وتيكيات الريسطو
259,Khawti 3awno khokom b resources t3 databases 😔
260,For practice kayen HackerRank 🫶🏽
261,guys chkoun mazel madaresh group data mining?
262,Check m3a mouncef
263,Did he send a form or something ?
264,No
265,"Stoch and mod test, G2, duration:30min"
266,✨ short ✨
267,من وحش نجوز غدوة مال
268,منروحش*
269,the shortest possible test
270,"Short test !
نوال اتكالماي ا نوال
انوال اتكالماي ا نوال"
271,hadi mach nawall btw hada amraoui 🙂
272,T pas eu la ref 😔
273,Girl derna test ?? Noté ??
274,دارو، نتي مدرتيش
275,gallena machi noted
276,aslane mm li darou comme si ma darouch matqelqich baraa 🥲
277,nawal mwalef tdir 7od sghar
278,Thank you 😭✨️
279,"The whole class won't go 
We all stand with our delegate 🫡"
280,To the left to the left
281,
282,"'your job is to automate thing intelligently...', automating things:"
283,Waa nawal
284,"<@879494959336677396> 
Do u have the solution of the test, or at least qstn 3,4 ?"
285,Nope i don’t 🥲
286,Gatlna fel cours beli ha tkhelli test l smana Jaya no ?
287,
288,🥲
289,How much he will pay?
290,<@879796727031422997> ejri
291,Npiratih b volsvagan
292,Ma3youf the new SecAi president 😂✨
293,@ma3youf
294,"Fun fact:
He has access to the teachers channel XD"
295,Awili
296,"For those who don't have the reference
Hada hbibna m3youf,  bnadem who uses a programming language called volsvagen
kan 3ndah cyber café, el internet jayebha men 3nd jarhom, he hacked everyone who came there w min fa9oulah they went l jarhom w hwa hreb
He can also hack phones using Gmail and record videos and audio with phone off"
297,كي يقولك وش يخدمو بالامن السيببراني
298,Hbibna m3youf galoulah I created a cyber security club galli thackou Facebook ? 😭
299,Chargé de cours ta3na f network security nchl 🫡
300,jiboh ydir workshop f secAi
301,كيف تصبح هاكر من الصفر الى الاحتراف
302,بدون روت
303,"Khmmt fiha 
We invite ghir jma3a and ndiroh wasta XD"
304,eda7ko 3lihom
305,عطلة مدفوعة الأجر و يعوضوها ؟
306,The fuck hasbiya allah
307,Group 1 li y9raw nhar lkhmis tp 3end sami w y9raw sebt tp ta3 mobile dev
308,mm group2 neqraw tp net and prot ou zid 3endhoum tp nhar sebt 🙂
309,
310,imma rock w this
311,
312,حا يديروها ڨاع نخل 🥲
313,Haka bch n7ss ani fbiskra brk 😂
314,علاه ما يديروش شجر تاع الورد خير
315,معا لتحويل سيدي عبدالله إلى بسكره
316,hmmmmmmmmmmmmmmmmmmmmmmmmmmmmmmmmmmmmmmmmmmmmmmmmmmmmmmmmmmmmmmmmmmmmmmmmmmmmmmmmmmmmmmmmmmmmmmmmmmmmmmmmmmmmmmmmmmmmmmmmmmmmmmmmmmmmmmmmmmm
317,No Chaker it's just the fact that I love plants
318,Kifah hadi chjer ta3 ward
319,Kayna ghir fi batna hadi
320,Jami chefti chjer ta3 werd
321,كاين نوع منتاشر في دزاير اسمو شجرة الدفلة
322,الورد تاعو باهي و سهل العناية ثاني
323,Ykhah fay7a😭😭
324,Malk a najib
325,واش كاين 😂
326,9olhom laurier rose tban chaba khir mn شجرة الدفلة 💀
327,انا نقرا عليهم بالعربية الله غالب
328,hdak ydiroh 9i f 3yn defla hh
329,3ayb defla 😭
330,Ntouma koulchi 3ndkoum 3ayb
331,No 😭
332,Howa ktebha 3yb defla <@946710636883243029> qolo 😭
333,no .. i did not 😭
334,<@&877880553599303711> please server-log 😭
335,"(it woz a typo, not intentionally)"
336,Yes I know
337,المهم نخل طبيعي
338,Hasbiya allah f Alger 😭
339,"هنا نسكت 
السي خونا جامي شمها واقيل"
340,True
341,"Waleft weather there, ghir dkhlt oran mredt"
342,
343,ورد الحمار 😭
344,حبق الفيل
345,Wech kayan
346,Bouzi wellit moderation belbaraka 3lik sahbi
347,Khti wchmn tabi3i hada l fer9 bino w bin ta3 plastique c que maykhdmoch ta3 plastique psq hada yexisti 💀
348,Aw machi blue ?
349,Lmouhim himayat tourba men linjiraf
350,wth
351,Ya Rebbi khlas
352,Tzre3 nkhel f ness l'autoroute w ness tri9 Bach manjarefch tourba ?
353,Wait 10 years w y6walou 7ta 30 metres then tchouf les dégâts li rah ysraw f l'autoroute ki ydreb ri7
354,10 years we won’t exist there so idk 😭
355,We will be 30 year old wow
356,Too much
357,Nkoun b wladi neddihoum yeqraw nchalah 🥹
358,Ma7ach ytwalo matkhafich 😂
359,
360,we won ❤️
361,Le cours??
362,Piiiii
363,Yes ha tebe3toy tonight
364,✨️✨️
365,Mzya dert aeliya wbaet nta mch ana 😂
366,<@578643557351555113> félicitations
367,Je vous prie chère madame d'agreer l'expression de mes salutations distinguees
368,Bayna t9bel hka
369,Damn 😭
370,Kifeh qdert
371,Psq 3ndk iphone Allah ghaleb
372,"Hi, 
Who's the student who proposed the idea of **phishing websites detectin** in Data mining ?"
373,And rhe student who proposed the idea of **Dark matter detection** ?
374,If u knw them plse tel me
375,I proposed the one of Dark matter detection ...
376,"nicee, was it accepted ?"
377,No. It was not in the course context cuz it requires computer vision techniques which is not covered in the course . But i told sami that there's like csv data not only images he  told me that u can resubmit the proposal with the new dataset ...
378,who has the solution of this 🥲
379,Khawti chkoun 3endou sucre roux 😭
380,Ra7 lmidterm 💃💃
381,Quiz m3w9a 😂😂
382,Mafhmtch aelah kayen bzf thank u f post tae lbachir
383,الغاشي قتلهم الvide وهوما يستناو في الكويز ايا بداو يحطو فيه 😂😂
384,Zidi zidi
385,Khelli zawali ycheyt 😔
386,"lukan mačči d arraw-iw, as fkagh yiwet n lwwunya"
387,A yemma yesker wul-iw yesker s waman n della3 😭
388,"A Yemma Yemma yesker wul-iw s waman n lbirra, nekk yughen yir tamethut segmi ad kker Di verra"
389,Tezrid ruhegh s axxam pendant L weeknd-agi tekcem g uqerruy-iw 😭
390,taqcict negh Les paroles 🤣🤣🤣🤣🤣🤣🤣🤣🤣
391,Les paroles 😭🤣🤣🤣
392,nwighas ttaqcict ikecmen aqqaru inek
393,Zik
394,ahya a l3arvi
395,a l3arvi iyad atensrwech anheddar s teqvaylit
396,كان يا مكان في قديم الزمان
397,amaaaaaacaahuuuuu
398,Ahuuuu
399,sahiiiiitttt
400,zman n zik ✨
401,Akken iqqaren
402,"ayemma cedhagh yiwen n zman
yiwen n zman aqdim
Lukan mačči d leqraya ur fghegh axxam
Lukan mačči d leqraya ur fghegh axxaaaamaaah
yalahhaalaaa"
403,Zik asmi lligh d amectuh lligh hemlegh ad ghregh
404,tura aqli meqraaaghd dunnit tefkayi aveqqa
405,Ddunit Zik ma d tura d isem kan
406,ddunnit zziiik ma d tura d isem kaaanaaaahhhh
407,Alalala
408,yalahallalaaaa
409,Acu ? 3ni umte3jib ara
410,"Tes3id zhar, tennidhd ""alalala"" deg umkan iwulmen"
411,"ttrajugh l3arvi atidikemmel, maca, teskecmedhd iman-im"
412,ruh attla3ved akinna
413,<@456226577798135808> he told u go play somewhere else
414,D taherkit
415,"A dunnit, leqvayel d iherkiyen, ahya dunnit"
416,arraw n franca
417,Dayen ur d-yeqqim acemmi g ddunit agi
418,"zik irgazen yeddawaren a3rur, assagi d tilawin"
419,Iiiiiih a ddunit amek i nella amek i nughal
420,"kreghd d amazigh, ad qimagh d amazigh, amazigh yettferfir am ufrux, assa ifsawen, azekka ifeksar, ulach hed atiskhedmen, ur yettenkar lassel-is"
421,a da3ruuuur
422,dawal
423,"these are wise words, but not everyone will understand them, in kabyle it hits different ✨"
424,I mean in amazigh*
425,Akken I qarren wid n zik: d aghyul i inekren lasel-is
426,dawal eeeh
427,d awal a mmis la kabylie
428,"no aghyul uyenkrara lasel, d netta yebnan la kabylie"
429,a3daw id ikecmen atensufagh.
430,tanmirtim a yellis medden
431,J’imagine la réaction-nsen
432,yellis la kabylie*
433,ad netqen ad qec3agh discord agi
434,"a weltma ttqadaraghkem, ad am-sawlagh yellis medden Di lkhater n vavam d wayetmam"
435,😭
436,D argaz d wawal
437,"tanmirt nwen
nejjayawen lehna"
438,Ar timlilit
439,inchaa allah
440,"<@201373829380046849> wch bro?
Cv chwi?"
441,El hmdlhh w nta
442,Alhamdulilah good
443,The kabyle to Arabic transition wech ngoullek
444,Service rapide
445,😂🫂
446,tried to say this and accidently summoned a ghost from another dimension
447,my words summon demons because my words are wise.
448,tana9od wadi7
449,machaallah arguments ta3k
450,"C'est vrai lm9adra thela g wawal ylhan, d nya igsfan 👏"
451,Avava ynova
452,Guys boushrika said there is no database in midterm
453,Ok
454,Khawti me3jona wesmo? Nsito 😭😂
455,Ayouuuub 😭😭😭
456,Amir
457,Amir 3efsa
458,Jouamae
459,Jouamaa wakila
460,جوامع
461,Masajid😭
462,Aah yess thank you 😂
463,😂😂😂😂😂😂😂😂😂😂😂😂😂😂😂😂😂😂😂😂😂
464,3lah masemohch ma3jona?
465,Dentifrice wela confiture
466,Makanch kifeh neb3et email le me3jona malqitoch 😂
467,مساجد
468,Tellement n3eytlo me3jona berk wlh nsito gae 😂
469,😂😂😂
470,ايوب مريض
471,جوامع = مساجد
472,Hih 3labali 😂 nsit ysamoh djwamaa sema matfekertch chera
473,التنابز بالالقاب سطاج الوحش
474,Djouama*
475,🎉🎉
476,<@456226577798135808> imposter
477,Problem fhamt 🥲
478,Ana gotelkom I'm from Kabyles t3 Oran w ma amentounich 😔
479,hi guys someone 3ndo corrigé t3 logic final t3 last year?
480,دعاوي الخير برك
481,merci 3lik bezaf w rebi ywefe9na g3 🙏🏻
482,Ana w ikram n7wsou 3la 9bayel ta3 wahran 😂
483,"Yakho I made up the joke kharjet kayna menha 😭
+ not that Ikram video again 😭"
484,wa7ed kha6o chbab yeb3atlna his notes ta3 stochastic (2nd chapter)
485,why there is no chapter 2 of network ?
486,packet loss
487,هه
488,midterm will be about chapter 2 only hh
489,Is there someone having an additional calculator?
490,I remember ur calculator 🤣🤣 is it dead ?
491,Yes obviously
492,ykhaloni ndakhel python lel midterm?
493,been using it as calculator mli bda sem
494,Same. I wish we can. N7seb bih eigen vectors
495,cov 🥶
496,ns79o calc?
497,"الخاوة جرعة امل 
Midterms: 
Stochastic 15%
Data mining 12% 
Mobile dev 8%"
498,w networks?
499,zidiha fel wasfa hadik
500,>> *unpanic*
501,>> *proceeds studying*
502,>> ***panic***
503,😭
504,A helpful exercises  in chapter one of networks
505,looool
506,Share m3ana chwya stochastic stuff 🥲
507,Btw khawti don't forget today is the deadline of Mobile Dev Quiz ( Kotlin )
508,Neb3etelkoum haja mohzina :3 ?
509,na3am
510,<@578643557351555113>
511,Khlas
512,Khawti chkoun kanet t3eyyet L3arbiii 😭😭
513,l3arvi rouh teqra stochastic hadik li rahi dir fik hakka :'')
514,"@everyone sorry for tagging, i’ve just noticed this, just pay attention that gehdwa nebdaw 3la 8.30 machi 9am as usual (de tt façon mm ida jitou 3la 9 machi prblm )"
515,Thank you Amira really didn't notice that🤍!
516,"thanks I didn't notice, I would have been late"
517,💀
518,nta mm ida u noticed u will be late
519,- Raid 2023
520,Raid rje3 telephone ta3 tefla
521,"<@638828933936316434> I am disappointed, how dare u steal a woman's phone, where is ur rojoula"
522,hmmmmmmmmmmmmmmmmmmmmmmmmmmmmmmmmmmmmm
523,Amira sorry for stealing ur phone it was for the purpose of good
524,Ghmala 😭
525,Sayess brk l3arbi
526,still better than reading people' problems in plane origami'
527,Chaker makachha ghalem hnaya why you deleted it
528,Mreg bli même innovation rahi ...
529,اخر حاجة نخمم نحفظها
530,لل kima jat jat
531,Hna ngolo 'kima jat klat'
532,
533,🥶🥶
534,Persons 😭
535,pErsOns
536,"Rah ja lma f les douches ! 
W 9rib yroh"
537,sa7it
538,Ur welcome
539,"@everyone 
Whoever wants to join a revision session, we will start one now at school TD 25"
540,Cool Rebbi y3inkoum
541,Guys kayen hot water f douche ta3 l A ?
542,Yes
543,<@201373829380046849>
544,<@201373829380046849>
545,<@201373829380046849>
546,<@201373829380046849>
547,<@201373829380046849>
548,<@201373829380046849>
549,<@201373829380046849>
550,<@201373829380046849>
551,<@201373829380046849>
552,<@201373829380046849>
553,<@201373829380046849>
554,<@201373829380046849>
555,<@201373829380046849>
556,<@201373829380046849>
557,<@201373829380046849>
558,<@201373829380046849>
559,<@201373829380046849>
560,<@201373829380046849>
561,<@201373829380046849>
562,<@201373829380046849>
563,<@201373829380046849>
564,<@201373829380046849>
565,<@201373829380046849>
566,<@201373829380046849>
567,<@201373829380046849>
568,<@201373829380046849>
569,<@201373829380046849>
570,WHAT what stop tagging me
571,<@201373829380046849> U r amazing
572,aya bella3 bye
573,Hada rak f Paris w walit psycho tsma loukan b9it hna tmout
574,yes 😭
575,"I just noticed beli stochastic modeling ne9raw both sections at the same time, was it always the case ??"
576,"Lala, kanet kol section 3endha cours"
577,agregation 🥲
578,who has an incompleted team f data mining ?
579,Ana 🖐️
580,guys
581,7na nsejlo f minha t3 progress hadak wela first years berk
582,Ouii
583,besa7 kho its written tasjil
584,7na renouvellement
585,why do we have to redo all papers
586,like les fiches de pays et tt
587,<@578643557351555113> help 🥲
588,Not all papers
589,You go down telqaw autres documents
590,U submit a single pdf fih: certificate de scolarité + releve
591,this one??????
592,Yuh
593,merci 3lik larvi 🫶🏻
594,D3ilna belkhir
595,
596,Chabiba jat electricity fl'ecole?
597,Lala
598,kayen electricity f la salle d'étude ??
599,Ty
600,No
601,lol
602,Khawti lidara tae l’école tkoun 3chiya?
603,Yes normalement
604,3ndna aswa2 idara ftarikh
605,Machi jdida hadi
606,Wlh ya mdkour😭😭😭
607,Gtlou aela wr9a gali i wanna punish u
608,Smlh
609,Nti lghalta 3lah trohi 3end medkour 😭
610,Psq houwa li y9dr yservini 😭
611,Kayen others
612,Wesh i wanted aendou ghi houwa
613,Rht ltht gae she called medkour galha mafihach
614,Ah saha ghir howa li 3endou hadak l paper 😂
615,Rht ljwamae nchkilou
616,Lgit aendou mdkour
617,😭😭😭
618,Medkour the new idara
619,Gali nti bouaouina hbit ngoulou la mch ana
620,medkour larry ta3 gumball
621,@everyone demain kayen wa9fa l mosanadat Palestine 🇵🇸 kolch yhbas meme l9raya
622,So demain wahd myroh y9ra and dork nhder m3a mr djouamaa
623,Good night 😴
624,
625,hderto m3a administration?
626,delegates send emails to administration
627,At least on les prévient
628,Rana kbar
629,This includes not buying anything demain or using public transportation (ya3ni en dehors de l'école)
630,Omw to buy water 😭‼️
631,If you guys need anything tomorrow we just ask here and n3awnou be3dana of course
632,
633,12 am tae dork wla sbah 😂?
634,Dork
635,"Dork rah raged, mais bon"
636,Welli yeqraw 3la 8.30 kifah 🙃
637,Mahebbinach nrouhou mais kifah ndirou it is not confirmed from him 🥲
638,
639,where is the option ta3 less than 5 hours?
640,Project fachel tae data maning
641,Demain nogfo 3la 8h fi i9ama
642,والقراية ليلة الميدتارم وين راهي؟
643,Oskot 3lina oskot
644,hayel trap king hayel
645,<@879756074012512346> ديرها ف ensia-only
646,ولا general
647,cha ndir?
648,لاقراف
649,<@&877880553599303711>
650,يال <@&877880553599303711> حلبونا
651,5awti n'a teni habb ndir la grève 😭
652,مام انا بصح راهي تبان طافية
653,"<@882774339051737109> 
ردولك ولا لا ؟"
654,Mara7ch yredou oumaima
655,Slm kayen wa9fa wla?
656,@everyone haya nkherjo bara l'école
657,We are not shouting wla @everyone
658,https://docs.google.com/document/d/1XMhLz73DERqP31eUkghL2YoR3LbQd0hm4cNUG0W2v2I/edit?usp=drivesdk
659,Li 3ando chakwa yhotha hna
660,Kifah hadi ? ( Concerns Stochastic Module )
661,Saksi l prof
662,Oops
663,Wesh sra f CP 🫣
664,@everyone wajdo rwahkom l grève chaba
665,Wsh kyn ten
666,Gouli bli 3la jal les pcs
667,Nary 😭
668,Wla eljl absences?
669,Absences thani ndir🤣
670,We live for the CP dramas 😂
671,Howa hada howa🔥
672,Wach zad sra
673,Can you give us l moufid ? Wech hdartou f CP ?!
674,We need kach مراسل من داخل  El CP
675,3lech mzl ma kmlo?
676,Cha sra khawti
677,Wait ykml w sahel
678,Why do I feel y'all are like that group of شيوخ in white f ليلة الشك ?
679,t9oulou salem y9lk greve
680,Mzla ma khrjo m cp ??
681,Nary hada CPP Machi CP 💀
682,#اطلقو_سراحهم
683,Khawti Wesh sra
684,Diroulna PV
685,B39laaak
686,Nokherjo ntfhmo w sahel
687,Ya dra wch dertu f 3h kaml 💀
688,Mazal ma khrejtouch 💀💀?
689,Yaw hgrona
690,3la les abscences ?? tell us about that part
691,3lch hada التشويق kaml
692,Ya rebbi rakou ghir tdirou f teasers 😭
693,Goulouna wch sra
694,"1- greve 
2- hegrouna 
3- ?"
695,Rah yhawzouna ?? z3ma
696,Wa9ila 7ekmo houssem ki chemo la greve 😔
697,Ha yeghelqou l’ecole 😭
698,
699,
700,Ya Rebbi Medkour 💀💀💀💀
701,The usual drama
702,Ki mayelgawch wach ygoulou : لازم ندرسوها
703,Wtf is medkor saying
704,Like wtf he thinks it's okay to say that
705,Like we are shit
706,Yaaaaw Arrar matqerich mm pas khelli bark b english wella b french 🤡
707,What certificate do they actually accept
708,Imagine yqoulek ur existence f l’ecole doesn’t matter 😭
709,Allah yahdihom
710,I think medkor nsa plasto
711,His existence doesn't matter either
712,Bro thinks he's something when he does his hand gesture
713,remitas wife is shit IT SHOULDVE BEEN ME
714,Ida goulna hnaa un mot ygoulou disrespectful w kda menna melhih houwa ygoul hedra kima hadik 🙃
715,Cho medkor grave hadik li 9alha we will not let it go
716,تعرفي المقولة : ولي معجبوش لحال يبدل لبلاد؟ رانا فيها
717,What the hell does he think he is
718,We been here longer than him
719,New TikTok trend ? Li ma3ejbatouch ENSIA kayen 1000 wahed yetmenaha😭
720,They brainwashed ppl to like it
721,Ofc
722,funny
723,Lmhm makanch jdid apart ta3 les absences mata3jbch
724,"yessss exactly cuz they never tell the truth to the media, rahoum msegmin their image ghir bina w yzidou yahadrou"
725,So like I worked my ass off in high-school to join their shitty school built on lies and false hope and unrealistic standards and work every day for something I tell myself will be okay I'll be fine ill get there so that this four eyed close minded unqualified administrator can just tell me that my existence within the school I've been in longer than him doesn't matter ? I'll show you exactly how my existence can be a headache
726,W les profs li myslhoch
727,Mn l3am lwl :))
728,لالا ختي تعداو الحدود بزاف بزاف
729,ولينا في هدور زايدين
730,Besah had lmara bezaaaaaf
731,بغا هدرة زايدة؟ قلبي راهو فايض منهم
732,W they just keep getting worst
733,Lazem ndiro strike
734,Je suis outré ‼️
735,darou downgrade
736,3la les profs
737,الحل؟ كون لقاو لي بروف كون جابوهم
738,هاذي حجتهم ديما
739,Kayen les profs houma li jaybin m3rfhom
740,They will not turn their problem on us
741,Après nb3thelkom PV
742,They will. they always do
743,What the hell does medkor does anyways ?
744,العدو الريفي؟
745,الشطرنج؟
746,مسابقة رياضية؟
747,Well they fucked around too much and it's time they find out
748,Bro lives in the parallel world bach yji ysebek w yrja3 l 3alm lkhayal
749,Sketna bezaf
750,Bezaf w ana n9ol it's hard it's fine hadi hiya ljami3a walo ma sahel
751,Besa7 7bibna yji y9oli I don't matter ?
752,Bro lived in the UK for so long and can't speak proper English
753,Did he think his existence mattered there ?
754,Well I doubt it did since look where he is now
755,Houda calm down 🥲 breathe
756,"Like at what fucking rights he had to say that school khalahalo babah and we don't know? 
So last cp 9olna lel prof send us l course bda ytir w yakol fi lahmo this is RUDE yzid yejbd 3la disrespect He will see what real disrespect is"
757,We swallowed all the shit they threw at us and now they think we'll just swallow more
758,Non je regrette
759,Disrespect berk?
760,Welll u know why? Because 7na khalinah fi lmara lwla
761,Rarely bach no9fo 3la klma wa7da
762,This is disrespect rude neglect unprofessional and all the words he likes to yell at us when we speak up
763,No I can't wellah bezaf
764,Sketna bezaf
765,Yes sadly
766,khaliha why keep all that anger in
767,We stan <@810614741012971552>
768,These are three years of our life he has no right to judge it and I will not stand silent to this disrespect
769,they should at least treat us like adults and humans li na3arfou slahna
770,Want to kick me out ? Kol lecole jespere edekhlek ll Jenna
771,Yakho Brairi treats us like middle schoolers
772,Yek l'absence ta3 TD w TP ythasbo séparés?
773,they are trying to control our lives more than overprotective parents
774,They forgot belli lekher fina is 18/19
775,Idc about all the stupid rules that they're just adding but they cannot just speak like that
776,We're fucking adults
777,They don’t even trust us 😭
778,f our own lives
779,I hope so💀 rani 2 2 fi klch
780,"i mean أضعف الإيمان salle de td yghelqouha wtf, nesserqou twabel"
781,"Reminder
A third year student rah gdim 3la Medkour f l'école"
782,For a club u need 100 paper to do a workshop ta3 2 hours 😭
783,Oh please now that I'm in a club office I see clearly how incompetent he is
784,#kickHimOut deja wch be9a
785,He just throws statements here and there
786,Wellah
787,I forgot
788,We cannot tolerate his presence after this
789,Who are you again? 😭
790,Lala u can have lab 9
791,*Finds another club at lab 9*
792,W les profs💀 li yosl7o nlmhm fi yd wa7da
793,Idc if they plan to finish before us U HAVE ENOUGH LABS MY GOD WHAT IS THIS CIRCUS
794,Matfakrnich déjà ani nssalo wehda mn had le côté
795,<@882774339051737109> ida tro7o tahadro m3ahom can I come ? I will tell him exactly what my existence means here
796,+1
797,Exactly
798,Bro ignored all my emails fi seif 7tan I ended up here again
799,Kerahlna lm3icha
800,What is a school without students ?
801,Medkour
802,If he thinks he got the second and third promo brainwashed hamdoullah we r not as much
803,They really don’t deserve us
804,On est trop parfait for them wlh
805,Lkhawa ig thamsto chwi bzf 🙂
806,Lala mazal
807,Hadek yhb yzid 3liha bzf ghir bch yban bli hwa sah w hwa klch  f had l'école 💀
808,Hadi jatek bezaf?
809,Walfeto الذل wa9il
810,W houma jawek 3adi?
811,Chghol ايه استفادت الأمة while u throwing talks here
812,Surtout ki ydir ro7eh super busy w marahch la7e9
813,Nothing
814,7aseb dzair temchi bih
815,Anyways ki yjbln pv
816,7bibi ki jebnak njibo ghirek
817,"Let people talk, u don’t like it just don’t be part of the discussion"
818,Ntfahmo
819,Yakho hedra tan tsektou nass
820,Lazem ntfhmo
821,Ahm y3abrou 3la pov ta3hm Meriem
822,"Medkour has always been that person that speaks this way, yroh y9wd (mich ttyaha 3andna)
Why to thblo 3lih hna f msgs"
823,Ever heard of mute ?
824,"He can do nothing tdf, beside hadra li troh wtji"
825,Oh so like I can just insult u rn and it's fine ?
826,"Already, it's just that I see nothing practical here"
827,So like can I press all ur buttons ?
828,Insulting him here would solve what exactly?
829,نقدر نستصغرك؟
830,"ميش كيف كيف 
انا هنا تستصغريني نقلبهالك في وجهك"
831,"بصح كي تستصغريني ونروح في ظهرك نهدر 
I'm a loder"
832,S
833,Last time I checked this was a group chat in which I can say anything with my school mates and I also checked that the mute button works just fine so consider using it
834,"And that's what I'm pointing
I'm not saying 3ando lha9f wch gal, I'm saying let's agree on slth concrete"
835,Gurl I'm literally asking them to take me with them to medkor becuz he will hear of me
836,why not talk i don't get it? if you wanna talk you talk everybody has that right !!
837,cha rah sari
838,Meriem is defending medkour 😂
839,Well before we get to that may I please proceed with my opinion ?
840,"I'm not, why would I"
841,"Stochastic 2+2= 4 donc excluded
Haka a class she teaches told me"
842,"<@681238662453002271> هدرت معاها؟
وش قاتلك ؟"
843,يس كل واحد وحدو
844,"I'm protecting u, marbahna walo ki ngat3o fih bla fayda
Maybe I'm being pragmatic"
845,بلا فتنة خوتي🥲
846,khawti calmez vous 🥲
847,Well nmout ki ngeta3 fih is that okay now ?
848,"I see if we wanna be on strike we should have some clear and precise reasons to do so ! Not just say we don’t like the way Medkour talks to us. And the problem is that Medkour is just a sample of how Algerian administrators are , arrogant, feel superior etc"
849,"Go die khti sorry ki fzdthalk
Keep on doing ur stuff"
850,I'm sorry go die ?
851,Someone understands ✨️
852,Wtf meriem
853,Kyn bzaf reasons khti
854,"Goutili nmout ki ngata3 fih goutlk go die, didn't mean it that way"
855,Give us a list
856,dirou thread koul wahed yhat fih reasons
857,Lazem ntfhmo 3la hwayj par example les profs bezaaaf
858,"Howa khawti medkour has always been bnedm m3aw9 f hdrto tt de façon, avrg administration algerienne
Let's think of smth concrete"
859,Walefna del fr ...
860,Bsh heka it seems like rana nhwso ela reasons. Lkn kyn sah reasons lkn rhom bynin
861,One of the most important problems in this school is el ma3rifa as someone said melfou9 ! Ig mksh wahed marahosh confused how Arrar remita’s wife is giving courses while herself can’t write a word without the documents she carries with her
862,"Mawalfna ma waloo
C juste 3leh should I ndir 3lih? Yroh yzmr 🤷🏻‍♂️"
863,"true, ykherej mn ra7met rabi, and there is no cure"
864,True
865,yro7 medkour yji wa7d mrenek kter mno
866,Not her husband been hakem kolch for a year
867,I totally agree with that but at the same time he has no right to say in a cp which is supposed to be a professional meeting and he loooves to use it droite w gauche
868,So if u are suffering without knowing why u shouldn't check why? Tstnay reasons ykhrjo w7dehom? Asln klch byn
869,"Ya jama3a khalou les delegués houma li yahdrou, 7na li 7drna cp w chfna w sm3nq"
870,i agree
871,Maelich yek juste i asked for a list
872,Kona f Jenna m3a remita 🥲
873,This is avrg definition ta3 bnedm m3aw9
874,dirolna pv ta3 the CP
875,Well said
876,Drk les delegués ta3 chaques group yfahmoukm
877,So this chat can be used for other things ?
878,Exactly
879,<@700379394383937607> clear the discussion ://
880,Ntouma ki sm3tou hadik lhadra wch Kant la réaction ta3km ? Sktou ?
881,"no, kan m3ewe9 too"
882,"Unacceptable wch sra f cp, surtout mn 3nd makour w arrar"
883,Sry if I seemed rude💀
884,Galouli arrar galt l bnedm wch dakhlk 🤣
885,Hkaya twila w manich 9ader nhki fi discord
886,Yakho please mention kifah kan yahder what he said cannot be acceptable idc if he's m3awe9 retard or just a piece of shit I will not let that go
887,tfekert la96a ta3 zaki f lab
888,Tarbiya 0
889,"<@810614741012971552> sorry if I sounded rude too, it's just I see it matstahlch nahko 3liha
السكوت عن الأحمق جوابه
But sorry anyways"
890,Riad doesn't deserve her IT SHOULDVE BEEN ME 😭
891,"Fun fact
In his time les délégués magalouch wch galou 3la medkour xD"
892,chra3 hallal 4
893,He didn't exist malek
894,Sra drct plot twist f conversation 😂
895,I have two wolves inside of me....
896,Nziyer ro7i ghir chwi nweli ana first
897,Kartabli rah hna 🤣
898,Couldn't hold dahka wlh
899,Bach tekhdem f l'école lazem tkon politician before being professor he is one of them at least mrabi 3la hadak
900,I mean ki kab Riad directeur adjoint
901,Konna 3aychin ghaya
902,maye9edrouch ymedoulna charachim y9arouna stochastic
903,Tfkrt ki dit 7 fel proba goutlou mala ndkhl rattrapage gali ida mazedtech dit 7 f module wa7doukher
904,"Eeeeh ya remita malgres eda7ka cherira lcute jamais rba7lna l3ib ya3ref ghir ""vous croyez que c'est facile? Mais non ça ne l'est pas hahaha"" 😔😔😔😔"
905,النقد الهدام
906,"Remita nbghih 🥲
Konna 3aychin ghaya m3eh"
907,no he was encouraging him to challenge himself and do better 💀
908,I bet he said it with a smile en plus 😭
909,الناس قبل معرفة مصطلح جبر الخواطر :
910,Laugh mchi ghir smile :'))
911,Hado hidden implications manfhmohmch
912,When u think u had a good day and medkor pops up <:pepecry:979070412124213279>
913,Wait when Guessoum will pop up 💀 1 month to go
914,Hadak his project machi pop up <:pepecry:979070412124213279>
915,Semester 2 🥲💀
916,Short sad story
917,Ana rani mkhbya my trauma for second semester 💀
918,خاوتي ربي يجبركم 🥲 و يجبر خاطركم تروماتيزاونا
919,
920,Tsema no peaceful year kol 3am drama jdid
921,Peace w ensia ?
922,f our school tekmel 3lina kima l crew tae erwin
923,Ze3ma who you think will graduate from ENSIA ?
924,You
925,Drop ur bets ladies and gentlemen! drop ur bets!
926,Ah ki daretleh 🤣🤣🤣🤣
927,Inchalah :3
928,😵‍💫  LO' DEFERENTEEEEEES
929,"""ida ma3ajbkch lhal you can leave wtkhli lplace l one of 1000 3abd i ytmnaw ykono hna""
shall i rephrase? ""you are not worthy of a place at ensia"""
930,Its literally the students li ymdo worth ll ecole
931,"L'esi reputation ta3ha men les promos lgdoum 
Tsma f ensia reputation tebda men l promo ta3na
Tsma ta3 you are worthy ghir mysabbarch ro7o biha"
932,"lala ig that woz the catchy shit li zad fessed lhala ktar, bssh it is not only about what he said bayna"
933,"read between the lines mate, it is not about what he said only"
934,+3days 3otla woooo
935,Well nhar hab l wahed yro7 b9aw chadin fi jedo w dok yji yetfer3n 3lina 🙃
936,"Ida darna greve, I suggest ndemandiw system nta3 evaluation nta3 les profs just kima les universites lkbare.. As far as I know, MIT dayrine evaluation system lale les profs based on their research and the rating of their students.. Aye prof yahbate 3la some minimum evaluation y7awzouh"
937,he just passed by me with a smile
938,NYU did it and they fired a teacher becuz students complained too much
939,https://tenor.com/view/13reasons-why-hannah-trouble-gif-8668140
940,Hna they only know how to evaluate students
941,"Exactly, hakda ywalo les profs y5afo wydiro more efforts bah yrado les etudiants y5afo about their rating"
942,I mean like did they never wonder why we complain too much
943,Mayt9abloch the truth
944,"Communicating this idea to them will be considered disrespect, kima 9alou ltae l math last year ""vous vous prenez pour qui bech ntouma vous evaluez un prof li 9ari w khadem"""
945,Such a wonderful road for development
946,"Parceque au fond they know, they aren’t competent"
947,bro took black mirror a step further 🫠
948,"""École"""
949,Yjibouli chettah w bouziane w Arrar 😭
950,Ngl bouziane is good f data mining
951,Ig it's just as shitty as anywhere besa7 they die for acting superior and pretending they're smthng
952,Chettah is useless
953,You study 3end chettah 💀
954,Yes bessah lyoum 9erana bouziane and he was explaining fr fr
955,Chattah tez3af 3lik ki t9olha can u explain to me this point 💀
956,Mate3refchct t expliqui les reponses li jaybethoum mn chat gpt
957,ig walefti how useless she is that now any other option looks better 😭
958,Tchofek fate7 chat gpt tahbel 3lik
959,Psq she knows she has the same answer on her paper
960,يختي لاه مش كل واحد يحكم سبيسياليتي تاعو
961,لاه بروف يقريك 5 موديل 4 جامي سمع بيهم من قبل
962,"<@681238662453002271> 
Ki 7kit m3a arrar ba3d cp wsh galtlk?"
963,Jma3a wjdou rwa7koum tdiw 0 f exam ta3 stochastic
964,Hamdoullh daymn mwajda rouhi 😂
965,راني متأكدة رح تهردنا
966,"Bruh hiya mafahma walou fhadak lmodule, kima fl midterm psq machi fahma CTMC medethoulna hfada 3awed ktebli lcours"
967,Mate9derch dir sujet hiya mate3refch thalou
968,الخازة مينتا تبدا لاقراف
969,"Li habo lam7a 3la cp :
Arrar li yehder m3aha rekhsato, qalha khalil dirilna le cours b l'anglais manach nfehmo français wla at least be3tilna support b l'anglais, qatlo wch dekhlek neb3et b langue li nheb w deja nta makech tehder les cours matehderch aya qalha houssam lwizara qalet neqraw b l'anglais w sinon 3lah qrina esp qatlo nta ak deja exclu men le module matehderch qalha rayanzak machi hakda w kan yseyi yreqe3 hiya qatlo 3lah tehder m3aya hakda w dok ndirlek conseil descipline w kan ychof fiha normal w saket hiya ga3da tqol chof kif rah ychof fiya, apres qalha imed bl3qel lah wch dar bah dirilo conseil descipline qatlo wch dekhlek dork hadi bnadem?

W medkour li yehderlo 3la 3efsa yqolo lala w yqolo indirect dir mafik ma3endek ma dir exemple sghir qalolo jibo drach le mosala mahebch qalo ki ykon mosala tweskho les sanitaires hachakom 

W les délégués ddaw rekhs 3la jal gae le promo sema yetikoum saha 👏"
970,حسبنا الله ونعم الوكيل
971,مسمومين🥲
972,Khawti kich bch ncha3al nar wla
973,But authentification ta3 wra9i n7awha f ensia 🙂
974,💀
975,W medkor qalek this is my school ana ndir lqanoun
976,kifeh hadi ?
977,wt about bachir ?majach lyoum wla ?
978,البشير جامي جا
979,Moudir fi batel
980,Kifeh derna m3a medkour?
981,Psk darouha w magalounqch meme pas
982,Machi geste
983,🤣🤣🤣🤣🤣🤣🤣🤣🤣
984,guessoum be like excuse me?
985,they dismissed guessoum from his position and this dude thinks hes safe????
986,المدرسة الوطنية العليا لطارق مدكور
987,لازم قراف حتى يسقم روحو
988,yetne7aw ga3 😭
989,
990,
991,Neddi paternity holiday 🫣🫣🫣
992,kayen jma3a jahom convocation ta3 military w ma9blolhomch justification
993,+ hadik ta3 hospitalization mkach ga3 f 9anon
994,jaboha mn risanhom
995,9alna ma3jouna lazem tjustifyi within 72 hours
996,"3andi private jet nroh l dar, then to military base (which takes in most cases the whole day), then nerja3 the next day bah ma3jona يرضى عليا"
997,also ik someone who brought it within that time ig and darolo drama
998,"Bro kfh lwahed 3ndou justification fiha 2 semaines wlla jsp w lzm yjibha within 72 h , koun ja y9dr yjibha aw ja y9ra"
999,imagine ur set for an operation but ur priorities have to be showing ur justification 💀
1000,Hiya ya3ni
1001,Question
1002,Why don't they justify to us their absence too
1003,Like
1004,I haven't seen the logic td teacher in two weeks
1005,Where my justification huh
1006,How do u justify that becuz of u we're late f td
1007,<:pepecry:979070412124213279>
1008,ya moncef lah 🥲
1009,Malek zaki 😭
1010,ketbouli men telifoni 🥲
1011,"We don't need this, mouhim ymedoulna wer9a li ""jat Mel wizara"" ta3 : lazem hospitalization w tb3tha in 72h"
1012,"يخي كاين هذيك الform 
قاللنا الصباح تبعثوها في الform قبل ماتفوت 72 ساعة و كي ترجعو من العطلة المرضية جيبوها"
1013,التكنولوجيا فيها المشاكل
1014,9olo l medkor his school ra7et fiha triciti
1015,What if u're passed out for 72 hours tho
1016,This proves it's his
1017,Ghi Lmahboul li y9ra python b malyoun w nos
1018,Lbendi t3jbou l'offre
1019,Ay t3mrt la liste <@882774339051737109>
1020,<@953643117825908826>
1021,Chekon ktab lio messi 😂😂😂😂
1022,bayna t3ammret
1023,"Mala Amira t9ray python b malyoun w nos, Lhendi y9arik batel"
1024,machi python wach dani l python ana
1025,leomessi 😭
1026,Li ktebli ismi wkilou rabi
1027,Wlh 1000 DA mayedouha
1028,mzabi
1029,"Ya khouya YouTube kayen, Kaggle kayen, DataCamp kayen"
1030,Te9ra python b saha w lhna
1031,<@882774339051737109> na7ili ismi na7i rahem na7awlna access
1032,<@882774339051737109> a3tina l access n inscriw
1033,They will send a form
1034,Lmouhim ne7li ismi
1035,Ana m3ndich editor
1036,"@everyone  Exciting Discount Offer for ENSIA Students on Python + Data Science Bootcamp! From Limitless Learning. 

Dear ENSIA Student,
I have some fantastic news to share! We have secured an exclusive discount from Limitless Learning for their upcoming Python + Data Science Bootcamp. This is a remarkable opportunity for us to enhance our skills at a significantly reduced cost.

Limitless Learning's announcement states, ""At Limitless Learning, we offer a learning path that takes you from beginner to expert. Our instructor, Sofiane Ouaari, recommends starting with Python programming to ensure everyone is aligned before delving into more complex concepts in Data Science and Machine Learning. The Python course begins in January 2024, lasting four weeks with sessions twice a week, followed by the Data Science course in February 2024.""

Here's the exciting part – the discounts:

● Regular price for one course: 29,900 DZD
● Regular price for any two-course combo: 40,000 DZD
ENSIA students’ exclusive offers:

● 50% off for groups of 10+: One course for 14,900 DZD, any two-course combo for 20,000 DZD
● 66% off for groups of 20+: One course for 9,900 DZD, any two-course combo for 13,300 DZD

○ Remember, this offer ends on December 31st.

This discount extends to other courses like conversational English, cybersecurity, IELTS exam prep, and more. It's an exceptional offer available only to ENSIA members.

To facilitate coordination, I have created a Google Form for interested individuals to add their information. This will help us organize the group and ensure we maximize this opportunity.

Here is the link of Google Form : https://forms.gle/7YKd4hJ3wqwz9mDfA

Please let me know if you have any questions or concerns contact me via email (houssam-eddine.boukhalfa@ensia.edu.dz). Don't miss out on this fantastic opportunity to advance your skills at an unbeatable price!

For more details check the web site : www.limitlesslearning.us

Thank you,"
1037,"Free month discord nitro for who's interested

Download and Install Opera GX (https://www.opera.com/gx/gx-browser) Browser

Open this page (https://www.opera.com/gx/discord-nitro) via Opera GX browser

Click on Claim Now button

Login to your Discord account

**PS: you need a card bs7 you won't be charged**"
1038,mtmchich pyypl douka?
1039,Sayi balak tmchilek
1040,aslan lzemlek windows so it's not gonna work for u
1041,@everyone galelkom Djouamaa mn9rawach had lkhemis w n3awdhoh b sabt lakher ta3 l3otla li y9bal ydir ✅️ li my9balch ydir ❌️
1042,<@774006774814081045> deja we don't study belkhmis 🙂
1043,Wech men yes 🤌
1044,<@774006774814081045> diri ❌
1045,😭😭😭
1046,Sahit a niheel 😂
1047,Thank u Hocine
1048,"<@882774339051737109> please confirm what's the decision asap
Bah lwa7ed ydir 7sabou"
1049,People li my9rawch blkhmiss les tds wtp aelah akou tsmtou 😃
1050,@everyone l9raya blkhemis kayna normal
1051,Ghi 3 eme anné wlla ga3?
1052,Ba3to email galk mafihech
1053,W hadoum chkoun darhem yrepresntiwna
1054,Kacimi 😭😭😭😭
1055,
1056,"For who is interested in Gen AI 
https://info.nvidia.com/fast-track-to-generative-ai-webinar.html?ncid=em-webi-870821"
1057,The drama poupette soukaina >>>
1058,كاش واحد راه فخروبة تع الطاكسيات؟
1059,Tag everyone 😭
1060,خلي برك
1061,Da lwa9t  makach taxis in general
1062,ايه مكاش
1063,Heey khawti
1064,Chkun mzalou fla cité w ha ykhrj jihet l pharmacie
1065,kont tema
1066,Damn
1067,Jma3a madame cherchem sent you this
1068,
1069,Spenser ma7bob Lasatida
1070,
1071,😬😬😬
1072,Bghit nbaetha lbrahimi😭
1073,neb3etha?
1074,Yglk chdkhlk😂
1075,Idk hssitha chwiya rudeness
1076,Bon idk
1077,Ana depassit rudeness at this point
1078,Someone needs to stop me
1079,Like say: Stop Larvi 😭
1080,Ayah💀
1081,Lazem nroh waqil 😭
1082,Wkil
1083,k is ك and q is ق
1084,Nhder kima bghit😃
1085,Cancel Soumia ❌❌
1086,Larbi sir tn3ss akhouya
1087,Saha 😀
1088,oukil AoA
1089,hh
1090,سنقر لا تسرق
1091,Wa alaykom Al Salam :3
1092,
1093,This is what happens when you have no power
1094,You watch
1095,Khawti wchno le3b samet hada 😂 chkon markani le formation tae python b 40000 da 😂?
1096,"Des 7 des 8, des 7 des 8, t’es qui toi ? 😭"
1097,imagine tkhles 4m to study data science when there are bouba's workshops
1098,Wch rak tehder 😂
1099,"Bouba Vs limitless 
Loser stops data science workshops"
1100,POV:
1101,Just finished AOT
1102,Not what I meant 🥲 just m bouach sending me email at 2 am saying thank you for your interest in our courses 😂 wana madkhelt f hetta course so surely someone wrote my name 😂
1103,Beh je suis Pamela
1104,Can bouba get bouba's workshops tho ? 😔
1105,Think about him 😔
1106,
1107,"💀 bash yb3tha to ""leomessi@gmail.com"" b3thali lya"
1108,<@883306210680504330> <@700379394383937607> <@875482444818681897> <@879756074012512346> wa9ila hada howa nassim hadouch li tmrka hadak nhar😂
1109,Cheddadi Saousene Nour:
1110,https://tenor.com/view/kim-kardashian-money-cash-make-it-rain-make-that-money-gif-6509116106792146073
1111,Ana markit khaled lemouchia machi bouba
1112,Ga6ouz el wa7ch >>>
1113,Maatoub lwnnas
1114,Ouled Ali Marouan Abdeldjalil
1115,Aah c pour ça lheqni email mala 😂
1116,capture l tari5
1117,Dok ana ndirha
1118,<@882774339051737109>  wsh kont t9olna ela la greve
1119,Bdat taejbni lfikra
1120,😼😼😼
1121,Ah ya nihel😂
1122,aki bditi tetatri 😂
1123,Second time t3awed tokhrejli formation manich m'inscriyi fiha 😂 li rah yhetni au moins kheyer des formations free 😂😂 ydelo y3aytoli ana
1124,<@917789079431680020> 😂😂
1125,yrbi gomycode y3ytoulk 7 fois successives normal 😭
1126,<@880206525950476359>  teht f dawamat gomyvode 😭💔
1127,awal centre de formation marketing strategy taou mousstaw7at mn li ybi3ou ri7a ftrig
1128,Banetli nweli kifhom f gostu 🤣
1129,😃
1130,🎣
1131,Why do I understand this ? 🥹
1132,<@882774339051737109>  akhir nida2 😭
1133,بصيص الأمل
1134,😞😞😞
1135,
1136,
1137,Makanch seba ndiro 3la jalha grève 😄
1138,"New year - - - - > new budget
IPad??"
1139,البدر افتقد يوم غاضتهم RR فالمحاضرة لأنها جاعت قبل CP 🫥
1140,@everyone wech raykom fi test ta3 stochastic w la loi normal li machi normal 😕!!
1141,Mashi normal ih. Ndirou grève 😂
1142,<@774006774814081045> 😭
1143,Tbanli w9tha
1144,ana tani m3jbtnish ..
1145,<@882774339051737109> la gréve ay t3yet
1146,"Li Machi normal 7i6ist ykhles 15000da par mois w 7na 3eme année mazelna b melyoun 
#البطال.خير.من.طالب.الذكاء.الاصطناعي"
1147,الانتخابات قربو »» زيادة رواتب القطاع العمومي ومنح العشرية السوداء »» التضخم
1148,ومسكين الطالب الجامعي
1149,Greve 😭
1150,Abchiri
1151,Raha haka
1152,https://tenor.com/view/listening-chef-chris-cho-cooking-boiling-nodding-gif-22681223
1153,Someone is typing
1154,"@everyone 
Urgent Mobilization Call for ENSIA Students!

Dear ENSIA Community,

We are facing pressing challenges that demand our immediate action:

1- Absence of a Master's Degree: It's profoundly concerning that ENSIA does not offer a Master's degree  This is a critical pathway for our academic advancement and professional development. The availability of a Master's degree is essential for those of us aspiring to higher levels of expertise and career opportunities.(PhD)

2- The issue of inadequate internship opportunities needs to be addressed. Quality internships are vital for practical learning and career readiness.

3- Lack of Necessary Educational Tools: In this digital era, it's crucial to have access to tools like iPads or laptops for our educational pursuits. These tools are not luxuries but necessities for a comprehensive and modern learning experience.

4- Poor Quality of Curriculum: The courses we are currently being offered (such as web, network, stochastic) do not align with our educational needs and aspirations. We deserve a curriculum that is relevant, and beneficial for our future careers.

5- Unprofessional Conduct and Treatment: We are also confronted with the unprofessional behavior and disrespectful treatment from Tarek Madkour (""this is my school""). This negatively impacts our learning environment and is unacceptable in an educational setting.

We propose a peaceful strike to advocate for these fundamental needs. This is a call to come together, to voice our concerns, and to demand the educational standards we rightfully deserve.

Let's spread this message, engage in constructive dialogue, and strategize our collective actions. It's time for our voices to be heard and our educational needs to be met.

Let's come together to plan our steps forward. Our education, dignity, and future are at stake.

Together for a Better Future at ENSIA,"
1155,Zidelha Authentification of papers
1156,And makanch profs
1157,Hope this helped
1158,
1159,Together for a Better Future at ENSIA 💪
1160,W remita kifah <@882774339051737109>
1161,Strike ybda tomorrow?
1162,
1163,Who says maymedoulnesh master
1164,"Check the regulations of the school, they give an engineering degree that's equivalent to a masters (in algeria)"
1165,Basically a certificate program machi fih bachelor w masters?
1166,No fih only engineer degree
1167,This time all three promos should advocate for their rights.
1168,Mor exams
1169,Second week of the S2
1170,
1171,<@882774339051737109> send it ll 2nd year bach yzido some problems ta3 concours psk mazal mabanch bien kifch ra7 ydiroh
1172,Win nal9ahom
1173,Nte3 esi thani ymedoulhom ghi engineering degree?
1174,Nehawhalhoym wahed l3am then darou strike w rej3ouha master + engineer
1175,
1176,Saha l sg
1177,Ndiro idrab 3al idrab 7ata traj3ouna l idrab 9bal les examens
1178,Farouk spitting facts 🫡
1179,Mafhemtch 💀
1180,Idrab
1181,this is a must yeah
1182,foyer
1183,9telna cher
1184,نديرو اضراب على التليتلي تاع الاقامة 😂
1185,وشبيه جدهم ثاني
1186,No way darou tlitli lyoum rani 😭?
1187,It’s literally the fifth day 😭
1188,يس دارو اليوم تليتلي ثاني ، المرة الرابعة
1189,Ghdwa ydiroulkom rechta ma tebkouch
1190,Yennayer 🗣️
1191,Yuh but they didn't bring a lot of rechta 😭
1192,Since when do they know the word a lot ?
1193,They know it in tlitli
1194,Loukan yelqou plat yqesmouh sir 2
1195,Also not them giving spaghetti bel double
1196,"مانشتيش الرشتة 
هك يديرو تليتلي خير 😂"
1197,Oumaima dork yahablou 3lik <@953769659642044546> w <@917789079431680020>
1198,Goulhum ymdoulha mn tae lbareh😭
1199,Fih gout “ walou “
1200,ta7ya l9bayel (lyom berk)
1201,😐
1202,
1203,Ameen 😭
1204,Wchih li ameen telfthali larvi 😭
1205,Khawti !!
1206,Ghir lkhir
1207,anyone had Binance 🥲
1208,🙂
1209,Urgent 😭😂
1210,3ndi
1211,مكانش كيفاش تقدمو لاgراف خاوتي🙂
1212,Khlas deadline 😭
1213,Bayna siyiti t9ray proba 🤣
1214,<:PES_Hands:883030075476443156>
1215,oui grv w 9rit bzf kmlt wch bdina lbar7🤡
1216,yakho last ep was *chef kiss*
1217,Ah sa7a yadra kifah episode- I mean chapter 3 heheh
1218,Abababa kemeltih 😭
1219,6 ep is nothing<:pepecry:979070412124213279>  but 1 page of a chapter is
1220,"Khawti elli rahom fel school, Kayen électricité ?"
1221,Nvm wellat :3
1222,@everyone Khawti kach wahed 3ndou 2 calculators raha 7bst ta3i
1223,3andi scientific 🙂
1224,Fiha log2 ?
1225,lala
1226,dirou bl ln 🤷‍♀️  as I used to do 🥲
1227,Kifeh t7wl ln L log2
1228,e7essbou we7dek ln(x)/ln(2)
1229,ولات آلة حابسة 😔
1230,I laughed 😭
1231,"Btw khawti, a kind reminder ma tensouch Quiz Mobile ( deadline Wednesday ) :))"
1232,Wednesday nshlh ndirouha 😂
1233,Bayna hadi 😂
1234,"Hada isti3mal solta
You tagged us here I was like bayn kchma kayn"
1235,Mazal i need a calculator for Wednesday anyway
1236,Bruh timetable 💔
1237,
1238,Gae hak
1239,Nary bezzaf 😭
1240,We will live in school
1241,Ya rebi cha had el alwen ya rebi 💀
1242,It’s not giving
1243,
1244,
1245,Too much 🙂
1246,Ma3lich
1247,Only 1 year and half are remaining
1248,DJIROUN is back 😭
1249,cute
1250,LAKEHAL 🫠🥹
1251,Only 1 year ? <:PES_Hands:883030075476443156>
1252,Yeah
1253,بصح عدد السوايع تاع كل موديل وحدو كيما هك موالفين نقراهم كي يكون عندنا term
1254,Soukti khti soukti
1255,Waqila ghltou darou 2 groups f one timetable 😭
1256,+ manesh 7a ne9raw analys numerique w electronic labs 😭
1257,Anfal ca va chouya ?
1258,Numerical methods tbali hiya analyse numérique
1259,dont think so psq 2eme ye9raw analyse nemurique semestre l jey sema matkounesh the same
1260,No 3ndehoum analyse 4
1261,But wait nfriou stochastic w yar7amha rabbi
1262,ih analyse 4 hiya numeric
1263,Lycée
1264,"Khawti wsh rykom nbaetolhom email yannuliwna exam hda, haletna nefsia ma tsmhch 🥲"
1265,Nbaetoulhoum email ybaetou lsouloutat lmatch yt3awed wesh rayk 🙄
1266,Khawti go before midnight 🫠
1267,Wht makes me feel bad.. Makes me feel good...
1268,Rani hassa kayna 7ikma mais mzl ma l9itha
1269,What doesn’t kill u make u stronger 😭
1270,Makes*
1271,Maka maka
1272,"جماعة قالك راهوجاي الوزير ايا مالا اللي يتلاقاه يقولو وشراهو صاري جينا لقيناهم طيشو لبادن تاع الما اللي كنا معمرينهم باش ماتبانش بلي الما راهو يروح ايا مالا اللي يتلاقاه يقولو الما رانا نعمرو في الاحتياط و لبادن تاعنا طيشوهم قبل ماتجي برك باش يبان بلي عندنا الما ديما 
و قولولو بلي الماكلة راهي ماتصلحش و ماهمش يلتزمو بال menu و الحاجة يعاودوها 20 مرة"
1273,Yakho they are following El menu El jdida
1274,"على هذيك اول سمانة بعد العطلة كلينا التليتلي 4 مرات في سمانة وحدة و الحمص 3 مرات 
+ الغدا تقريب ديما مايصلحش"
1275,
1276,I am talking about this menu
1277,They are following it
1278,So when talking to him specify
1279,"If u wanna talk about the week before that, say it was the week before that"
1280,"بصح علاه بداو يلتزمو سمعو بيه جاي 
كون ماكانش جاي يكملو يديرو رايهم 
ديما يديرو هك كي يعود واحد جاي يلتزمو قبل ما يجي 
كي يروح يرجعو يديرو رايهم"
1281,و زيد ضرك كي يروح الوزير و يروح الما يعاودو هوما يجيبولي لبادن اللي نعمرهم
1282,Filra mliha
1283,Yrouh lma nhbt nglhum hatou badni🙄
1284,الماكلة ثاني الاغلبية راهي ماتتكلش فرضا حتى و راهم يتبعو في الmenu بعد يا الغدا
1285,"🙂 ana kanou m3mrin frghouhm w famme de ménage galt to my neighbors 5bouhm 3ndk ( galt bli rahm yrmiw fihm so hia dart plaisir fina u see 
Wech hada"
1286,Are you sure they knew ?
1287,"I'm not defending anyone but in case you are making assumptions then please remember إن بعض الظن إثم, check first if it's true wla lala, maybe ask the minister if he already told them about the visit a week ago"
1288,Lala osbri smana li mor l 3otla maknch kayn menu tsema kano ydiro li jat w yefrgho f stock ta3 3fays kaynin capable yekhsro bsah morah ki kan menu daroh w teb3oh
1289,Wahda femme de ménage mor marmat ga3 l baden li kano 3ndna gatli khebihm f la chambre l dok mafhemtch wch nkhebi w hiya rmat kolch 💀
1290,Kayen wahed 2 eme annee shared with u this link check it
1291,https://docs.google.com/forms/d/1MlsdC2gx5o5oK1cnSjntClt9MQoFbu1FL5hAWQlJOeE/
1292,it is about Qareeb Internship Application Form
1293,ياوورت 🤣🤣🤣🤣
1294,What’ is راغو in the menu 😭
1295,Mrga batata w zroudia
1296,Rou7 todrob croissant rou7
1297,wnti ro7i todorbi lcousina
1298,Cousina >>>>>> school
1299,<@777137053166993409> No
1300,
1301,How dare u potter
1302,Hum
1303,
1304,You are not djomama
1305,slam 3likom ma3andkomch final exam web dev t3 last year?
1306,Hadak l exam 🤓😭
1307,
1308,WHO ARE U
1309,"*** CANVA PRO TEAM LINKS ***


LINK 1: https://www.canva.com/brand/join?token=RMmhbvQbf50PrIgmdzXkww&referrer=team-invite

LINK 2: https://www.canva.com/brand/join?token=VtmMyV3bfMcElBWHbJ8FGQ&referrer=team-invite

LINK 3: https://www.canva.com/brand/join?token=5YSfzpm2BztTNzXHhpZEHQ&referrer=team-invite"
1310,Khawti salam wektah la date ta3 les vacances ta3 rrbi3 ? I know fi mars mais la date exacte wektah ?
1311,"Friday, March 22nd"
1312,okaaaay thank u ✨
1313,Someone just sent me this wtfakarte fal 1ere annee nhare li hadil daratlna hakda fal amphi🤣 Chkoune yachfa?😭
1314,"<@880206525950476359> kona mray7ine m3abade hadak nhare, rak chafi?😂"
1315,هيا هيا إلى المونديال😞
1316,Oui m3a salah sa3daoui 😂
1317,Salam khawti kach Idrab ?
1318,"ايه شفيتلها 
العام الاول وحدو بعد 
خاصنا نعاودوها"
1319,Aya ndirou hafla 🥹
1320,😭😭😭😭😭
1321,fiha
1322,Non ana mandirch idghab
1323,خصنا نهدرو مع الادارة قبل
1324,الاسباب ؟
1325,Ana 7eba nehder m3ahom 3la master
1326,Psq 9alou 7a ymedoulna ghi diplome makesh master
1327,Khawti la greve cancelled?🥹
1328,Khawti tbanli we9tha
1329,Greve khawti ✨️
1330,awwwnnn cute
1331,"@everyone 
Urgent Mobilization Call for ENSIA Students!

Dear ENSIA Community,

We are facing pressing challenges that demand our immediate action:

1- Absence of a Master's Degree: It's profoundly concerning that ENSIA does not offer a Master's degree  This is a critical pathway for our academic advancement and professional development. The availability of a Master's degree is essential for those of us aspiring to higher levels of expertise and career opportunities.(PhD)

2- The issue of inadequate internship opportunities needs to be addressed. Quality internships are vital for practical learning and career readiness.

3- Lack of Necessary Educational Tools: In this digital era, it's crucial to have access to tools like iPads or laptops for our educational pursuits. These tools are not luxuries but necessities for a comprehensive and modern learning experience.

4- Poor Quality of Curriculum: The courses we are currently being offered (such as web, network, stochastic) do not align with our educational needs and aspirations. We deserve a curriculum that is relevant, and beneficial for our future careers.

5- Unprofessional Conduct and Treatment: We are also confronted with the unprofessional behavior and disrespectful treatment from Tarek Madkour (""this is my school""). This negatively impacts our learning environment and is unacceptable in an educational setting.

We propose a peaceful strike to advocate for these fundamental needs. This is a call to come together, to voice our concerns, and to demand the educational standards we rightfully deserve.

Let's spread this message, engage in constructive dialogue, and strategize our collective actions. It's time for our voices to be heard and our educational needs to be met.

Let's come together to plan our steps forward. Our education, dignity, and future are at stake.

Together for a Better Future at ENSIA,"
1332,Li 3ando sabeb wahdokher ygoli
1333,[Your name]
1334,matez3afch a Houssem
1335,Bla mannsaw beli the existence of mert remita is a pressing issue
1336,"l exams ma yet3awdouch koun ma tjibch chahadat wafat, zid hadhi thani"
1337,The Cutie herself RR ?
1338,Nothing cute about her😭
1339,زيدو في الاسباب خاصنا ننفيو العربي من ليكول
1340,Ta3 2eme w 1ere are in? Wla mch sam3in?
1341,4th point bantly ma3endoch me3na
1342,"9olhom tan ydiro hedik feedback form ki yekhlas module w yshariw result m3a deleguates bach ydiscussiwhom f cp, haka ybano kml les modules li fihom prblm"
1343,"Dehka ta3ha, rzina meskina 😂"
1344,Weshmen educational tool rek te7ki 3lihom?
1345,yes hadi 7aja mli7a
1346,"For the first two points, okay 
for this *3- Lack of Necessary Educational Tools: In this digital era, it's crucial to have access to tools like iPads or laptops for our educational pursuits. These tools are not luxuries but necessities for a comprehensive and modern learning experience.* you can reformulate it in a way that shows that we were forced to do heavy stuff on our laptops , for example running android studio and flutter, I literally got a new laptop but it almost got ruined because of it, and many people had their laptops completely stop functioning because of that,  we don't all have the capacities of getting good laptops, even Bouchrika himself said that on his own laptop sometimes it just stops working"
1347,Hya message twil ma9ritouch bsh 3andk lha9 rani m3ak
1348,Rana jinak ydoum ferhek
1349,"in addition to the 5th point, some teachers talk about everything but the main subject of the lecture / td / tp their sessions in a complete waste of time."
1350,their name starts with Amir Djouamaa
1351,At least ma9arakomsh 😭
1352,But lol mane nta ma yqerikch 😭
1353,W yzid hnak
1354,Nary ya nary
1355,a question: do you all have the advanced DB and machine learning classroom or am i the only one who doesn't have them??
1356,We don't
1357,Section 2 has ml
1358,Lala mazal baraa
1359,About la greve rakem m3wlin 3liha wla raha hadra brk for now
1360,I think they are willing to announce it qbel to l’administration
1361,I assume they are yet to talk bout those matters with the administration
1362,Good
1363,Keep us up to date
1364,who are they?
1365,Them/they
1366,shkoun 7a yehder m3a ladministration 🥲
1367,Who's ur link to the administration 🙂
1368,Bayna delegates
1369,Ana
1370,lala psq 7oussem bgha ybedel delege de section nte3na so l thought already bedlouh
1371,Chkoun delegate de section ta3na ?
1372,Houssem
1373,Linkedin best social to stalk people fr fr
1374,khawti what they call the two new schools
1375,t3 nano and independent systems
1376,you tell us
1377,i mean the full name 😭
1378,I thought it was a joke or smthng
1379,national higher school of nano technology
1380,Go read their names fel building :3
1381,Khawti btw mazal they don’t accept l’authentification ta3 les documents ?
1382,"Machi they don't accept, they said site is closed et c partout"
1383,"Wesh partout, they mean meme les universités ?"
1384,"yes, even if truh minister they will say the same thing"
1385,Which documents?
1386,But ils auraient du trouver une autre solution wesh
1387,relevés du notes et certif de scolarité
1388,Your transcripts in case you want to do something in a different country
1389,Oh ok tnx
1390,on doit attendre adyeli
1391,Inchalah
1392,Omg 😭
1393,Lala lala ghla6t
1394,😂😂
1395,بصح علاه اسمو مايبانش كيما لخرين
1396,It’s him
1397,Voldemort?
1398,It’s forbidden to say that name
1399,He is dead tho
1400,Dok yjik f lemnam
1401,I wish
1402,Harry Potter : Returned
1403,can anyone explain to us the TimeSeries project ?
1404,Still didn't read it xd
1405,Winta deadline?
1406,15 March
1407,!:;/*-$$$
1408,"Salam alikom Section 2 li 3ando Problem hab nhdero 3lih fi CP yktbo fi hada file 
https://docs.google.com/document/d/1HnfTxxToElq1bYv94FimuniAgTKeRk8GwGrYPaLllMI/edit?usp=drivesdk"
1409,w section 1 3endmen ychkiw 😭
1410,"You just write in the doc, it’s for everyone ig"
1411,"i have asked bureau li f school about site t3 la bourse hdek cz we didn't receive a response wla ,and they told me bli progress t3hm is not working ,galouli li y5dmou tmek bli the director should report this issue 3nd wizara wla مديرية te3 i9ama jihtna so ywlou yft7ou site ,according to hdouk li y5dmou bli site mymchich lihm tani bli kayen many students galou bli 3ndhm probelm so please mention it f cp"
1412,And me with some people daroulna demande transfert l University of Medicine fi Béchar cha 7kayetna ? 🥲
1413,mn site hdek ?
1414,I found it fel Progress 🥲
1415,<@&897878467717267518> sorry for the tag bs7 dirou mziya w sa9souhom ghodwa 3la license wl master esq ymedouhom wla kesh equivalent
1416,License since when ymeddouha ?
1417,ماعندناش اصلا ليسانس ربي يهديكم
1418,I know
1419,I said since when ymedouha as they don’t 😭
1420,ايه ايه هذاوين فهمت الميساج تاعك
1421,Wsh sra f cp
1422,"CP summary :
https://docs.google.com/document/d/1nyukdwlK7C_B5WcOypcetTJ7Ko4L5btYcuHpgWRVoYc/edit?usp=sharing"
1423,Low* 😭
1424,Qritha b la voix ta3 medkour direct
1425,Same 😭😂
1426,yakhi nti delegué
1427,الديليقي راهو في باتنة 😂
1428,مارحتش
1429,Waiiit <@879496652887556117> 7regti a week ?
1430,"I hope the ""will do his best"" is in the sense that we want 💀"
1431,site raho currently open
1432,🙄
1433,مفتوح بصح الملاحظات تاعهم 🙂
1434,
1435,li fham yfahhamna xD
1436,واحد يقولي وش قصدهم بشهادة نجاح مؤقتة
1437,ديجا كاتبينها مؤقة 😂
1438,اكثر من سمانة 😂
1439,it snowed? ❄️😭
1440,يس البارح
1441,
1442,lucky 😔
1443,Yakhah cute
1444,snooow🥲
1445,Win rahem characterisics xD
1446,Shit 😭
1447,Please send us a reasonable specification you prefer 😂😂
1448,Dcr Zaki
1449,Liyemet yah
1450,Sma7 fi 79o w hrb 😔
1451,13/04/2022 men neytek
1452,الذكرى السنوية الثانية
1453,wa9il Rak nostalgique
1454,WACH meddawlkem les PCS
1455,<@810614741012971552> 3jbk had l'iPad?
1456,Wi 😔
1457,Yamat me and <@456226577798135808> researched g3 tablets li yexistiw
1458,They wrote IPAD 😔
1459,Boukhalfa really trolled us twice once with the ipads form and the ksu scholarship 😭😭
1460,I remember when everyone was applying 🤣🤣🤣
1461,Dert bzaf ghaltat f 7yati bs7 jamais re7t L Guessoum goutlou ektebli recommendation letter
1462,"Imagine u tell guessoum about that, yteyyehlek 🤡"
1463,Biggest scam in ENSIA
1464,Guessoum ? 😭
1465,is*
1466,Wa9il ntkharjou diplome w maymedoholnach
1467,Yqouloulna congratulations u survived 🤡
1468,"Guessoum ""hh wsh 9rit five years deja ak 7ab diploma? Deja I don't like ur attitude come to me later we will discuss it"""
1469,darou update query bsa7 nsaw ydirou where clause
1470,thank you
1471,جماعة شكون علابالو وش قصدهم بشهادة نجاح مؤقتة
1472,حسبي الله
1473,What 😭😭😭😭😭
1474,Wdym 😭😭😭
1475,What is that
1476,
1477,كي نفهم راني نفهمك
1478,Oh khla3t 7sabetli f lecole
1479,Ta3 l bac
1480,ماشكيتش
1481,وش المؤقت فيها هذيك
1482,هي انا حطيتلهالهم هي و صاي بصح ماشكيتش يحكيو عليها
1483,"<@879496652887556117> I have talked to DUO today , and he told me that they will tell them to fix that because hadik ta3 jma3et l master"
1484,Thank u 😭
1485,Aaaa ok thank you
1486,جماعة خاصنا grève
1487,"I guess u're lacking sleep, raki feti we9tek tae r9ad"
1488,راني نحكي سيريو منيش نقصر
1489,على الاقامة
1490,الاهمال الطبي اللي راهو صاري
1491,اومبيلونص وحدة في قطب كامل
1492,اللي ماعلابالوش كاين طفل دوزيام طار صبعو ضرك و مالقاوش لومبيلونص باش تديه
1493,و هاذي ماشي اول حالة تصرا هك
1494,"Srx?
حالة كيما هكا مكانش اومبيلونص تهزو؟!!!!!!!!!"
1495,"La grève 3la l i9ama jamais ma jabet results, it is a waste of energy and time"
1496,School madekhelhach fl i9ama
1497,يعني راكي تقولي نبقاو ساكتين
1498,و نستناو تزيد تتهرد على بنادم اخر وهي ماشية
1499,"No, u do whatever u want it's just my opinion, I'm not asking anyone to follow it dw"
1500,"Waste of time and energy ya5i 
Ma3lish rani ngoulk tfol tar sob3o tool 
Nhar ma tji fik nshoufou l waste of time"
1501,"Ki tji fi wahad fina matwelich waste of time w energy 
Ki tsralk haja la rabi 9adr 
W matalga hata wahad sama3 bik 
Matelga chkon yadik l'hôpital matelga tbib matelga haja thabas biha dem tema tbadl rayk 
Yla kan mawgfanch hta yriglo lhala memb3d manlomo ghir rohna"
1502,C pas un problème ta3 Lma wela makla hada problem t3 Santé w je pens hata wahad mayatsahal fiha
1503,Shkoun 3ndou contact ta3 dou
1504,
1505,رمضان مبارك ✨✨
1506,aya nro7o njino lf6or
1507,Sa7a ftorkom chabiba ✨️
1508,Saha ftorekoum
1509,
1510,
1511,Saha ftorkoum Chabiba !
1512,"khawti diroulna kach grève y2ajloulna Lmidterms, ramadan ta3 3ibada mchi ta3 9raya melkhr"
1513,Taguilna houssem
1514,Salam alikom
1515,True 😭
1516,@everyone Who wants a strike 🤔 ?
1517,خاوتي ماشي نعقبوهم و نڨعدو مريحين فالعطلة و العشرة الاواخر تاع رمضان خير 🙂
1518,"mIdtErms tkber tnssa w assln t9der t3ewwedh and life will not stop if mditsh fihom .. yb9alk ktar mn 20 days ttferegh ll3ibada, plus quality time with the family"
1519,why dont we have a cybersec channel
1520,Dakhla m3a network
1521,Khosna study channel security
1522,What was solution ta3 hadi khawti?
1523,"lgit hadi w logic cava
<<<<
Supply Chain Attack: This is the most likely scenario. In a supply chain attack, a third-party library or dependency used in your project might have been compromised and unknowingly contained a backdoor. Even though your code was secure, the vulnerability lurked within the external code you integrated.
<<<<"
1524,Ja f bali tani the deployment process howa li fih the trapdoor
1525,Saha ftourkom chabiba w good luck fel midterms 🫶
1526,
1527,
1528,"bdit nkhame f base de donnes kifech ghadi ndirou m3aha, fiha bzf hadra"
1529,Yqder ykon tani production environment ta3k compromised tsma ki tcompili software ywelli corrupted w tani ila st3mlna library li rahi corrupted
1530,anyone with solution of TD3 databases?
1531,She sent solutions
1532,where
1533,Classroom
1534,Kshma galt hayat 3la lmidterm ta3 tomorrow
1535,
1536,
1537,😭
1538,
1539,
1540,Salam 3likm kach wa7d mazalo lahna w rah kharj mm ba3d?
1541,Nrmlm Dok yfth foyer
1542,Sa7it
1543,
1544,Sa7a ftourkom w tri9 slama 🥳
1545,
1546,
1547,Khawti chkoun 3endou batteur f liqama ?
1548,Does someone need it now?
1549,No asking for future purposes
1550,Ah mal ana 3ndi
1551,Ki nwellou m vacances nesheqou 😭
1552,اذا كاش ما طيبت عيطلي
1553,عيطلنا
1554,+1
1555,Aya Saha 😭
1556,T6ala3 bih chantier wl
1557,Odreb b yedek wkhlas
1558,Njibek nta nkhedmek chouya
1559,
1560,child labour 😔
1561,Monkeys exploitation 😭
1562,😔
1563,"salam guys, in TS project what are we supposed to write i mean presentation slides  or document or notebook with code or what ?"
1564,Notebook
1565,so i should sublit the google collab notebook ?
1566,Ih
1567,Yess thats it
1568,okay thank you'all
1569,saha ftourkom
1570,We don’t submit the dataset yak?
1571,i guess he said give me link to download it
1572,We should provide the link to the source i think
1573,"Khawa, What time is the deadline for time series"
1574,Saturday at 5pm
1575,
1576,fel last lecture he said jupyter notebook
1577,Nwekkel 3lih Rebbi 😭
1578,not enough
1579,🤓🤓🤓
1580,for him*
1581,😑
1582,We literally copy paste 😭
1583,discussion and plots + code = jupyter notebook
1584,i know i did notebook only too for now
1585,i won't bother myself with it
1586,"ya <@1133914962914451466>,
hada washbih?"
1587,just doing the detailed notebook ig is enough i included a document containing only an intro about the project and the link and definition of the dataset no need to do it again in a pdf format  🥲
1588,"i mean, all the headlines in the notebook, should be enough i spose"
1589,"assln he did say it f last lecture ('only a notebook'), and i notified him bli f paper of the project it is written:"
1590,bssh he said: 'a notebook i run'
1591,my notebook fih 80% ktiba w 20% code 🥲
1592,jma3a ndiro l forecast wla ghir l analysis?
1593,Ila u have time dir
1594,It’s a plus
1595,mchi ghir library berk w tcalli forecast?
1596,"w ki residuals mayokhorjolich normal, normal wla lala"
1597,Means the model u choose is not the right one
1598,khsara tsema ng3od ghir nbeddel ana
1599,sahit larbi
1600,"Qalek ila ma slehch, just qol ma slehch w qol why"
1601,ma3labalich 3lah ma sla7ch
1602,bssh mashi shrt a normal residuals model m3naha it will capture everything wla mostly everything well
1603,wa9ila nhawes 3la dataset w7dakhra w sayi
1604,i do not suggest
1605,weswesni hadha l projet
1606,ana tani makhrjolich normal residuals bsh machi chert ykhorjolk normal
1607,and dont rely on shapiro test
1608,cuz most of the time the results of qq plot and box plot are more explainable
1609,Ana tan jatni not normal
1610,yes hadak jms ykhrdjlk
1611,"Actually i tried all combinations of p,q mn 1 l 10 b ga3 non normal 😂"
1612,chehal khredjulk candidat models?
1613,kont 7chemt ngolha bsh sa7it ki goltiha
1614,balak my data machi arima 🫥
1615,ana kherjoli wahd 20 hkak 7ta wahd fihm ma sle7lo shapiro hadak lmesmoum
1616,Mnin nchof candidate ?
1617,eeew ana 3 wahed b ACF w PACF wahed b AIC wahed b BIC
1618,lazem ndiro train/test data?
1619,Ila u want to tdir forecasting
1620,Ida 7ab dir forcast
1621,yes after diffirence
1622,c quoi ca exactement
1623,U split the OG data
1624,bsh ki tdir forecasting ykhrjlek ghir l mean w whd l interval
1625,tu predis les val ta3 test ?
1626,Plot it
1627,no futur values and compare it with test ones
1628,"ih, wmbd3d tchof ida te3 test jayin f hadhak l interval?"
1629,Jai pas comprid
1630,yak u split data ta3k apr u forecast for z3ma 20 futur values apr u do comparison m3a test data tchufi ila shih lforecasting li daru ur model
1631,ih c ce que jtai dis u predict the test value wla la
1632,same same T-T
1633,guys machi chert ykhorjo normal residuals wla non ? i mean doesnt mean that model doesnt perform well ?
1634,Yawdi ana kharjoulu normal w independent residuals w fel forecast kharjouli results ga3 m3w9in and far melyar from the actual data
1635,..
1636,Wkilou rabi arima
1637,w sarima
1638,auto.arima() w AIC w BIC ga3 3tawni same model w flkhr khrj m3w9
1639,Nplotti data mn 3ndi gal wach hadouk houma forecasted one ndirhem grab Ll actual w salam 3likem
1640,> Lmouhim lahou a3lam lyoum wla ghoudwa todkhel la bourse
1641,ysk 9ltlk balak you did fit on the detrended data
1642,wla?!
1643,Lala I fitted using the original data
1644,ahhay 🥲
1645,Baghi tdir Lkhir w todreb tala fel notebook mangoulech walo
1646,Fiha ya rbi 11 cells
1647,ta3i w ma3wdtsh 9ritha htitha hkak xD
1648,Awdi dir Lkhir rahem l3wachir 🥲
1649,Awili wesh 😭
1650,We don’t fit on the og data wella wesh?
1651,si .. you fit on it
1652,Ki qolt ahaay 😭
1653,"Well, simply when u use the differentiated data you'll use them to find p and q, then you'll use the found p and q a long with the order of differencing to perform Residual Analysis on original data. Then if the model performs well u fitted it using the original data"
1654,Tsma hadik diffrenced data u use it only to find p and q nothing else
1655,PS: Hada wch rani fahem w m3labalich
1656,Bessah why We are doing all those normality test then on the residuals 😭
1657,*porte-monteau test* 🥹
1658,A confirmation from brairi :
1659,<@1133914962914451466> ma7boub ljamahir
1660,"Guys tkhltt

Ndiro box cox  w dicky fuller and stabilization ghir 3la train wla train and test separately wla whole dataset kima jat?"
1661,do it on train but test use it only to evaluate the accuracy of your candidate models
1662,"Don’t touch the test it is for evaluation only as anais said, do all your operations and model specification on your train data only, when u select candidate models, u forecast and evaluate using test set"
1663,Can u please tell me kifash rakom tkhrjo candidate models
1664,3ndk trois methode lewla chofi acf w pacf w chofi lag win tebda acf todkhel f confidence interval ta3 acf tmedlk order te3 MA  w pacf tmdlk AR
1665,deuxieme methode diri auto fit kayen function rani nasya wch men library
1666,temma tqdri diri argument aic
1667,w troisieme diri tan auto fit b bic
1668,w howa ymedlk l ordre men 3ndo mb3d testihom w chofi li mkheyer
1669,Ah okey tsema mashy you plot the BIC and AIC and you visualize directly diri function
1670,jma3a this is my best model yban bizarre chwiya yak ? 🥲  surtout m3a error li fayta 40
1671,howa ydirha wa7do ymdlk result no need
1672,Maybe andk seasonality so Arima mahish the best model
1673,Khawti I have a question
1674,but how did u feagure out belli rahi seasonality
1675,Ana dert difference w all the test 3la my original data apres ki lqit my model I fitted it on the train 🥲
1676,W apres dert forecasting l test
1677,Am I correct ?
1678,jpense qu il fallait faire juste pour le train
1679,"Check residuals and Shapiro test w adf

Ida residuals stationary w seem like white noise w zid normal 

Then perfect to go"
1680,"Khrejli stationary, random but not normal 😭"
1681,residuals lawm ykono indep w normal 3lah stationary ? i got independence but normality failed
1682,"3adi
Check other models 

Shapiro refuse less than 0,05 Wana khrjtli 0,049999 😅🙆"
1683,If u mean how u know? When u plot the data tbanlk and I guessed bli u have same problem as mine because I have seasonality and i dunno know how to deal with it since we didn’t study SARIMA yet
1684,3lah derna sarima fel cours ?!
1685,ana i will just explain to him why it failed heda makan
1686,Ig ig model must be fitted ela original data ( no difference no variance stabilization)
1687,No mzl mm howa 9alna don’t bother with it
1688,jma3a whats this stabilization ? i mean in which step do we apply it ?
1689,"Residuals lazm white noise to assure you captured most if not all patterns 

White noise is stationary so"
1690,The first step
1691,"Yes thank u, I thought that too 😭"
1692,oh okay so yeah as i said i will just explained to him 3lah it failed since galna machi chert ykon 3ndkm model yesl7
1693,At this point nothing matters
1694,"Kayn function decompose t3awnk 

It captures trend seasonality

Mn tmak you can conclude seasonality"
1695,Lmouhim nkhelles the project 😂
1696,Send us an article wella 😭
1697,Sure buddy
1698,i did it but didnt know how to interpret it
1699,what we are supposed to do ndiro difference w variance stabilization just to have the P Q AND D then when u find ur arima parameters u just use the found arima model and fit it on the original data set
1700,like i dont even have a trrend
1701,https://www.rdocumentation.org/packages/stats/versions/3.6.2/topics/decompose
1702,whats this stabilization manel🥲
1703,"try when make it ts time series tdir frequancy choya high, kima ana month seasonality frequancy 12 

haka when i did decompose pattern ban ghaya ktr"
1704,Variance stabilization
1705,Tdiriha b box crox
1706,if variance not stable (depends on time or not constant) you make it stable
1707,It must be done before the detrending
1708,for the sake of stationarity
1709,"very good point, thank you for the reminder"
1710,psk ana 3ndi daily data tsma golt ndir weekly and now nseyyi ndir monthly w nchof bsh when u have less data increasing the frequency twelli mb3d ma3ndkch bzf info no ?
1711,variance of data 9sdek ki nkono machi f stationary process ?
1712,"justement i didnt get 3lah lawm before detrending ,... doesnt change anythin no ?"
1713,"it is a try and error process, gotta check possible combinations to see ida kayn seasonality monthly wla yearly, for monthly frequancy=12, yearly i guess 1 and so on"
1714,"if stationary then variance already stable and constant 
not stationary you gotta check, if variance not stable make it stable"
1715,Actually ki tdiri variance stabilization and then diri detrending tbanlk variance ila rahi constant or not that’s why asb9i 9bel f variance then rohi l trend Brairi always says this
1716,got this for yearly
1717,okaaay makes sense thanks manel ❤️
1718,jma3a i have another contradictory question... 3lah my data is stationary and seasonal at same time machi contradiction hadi ?
1719,I have same problem
1720,But ig we can’t say it s stationary since rana nshofo fiha seasonal
1721,So we must remove it first
1722,justement... do u know how to do that pls
1723,ig it is for this purpose we use SARIMA models which is used to handle both the stationarity (by diff) and seasonality (by what we call seasonal diff)
1724,d'ailleur practically it is applied using auto.arima just like arima but we add a parameter normalement D to handle the seasonal affect
1725,"justement quand il te donne un model il t ecrit un truc du genre arima(2,1,2)(1,1,2)[365]"
1726,mais on sait pas vraiment comment ca marche
1727,jsp est ce que nkhellih hka wla lazm ndir sarima
1728,anaa i did arima qbel then sarima just to tell him how i handled seasonal affect in my data (and btw c for possible ur model won't improve kima halti)
1729,and since it did not improved i just wrote that it didn't and it may be handled with more complex models à part hadou
1730,du coup t as pas fait le forcasting vu que c pas le bon model ou quoi
1731,Amira how did u chose the p and q parameters tae Arima
1732,siii i did wejhi shih XD
1733,ana even if its a bad model dert bih forcasting lol
1734,wejhna shih * xd
1735,bon i just did cuz i hope that maybe it can give some results
1736,tbh anaa i focused on the process itself and how i interpreted the results more than having good results
1737,psq galli brairi que real life data are more complexe to handle machi kima hadouk ta3 labs
1738,i did auto.arima function it gives u the best model based on the minimal AIC
1739,amira last question... i found that my data has a trend wch ndirlha drk ?!
1740,also i did using BIC chart
1741,like i selected diff candidate models using diff methods
1742,yeah as i told u manel thats the standard approach
1743,Ana khrjoli contradictory l auto arima w l bic graph so am confused
1744,psq using auto.arima is not really enough i mean it is not promising
1745,lala nrml nrml psq gallna medkour f le cours BIC chart y3awen bark chghel siyyi wach 3tak ou choufi
1746,same same... i chosen the one i deduced from the acf and pacf that are more logical in general
1747,yes ana i combined all what i conducted from the diff methods and choose 3 candidate models
1748,"like after using ACF, PACF , BIC chart and auto.arima function"
1749,amira erraneghd aqlagh na7sel 🙂
1750,Ok I see tsema I don’t rely on one test only nseyi nrbet binhom
1751,sorry didn't see it :''') u do differencing anais
1752,u try d =1 and d=2 max
1753,dirilhm accuracy test ga3 w chofi the best one
1754,kima gatlek anais
1755,Hayya okey sahitoooo
1756,okaayy sahit amira and thank u manel ❤️
1757,saha ftorkm girls and good luck
1758,good luck ! khawti nrml ida kherjoulkoum models machi mlaaah :'''')
1759,Thank u saha ftorkomm all ❤️
1760,ki ykhrejlna model mb3d sahla 🙂
1761,Sah fel process ✨🥲😂
1762,Exactly wlh 😂😂😂😂
1763,process lazm hadak li rah kateb howa ?
1764,i didnt folloz his steps
1765,Ana wlh ani ndir men rassi i didnt follow anything
1766,another confirmation from brairi :
1767,ana after ma ndebt m3a all the models and residuals mahebbouch ykherjou normally distributed :''''')
1768,Lssl you tried make sure ktbti all ur trials f notebook
1769,why is he saying sarima as if we studied it lol
1770,anaa li goutlou i used sarima ta3koum hada ou mahebch ydirli walou :''')
1771,Ana i didn’t know how to work with it and didn’t bother to know how
1772,Another question auto.arima u apply it on the first/ 2nd difference wela on the original data ??
1773,
1774,
1775,
1776,u apply it on the differenced data cuz its main purpose is to precise the p and q (hiya ig tgedri 3la original data bsh u have to precises a parameter d=1 to tell that u will apply diff)
1777,Adf 5rjli bli stationary bsa7 acf 5rjli bzr wsh ndir ana dork
1778,yaaaa oumaima ma hada :''')
1779,hadik seasonality ig
1780,Bsa7 adf 5rjli stationary
1781,ouamima hadi data jebtiha men dark web :'''')
1782,3lah dayra hakka
1783,is it okay to export the TSAC project as html page ?
1784,ig lazmlek SARIMA or something
1785,i did export it to html and i included the notebook in case he wanted to see the source code
1786,ah okay thnk u
1787,"lbnat ana i didnt do differenciating bsh auto fit ki 3awdt runnitha meddatli model arima (1,1,3) kifah ndir"
1788,iiih tsemma simply lazemlek diff
1789,auto.arima ida u did not precised anything ta3tik wach lazem tdiri
1790,ana dert diff qbel ma tgouli
1791,bsh why doing it khlas medatholi
1792,iih sayiiii
1793,khlas i got the model no ?
1794,we do diff to know which order is the d a anais :'''')
1795,c bon douka u proceed
1796,Amira pls check insta
1797,now i dont diff negh ala ?
1798,genre jfais quoi mntn
1799,"I did all the possible transformation to achieve stationarity but it did turn to stationary series so I applied the ARIMA model since I found that it can hnadle the non stationary series, and after analysis of the Residuals It says its a good model, 
I want ur feedback"
1800,i dont think arima handles non stationarity
1801,yes u don't diri bih drct
1802,
1803,"guys
li lga time series ta3ou khasou fiha l weekends kifah ydir xD"
1804,😭
1805,i guess u should set the frequeency to 5 and handle that in forcasting
1806,brairi told me to choose datasets in a way u won't bother urself handling missing values
1807,"hiya I can transform it to weekly by taking the first day of the week as representative
but I'm afraid if they don't accept it"
1808,yes the diff using ARIMA model handles the no stationarity
1809,"but in the analysis I'll be dealing with missing values
like each week I have two missing days"
1810,am not sure about this sorry :''')
1811,like personally i did not applied any preprocessing to my data
1812,"np
ana thani I'm not sure"
1813,"dir daily , in a way that if it is the same missing day u can work without it"
1814,Matoslo7sh tdir average ta3hm w trj3ha weekly
1815,i mean dont consider the two days in the week ekhdem 3adi kichghol week fih 5 days hadi hiya dataset ta3k ila madaroch weekend c que u dont need it
1816,"hmmmmmm
I didn't get it tbh"
1817,"aaaah 
idea yeah"
1818,ida kanet missing values sa7 u can replace by mean of the week
1819,wach galet anais :''')
1820,this is what i meant
1821,sisterhood in mindset subhan Allah 🙂
1822,am afraid if he does this tetbeddel data and twelli time series ma3endhach m3na :''')
1823,justement surtout ila kan 3ndo a trend increasing for example mb3d each end of week yelga yehbet wla smthn like this
1824,faut faire attention wkhlas
1825,"yes yes
thank you guys for your help"
1826,welcome
1827,"most rl data are not really modeled with neither arima nor sarima,
personally, i got good results although the model' residuals are not normal
when i worked on normality, extracted the best model that has normal residuals, yet its results were so off"
1828,
1829,ani chayfetha hadi somewhere
1830,I read somewhere that if u have good results for residuals it means it is a good candidate model not necessarily a good model for ur dataset
1831,Anaaa ni residuals ni forecasting 🥲
1832,Khawti bessif we use that BIC thing ? 🥲
1833,Rah ykharref
1834,it is not about bessif wella lala as far as i understood gallek ssah f process 🥲
1835,And the process is to apply ga3 wach qrina
1836,It is giving me parameters makanch menhom 🥲
1837,So that u know how to interpret your results
1838,Siyyi ikram ida 3talek residuals mlha ddih snn sayii
1839,"what to interpret in BIC giving ARIMA(0,0,0) while the real model is ARIMA(9,1,4)  😭"
1840,Then imma skip it
1841,no way raki sur ?
1842,yea 🥲
1843,5awti a stupid question but how can i read this man3refch : )
1844,jhalt 🥲
1845,Hadak armasubsets
1846,ana dit row elli 3jebni w made combinations
1847,Why ur BIC are all the same 😭😭
1848,Lalaa lazem lli ymeddlek BIC minimal
1849,And with less lags
1850,wait the BIC is the function and the armasubsets is the squares plot r ? 😭
1851,the bic is not a function 🥲🥲
1852,the armasubset is what nadjib sent
1853,awedi kifah nechra7lek 😭
1854,yea exactly
1855,it gives u the best model that will minimizes your BIc
1856,how can i read this
1857,Khawti Haya ndirou dou3aa jama3i 3la medkour w TSA 😭😔
1858,<@578643557351555113> ta3rf kfah t9ra wch 5rjli??
1859,ed3ouli d3awi khir fi trigkoum
1860,"chouf hiyaa lazem tehkem row by row, each row is a model"
1861,deja ana mar7tch ll tarawi7 b sbtou
1862,and normalement tkhyyer model li will minimizes the BIC
1863,which is the values in the Y-axis
1864,the X axis has error lags which are the lags of the MA and y lags which are the ones of AR
1865,hiya ta3ek so weird cuz it gives all the same BIC value
1866,machi normalement colors get darker fih ? 😭
1867,racism
1868,And why all his -33000
1869,justement ta3 najib tbh i don't know how to interpret it
1870,this is what am saying :'''')
1871,jamais cheft BIC armasubset kima hada
1872,najib rak sur u did it right ?
1873,"i guess so, alsan hiya function tmdlha data after removing the trend and variance w tmdlk this thing, normalement hakka"
1874,yes hakkak
1875,bsh chouf kach haja psq it does not make sense to give u such results
1876,ok dk nchouf trah <:PES_Hands:883030075476443156>
1877,-33K BIC 🥶🥶
1878,wellah ghir lyoum l imam d3a rabbi ybe33ed 3lina koul ma hwa yob3idona 3an deen 🥹
1879,each row is a set of candidate models .. amd mn each row ykhrjo many combinations of models
1880,yes yes
1881,Amira what did u use for forecasting? Can u show me the function
1882,actually since i had diff candidate models i created one single fnct that does the job of forecasting and plot the forecasts
1883,
1884,ni3ma
1885,😔bsahtek
1886,yaaaaaa jamais hsedtek :'''')
1887,"<@869373121600303134> here u go ,hadi u will just forecast biha"
1888,"i gave the same length as testing set , u can give more btw"
1889,to forecast machi lazem u apply the transformations on the forecasted value?
1890,Hasbiya allah ana ma hebbetch temchi 😭
1891,yes machi lazem and if u did u have to rescale it again
1892,aaah srx ? kayen fnct predict then
1893,tdir nromalement same job
1894,I did with predict yes
1895,<@879756074012512346> douk ykharjoulek f forecasting spaghetti ma3endha hatta ma3na 🥹
1896,mazal madertch forecasting 🥲
1897,"this does not mean good forecasts, if good forecasts bssahtak"
1898,Thank uuuu <:3803badgeownercrown:1014206393835868170>
1899,"Same 
Forecasting those models didn't give very good results"
1900,Amira are you sure no need to apply variance stabilization and so on for testing sets when we want to do forecasting?
1901,7chawhalk fi data najib
1902,😭
1903,it was a mistake mn 3ndi i solved it
1904,"Btw acf w pacf 
We do it before wla after variance stabilization"
1905,After
1906,Stabilization of variance first thing u do
1907,but f shapiro test always p_value tjini less then 10^-16 in all models 🥲
1908,Best larbi in ensia
1909,Drt variance stabilization?
1910,Mor mean stabilization
1911,box-cox? yes drtha
1912,Please 9ololi 9smto testing w training data at the very first 9bel variance stabilization and detrending
1913,Yes for me I did that
1914,yessss
1915,forecasting manually >>>
1916,I did decompose before and after
1917,can solve all your problems
1918,Decompose qalelti there is few periods 😔
1919,Like I checked seasonality and trend on both the whole dataset and the training part only as well
1920,Rigl frequency of ts mala
1921,W ana kount m3ewwel 3liha 😭
1922,It didn’t want to 😔
1923,Show us error
1924,
1925,"Sorry for not replyinng, chouf tegder tdir soit 3la stablized data and then Rescale wella tdir l3aks but in all ways it is true"
1926,mm kima gall l3arbi
1927,<@879796727031422997> :))
1928,Maderthach hadi anaa 😀
1929,Dert sarima and that’s it
1930,Ig it does the same thing
1931,Wdym exactly by rescale 😅?
1932,ki tdir transformation yak kichghel u are rescaling ur data yak ?
1933,"you either do split, then transform and model (on transformed train) and forecast (forecasts yjok scaled), and evaluate comparing the forecasts rescaled back using the inverse function of the transformation with the test set
or transform your whole data, split (now both forecasts and test are scaled), evaluate and rescale back your forecasts
lmohim the aim is that your forecasts and test should be on the same scale, mashi whda transformed and the other not"
1934,"Decompose has no parameter frequency

I mean dataf <- ts(data, frequency= number)

Then use dataf In decompose

Try it this way"
1935,Exactly <@879796727031422997> haylik ur response
1936,i used that
1937,ma mchatch
1938,
1939,forecast values kharjo too small 🥲
1940,also i found this function:
1941,to inverse  boxcox
1942,(copilot found it)
1943,ga3 constant xD
1944,omg I got that too
1945,Yakhou khrejlek a line ig 😭
1946,kima ana
1947,<@896665728088952902>
1948,jamais ma 7a ykhrjoulek forecasts mlah
1949,"ana dert
forecasted_values <- c(50,45,58,60,42) w mb3d plotithem kharjou mla7, w mb3d m7it Lcell li fiha had Lcode"
1950,Ma fi achtar menak y’a marwan 😭
1951,ana goutlek 7a y9ra brk mch 7a yrunni w nta ma2amantnich
1952,ybqa yrunni f notebooks ta3 100 bnadem wl
1953,Madkour yjini 9adr ydirha
1954,awdi hadak jamais la lha L 3fsa
1955,
1956,بعد ما كلش كان مليح forecasting دخل في حيط
1957,ACF of residuals 3lah dayer tgoul MA(1)
1958,Because it’s not random
1959,lazem ga3 ykounou dakhel confidence interval
1960,"Ana even Shapiro test ma 5rjlish mli7 m3a condidate models, a7mdi rabbi"
1961,something like
1962,"i got the same thing, and then i changed the dataset"
1963,it did not work for me had la fonction so i used the iverse tae  box cox formula (khdemt with the mathematic formula)
1964,i had the same problem 😭
1965,"MA(0) * bcz l first spike rahi 3end 0 donc on la prend pas en consideration (it is the autocorrelation of the Yt with Yt _ofc the're correlated, the're the same_)"
1966,Ah I didn't notice psq ana 3ndi dima ybda yplotti men wahed
1967,W kifash ndir ll forecasting dork 🙂
1968,Ana 3titkem solution w li mabghach lah yshl
1969,w lokan ydir run all before he reads the notebook
1970,no way
1971,"sah fl process, tell him that the time series cannot be modeled with sarima fam and just explain the process"
1972,"Ma7atitlouch mm pas dataset, the note book and it's output wkhlas"
1973,"i swear, psq there's no way to fix it, it will be constant values no matter what you do"
1974,"read the guidlines, ur submission is quite wrong"
1975,Ana bla box cox w jawni constant
1976,"not funny haha, funny a77a"
1977,maelich the process is all what matters
1978,Win rahem guidelines hadoum
1979,I didn't find anything about submission
1980,
1981,Ih win rah guidelines part
1982,"acf li 5rjt l <@879496652887556117> is good, it is high when the lag is 0 not 1 (chouf mli7 fl graph) so it is not like ma1"
1983,Ih khlas gatli baraa w goultlha mantbhtch
1984,9allek medli report b les graph w zad 9allek explain the process and the dataset plus the link tae dataset bech he downloads it w ki se9sat israa 9alha also submit a script in R that i camn run (notebook)
1985,Ana ktbt report b les graph b koulech fel jupyter notebook so m3ndi manzidlo
1986,
1987,i think normal ki yokhroj constant
1988,howa hkak
1989,"(btw ana khrejli ARIMA(0, 1, 1) so after differencing twli 0,0,1)"
1990,yes
1991,statisticians are weird
1992,they literally get a constant prediction and are like: THIS MODEL IS PERFECTLY FINE
1993,"I did understand
I'm at the first case 
I got the forecasts vector 

What function to use to rescale please"
1994,time to change the data i guess
1995,بدلت data و مازلت في المشاكل
1996,رح نحطو هك و صاي ربي يسهل
1997,Me be like: First time
1998,kont mkhali data sahla for emergencies
1999,Box cox ana koun madertouch khir
2000,Ja ynahi l variance zad ndabelha
2001,Same ana tan jani hak
2002,Khkh bdl Ldata L ghoudwa ybqa yjik constant
2003,"One time I asked medkour 

What's special about time series, like ntoma chatdiro 

He said we do forecasting

9tlo meme machine learning ykhdmo time series, so what's special about that?

9ali you'll see soon 

And I'm seeing now xD"
2004,Except ida tdir data mn hadouk li integrated f R li nkhdmou bihem f lab
2005,Gal bli you cannot
2006,Galha telephone tasb7ou 3la khir
2007,qbal box cox:
2008,ba3d box cox
2009,Same
2010,Box cox hadik zwa9 brk
2011,akter notification useless f denya
2012,"elmouchkel
ki dert first difference triglet l variance chwi"
2013,">ntouma chatdiro
>ne7sbo auto covaaaaaaaaaaaaaaaaaaaariance"
2014,N7sbou wach?
2015,The autow coveeeeriance
2016,😭
2017,"<@455585882469040146> 
Yssm3 7ot telephone w 7bs matsswr every 2 minutes fi lab xD"
2018,Monsieur
2019,Le telephone 😭
2020,Hamdoulah 3la ni3mat Brairi li yji yerfdolek direct maygoulekch 7oto
2021,w yemri stylo
2022,Ysod Ll tableau bch yd7k za3ma bch matro7loch Lhayba
2023,
2024,intahat 7olol al ard
2025,😭
2026,https://tenor.com/view/lol-mekro-gif-27551956
2027,AIC -20295 lol
2028,hh w ki mykonsh var const?
2029,the inverse of whatever transformation function you transformed with .. in my case it woz log 😂
2030,elmouchkil ana mahich constant w matbadlatch ya3ni after box cox
2031,<@946710636883243029>
2032,When do we have to turn in projet hada?
2033,Ghedwa
2034,3la ch7al?
2035,5
2036,are you sure?!
2037,yak pm Machi am?
2038,"Najib 3lah tfakkarna 3la
lwa7ed dork rah ybadel dataset once again"
2039,"yes
box cox gave me lambda 2"
2040,ya khawti mfhmtsh why rakom tbdlo f datasets :')
2041,Im not changing anything
2042,Ad irouh ad izzemmer
2043,like the aim of the project is to apply the algorithmic process 3la a real life datasets
2044,larvi tqalaq wla y3arech bel qbayliya
2045,Same
2046,and denya mafihash ghir arima wla sarima T-T hna hdak wsh shfna till now ..
2047,tbali nchouf data ta3 beer li lgiteha fi ch7al men place w say
2048,"Wait, what is Sarina 5awti 🙂"
2049,from your writing bayna maqrinahach
2050,"just apply the process, forecast, try to fit the best model you can find although it is m3awa9 .. and deduce that it is not a good fit"
2051,Sarilna
2052,STOCHASTIC arima hh
2053,awah nta rak kahl hadh lyamat
2054,Lich btikdib ya walid
2055,😂😂😂😂
2056,m3naha seasonal arima ya <@891047303497015306>
2057,"me: change the dataset maybe you get better results
results:"
2058,كمل برك كيما جات تجي
2059,awdi bsa7 b hadhi l acf kifah na3ref l parameters xD
2060,Wchmn function dert pls ?
2061,قصدي كمل ب dataset الاولى و صاي 😂
2062,كل ما تبدل تطيح في مشكل جديد 😂
2063,كيما قالت اميرة الصح في الprocess
2064,ig ndir hakka w rabbi yjib l5ir
2065,"```r
# number of future forecasted values
future_horizon = 80
sarima_predictions = forecast(sarima_model, h = future_horizon)

# plotting the original time series and the forecasts
plot(sarima_predictions, 
     type ='l', xlab='Time', ylab ='Occupancy Rate', 
     main = 'Average Occupancy Rate in Cinema with Forecasts of Sarima')
lines(ts(ts_occu_stable_var, frequency = 7), col = ""red"")
legend(""topright"", legend=c('Original Time Series', 'Sarima Forecasts'), col=c('red', 'purple'), lty=1)
```"
2066,Thank You 🥰
2067,Ana dertlo data t9olo mnahinha kima ynaho batata
2068,Welcome to the party 😂
2069,Diff
2070,Zid diff ig ( idk I'm talking from wech kont nkhalet gbila )
2071,"yeah yeah
ig you're right
cuz lazem acf w pacf ysraw ba3d differencing"
2072,"Not me found the easiest data ever ( linear tetla3 direct ) khrejli model Arima(0,0,0) 🥲"
2073,Woooow mala rani fahma
2074,Tasfi9 7ar l nafsi
2075,guys hadawin fhemt
2076,forecasting f ARIMA works with confidence intervals
2077,Few hours before deadline
2078,kon medkour itol 3la had chat ihawzna kaml mn l'école 😆🤣
2079,deadline yakhi 5 ta3 3chia
2080,Few HOURS before deadline
2081,"People : deadline at midnight
Lounis : deadline at 9pm
Medkour : hh"
2082,no waaaaaaaaaaay
2083,
2084,for sure
2085,pm yakhi 3chia
2086,5awti confirmiwli deadline
2087,Yuh XD
2088,Yes
2089,"awah la
ysa77ar bina"
2090,5 t3 l3chya nadjib ma tkhafch
2091,najib mwaswas men deadline kthar men l model
2092,Not Salah mel khl3a ba7retlah bin AM w PM
2093,najib tbali rah mdayer study 3la chat hadhi
2094,😂😂😂
2095,"anyway, it's normal to get constant line, that's not the forecast value, that's like the center of the confidence interval, so the forecasting is -+ some values from that"
2096,نروح نرڨد مالا و غدوة نكمل 🌚
2097,"guys
I know that the 1000 time of this question those two day
but
yak residuals machi normal 3adi
3jazt na3serhoum kthar"
2098,E3ser e3ser XDD
2099,Jk
2100,Idk 🥲
2101,">machi normal
>3adi"
2102,choose one
2103,Ana khalett w sayii bel حدس w safi
2104,
2105,5rjouli normal fi l5r forecasting da5l f 7it
2106,But idc
2107,kon assistit 9bila hkina fiha ana w zaki xD
2108,Normalement machi normal in arabic is ليس عادي
2109,"yaah
nsit forecasting
hell"
2110,
2111,guys look
2112,"awah mala kifah ndir
<@891047303497015306> nawadhni m3ak"
2113,Okay that was worse than mine 😭
2114,
2115,"values inside hadik interval are the forecast, not only the line"
2116,
2117,"I didn't submit data, hatitlah link fel notebook"
2118,kichghol the entire area
2119,Is this a question wla info ?
2120,"allah ybarek masha'allah
ana lazem nnaa7i gbal l comments ta3 chatgpt li ygoul fiha assuming your dataframe is ..."
2121,bcs the forecast function doesn't return only 1 value
2122,
2123,u use all of those to forecast
2124,"not only ""Point forecast"""
2125,I didn't check them aslan w submitit 😭
2126,Ooooooooh
2127,Ka7al l fitting ka7al
2128,Jamiiiiil
2129,"masha'allah chabiba submitat
allah ybarek"
2130,I don't understand that donc ma 3ndi ma nka7al
2131,علابالك راك وسوستني لا نعود خليت كاش واحد
2132,Chaker sahit 😂😂
2133,هي نورمالمو نحيتهم
2134,Ana wellah ma3labali tani wech fih mohim plot 3amrt bih wer9a
2135,كامل رانا في نفس الحالة
2136,انا متفكرة هذاك الplot ماحبش يخرج
2137,ايا نحيت الكود تاعو طول
2138,Normal akhl3o haka brk ye3ref rak fahem
2139,Not me jebt model parameters men rasi w dert arimasubsets 20 w cheft elli 9rib lih ditah 🥲
2140,lmohim guys i think this is it
2141,but still nto enough for forecasting you know
2142,<@946710636883243029> prepare urself to see berbour yberber when seeing it 🥲
2143,this is forecasting
2144,bwach dert l plot hadha btw
2145,Hadak horizontal line XD?
2146,Hadi sratli nsit kifah segemtha 😭
2147,Wch ak tkhlt lah yhdik
2148,Plot test data meaha
2149,And try different parameters
2150,معانا اليوم درس الشعاع الضوئي و كيف يمر الضوء من الزجاج
2151,"It's a ""perfect"" line ✨"
2152,
2153,if thats forecasting mala hada wash? T-T
2154,Exactly
2155,"fit1 <- auto.arima(temp.boxcox, lambda = lambda)

ForecastedData = forecast(fit1, h=200)

plot(ForecastedData)"
2156,it's just different
2157,yeah hadha more clear
2158,nta u didn't get a constant mean
2159,Hadak confidence interval ki chghl 95% the forecasted value are within hadak Lgrey shadow
2160,bcs u had a different model
2161,yes
2162,"i do not think so, your data has fluctuations that your model is not able to capture at all"
2163,Chatfpt Ktbha in Arabic Bach brari yt7lbli mli7
2164,Deyna hadi lazem tkon chareb fi mokhk dertlo data ma9droch y predictiwha crypto w 9otlo al haj hadi tdir model l ard mayjibhach w salam alikom
2165,"<@879756074012512346> try to plot using this 

```r
# plotting the original time series and the combined series
plot(predictions,
     type = ""l"", xlab = ""Time"", ylab = ""Google Stock Price"",
     main = ""Average Google Stock Price in Cinema""
)

lines(seq(length(train) + 1, length(train) + length(test)), test, col = ""red"")
legend(""topright"",
     legend = c(""Original Time Series"", ""Test Data"", ""Forecasts""),
     col = c(""black"", ""red"", ""purple""), lty = 1
)
legend(""topright"", legend = c(""Original Time Series"", ""Test Data"", ""Forecasts""), col = c(""black"", ""red"", ""purple""), lty = 1)
```"
2166,ديجا جماعة الصح في المقدمة
2167,Oskot la ngoulek ana wch drt fel forecasting
2168,"also <@946710636883243029> i see u are using SARIMA, while i'm using ARIMA"
2169,so ig that's why
2170,try incrementing your arima
2171,المقدمة تاعي برعاية و هذا ما يؤدي الى تقدم الامة و تطورها مما يؤدي الى ازدهارها و تقدمها
2172,Nah it doesn't make a big difference
2173,Khssara makach choices answers hna kima LinkedIn
2174,even my arima could get the patterns
2175,<@879756074012512346> try different parameters
2176,Dert forecast manually arwa7 t9abel ana ktbt values w plotithem grab Ll actual values w goutlou Lmodel predictahem
2177,"I made a code that tests and gives plots with all combinations t3 parameters t3 arima + one that gets the best one based on MSE but m7itah 

Try asking ChatGPT for it"
2178,and do not solely rely on auto.arima
2179,Na9ess zedt khedma l Rohk
2180,درتها هاذي ثاني 😂
2181,Awdi I don't think it's about the model
2182,I trust my eyes more than computer results 😂
2183,"try simulating manually using either AIC or BIC to get your optimal p and q
+ acf and pacf
+ armasubsets"
2184,Mazal m taatar b taira l malyzia
2185,https://tenor.com/view/tnakt-gif-6290999
2186,brairi:
2187,combine all and select candidates
2188,"ماتخافوش خاوتي كاين group project 
رح يصرا فيه تغيير 
التغيير : كنت تتعذب وحدك رح تتعذب انت و 3 اخرون"
2189,Yqdra yadra tban forecasted sah (hadouk l7mora houma li Lmodel predictahem (li ktbthm ana))
2190,سوف يبربر
2191,w normal garnie normal maelich ? 🥲
2192,5 values brk fel test 3ndi ana
2193,distribution ta7fifet brairi T-T
2194,Nta w jma3tek t3 Group Project Module 😭
2195,Gal u may
2196,his haircut is goated T-T
2197,No tanamor in Ramadan 😭😭
2198,triangular distribution >>
2199,I took it as U must 🥹
2200,u'll reach that eventually dw
2201,May t3 Medkour fiha inna
2202,"bro, kayn nass tahlam having his hairstyle T-T goated"
2203,"brairi: so marwan what's your model?
marwan: rah gouddamek"
2204,Nta wahed menhom bayna
2205,medkour is the new akaike-kun
2206,normal ta3 dubai
2207,"bayna
i wonder what models they use"
2208,kal7ouna b aeima w sarima
2209,Dork yji Salah ygoullek covariance
2210,Imagine they use Marwan's method of forecasting
2211,El hafaf be like : Opening his Jupyter notebook
2212,and now we discovered a new Kahl
2213,why forecasting 200 values arima generally is for short periods T-T
2214,Yakhouya ta7ya manual predictions
2215,"marouane dima yjib good results by his randomness, so i guess that might be it"
2216,Lwa7ed rabi 3tah 39al bch yforcasti bih
2217,awdi last solution hadhik hiya
2218,Hadi kayna
2219,can approve that 😂
2220,asslan ghir rabbi li 3alem bwash rah yssra m3ndha hta m3na tforecasti lfuture
2221,"hadhik vrai kayna
68% accuracy ghir b fine tuning ta3 randomeness
ki chghoul model random darlou randomSearch"
2222,Wa9ila forecasting haram fih lghayb
2223,RandomDjelloul
2224,"``` 
library(Jelloul)
Jelloul.predict(time_series)
```"
2225,Hada win ?
2226,"Jelloul ma ytimportash, ykhdem direct"
2227,Pre-defined
2228,<@946710636883243029>
2229,"jay fel kernel ta3 R
howa l kernel"
2230,after ma dert random params to arima
2231,https://tenor.com/view/light-moon-dancing-bright-gif-16638518
2232,p and q?
2233,"3, 5"
2234,تطور ملحوظ
2235,Ani khayfa ngoullek try 19 13
2236,i think i'll just leave it as it is
2237,https://tenor.com/view/vegito-final-kamehameha-vegito-blue-super-saiyan-gif-11539971
2238,https://rstudio-pubs-static.s3.amazonaws.com/829029_18e1f0aa498148519fabbe97972cfe51.html#the-data
2239,check this article
2240,"see, after modelling, look at the acf and pacf of the residuals, ida l9it mazal bzaf fluctuations outside => increment the params"
2241,he got the same
2242,البركة فالقليل
2243,"in my original model, (0, 1, 1) i had 0 fluctuations"
2244,residuals were perfect
2245,so i'll just leave it as it is
2246,"also, as i'm working on the project i'm realizing how bad i did in the exam"
2247,parsimony principle
2248,I like to name it Occam's Razor ( they are same thing )
2249,"ARIMA(0,1,1) w galab"
2250,"awdi f dataset lawla 6ol khrajil arima(1,0,0)"
2251,Oumbaed tchofo kich rayeh 9bala fl forecasting
2252,"yakho, mn ktrat li lmodel ja weird fluctuaions mawlawsh ybano"
2253,Stop .... Get some help
2254,<@946710636883243029> razors 13RW 🥹
2255,
2256,lwa7ed hadhik ta3 7chma brk wtali kan ygouli 0 fihoum kamel
2257,Yakhouya ana jawni good results 7iro 3la rwa7kem
2258,"tbh, the very large conf. interval fl future t"" ur forecasts matbshrsh bllkheer"
2259,logic yeah
2260,"it's natural, the more u go in the future, the more uncertain u are"
2261,And then the Bitcoin Market went bankrupt cuz of ur model
2262,"To conclude, the best model was determined to be given by Arima(0,1,1). Utilizing this model, we produced the 10 month forecast results (given in results section 3.7) where with 95% confidence, the Bitcoin value is estimated to vary between approximately 6200 to 867,000 US dollars by the end of the time period at July 2022. However, in reducing the level of confidence to 80%, this range is greatly reduced to approximately 11000 to 242,000 US dollars.
isnt the range waaaaaaaaaay too huge? like i do not see the utility of it, telling me bitcoin values estimated between 6K and 867K"
2263,Bro his hands extracted everything from an image so fast
2264,Justement meaningless
2265,man the fact that it'll vary between 6200 and 867000 is ✨
2266,not my problem
2267,crypto bro's problem
2268,good night
2269,😂😂😂😂
2270,Salah lga temperature next month tkoun bin -20 w 60
2271,Aya c'bon bela3na welou ghdwa
2272,Gn
2273,Aywaaah hadik hya
2274,the model telling u to decide
2275,تع شعار دبر راسك
2276,
2277,wait 9alek saleh reh yahbet ghdwa
2278,
2279,wla ytle3
2280,start selling
2281,gambler's fallacy
2282,hram xD
2283,Perfect model
2284,bssh even the overall trend manish nshouf f ur model capturing it lala?
2285,his model doesn't follow trends XD
2286,wki tl9a rohek khasser ga3 rass lmal kifash?
2287,Differenti
2288,aslan 7rem
2289,quick question: do we need to check theaccuracy of the model using MASE ...?
2290,i don't think u can test it with MSE
2291,bcs u have a confidence interval
2292,preds$mean
2293,we need to do that step ?
2294,"U dont need, if you want"
2295,Forecasting te3i w al hamdullah
2296,thank you
2297,Hada wch gotlou gbil
2298,"i can see a hanging man out there, lhmar li f top khlas"
2299,bssh the tail t3 next one goes beyond it => cancel
2300,"oh no, it does not, mashftsh mlih"
2301,Aywah 3endk sah mohanned (manich fahem 3la wech yahder)
2302,hadik lcandlestick li f top khlas win 4093 is a hanging man
2303,Am katbin MA(99) bayna model mrnk hada
2304,https://neptune.ai/blog/arima-sarima-real-world-time-series-forecasting-guide
2305,"you can increase the values of p & q, do not rely much on auto.arima (trust acf, pacf and armasubsets) to get a good arima, but beware of overfitting"
2306,after splitting train_test
2307,i think it's good enough
2308,Hada bayen dertou manually Lsaleh
2309,Kifh 9dert jib data m 1700😂
2310,Mch 3aref chkoun kan ycollecti data hadak lw9t
2311,W9il hta data khdmha manually
2312,Hadi rani chayfetha
2313,Forecasting ta3ek fih 7ta back button implement w gae
2314,Allah ybarek
2315,red line is the test
2316,machi lfit
2317,The blue line is still horizontal 🥲
2318,Ani goult kifeh
2319,Mala madert walo plotit test b la7mar w khlas
2320,
2321,<@700379394383937607> guess which data hadi
2322,Ta3 Annaba
2323,Ani chafi 3la Avril hadak li kan habet
2324,Only f Annaba temperature f Avril habta 3la f Janvier
2325,april fools
2326,7aga mch temperature hadi electricity consumption
2327,Bs7 still doesn't make a sense
2328,Ffkrt Sami gal Lmodel ta3kem overfitting w Bouziane gal underfitting
2329,dok youkhrejlk sami y9olk data leakage
2330,lam tazbo6 ma3ana
2331,
2332,the prediction is where my cursor is
2333,lol
2334,"XD try aggregating, like ne99ess fiha"
2335,3anaba ya dawla
2336,dark noise
2337,seemed familiar
2338,Racist
2339,Ur predictions tchbh lhada
2340,🤣🤣🤣
2341,<@946710636883243029> u remember the black box ? 😭😭
2342,L predictions ta3 nas kaml 3ndk tshbhbl hada 😂
2343,Rani nebki sayii 😭😭🤣🤣🤣
2344,
2345,بدايتي الموفقة 😭🤣
2346,Plotiti l éclipse w9il
2347,😭😭🤣🤣🤣🤣
2348,Mahdjouba
2349,makach kima les batiments 😔
2350,tehchem tkml
2351,Soumia 😨
2352,"Wlh tfekkert had video, ntouma ki ndebtou m3a all the models ta3 denya  and transformations ayaa yekhrejlkoum forecasts a line ✨ 
Ntouma be like:"
2353,khrejli forcast a straight line f zero 💀
2354,it is not gwenchana gwenchana at all 😂
2355,forecast ta3i belike 🙂
2356,<@638828933936316434> remember hadak histogram f datahack?
2357,🤣🤣🤣🤣🤣🤣🤣🤣🤣🤣🤣🤣🤣🤣🤣🤣🤣🤣🤣🤣🤣🤣🤣🤣🤣🤣🤣🤣🤣🤣🤣🤣🤣🤣🤣🤣🤣🤣🤣🤣🤣🤣🤣🤣🤣🤣
2358,"Guys 
Train test split yji qbal box cox wla l3aks?"
2359,I think after
2360,Because at the end we compare the forecasted data with the original one not the transformed one
2361,"Cool
Thank you Haroune"
2362,Ya guys we submit only a notebook? No zip?
2363,Nsh9o nhto data?
2364,Azrbo 9olo
2365,Oui
2366,Lbrh 9oltoli link brk??
2367,Machi Ana marouane qal
2368,Hetti on sait jamais
2369,khwti zed l deadline wla ana manish ra9da mli7
2370,🤡🤡🤡
2371,Hadak time ta3 PC ta3k rah m9dm
2372,No
2373,Khalana hta submitina
2374,Meme 3ndi 17:00
2375,Yaaah the 2h are all I need 😭
2376,19:00
2377,good good deja khasni nmodifi shwiya
2378,deye3t 30 minute men hyati i did not know he extended
2379,submiti haja vrai t7echem lol
2380,Ana thani submitit 7aja mayshoufhash 5ir
2381,Gallek medkour w berbour fetrou w ghadi yetsa7rou b our projects ( laughing at us )
2382,Fetrou bina
2383,Yadra
2384,B3to la bourse ?
2385,Be3touk nta
2386,Nn
2387,Je pense mb3tolnach kml
2388,kont jaya nsa9si
2389,No bourse desu ka 😔
2390,Alalala
2391,w mn sba7 ygoulli service unavailable
2392,nope
2393,still broke
2394,"i forecast is correct though, just the model is toooo simple to capture the patterns"
2395,"i wonder why auto.arima gave lghashi kamel IMA(1, 1)"
2396,"ما تتمسخرش
خاطر مام انا مدهالي 😂"
2397,Ana lala
2398,"same, bssh i did not use it, i manually simulated it"
2399,"It gave me ARMA(0,0) :))"
2400,cuz meme lmax t3 p or q li i specified makansh ylh9lhom at all f trace
2401,<@946710636883243029> 3ndek bzzf mochahidin
2402,T-T what?
2403,9adra nechra7lek but uk bach ? 🥲
2404,Manually I got others
2405,Khouti nsit 3fsa
2406,Copyright ©️ <@774006774814081045>
2407,Tesab7ou bkhir
2408,Jma3a kech bourse?
2409,
2410,yaw khastna la bourse
2411,rah 9telna cher
2412,
2413,Wajdou jyoubkem brk
2414,لا لا لا نحتاج المال
2415,Medli la bourse ta3k mala
2416,كي نزداد جمالا
2417,he specified 😂
2418,😭
2419,Too late
2420,Yaaay ✨
2421,دار انسا للإفتاء
2422,ENSSA - en cas tensa
2423,
2424,نعم للعهدة الثانية 🌟
2425,+5000da f la bourse = na3am lil 3ohda thania
2426,"otherwise, pouvoir assassin"
2427,hak nsit 0
2428,اذا وصلكم الميساج تاع لابورس قولولنا 😂
2429,
2430,kech bourse ? 🙂
2431,<@456226577798135808> diri ur grammarly job f <#1029333197168840745> 😭
2432,T3 lmath lh9thom ?
2433,Rani nebki 😭😭
2434,L persons w ma dar fina 😭
2435,Hchemt yakho 7bibna kbir 3lya lazem n9adrah 😭
2436,Hadik wa mistakes akharoun 😭
2437,<@578643557351555113> wa9ila mor lftour ndirha en cas ou yefter 3lya
2438,Go 😼😼😼
2439,Ida kach ma srali nta sbabi 🥹
2440,Ned3iwlek
2441,Ed3iwli w ana alive machi 7ta nmout 🥹
2442,لابورس وكتاه 😭😭😭
2443,نقودي يا عااالم
2444,نقودي يا ناااس 😔
2445,Ndirou grève ma nwellouch 😼
2446,3lah nwelo????
2447,Jatni ma3loma 7assrya bli ymdoha f Août 8 mlayen direct bch trou7ou tsayfou f Sharam El Sheikh
2448,Dok chweya tedkhel
2449,@everyone hak Lofficiel
2450,Nchalah
2451,Enfin
2452,insha'allah
2453,https://tenor.com/view/feliz-contento-nadar-en-dinero-emocionado-saltar-gif-16707084
2454,https://tenor.com/view/rolls-eyes-whatever-you-say-gif-25023299
2455,وزير المالية من انسا
2456,"ENSSA ya dawla 
Fiha دار الافتاء
Fiha وزارة المالية 
Yadra what's next"
2457,La bourse tae alger ouest > la bourse tae all dz universities
2458,قناة الهداف تزيد تهز منهم محللين يبانو في معبد امون تاعهم
2459,5 thousand years later :
2460,salam guys yak we are not resuming university until after one week ?
2461,Mor l3id nchalah
2462,Elli bgha yrou7 ye9ra next week ma nchedouhch yak el 3ilm nour 😔
2463,okay thanks
2464,Except for ENSIA
2465,choukran 3ala el tawdi7 🥲
2466,jvoulais demander si c etait officiel aec les admin dla fac ... on en a plus de reservoir d'absense
2467,Normalement c’est confirmé
2468,Haka qalelhoum djouamaa 🥲
2469,ah bah ça fait plaisir
2470,merci
2471,i am nour and i dont approve of this
2472,No email was sent. Nothing is confirmed
2473,who djouamaa? i know medkour
2474,Khawti i have an important question
2475,An3am
2476,What do y'all call this??
2477,I forgot 😭
2478,dok nseqsihoum
2479,Zeytouf or something
2480,Hada esmo bl qbayliya yak
2481,waqil
2482,Sahit larvi 🌸
2483,Dok kach wahed ygolna esmo bl 3rbiya
2484,الحُرِّيڨ
2485,Rahetlou lhiba ta3ou 😭
2486,It's that plant that when u touch it wla idk u get hurt r ?
2487,Yes
2488,فريّض 😭
2489,"At least bel ڨ not ق 🥹
Hayba chwya"
2490,حنا نقولو الحرايق
2491,قراص
2492,To be read correctly it's قُرَّاص
2493,هذا سؤال نتوقعو مع تاع بروميار ماشي تاعنا 🙄
2494,
2495,😑😑😑😑
2496,ahah
2497,<@578643557351555113> neglebha f Mystery Box ? 😂
2498,Diriha diriha au moins ymedoulna answers 😭
2499,problem Lounis 3ndah links lel server 9ader yedkhol yel9a el 7ala zahya 😂
2500,but uk hadik hya I was thinking cha ndirelkom quiz today
2501,https://tenor.com/view/smoke-gif-17213906581445201864
2502,Azegdouf*
2503,mziya b3thtiha sinon rani machfthach
2504,Mm hna ngouloulou hakkaa
2505,Yakho le g is y 😭
2506,Hadou ta3 tizi yzidou 3liha b l accent
2507,nebta li tahrag- 🌟
2508,✨Marijuana halal ✨
2509,🙂🙂
2510,ze6let le3rab
2511,Ana mana3refhach ki cheftha hsebtha li golt nta 😂
2512,مجَّايطة و في رواية مجّويطة
2513,تسمية حصرية من النيجر
2514,i feel like kima enssa (wla idk kifah ttktb lmohim l ecole jdida) 🥲
2515,Dekhlet la bourse ✨
2516,im an enssa student xD
2517,انا لا اراها
2518,Waqil kedbou 3liya 😔
2519,W ana 3lh nsewni 🥲
2520,nssawna 🌟
2521,Aya bien mnich wahdi 😹
2522,+1
2523,+2
2524,+3
2525,+4
2526,+5
2527,البرومو تاعنا كامل مادخلتش
2528,Leh tfzdilna f +s
2529,knt haba nchouf win tosl
2530,Even f eccp where situation is in real-time madkhltch so it's not a mistake ta3 baridimob
2531,السؤال المطروح علاه دخلت للي برومو لخرين وحنا لالا
2532,Khsrt 50 DA ta3 extrait de compte ghi fel batel
2533,Balak l7kaya ta3 Sharam Sheikh kayna menha
2534,؟
2535,What's that
2536,Yb3tlkm Boukhalfa form win baghyin tsayfou
2537,.
2538,Macheftouch
2539,Mazal chwya stay tuned
2540,انا نروح نرقد
2541,Baridi mob rani dakhelo 1000 kha6ra hadho lyoumin
2542,مبروك علينا لابورس تاعنا ضرك راهي مليون و 200 الف
2543,Asabri tedkhol oumb3d nchofo ch7al 🥲
2544,"دخلت لسارة 
قالي البشير قبل بلي طروازيام تطلعلكم ب200 الف
بصح حسبت روحي ماسمعتش مليح 😂"
2545,W ana 3lah nsawni 🥲
2546,لالا مادخلتش للاغلبية ماتخافيش
2547,انا ثاني مازال غير سارة اللي دخلتها الظاهرة 😂😂
2548,Psq sarah acceptewha 🥲
2549,W hna la 🙂
2550,Dossier ta3ha 3ndou bzf w houwa accepted balak 3lajal hadi
2551,المهم كلش بسبة الخرطي تاعهم تاع الرقمنة
2552,Lmhm zedouha sah !
2553,يس
2554,Y mella brahthm 🙂
2555,باش في لخر تاع افريل يدخلو 48000 🤑🤑
2556,Beh f lakhr mtdkch khlah w yeklouk 🥲
2557,
2558,"ثم قال ماذا؟
قال: اليوم تدخل لابورس"
2559,شكون هذا ممثل الطلبة ثاني؟
2560,2000da hadik zayda fiha baraka
2561,3liha issmha sab al minha yssoboha sah
2562,Bl 9otra
2563,"hya apparently ""sebbou"" ghi lli acceptawhom fl first phase"
2564,erraGmana
2565,ممثل الطلبة اللي ماعلابالناش بلي يمثلنا 😂
2566,Yes cuz يمثل الطلبة
2567,طلبة العلم
2568,حنا طلبة المنحة
2569,😂😂
2570,Nass li used to copier report database won't receive the form xD
2571,POV: غرامة التأخير
2572,chaf medkour fel mnam
2573,أتاهو مدكور فالمنام تررنترنترررن
2574,Khawti ab3toulna quizz security bch todkhel la bourse
2575,<@879756074012512346> help
2576,<@826227968460062720>
2577,<@880206525950476359>
2578,"Rana f ayam mobaraka
يا باغي الخير اقبل"
2579,Tag Farouk
2580,ad3ili nzewej nb3tlk
2581,<@970189955638911027>
2582,Rabi yzwjk
2583,
2584,hada wach dert
2585,ya marouane amhi T-T
2586,"Ana mazal meme pas maqrit le cours 😂, plus source machi fiable 5 f le mid"
2587,ba3d taraweeh nbda fassl jadeed in shaa allah xD
2588,Inshallah ✨
2589,Q2 => DES with 'ensia'
2590,Ani editit
2591,Bqaw 5 questions brk khawti
2592,T9drolha
2593,"Sorry ayoub bsh I felt relieved ki 9rit had lmsg, I'm sorry wlh 😭"
2594,Dkhlt
2595,https://tenor.com/view/broke-wallet-i-am-broke-no-money-no-cash-gif-24120042
2596,Me checking BaridiMob after this msg
2597,علاه تفكرنا في الميدتارم علاه
2598,Jerh w 3awed tefteh
2599,Khir men jorh mateghleqch 😂
2600,Aya khawti kamlona
2601,
2602,"1-3
2-3
3-3
4-4
5-4
6-3
7-3
8-3
9-1
10-3"
2603,Oooh la3ziiz
2604,Ooooo lghali
2605,<@700379394383937607> 😭
2606,Nary 😭
2607,<@&877880553599303711>
2608,
2609,<@884900904766156811>
2610,
2611,Nsit madertch submit 😂
2612,Srx 😱
2613,Yes 😂
2614,3lah the reaction 😭😭
2615,Qrit le cours w gae apres nsit nsubmiti
2616,Reddelkom les notes ?
2617,Oui 😔
2618,aaah ya ayoub . life isn't fair 😂
2619,نورمال أيوب لي كويز ڨاع عليهم 7% برك ماشي حاجة
2620,En plus yehseb 7 out of 14
2621,Hhhh sah walakin ddit 5 f le mid
2622,😂
2623,اوك هنا نسكت مالا 😂
2624,هذاك رانا كامل كيفكيف
2625,تحسنا رحنا بلا قراية كيما business 😂😂
2626,منعرف 😂
2627,"الغلطة تاعو من اللخر
Examen de TD darlna fih TD ma 9rinahch"
2628,How much i get from this?
2629,حتى و دارلنا attacks ماكنتش رح نتفكرهم 😂
2630,9
2631,Winah lghalta?
2632,8-4
2633,Okay thank you so much
2634,Welcome
2635,"Concerning midterm, i feel bli na9eselna fel wrong answers"
2636,Which midterm
2637,Machi Kan ytmskher ki b3tlna 💀
2638,Ahhh chkoun yetmeskher b l marks yerhem babak 😂
2639,Anais mn nytk
2640,larbi tell them the hard truth😢
2641,rabbi yahdik wchmen yatmaskhar
2642,wlh I thought Kan ytmskher
2643,He wrote my name wrong in the email 💀Aya golt it was a fishing email
2644,U got pumped ha ha ha 😭
2645,Unfortunately my name was written correctly 💀
2646,The real problem Ida yzid yb3tlk another email with the correct name and a lower mark
2647,Ab3etlou email 9elou he is a good person otherwise kima 9aloulek its just a one quiz mn 7% wont affect
2648,Thanks Normal ha ykher 6 bests sema normal
2649,Khawti la bourse dakhletelkom?
2650,No
2651,راهم يتمصخرو بينا
2652,يتمسخرو*
2653,Bayna since madekhletsh dek nhar 7a todkhel nhar l3id kima l3am li fet
2654,العيدية 😔
2655,Ah?
2656,"7a todkhol nhar el 3id
Source: me"
2657,N7ki 3la kima l3am li fat
2658,Sah ?
2659,Dekhlet last year nhar l3id ?
2660,ماشكيتش كون جات هكاك رانا تفكرنا
2661,اصلا جاية بيزار 😂
2662,"yay dkhlet deja, bssh hna madaronash flhssab with many others :)"
2663,علابالنا
2664,بصح عندنا تقعد مادخلتش
2665,المدير تاع المات قال جانفي فيفري تدخل هاذو ليامات و تاع مارس تدخل مع تاع افريل في لخر تاع افريل
2666,بصح هاذو ليامات مهيش تاريخ محدد يعني مادرنا والو
2667,<@882774339051737109> واقيلا وقتها
2668,Men bekri weqtha 😞
2669,Ig let's start sending emails kima ta3 l math darou
2670,spam
2671,Si ani 3a9la 3liha wl nhar 2eme
2672,Dakhlet?
2673,"دخلت لبروميار دوزيام ( الاغلبية تاعهم ) 
طروازيام نساونا"
2674,كاينة سارة اعراب قالت دخلتها و بانتلي مام محمودي
2675,بانتلي الحل هو نرجع اسمي سارة
2676,قالي ممثل الطلبة هذاك قالو صاحبو حتان بعد العيد باش تدخلنا
2677,ماعلاباليش منين جاب المعلومة
2678,يعني على كل هي معلومة ماعندهاش فايدة كيعاد اصلا العيد لحق
2679,يبغو السارات 🤣🤣
2680,Dead
2681,شكون هاذ المخلوق يرحم باباك
2682,يخي قلتلكم قبل ممثل الطلبة اللي ماعلابالناش بلي يمثلنا
2683,كاين رول ممثل الطلبة؟
2684,الظاهرة 😂
2685,
2686,<@810614741012971552> 😞
2687,بقالكم خطرة وحدة اليوم
2688,بصح السحور صايي 😔
2689,
2690,Jma3a hadik yesterday's lecture wla rani nt5yl 😂😂😂
2691,Haqqrebbi kount rayha ngoulha 🥲
2692,wachbih hada 😂
2693,قصدك وشبيهم اللي راحو يقراو عندو
2694,dar lecture 🥹 guessoum being guessoum ✨
2695,قسوم من بكري علابالنا يديرها
2696,حسبي الله فيهم
2697,مايحشموش
2698,rakom kbar rana 3rd year yachkpi
2699,"When u know, u know"
2700,LOL meme 7na darhalna 😭
2701,9ra lcour we7do
2702,Which means ra7 tbda smata ta3 replacement f aw9at maysol7osh
2703,شفت نتوقعها من تاع بروميار دوزيام ماشي تاعنا
2704,"mchkitch ydirou ,ygoulk majitouch ntouma"
2705,Dkhalt fi ghaybouba nodt 3la el khlaya3
2706,"تاع واش تعويض
السيد راه قرا صاي
تسما لا تعويض لا والو"
2707,Yuh khalihom brk
2708,En tout cas kont 7a n9ra el cour w7di lol
2709,<@879496652887556117> ma t9l9ich rouhek brk
2710,"its either this, or guessoum playing his cards and dropping it to the students' camp"
2711,bayna aw yssena f champions league
2712,Replacement n7ki 3la l3id
2713,Kount 7asba fi blast ma nfwtou exams f last week ta3 mai ra7 nfwtouhm first week ta3 June
2714,"Kima galtlna lounisa 
Y3ni hadak lprogram li b3touh mn 9bl yt7rk b smana"
2715,Aya 9rawna 3adi
2716,Y3ni lirb3a w l5mis lzm replacement w bayna ra7 ydirouh b sbt wla f w9t matoslo7sh
2717,"مدام قراو خلاص هاذوك عطل
يتهاردو ملخر
ماشي اول نوفمبر يتعوض والعيد يتعوض
تسما شوي هكا يولي يعوض الجمعة والسبت"
2718,باينة حنا ماناش رح نبغيو التعويض بصح هوما باينة يعوضو
2719,"Project management غابت هي و زادت عوضت فوقها بالسبت و هزت الغياب 😑
وش قعد"
2720,kayen bezzaf jami3at 9arraw had 3 days online
2721,it would be cool if we did this w mba3 ma n3awwdou ma walou
2722,"wait, they are talking about Eid days!!"
2723,lol
2724,من وكتاه ليكول تاعنا مايعوضوش العطل 😂
2725,قصدك وشبيهم لي قراو عندو
2726,"hadik khalina i wasn't talking about it, im talking about those three days before Eid, koun darouhoumlna online 5ir mn tmas5ir li rah sari dk."
2727,"It's not something funny.. mayqdroch z3ma ysebro 3la zouj yamat ya jdk ?
They re expecting wahd yji 3la jal Deux jours w y3awd ywelli mb3d li b3ad kifah ydiro?!"
2728,Nheslouha f ta3 Alger w khlas
2729,"yeah, feel like idara mahich t5mm 3la les edutiants ta3ha 5lass"
2730,هذوك قراو 4 عباد الظاهرة و صاي
2731,راني كاتبة نفس الميساج قبل 😂
2732,"Tsma I suppose 7ta ta3 TD ydiro same thing 🙂
تسما ضرك تبخرولنا هذوك الغيابات لي جمعناهم باه نستعملوهم ف اللخر تع العام 🙂"
2733,.
2734,ان شاء الله تاع القروب تاعي يكونو ماراحوش
2735,كيفاه الجن مايطلعلكش كي تشوفي عباد هكا يا جدك
2736,machfitich l3am li fat f la greve only chwi mn our group li 7adrou 🙃
2737,"اصلا اليوم بعد نورمالمو مايقريوش كيعاد البارح  ليلة الشك 
يعني انا نبقى نستنى فيهم يعلنو باش نديماري من الجي ولا واش"
2738,و الله جماعة راهي حاجة متضحكش لازم نحكيو معا الإدارة ماشي كل مرة يديرو هكا
2739,Ch7al yhab ydir drama w smir rah kbir wechbik 9olo
2740,"ديجا كاين معانا بزاف من جماعة الجي ربي يستر 😂 هي صراحة idc 
بصح يقلقوني هذا النوع تاع العباد الي يخممو غير في رواحهم"
2741,يعني ماشي غير لافاك لي عندنا في حياتنا كل واحد عندو ظروف خاصة بيه
2742,ماشي كيعاد يسكنو في الدورة يسمطو على لخرين
2743,انا قلت صاي راهم طروازيام ماكانش اللي رح يخمم يروح
2744,ماشي علاهاذيك أميمة
2745,Makanch li rah howa mahboul ze3ma
2746,هي نوعا ما مهيش غلطة قسوم
2747,غلطة الادارة
2748,كيعاد لي بروف مايقدروش يقررو وحدهم مايجيوش
2749,هو حتا واحد ما عيطلو يقولو مكاش قراية تسما جا
2750,منطقي
2751,بصح هو زاد صمطها كثر
2752,ميطيڨش زعما يتفهم
2753,بصح كاينة حاجة برك رح تقلقني
2754,كون لي بروف يحسبو الغيابات
2755,كي شغل معليش قريتو على الاقل ماتهزوش الغياب
2756,كون راح يحسبو الغيابات تسما نلقا روحي exclus  ولا وشيه 🙂
2757,"نورمالمو علابالهم بلي مدرسة وطنية معناه الناس راهم من دزاير كاملة
تسما في ميزو تاع الصحراء يا يطلع في طريق تاع نهار يا ؤصرف زوج ملاين روحة ورجعة في الطيارة هذا كامل باه يقرا نهار
ديجا
كون طلعنا تلقا روحك لازم تحرق الاثنين خاطر ليلة الشك وباه تلقى طرونسبور
تسما مكانش كيفاه طول"
2758,انا لميتهم لهاذ السمانة
2759,Impossible mlkhr
2760,Est ce que wahd menna b3et email l'école bah yseqsihm ila nqraw wla la ?
2761,Psk sincerement jma3a 7na tan des fois ghaltin we expect people to understand our concerns without talking about them.. even if it's a clear concern we would have told them about it
2762,"Oumayma Nass saknin f doura w mara7och,
W guessoum kil 3ada 7eb ydir lesson f discipline fi aw9at ghayr mounasiba, matstahlch ndiro 3liha drama."
2763,لا للشخصنة 😭
2764,L7aja li n9drou ndirouha f cp ljay ndemandiw mayt7sbouch les absences t3 hd smana.
2765,I not defending myself dw. Koul wa7ed yassumi les choix t3o
2766,Kayen li 9raw hadou lyoumin?
2767,"لي سمعت كاين لي قالولهم في cp
لي علابالي تاع دوزيام نورمالمو قالولهم
المشكل هاك قلت اسيدي
بصح كاين لي حضرو
تسما ماناش كلمة وحدة"
2768,"المهم
طفرت وصاي"
2769,"I don't think kayen 3rd years qraw, wida qraw 2days mayzido mayneqso homa mhabel qraw nhar l3id. W les absences ida daro execlu rah nroho gae 😂 sema I don't think ytabqoha"
2770,مشي قال جوامع رايح يمدولنا هاذي السمانة ثاني ويزيدوها فجوان
2771,Be chwya realistic beyna makach li hdarlo w dar haka te3 ana jit w ntoma lala so l cours ndar w salam alikom
2772,"Yes 
هذا هو الاحتمال الاقرب"
2773,جوامع خي اصلا ماولاش chef département
2774,salah nta ki thdr hak n3rfk bli rak tema
2775,3lah tefda7 fina
2776,ntouma 3ndkm Leid nhar ljem3a f Tissemsilt tsma normal
2777,Eid 2011 ja bel jem3a ig
2778,Y3eydou f tissemsilt?
2779,u don't know our administration madam raki tgouli fi hadi Lhadra ta3 normalement ngouloulhem and so on
2780,psq simply tgoulhem wla matgoulhemch it's totally the same
2781,كمية الأخطاء اللغوية فهاد ال discussion
2782,عجزت نصحح
2783,3jbatek hak?
2784,She has a point tho
2785,Machi ghir nta dw
2786,aaah 9raw online? m3ndish cnx fdar hh
2787,it's very clear that nobody can come 300km> to study 2 days and then go back
2788,300 ?
2789,Nah machi this one but f some other situations we did such a mistake
2790,300 Djelfa w matla7agnich liha
2791,When u know u know
2792,awdi li mwalef y7dr Ll cp y3rf bli it's totally useless informing them
2793,"one answer: ""We have nothing to do"""
2794,It kinda makes me sad
2795,At least أقمت عليهم الحجة so later on it's totally their mistake they can't say anything against u
2796,It is clear from ur pfp
2797,"Mohim khawti النقاش عقيم fi had el 7ala 
Elli 3ndha gateau wla ftour trou7 ttaybah, elli adhen 3ndhom yrou7ou ysallou"
2798,Cuz machi 3fsa jdida ana kbrna 3liha
2799,bqalek mm pas 3am w chahrin 9raya f ENSIA w mazal it makes us sad? lol
2800,<@875482444818681897> ch7al l factor ta3 jeloul bah njibo the real estimation?
2801,"makan la factor la walo, June 2025 rak kmlt l9raya yb9alek pfe w salam alikom"
2802,pfe yete7seb
2803,mch chrt na7dar tsma mayt7sbch
2804,makach modules w exams..etc
2805,"قوم يتحدثون في امان الله
اعرابي:"
2806,Till now makanch
2807,ياخويا العلم نور. الغلطة تاعك كي ماعندكش طائرة خاصة
2808,Mor ftour inshallah n9olk
2809,I'm sad mahdertch cours te3 guessoum bach yerda 3lya w nedkhol jenna
2810,حتى و ماعندناش طائرة خاصة نورمالمو نروحو نقراو ونفوتو العيد في الاقامة
2811,Best experience tbh l3id f iqama
2812,Rahoum mdayrin fa3aliyat ✨
2813,Tartelettes batel 3nd el foyer <@946710636883243029> 😂
2814,Dok tjik houda tgoullek a3tarid
2815,I am nour and idk who 3ilm is so I have no idea what he speaks of
2816,missed the chance 🥲
2817,https://tenor.com/view/%D8%B3%D9%84%D9%8A%D9%85%D8%A7%D9%86%D9%8A-slimani-ma3labalich-i-dont-know-islam-slimani-gif-21147685
2818,يجيك رشيد مايخليكش تدوبلي المقروظ
2819,mkach ma63am ra7ma ta3 l3id?
2820,يخصنا مطعم رحمة على العام 😂 يصيبوني انا ونتا و سبينسر زادمين عليهم
2821,راك باغي الرحمة على العام. هكا ما يوليش كاين معنى للرحمة تولي the default thing
2822,تسما نتا كون ماتخسرهاش ماتحلالكش ولا كيفاه
2823,كي نخسر عفسة هكا يولي عندها معنى كثر
2824,قولي ني غالط
2825,ني غالط
2826,معنتها انا ني صحيح مالا
2827,
2828,هذي قبايلية ولا شاه
2829,"Typical face men:
- Msila
- Ain Defla
- Tiaret"
2830,+ chlef
2831,Chlef Est jihet win yskn Abderrahim
2832,Voilà win kayen la famille Rezki(ta3 chlef)
2833,Grib re7t autoclash
2834,انا نسكن فالحدود تع شلف مع بريطانيا
2835,Great Britain aka Great Ain Defla
2836,الحيطة و الحذر لازم
2837,London aka الروينة
2838,"من زينو نهار اليوم صحا عيدكم❌
روتاقو روتاقو باح باح صحا عيدكم ✅
الصح فاللحن هذاك جابو"
2839,روتاقو تباقو*
2840,روتاقو تباقو مباح باح*
2841,روتاقeu تپاقeu مپاح پاح صحا عيدكeuuم
2842,متعوب عليها هذي
2843,بريطانيا لي يهدر  عليها رحيم نفس اللي هدر عليها:
2844,اوووه حبيبنا
2845,- tissemsilt
2846,لازم تكلاشي روحك 😂
2847,nta ghir eskot
2848,
2849,علاه 😂😂
2850,https://tenor.com/view/tom-eye-tom-and-jerry-tom-kya-baat-hai-gif-17691773986489896843
2851,u sure rak 7ab ta3ref 3lah?
2852,لالا بطلت
2853,z3ma min ra7etli men rassi jebthali
2854,عيدكم مبارك 🤍
2855,"@everyone 
عيدكم مبارك كل عام و انتم بخير"
2856,عيدكم مبروك 🫶🏽
2857,"عيد مبارك 
كل عام و نحن  إلى الله أقرب و لفعل الطاعات أسبق و إلى الجنة  أرغب 🌸💖🤍"
2858,عيد مبارك 🌟
2859,توباقو تباقو مباح باح صحا عيدكوم
2860,عيدكم مبارك ، تقبل الله منا و منكم و غفر الله لنا ولكم
2861,عيدكم مبارك جماعة الخير، كل عام وانت بخير، ربي يرضينا ويرضيكم بايامه السعيدة ويبلغنا شعائره
2862,"صحا عيدكم جماعة 
كل عام ونتوما بخير"
2863,I read this in a khaliji accent 🤍
2864,"عيد مبارك 🩶، جعل الله عيدكم فرحة باعمال قُبلت وذنوب مُحيت✨️
ولا قطع الله عن بيوتكم عيدا ان شاء الله ❤️"
2865,I'm Algerian 😭
2866,الشبيبة يعرفوا يهدروا الله يبارك
2867,انا عندي ثلاث جمل كل عام نبدل بيناتهم
2868,Same xD
2869,صح عيدكم عيدكم مبروك تعيدو وتزيدو لعقوبة للعام لجاي ان شاء لله في حياتكم و حياة العائلة
2870,"البندي ينطق من عيد لعيد
عيدك مبروك"
2871,Khir men walo
2872,عيدكم مبارك كل عام و نتوما بخير 💚
2873,صحا عيدكم جماعة كل عام ونتوما بخير ان شاءالله ✨️💖
2874,عيدكم مبارك وكل عام وانتم بالف خير و تقبل الله منا ومنكم و غفر لنا و لكم ✨️
2875,عيدكم مبارك إخواني الكرام ✨
2876,rayane twa7chnak winta tji
2877,Ayah monsieur Yadel
2878,Galk f tali ta3 l3am nji nrgod fi nos sa7a
2879,wellah Rani f lzdayer khoya
2880,nji samedi nchlhh
2881,wejdouli matelas 🤣🤣🤣
2882,"انت على الاقل3 
انا عندي وحدة و ساعات ننساها"
2883,Arwa7 arwa7 ndirou competition ta3 coding as we used to do
2884,khtini rani en vacance x'🤣🤣🤣
2885,Ooooh Rayane
2886,R u afraid 👀
2887,I am tired*
2888,old man
2889,Raid roh dir fine tuning 🤣
2890,Ana tani I'm tired sa7bi. Intellectually actually
2891,khelli seyyed 😭
2892,Larbi don't mess with my romantic moments 🤣
2893,Raid coming out of the closet 😭
2894,<@1133914962914451466> 😂😭
2895,اه جيت؟!!!
2896,ارواح اضربلنا طلة ارواح
2897,Romantic with Rayane ?💀💀💀💀
2898,techfa phone call ta3 dak l3am?
2899,عيدكم مبارك تقبل الله منا و منكم و غفر لنا و لكم ، كل عام و انتم بالف خير اعاده الله علينا بالخير و اليمن و البركات💕💕
2900,الصباح كنت نخمم نعيط للشبيبة مبعد تفكرت بلي مانعرف نهدر ماوالو مالا بعثت غير من وملهيه 😂
2901,z3ma mashi ktbt script tb3t bih?
2902,راحتلي كون غير درتها 😂😂
2903,Njou nedouk men Azazga dok Zaki yskhn Lsandero
2904,Zaki repondili fel prv mchi hna i7itiraman Ll mochahidin
2905,yesss I'm coming Saturday afternoon inchaa allah
2906,I changed my mind I won't come anymore
2907,😂😂😂
2908,مرحبا بيك ريان خويا
2909,بارك الله فيك
2910,<@201373829380046849> techfa nhar rmitoli lma ta7t lbab?
2911,lyamat
2912,Qalek ljar qbl ddar 😂
2913,🤣🤣🤣 ana nchfa belli 7chemt t9olna we bothered u XDDD
2914,He’s coming on Saturday 👀
2915,lala hadik wa7dokhra
2916,meskin dakhel chambra ta3o wellat une piscine
2917,The Rayane is coming
2918,XDDD jk jk
2919,Ze ghayane
2920,JE TEMMERDE 😂😂😂😂😂
2921,galek <@700379394383937607> jiblna m3ak gazeuse ta3 franca
2922,ya kho wellah ta3 lzdayer khiiirrr
2923,7moud bou3lam
2924,Oh hadik ghir ta3 leqbayel
2925,ta3 fransa makanch les gas makanch ssekkar 🤣🤣
2926,Ma yeqderlhach marouane 😂
2927,Marouane lazemlo l3selll
2928,hein
2929,Ih lazemli nta 😍
2930,Bch nermi 3lik Lma men Lbalcon
2931,🔥🔥🔥
2932,ok w nta w raid cringe wa9ila I won't come for reeal
2933,XDD
2934,Yakhouya ida ma7abitech tkoun 3sel mala nta 9ares
2935,Khelliweh y come
2936,Nheb lqares ana 🤣
2937,jib m3ak <@577182678818881556>
2938,Rah y9ra f TP mskin
2939,khali tp yenf3o
2940,Khawti lbachir ma b3etelnach e-mail saha 3idkoum 😿😿
2941,ana gazouz
2942,gazouz gazouz qu'est ce que vous ... AH NON un peu DE GAZOUZ UN PEU DE LIMONAAADE
2943,Meilleure vidéo 🫶🏽
2944,Légendaire
2945,wlh
2946,le vieux était trop cute 😭
2947,Typical famous video f Tizi w Bejaia
2948,yesss
2949,https://tenor.com/view/the-rock-eyebrow-the-rock-sus-sus-eyebrow-gif-26041777
2950,go to <#1091665544173854821>
2951,Montre moi comon etude en frons svp
2952,je vé to montrey
2953,"Khlassou les discussions, aya nehedrou 3la la France 😂😭"
2954,C tri gonti de ta par
2955,ge tont pry
2956,no
2957,chabiba
2958,ns9sikom yar7em waldikoum
2959,What is it
2960,?
2961,t3rf kifah tro7 b transport hadak ljama3 f casbah
2962,b metro ??
2963,Hmm not really ro7t there one time  and I forgot. ask <@700379394383937607>
2964,arwa7 ya jeddek <@700379394383937607>
2965,Katchawa?
2966,read
2967,stoooopid
2968,Eh مسجد كتشاوة
2969,huh
2970,Jame3 li jay fel casbah
2971,hadak 3rd biggest masjid in the world
2972,Nah
2973,Maci bzf fet7oh
2974,Hadak mchi fel casbah u dumb
2975,La hdk khati
2976,wut
2977,wait
2978,اذا راك تحوس على المسجد الاعظم
2979,روح المحمدية
2980,Great mosque of Algiers
2981,Ki tji nedik ana
2982,b3tli picture
2983,Wait
2984,
2985,eih hadak
2986,wirrah
2987,Maci f l casbah
2988,Lala
2989,Ki tji sahel
2990,
2991,lala Maci pr moi
2992,ana nji Saturday afternoon
2993,so I don't have time
2994,Hada rahem ghaltin fl pic brk
2995,7atinha in the wrong place
2996,ah 🤣🤣🤣🤣🤣
2997,aya 9oli imala how to go there
2998,wirrah deja
2999,https://maps.app.goo.gl/hEjxMh35awPitTkH6
3000,kifah tro7 mel 7arach 7ta had lmasjid
3001,Tramway
3002,Nsit wch men arret exact
3003,Wa9ila cinq maison
3004,Belle vue more close
3005,"okey, w Kayen tram direct a côté la gare les trains El harach"
3006,Kayen a coté l'arrêt Caroubier
3007,L'arrêt li après el harrash
3008,ouais kharrouba
3009,9asdo lkanissa ta3 l9esba
3010,Awa Rayane dar l7ya w wela طاهر القلب nta brk li mabghitech ttoub
3011,Ssale7 kol kom tayeb ghi nhar yl3ab l pes
3012,Saleh Boumediene
3013,justement ana temma nro7 😂😂😂😂
3014,Khawti kayen option ma nwellouch 😔?
3015,Imagine tchouf wejh Brairi Sunday at 8am 😭🥲
3016,7attana kraht l9raya hadi
3017,t5bch t5bch w mb3d tedi ch3ar
3018,Kach ma rej3oulna 🥲?
3019,Khawti had el bnadem mazalah y'existi ?
3020,Life isn't fair najib. We work to maximize our chances but it was never deterministic
3021,
3022,He added us all waqil
3023,Thought I was special 😞
3024,Sm7li sdamtek bel 7a9i9a mala 😂
3025,Ana was already m3aya ça fait 1 year déjà
3026,Why do I feel hada Ryloo undercover ? <@880206525950476359>
3027,+ khawti la bourse makanch ?
3028,They want me to go back to campus broke ?
3029,"wellah for me till now life is good, l9raya is the only thing li mfzadha 😂"
3030,Aya manwellouch 7ta tedkhol la bourse
3031,Bayna u added him
3032,"Hnaya he added us, we’re different"
3033,فكرة
3034,I don't remember tbh. It could be both cases😢
3035,Raid cha 7kayet el 🦚 ??
3036,He’s too pretty 😭
3037,Sa9si zaki😂
3038,Yakho fr I have only 50DA 7chemt I ask dad for money to go 🥲
3039,جمال عيونه 🙂
3040,3endi 910da 😭
3041,Wait I bring the meme ref
3042,"Ak mli7, kanet 3ndi 150DA, flexit 100 khawnouhali ooredoo w b9atli 50 🥲"
3043,"Mala ana ngoulelkom, ndirou idrab we don't go back 7ta tedkhol la bourse 😔 menha we spent time with family w menha i9tisad drahem 😔"
3044,
3045,اذا راكم حابين غير قولولي قبل مانديماري 😂😂
3046,Alger chaba chaba w hellaba 😭
3047,L7agni had el zawali 7ta hna 😭🤣🤣
3048,Hada win kmel Ramadan 🥲
3049,Jibouli the brother eww GIF hna plz
3050,https://tenor.com/view/what-is-that-brother-what-is-that-whatsthat-whatsthatbrother-brother-gif-164522531710839787
3051,Sahit 🫡😂
3052,Maleh ryloo meskin mousalim
3053,الناس اللي تديماري فالليل ياه 🥹
3054,حلمي نسافر فالليل ( خاطرش نرقد نرقد ف كل الأحوال )
3055,It appeared ryloo was hacking us while learning from ryloo's father ( fr he said that )
3056,Ryloo's father is actually his friend who is teaching him
3057,Matkhbch wkhlas
3058,Mala dork kayen 3 ryloos 🥹
3059,Ja w qalek wla kifeh 😂
3060,Holmi mandemarich gae 😂
3061,Yuh + explained how he did it and how to secure it ( he is not familiar with php so he just tried the basic attacks only and now it's good )
3062,"Niice ✨, ryllo is a good guy after all"
3063,"9tltni 😂😂 
Holmk❌
Holmna ✅"
3064,Holmi ytannulla Ltrip ta3 mb3d
3065,"Yes mn zhrna, he will be coming next year so those who will host Mystery Box next year should be prepared 😂"
3066,TFAKART
3067,Rani ray7a haka without internet without credit 🙂
3068,7chamt ngoul l dad flexili tani 😭
3069,Khawti aya ndirou idrab
3070,Dok ana ngolo f plastek
3071,Take a book wla fewti bih lweqt
3072,Wch men book ytafou Ldaw fel bus except ida hya tdémarrer fel sbah
3073,"Machi 3lajal hadik, it's in case kach ma yesra ( remember nhar 7salt fi chlef ? 🥲 )"
3074,Wait 7aga kayen ktob pdf
3075,I go with taxi + i sleep melli ydemari 7ta yel7a9 😂
3076,Le train taekom malgach min yfot fat 3la chlef
3077,Trigah w7da yakho 🥲
3078,The true question is
3079,Nas l3aycha 😔 ana mch 3aref kifeh norgod m3a Lfayadanat
3080,Ma l9aw win yfewtou el trig fewtouha 3la chlef
3081,You should have that skill of sleeping while el 7ala mkhalta allah ghaleb 😔
3082,"Another question is, chlef mal9aw win ydirouha darouha fi dzair"
3083,Normalement ma tendarch aslan 😔
3084,Ana I sleep everywhere and in all conditions except coldness without zawra
3085,Malazemch tkoun kayna exception
3086,Ana maneqderch nergod f skhana 😂
3087,<@877942175315398766> mala marwan mayorgodch
3088,شاكر رح تمشي اليوم في التران ؟
3089,Nope
3090,ana li knt rayh lila f train aya complet xD
3091,denya rahi t9olli manrohsh wkhlas 😁🌟
3092,"شوف الطاكسيات
واذا خلات طول سطيف ولقدام خاطر ثماك تلقى طرونسبور"
3093,aya ndiro greve kima 9alet samah
3094,
3095,🙂
3096,Hasbya Allah
3097,Ma lemit la 3idya la bourse
3098,نجيب راهو يحوس يعمر طاكسي
3099,قالي لازم 8
3100,على كل ماشكيتش يلحقو
3101,ntoma u get this in 1 month XDDD
3102,fr but its not coming 😂
3103,wuuut
3104,why
3105,ra9mana 😂😂😂😂
3106,Twahecht yamat kont nrouh fel train mea khouloud w zoheir and all 😔
3107,Cuz they want us ndirou greve
3108,mara7ch diroha
3109,khebbachine
3110,Kant 3ndi 1000da br7t biha fl3id 3la kids 😔
3111,Kayna (I can sleep bla lights in my eyes haka)
3112,"6 millions*-* 
Time to invest in Microsoft"
3113,Ana mazalni kid berhouli 😭
3114,Berhoulna*
3115,Wiin 6 wiin
3116,3.6
3117,Ida tdkhl after 19 days you'll get 4
3118,4.8
3119,No one confirmed bli it's 1.2 instead of 1
3120,machi dekhlet l hadok loukhrin?
3121,دخلت لسارة هكاك
3122,Chkoun sarra hadi li 3ndha سر عند الله
3123,Yawedi khalouha ghir todkhol w mnb3d sahel
3124,اعراب
3125,لا يعلمه إلا الله 😔
3126,ig they need pressure 3blk ida b9ina hkak rah nb9aw forgotten xD
3127,hna li 9blona retard
3128,Yawedi ktelni el tchoumir
3129,akhir ma kan 3ndi shrit bihom jawaheer fi fri fayer
3130,Deja osbor ndir idrab 3la elli ma medoulich el 3idya
3131,انا ما مدلي حتى واحد  غير بابا ندير عليهم كامل اضراب ولا واش 😂😂
3132,ما مدلي حتى واحد . 🙂
3133,بلاك مختار طاهر المهدي مدلي ريشة هذا مكان 🙂
3134,مختار طاهر المهدي هوا الكناري تاعنا 🙂
3135,رح ندير إضراب شامل
3136,w tshrili jawaheer ki tdkhol la bourse?
3137,Eddi 7kaytek fi sachi w rouuuu7
3138,"bourssa* mashi ""sachi"""
3139,Sahiiiiiit
3140,3la hadi nechrilek jawahir 😔
3141,Jawahir lal nhrou hh
3142,issmo shbab .. jawaharlal
3143,مهند و نجيب دبرتوها
3144,احمدو ربي ماركبتوش في التران
3145,تاع بريكة راهم قافلين علينا الطريق
3146,Go Barika
3147,"<@883306210680504330> 
ارواح احكي مع جماعة ولايتك"
3148,اواه حنا مازلنا تابعين لباتنة
3149,لالا يخي وليتو ولاية وحدكم
3150,"لا
خلاونا تابعين لباتنة"
3151,حتى ولو مافصلوكمش انا رح ننفيكم
3152,ماتبعوناش لبريكة
3153,Chaker wlid Barika 😱
3154,yakhah
3155,يا ربي وش هاذو العباد سيريو
3156,<@883306210680504330> sorry t5lttli
3157,7sbtk mn barika 😂😂
3158,نسيت بلي نقاوس هذا وين فكرتني نسرين
3159,"هاك تشوف
انا وماعلاباليش"
3160,انا انسان يربطكم بوين تهبطو في الطريق 😂😂
3161,مالا صاي نعيط لثرية
3162,راهم يتضاربو
3163,😼😼😼
3164,مشيتو؟
3165,قبيب نلحقو ايه
3166,قريب
3167,السخانة تقتل ف alger 💀
3168,ضرك مشيت من اغا 😔
3169,Oui kan qatelni lberd f bjaia
3170,مام انا
3171,Yahah 😂
3172,صحا ريلو
3173,Kifeh Abderrahim yechki meskhana 😂
3174,Kifeh win rak
3175,فالطريق
3176,Triq slama
3177,Ana rani f train
3178,الله يسلمك
3179,ونتا ثاني
3180,مايديرولناش مفاجأة ويطلقولنا لابورس اليوم زعما ؟
3181,Nshallah kon ghir
3182,time to summon them yghl9o l9otb ljami3i
3183,Go barikiya 💪🏽✨
3184,Yakho winta 9ala3tou ?
3185,حرفيا مشيت من البرد القاسح وصلت لهبت من السخانة
3186,<@880206525950476359> <@826227968460062720> jebtelkom khber 😭
3187,Ryloo is actually a girl 🥹
3188,Chkoun
3189,الواحد فاتو عليه الفصول الاربعة فالطريق
3190,Aya ndirou grève 3la la bourse 😔
3191,شاابة شاابة 🐊
3192,6am
3193,رحلة الشتاء و الصيف
3194,Win wslet hkayet la greve he9a 🙄
3195,mal9atch transport
3196,Chkoun rylo
3197,hadik 7kayetha wa7edha
3198,جماعة تاع بروميار دوزيام دخلتهم اليوم لابورس تاع مارس
3199,وحنا لحد الان ماكان والو
3200,t3 nano & the other school 9alolhom before the end t3 had semana .. idk if hna included though i do not think so
3201,7na wlina makansh 😂
3202,xD
3203,3Y Math dkhlt 36
3204,Lym
3205,✨
3206,Tsma bqina ghir 7na
3207,Khitamouha misk
3208,highest level of tsbar Lnafs
3209,نقودي يا عالم
3210,نقودي يا ناس
3211,جيمي مستهلك و لديه حقوق و احساس <:PES_Hands:883030075476443156>
3212,very nostalgic
3213,
3214,They didnt lie 🌟🫡
3215,"Guys does anyone have ""solumedrol"" (medicament)"
3216,Bouchrika top 1 wmb3d sataf ba3dou
3217,
3218,نقودي يا ناس
3219,جماعة كاش واحد البارح هدر مع مدير الخدمات
3220,كي جا للاقامة
3221,على لابورس
3222,الجماعة لي راهم فليكول قولولنا تعيشو اذا جات تريسيتي ولا لا
3223,No 😔
3224,Meme f la cité m kanch?
3225,<@883306210680504330>
3226,La cité kayen
3227,😼😼😼
3228,ma neqrawch TP 😼
3229,Bessah zehri w ne3erfou 13:30 electricity twelli🤣
3230,كاينة كاينة
3231,Bien
3232,u mean at 15:00
3233,قسوم راهو يقري عادي ؟
3234,"ايه
بعث الكور وراه يقري"
3235,🤣🤣🤣
3236,nou9oudi ya 3alaaaaaaam
3237,problem slide numbers are not the same wla idk
3238,rani ngezzen win rah
3239,kifkif
3240,Same
3241,Mr Lounis's fav website
3242,
3243,oldie not goldie
3244,
3245,Apparently we can tell chat to help us do illegal stuff ✨
3246,<@1133914962914451466> mini nuclear reactor ki sralo?
3247,Qalek PFE
3248,<@1133914962914451466> T-T
3249,shftha
3250,made of nuclear graphite 😂
3251,"i convinced him that he is a professional black hat hacker, ki goutlou 3la mini nuclear reactor ma 7bch"
3252,😂😂🫢
3253,Khawti deep learning da5la tomorrow?
3254,i heared bli it's not w nsit chkoun gali
3255,Same but I wanna confirm
3256,Yes Brahimi galna lyum f td bli makech deep learning
3257,Thank you so much 💚✨
3258,for anyone from section 2 Mr.guessoum just informed us that you will pass the quiz in the amphitheater 2
3259,I can’t tag the third year students sooo tell the others from the second section 🥲
3260,<@&879492497586405426>
3261,Second year can tag 😔
3262,we can tag ESTIN hna 🥲
3263,<@&882795431824850955>
3264,amphi 5 and 6 everyone
3265,"Heyyy everyone,
Could you pleasee vote for team 12:
https://docs.google.com/forms/d/e/1FAIpQLSfW__-3VSpFA7sEIly0rRgamGfDHa0qS1qmvz5te49ZniCnbA/viewform"
3266,5 5 5
3267,U want em all 5 right 👀
3268,YES PLEASE😭😂😂😂
3269,Done ✅
3270,Thank youuu veryy much guys
3271,It’s will remain open until 5pm Algerian time ig
3272,ki terba7 osrof 3lina chwya 😂
3273,Hiya ana I don’t expect myself to win😂 But 5saraaa 3lik nasrafe 3likome😂
3274,Wait we can submit more than one response lol
3275,Farouk how many do u want 😂
3276,ensia ge3 m3ak trb7 nchlh
3277,madi4ch f only legends dir f general
3278,I just noticed that😂
3279,Hiya we didn’t present yet wrahi open😂 Blkk kane ta9adro tsubmitiw again between 4:30 and 5pm againn psq hadk lnosse sa3a li yasra fiha ljudging ba3de lpresentations. I’m afraid kane y3odo hadouk brk😂
3280,Form ta3hm bizar imagine voting for someone and then stating that everything in their work is poor
3281,Konto tmotiviwni ki bda levent psq dapraste fal event😭 Lmara ljaya li ykone raya7 nmotiviwah mli7😂
3282,Mli7a hadiya tane😂
3283,mawesitnach 😂
3284,Kayna😂
3285,"Ida ta9dare tag everyone, and share it with others as well?"
3286,put it f general
3287,and I will tag everyone
3288,Done!
3289,Thank youu very much
3290,قادر زعما يكون وحداخر مشارك ثاني و داخل فالسيرفر
3291,و يفيق بلي فاروق راهو يغش
3292,heda mchi غش
3293,دعم
3294,هي مالا وش؟ 😂
3295,Yawadi I just noticed bali wa7da mal participants ba3tate fal email l kml l’ecole li ta9ra fih bah yvotiw so
3296,"It’s not cheating, the ceremony is live"
3297,Soo
3298,Anyone can vote
3299,Good luck nshallah fiha khir
3300,Go Farouka 🥹🥹
3301,<@891047303497015306>
3302,"Ya wedi normal I voted for you with three emails
Mais ki tji tchouf Haka wa7d kifi normalement ma3ndouch l79 ydir vote cuz I didn't see any of the projects hadou"
3303,Haka 7a twelli rab7 li 3ndou more friends Machi li 5dmtou chbab
3304,That’s always the case for people choice awards😂
3305,Najib voti w belle3 😭
3306,farouk ghassek anti depression
3307,Done
3308,"<@970189955638911027> i thought of this :))
https://chromewebstore.google.com/detail/borang/mokcmggiibmlpblkcdnblmajnplennol?hl=en-GB"
3309,Oh😂😂😂
3310,<@970189955638911027> live from lasla's lab
3311,it's surpring to see u using twisted ways <@927125505570910239> 😂
3312,Mohcen's way to support farouk this time is different xD
3313,Ida you can vote during my presentation would he appreciated😂 Cuz it’s very likely for them to only consider votes during that timeframe
3314,"i like those, ngl"
3315,ch7al hakkak b t presenter?
3316,Dok y9ololo edi shabk w roh
3317,ch7al 5assek ch7al ?
3318,Mzlo two teams + 10 minutes brk normalement
3319,<@970189955638911027> dok yriglek mohcen
3320,Kane ndiro number kbire bzf tbane😂
3321,ndiro 1/5 of the event online viewers :))
3322,very reasonable lol
3323,Wzide chwiya 7a9 za3ma li rahome onsite😂
3324,Onsite kayane kach 250 wala ktare chwi
3325,"galek nyu kan tchouf ghir ips men dubai
aya tlga 100 outlier men sidi abdellah"
3326,We’re about to start btw
3327,Cbn😭
3328,جماعة كشما كاين خبر على لابورس ؟
3329,وينتا نبداو لا غراف ؟ 😔
3330,<@810614741012971552> jibi les pneus
3331,Khasna bah na7argouhom
3332,"Fatou liyam , chhour w le3wam 😔"
3333,3ndi brika
3334,La bourse dorri w sbab mardi 😔
3335,Raki up to date 😭
3336,Rahom m3aya w7din darouli update 😂
3337,Rahi m3aya El playliste en personne 😭
3338,wsh 9alolek fouriere ana 😭
3339,
3340,⌛️⏳️ 🤔🤔
3341,i think the delegates should email the school 3la la bourse
3342,حكيت مع البشير قبيل
3343,عيط للمدير تاعهم و قالو
3344,قالو ضرك نشوف معاهم
3345,😮😮😮
3346,mlaha
3347,كيفاه عرفت بلي ما عيطلوش
3348,باينة😂
3349,Larbi it's the guy of takli l jaj 3lah mahdernach m3ah sbah 😂
3350,"Ya rebbi, qe3dou yehedrou 3la ljaraim ta3 liqama 💀"
3351,Wl jara2im ta3 l'ecole darbo na7 3lihm
3352,5awti project ta3 TSA lazm ndirouh b R??
3353,No u can use python
3354,yesss
3355,Jma3a sérieux kech wahed ysa9silna 3la la bourse rahom mergouha
3356,عيطلو ثم بعد
3357,ياااه
3358,Ntou3 el khadamet 9alou todkhol f la fin nte3 avril
3359,Lyoum la fin Avril
3360,4 months vraiment bzf khawti ana tbanli ida madkhltch by Sunday lazem ndirou grève
3361,Azdam al chabab
3362,faha
3363,I agree
3364,Khawti el quiz dirouha for next Thursday meshi we9tha
3365,No
3366,Vrai weqtha at least dirouh friday
3367,machi next Thursday 💀
3368,Yakho for u we9tha am sick at home mm friday w lala
3369,Thank u for your understanding 🙂
3370,I voted for Friday
3371,I voted gbil
3372,Imagine next Thursday yemred someone else nbedlouha tan 3lajalou 🙂🤌🏽
3373,Ana wahed nkoun mrid Lkhmis ljay la kteb rabi tsma mandirouhech wkhlas
3374,كل خميس يمرض واحد نفوتو الكويز بعد التخرج باذن الله
3375,ربي يشافيك
3376,الكويز اونلاين تقدري تفوتيها في الدار
3377,Who says deja maredht 3ebd zyada
3378,Wesh 7a yodkhel fiha el quiz
3379,"Interpolation, least squares, integration"
3380,I prefer Friday yeah
3381,Arj4oulna llagreve
3382,Jma3a kayna hadra bli 7ta lle 15 bah todkhol and that's unacceptable
3383,"3ndhoum chahrin w houma ygouloulna ay ""ces jours la todkhol"" ytmaskhrou bina"
3384,Donc lazm greve
3385,Oui 😼🔥
3386,"dude dude ..
9allo la fin de mars => walo
9allo 9bel l Eid sure => walo
9allo la fin d'avril => walo up to now 
and la bourse fl khadamat kamel mn 28 hta le 5 .. mnish 3aref mnin jab le 15 hdik .. fiddlesticks"
3387,wktah exams chabiba?
3388,Le 2 waqil
3389,15 September tdkhol 15 millions 🔥
3390,Or something
3391,"Medkour didn't confirm 
Still he said to some 90% 2 June and they may give a week to revise before"
3392,<@638828933936316434>
3393,rani baghi nshouf lfinale f wembley
3394,😮😮😮😮😮
3395,A jama3a
3396,Stick to one subject
3397,Brkaw matseviiw
3398,Are we in or what?
3399,in
3400,يس باينة سمطوها
3401,In
3402,Ahdtou m3a les delegués ta3koum
3403,Sérieusement
3404,W b3tolhm un document officiel don't forget Machi ylgawlna sebba mb3d
3405,"Also guys pls li commentalha L Dr. Lekhal Bach ddir quiz at 9pm ..
Kayen nas trgod bkri w kayn nass tro7 t3acha."
3406,ndir poll f my group ?
3407,3la la greve
3408,Ouii
3409,Ken madernach grève drk wa9teh 7andiroha
3410,en plus kayen li m3ndhomch cnx so lazem y3gboh fi school
3411,Hih wikta la grève ?
3412,u could say ur opinion
3413,u too
3414,jwame3 9elna program li medouh l profs fih 25 exams
3415,they delayed them becuz la semaine tae l eid we didn't study (normally)
3416,we9tech la greve ? is it for next week wela lghdwa ?
3417,nhar lhad
3418,شكون قالك؟ ماشكيتش حركوهم كيعاد لي بروف ماكانوش يحكيو على هذاك الاساس
3419,"Dork f my group kayn 7 votes yes 3la la grève 
Lba9i mzl mavotawsh"
3420,Wlaw 9
3421,"Sii, ouarda did talk about it and djiroun too même houssem ig"
3422,Brairi houssem*
3423,Ask them lghedwa
3424,Djouamaa 9al haka w maybe ykon week of revision même si bla hadak l week te3 l aid
3425,"بيزار كيعاد قسومة قالتلنا اذا لقينا رواحنا روطار اللي رح نتحتمو نعوضو هذيك تاع العيد 
و قسوم اللي بعث الكور ثاني كي شغل مشاها على اساس قرينا و نسيت ثاني شكون قال قادر نعوضو ( قصدهم تعويض عادي ماشي سمانة زايدة )"
3426,كل واحد كيفاه راهو يحكي
3427,"For the moment 11 mn my group voted yes 3la la grève 
Dlegates lo5rin 7kitou m3a les groupes ta3koum ?"
3428,<@681238662453002271> <@1025837020842569779>
3429,<@891264886624112702>
3430,انت اعتزلت ولا واش 😂
3431,"جماعة 
لاڤراف تاع لقراية واش دخلها في لابورس؟ على حساب واش نعرف المدرسة خاطيها الخدمات الجامعية"
3432,"كي نديرو اضراب يوصلهم الخبر 
كي تاع النانو و الانظمة هك دارو جا الوزير لعشية قالهم قبل الويكاند تدخل و قبل الويكاند صح دخلت"
3433,+ بانتلي نزيدو فيها الماستر اللي ماكانش
3434,"as far as i remember, koun madernash greve kon madinash la bourse initially fl first year"
3435,I see
3436,Kayna
3437,I mean right Machi master li kayn
3438,رانا فهمنا عليك ماتخافش
3439,"Yup cuz if not, only our promo ( minus girls named سارة ) ydirou grève"
3440,But wait
3441,Hmmm
3442,Nvm
3443,"@everyone Mena l had ida mdkhelatch la bourse kayen grève ndiroha nhar lhad  
Li ok ydir ✅️
Li mahoch ok ydir ❌️"
3444,Lazem nb3tu document 9bal wla les délégués yahdru m3a l'administration 9bal ma ndiru la grève Haka Bach ma tkunch mkhlata kima l'année passée
3445,Agree
3446,La greve hadi dakhl m3aha master wl ghi la bourse
3447,La bourse nrmlm toudkhel le 10
3448,Who said?
3449,صاي ماوليت نصدق والو انا
3450,خاصني اعلان رسمي ولا منيش رح نامنهم
3451,gatli moudira 😂
3452,"i think on sunday, all delegates speak with the administration, and then on tuesday afternoon ndiro greve if nothing official comes
since tuesday afternoon there are no TDs, so mkach ta3wid mb3d"
3453,نديروها الصباح ماعندهاش معنى لعشية بانتلي
3454,Salah had l'idée te3jb ghir l bachir
3455,Hderna m3a jadhom ga3 nb9aw nhderoo ??? Nhar lhad la grève li mhbch ydir rabi ysahel
3456,"suggestion berk, ida diro rani m3akom"
3457,hchamt n9olk rahom ykelhou fik 🥹
3458,Kayen greve ghodwa
3459,declarative or interrogative?
3460,interrogation
3461,explicative hh
3462,Ghdwa fiha wla lala?
3463,@everyone :3
3464,9ololi offf khlo lwhd yaerf wsh ydir
3465,جماعة كاين اضراب ولا لا وشن هاذ تمسخير ؟!
3466,Ndirouha 3chya
3467,"salam, kayn li rah yemchilhom jupyter account li daroholna? + is the ip @ still 10.80.10.109?"
3468,"it is not working now, maybe they changed it you need to asl them"
3469,Galna medkour switch thrglhm c pour ça mahuch ymchi
3470,Ya7i
3471,rak f darkoum lela?
3472,"@everyone Salam alikom khawti demain nchalh 3la 8h00 grève 3la l'école youm kamel . Kayen matlab wahd fi had la grève houwa tdkhol la bourse had semana ida mdkhelatch rah tkon grève wahdokhera w hadi hiya .
Fiha khir nchalh ! 
Li ydir grève ydir ✅
Li  mydirach grève ydir ❌️"
3473,hdrtou m3a lecole? im they know  wesh bghina at least ?
3474,note : do not take it personal m just asking :))
3475,
3476,wahed mychrah apres t7irou aela manach mtfahmin yak
3477,"<@882774339051737109> kho lwahed aendou 4 absences wella f grp project nedi 0 normal ila mn7drch haka brk , so plz goul aefssa official sondage hk mdrna wlo!"
3478,قالولي الظاهرة حسام بعث ايمايل للمدير و ماجاوبوش
3479,Allaho a3lam hadrou m3ah lyoum
3480,Dok yconfirmilna <@882774339051737109>
3481,confirma bzaf -.-
3482,Sma wch ndir dok?
3483,وش قصدك
3484,Grève 💁‍♂️
3485,Jib mazout 9olhom ne9tol rohi
3486,ya7reg calories
3487,Wech kyn grv !
3488,Oui
3489,Who said ? Esq khabartiwna ?
3490,Did anyone confirm bli kyn grv ?
3491,"Check messages fog

G4 no one in 

Bzf rahom bara"
3492,.
3493,.
3494,.
3495,Hedo les mssgs ?
3496,Makhabartchiwhach
3497,"@everyone hadi mahich 3a9liya ta3 grève tb9aw fi la chambre .
Almohim kayen war9a ta3 li mdkhelatoch la bourse li mktabch ismo la grève hadi marahch tnf3o !"
3498,Win rahi had lwer9a?
3499,Aw rah yjibha maab
3500,9alek lazem yji madkour
3501,W medkour 3lah
3502,Houwa li ydecidi est ce que nsigniw wella non
3503,Ok
3504,Mais our names mara7 ydiro bihom walo
3505,<@700379394383937607> aktb issm khok
3506,"@everyone rana hkina m3a idara , la grève lyoum nkmloha même l3chiya après yjiw ta3 khadamat nhkiw m3ahom .
Demain nchalh nwaliw n9raw"
3507,Wel wer9a mazalha dor ?
3508,Cbn lwar9a wahd marah yzid ismo fiha
3509,Kayen li maketboush
3510,makansh 9raya l3shya
3511,Li ja 3la 10h myktabch
3512,"@everyone lyoum l3chiya thani grève 
Tfhmna demain nwaliw n9raw , 3andhom mena nhar lkhmis tdkhol la bourse ida mdkhelatch rah nchoufo wech ndiro"
3513,Esque 3tawkoum une promesse beli they will call and try to fix it ?
3514,I heard a man there saying wait till Saturday
3515,they did call .. 9damna he said 117 t3 2nd cycle (3rd year) 9bl la fin de semana
3516,kifah 117 ?
3517,ppl
3518,Machi Rana less than 100 ? 🙂
3519,no
3520,bcz tdkhlo t9raw ki ydiro greve 🤷🏻
3521,"Don't call it grève, esmha maskhara"
3522,"The fact that u didn't join us doesnt make it a ""maskhra"" .
We standed to solve a collective problem w drk li majach wla ""masm3ch"" ma3linach.. 
Machi a chaque fois on polémique hnaya"
3523,factos 🌸
3524,"No i've joined , w mazelt maskhara"
3525,"Because u joined f le moment win khlasset la discussion.. tsem3i صوت البحر  wla wchih ?? Svp Rana kbar manach nl3bo hna jma3a ga3 Rana retard ga3 3ndna qraya n7ess bli akm tmskhro hna .. z3ma lwahd baghi yji sbah ywgaf hka w yroholo des heure men waqto ?!
I don't care about the damn ta3 la bourse Hadi khelithalhm lihm bsh as a right u should claim it wkhlas psk l école Hadi 7asbin kolch 3adi w T3 ""laissez passer "" brk à un moment donné lwahd lazm yhder"
3526,"i, and alot others have reached them limits in absences and still stand up in the strike, others already dkhlthom la bourse (main reason) and they still w9fo m3a lghashi .. so what is your excuse?! only fiddlesticks!! .. i wish those lil sessions of yours were as enriching as ever ..
anything we did or do no matter in any way will reach whoever taking control in the upper hands .."
3527,Bs7 deja ml bare7 makentch confirme beh njou n9ablou m3a sba7 kon ml bare7 tfahmna bien beli sa7 ndirou greve lyoum meshi sondage wmba3da ma3labalnesh wesh
3528,"Excuse me here but I wanna make something clear 
Min t7abou tdirou greve make it official
Write a document lel idara and share it so people can confirm that what is written on the document is what la greve is for and is the same reason they are standing for

Sinon ana w7da men nass won't waste my time on something not organized w not official, lbareh sa9sat soumia if it's confirmed no one did confirm, so brkawna mel drama"
3529,oki .. i do not go around asking for the thing and when others make up an action to claim the thing i act differently
3530,Yakho ghir habess El drama hadi
3531,"Bah tdir grève kaynin procédures because you are joining up a group of people, hadi mahich soug El jem3a with all due respect"
3532,Win rahi la grève ?
3533,Kayen Guessoum Rah fel Amphi waiting :3
3534,best of luck 🍀
3535,What do u mean
3536,Hadik w9fna sba7 no need nrj3o l3chya
3537,Really
3538,9sdk we don't stand l3chiya wch ndiro mala ?
3539,La sieste apparemment
3540,Lala jma3a
3541,Really
3542,N'importe quoi
3543,"""Really"" Rani 3la li ra7o Lel cours btw"
3544,7ta Wahed ma ra7 DW 😂
3545,Guessoum is having la sieste fel Amphi 😂
3546,ki mndkhlouch n9raw when others ydiro stand up
3547,"كل واحد يدير وش يحب ماتدخلوش تقراو و صاي 
وقفنا الصباح بزايد علاه نزيدو لعشية"
3548,Sahitou koul wahed wach ygheni
3549,7ta tdirouha msgma mnb3d nahadrou 😂
3550,.
3551,Bonne sieste everybody
3552,فهميني وش راكي باغية كيعاد ماقدرتش نفهم وين راكي حابة توصلي
3553,"Ma3labalich ida remarkito mais l'environnement taena wla toxic makanch kima hak, mais lately aw ghir yefzed.
 malkom a khawti 😂, bqalna 3am w kol wahed yroh fi triqo sma at least we leave good memories machi a toxic environment"
3554,#ayoub_za3im
3555,m seeing bli lecole made it toxic 9bel students -.-
3556,One of the reasons sah 😂
3557,"Yes, I perfectly agree. I feel like the school has been turning the environment very toxic over the last couple of years.
In large universities, they care about the mental and environmental aspect as much as they care about the quality of the content provided. You always find them promoting themselves as having ""inclusive environments"" that allow everyone to share their ideas and grow. They understand how much this aspect is important for the growth and success of their students. You also find them support students to engage in other cultural and sport activities besides study.
When I went to NYUAD, I noticed that they put Basketball courts just below the library, and a couple of billiard tables just next to it in a nice open space. They also had a some sort of a green space in front of the classrooms that is completely isolated from the inside.
Our school neglects this aspect entirely, or at least, doesn't give it the attention it should."
3558,"Nonetheless, we shouldn't just keep blaming the school and make things worse. If the school is not providing that supportive environment, then we should create it. We should be supporting each other and creating that friendly atmosphere that allows everyone to grow.
When I went to NYUAD, I also noticed something that made me smile for a moment. The students there prepared some cute posters with a list of questions like ""Did you have breakfast today? Are you having enough sleep? Did you do something today that you enjoy?"" and at the end of the posters they included the contact of their university's counseling office. Such small initiatives can make a difference!"
3559,"As Ayoub mentioned, b9alna 3ame wkol wa7ade yro7e ftri9o, so let's try to keep nice memories out of it :)."
3560,"meanwhile in our school, we laugh about creating a Sports and entertainment club (thats a very basic example, let alone others)
so in my opinion, the problem did not only start from the school, it started within us as well"
3561,It didn't start from us nor from the school. It's a general problem that arises from our society's culture that neglects these aspects.
3562,"our known as ""culture"" is just us, because nowadays the independent thinking of being free evolved letting each one define them own custom ""culture"""
3563,hada lazm ychufou lbachir and medkour 🥹
3564,"""no posters allowed in the school""
-medkour"
3565,tbanli this subject needs further discussion
3566,we can even dedicate specific channel for that
3567,<@638828933936316434> nta y3jbk l7al f had lmawadi3
3568,N9dro ndiro collective games te3 ge3 l promo mera kol smantin wla
3569,Oh sah f le premiere année kona nl3bo loup garou qowa
3570,Collective games: undercover
3571,"I would  only talk abt why it's the case (the toxic thing), the solution nkhaliha l <@826227968460062720>"
3572,"yawadi deja makane ni collective games ni walo, normalement les lcubs yadouna n7awso😂"
3573,adouna ndiro Safari
3574,مام انا حابة مغامرات 😂
3575,جماعة حمستوني نروح نحكي مع تاع الانشطة الثقافية نقولهم يديرولنا رحلة 😂😂
3576,Test analysis numerical today wla Thursday? <@578643557351555113>
3577,Thursday
3578,Qaletlkoum lbareh?
3579,Yes 9aletelhom
3580,قوة فاروق قوة
3581,nji m3ak XDD
3582,you know where to 🥹
3583,يخي قالت في الايمايل لالا ؟
3584,<@875482444818681897> : bitcoin
3585,<@700379394383937607>: ophtalmo
3586,Mahmoudi + 9at = ophtalmo
3587,https://tenor.com/view/cat-kitty-surprised-shocked-oh-my-god-gif-17575069
3588,+ moncef*
3589,kima sayit nelga 3afsa mochtaraka bin mahmoudi w moncef malguitech except they both wear glasses
3590,
3591,We both mel gharb
3592,yawadi mahmoudi + moncef😂
3593,paris
3594,I do not agree on u being from Oran yet
3595,khmmt fiha bs7 chwya meaningless
3596,"لابورس بالجمعة 
المصدر البشير"
3597,✨ We craved for times like these ✨
3598,Not a trusted source
3599,It is
3600,Give an example of a trusted source
3601,https://tenor.com/view/fabrizioromero-fabrizio-romero-romero-herewego-here-we-go-gif-12261437897896696209
3602,<@&877880553599303711> salam ! ig it would be better if u do an announcement about what medkour said today
3603,what did he say
3604,He said a lot of things
3605,Well there will be a semester internship due in the month of September
3606,And students need to look for a company  wehedhom
3607,We need someone to announce the details of what Medkour said
3608,Muhanned ya3tik saha
3609,I guess no moderator assisted so who can make good summery with all details we will share it
3610,aktbi wsh 9al w ana npartagi 🥲
3611,<@774006774814081045>  smone is using ur personality here
3612,I am the real <@774006774814081045> 😶‍🌫️
3613,Marouane was there
3614,wow
3615,😂
3616,"Ok bon basically gall we will have a mandatory internship which is a part of our curriculum, for this the school will give us a paper that you will represent to the companies you will apply for saying that kichghel rak jaay b asem ensia (cuz going alone and under the name of the school machi kif kif ), f la fin ta3 stage obviously you have to prepare un rapport de stage and the school will sign for you  a convention saying that u did it (normalement hakka fhemt) you can do the internship during the whole summer and the month of September however only the month of September is counted in the convention since obviously school can’t sign 3la internship during summer since  we are not students f hadak lweqt of the year, gallena also the internship is graded or something gallna mazal ma3labalnach kifah mais bon"
3617,We asked for two things and he said i will ask for u: est ce que za3ma ngderou  ndirouha online wella lazem onsite also est ce que lazem f Algeria wella barra (za3ma an online internship bessah not with an algerian company)
3618,<@681238662453002271> voilà
3619,Anyways for more details wella ask medkour bessah in gnrl hada wach gall
3620,Thank you so much <@879494959336677396>
3621,@everyone
3622,
3623,Ana the only thing i heard was you'll get a sum of money
3624,Money money money must be funny in a rich men’s world
3625,
3626,9juin 🙂
3627,yes he said after exams
3628,exams ykemlou 6 juin
3629,
3630,W dork trusted wla nn
3631,بزاف 🙂
3632,جماعة شحال الوقت تاع الكويز
3633,normalment range of 20 to 00
3634,with a duration of 40 min once opened
3635,u need to open it before 23:20 tho
3636,Ok thank you
3637,Nd5lou first link li b3tatou wla second
3638,🫢🫢🫢
3639,Dkhelt la bourse 👌🏻
3640,يس دخلت 48000
3641,Ana madekhletlish
3642,تدخل بالطرف شوي هك تدخلكم
3643,Lala dakheltna kamel li mtl3tloch fi baridi mob ychouf fi eccp
3644,https://eccp.poste.dz/login
3645,ماشي على بريدي موب برك مام الميساج مايوصلش في نفس الوقت
3646,Kayen li mahomch dayrin msG
3647,madkhltlich
3648,Hhhhhh
3649,48000 🫢
3650,gg
3651,"Matokhrejlkech f baridimob, telgaha f eccp"
3652,f baridimob u need to spend money so it recalculates how much u have again
3653,Meli dakhloukoum drahem skettou 👀
3654,Btw kayn cp hada l5mis
3655,Any problems?
3656,(7ta w ngouloulhl mara7 ytbdl walou )😂
3657,A7kiwelna 3la l master 2
3658,Ki ykoun master 1 apres Sahel 😂
3659,Kitkoun licence esa7😅
3660,tahamous tae l projects -.-
3661,Qetlouna
3662,"- Master 2
- Dates ta3 consultation & délibération of the exams
- Are remote internships accepted?
Hadha wch ja fi bali currently"
3663,- Can we do an internship berrat Algeria ?
3664,Do you see beli exams starting b Wednesday should be changed ?
3665,Les projets  bzeeef it's  too much 🥲
3666,Hadi loukan hdernaha m lewwel
3667,Oui madabina b sebt
3668,I don’t see no point nejebdouha derwek
3669,انا حبيت يبداو بالسبت نحتاج سمانة كاملة و يا ربي
3670,Flask ya Chiraz 🤣
3671,Yes ana theni mahich 3jbtni t3 Wednesday
3672,For the future generation
3673,هي Wednesday هذيك راهي علاجال جماعة الدوزيام.
3674,هوما عندهم 7 موديل
3675,Wa7na f malah
3676,7ram 3lik 3lh tfkr fia
3677,We will ask for the detailed exam schedule w ida hna tani nebdaw Wednesday
3678,"As I heard
Idha true they'll give the first three days I see it's good
+ We have only 6 exams tsma we may get another day"
3679,3leh hna 3na 3 nshalh
3680,Même hna 3nda bzef setta mech chwia
3681,ماشي هذاك وش قصدت 😑😑😑
3682,Mais hadak project management na9dro mana7sbouhch
3683,Ig it would be good to ask for it before the CP so that if we have something to say we can agree on it before
3684,قصدي كيعاد عندهم 7 من الاحد للخميس ماتكفيش على هذيك يحتاجو يومين من السمانة اللي قبلها
3685,ايه هذاك وش خممت
3686,Mechi kaml tssa3nda security we7dha khessha 3 days hedik crypto fiha 9ontar algos  w zid ML li fiha 3oram chapters w w w  ...
3687,"Mliha ydiro ksh module wa3er b lareb3a w khmis ydiro ta3 business, haka ye93od weekend pour les autres modules"
3688,Nn yhdro ela les projets dans sens rana bzf overwhelmed manach lah9in n9raw 9raytna sema mklh ythmso f les sujets tae exams
3689,So mala kifah ywli schedule?
3690,Oh okey hadi sah
3691,I agree
3692,+ madabina no replacement sessions f hadik la semaine
3693,<@774006774814081045> diri delegate next year 😼
3694,U mean 3 days
3695,"Wla they give them a bigger weight (as Medkour did) at least hadhak ta3b ywli meaningful 
Machi exam ta3 2 hours decides the module"
3696,Yes justement
3697,"Cuz machi ta3b kamel mba3d projet 3lih 2%
W fel final ych7a6ek"
3698,Yes 🤍
3699,Ana ma nchofhach possible tae ybdlo weights f la fin tae semestre
3700,"قالو 60% هذيك جات من الوزارة مالا كيفاه في ts دار 30 نورمال 
التناقض ↖️↖️"
3701,"Mshy haja t9dr ttbdl hadi, par contre sujet si"
3702,Madam Medkour qdar ydirha they all can do the same
3703,Bsh ttndar mea lwl
3704,Sujet you cannot control it
3705,Blk kyn nas tklo ela exam
3706,Ana personally tsaedni
3707,The change start with us ✨
3708,Bsh je pense pas
3709,"Yes hiya retard
Bsa7 at least if not this year remark for the future"
3710,Sema mor ma yghamro bina😭ana nhki 7el sari3 lina😂😂
3711,Nheb ki tetfahmou ga3
3712,It gives community vibe 🤍
3713,Ig had l3chya n7ws 3la mdkour
3714,Ngoulou ygouli 3la exams timetable
3715,Wla yb3tou lina kaml
3716,And we discuss ida ysa3dna
3717,W f cp ngouloulhm
3718,"Next year be ready for more and more
That's why it'll remain affecting"
3719,Yes ofc i agree
3720,جماعة و باينة رح يتجبد موضوع الغيابات
3721,رح يحوسو زعما على السبب
3722,وش نقولهم
3723,Ma ranach lahqin
3724,The only reason
3725,بانتلي رح نخرجلهم بيها ديراكت و نقولهم كرهنا و عيينا
3726,Golhom we do not need tutos sessions maranech nefhmo
3727,"Déjà kayen la grève w l3id
Tsma hadhou are they counted?"
3728,بزاف لي بروف اصلا ماجاوش في تاعالعيد
3729,الاغلبية راهم متفهمين
3730,لاقراف بزاف حسبوها
3731,"Cuz for example l3id
Normalement 3labalehoum bli rahi école nationale they should have took it into account instead of asking for impossible things
+ They could have done as they suggested b Thursday ta3 December ki galek do you want to skip it (why themmak kanet kayna possiblity and the other times no), they could have done it online too (kima l'esi)"
3732,Ofc
3733,شاكر تاع العيد باينة ماهمش رح يحسبوها
3734,هاذي راني متاكدة منها كيعاد علابالهم
3735,Hiya as far as I have seen yes they didn't count it
3736,Which is good
3737,"Tsma unless yahdrou 3liha ahdrou 3liha
Otherwise tballi makalah manjebdouha"
3738,وي باينة
3739,كي قلت يحكيو على الغياب كان قصدي عموما
3740,"Ah
Alright"
3741,Kayen électricité f l'école ?
3742,Yep
3743,Mazal makanch f la cité ?
3744,Est ce que kayn daw f l école
3745,??
3746,Yes kayen
3747,Mrc
3748,او رجع التريسيتي فالاقامة
3749,sahit
3750,yes akdoulna 3al master 2
3751,Time series lecture will start at 15:30
3752,Who told you?
3753,keyen éléctricité f la salle d'étude ?
3754,Yes
3755,startat bzf
3756,startup
3757,مزال ماجاتش تريسيتي فالاقامة؟
3758,Jat
3759,Sah ? 😭
3760,Yes 🥹
3761,Y’a rebbi netle3
3762,W f l'école jat wl
3763,No
3764,yarabi tro7 nhar yji teboun
3765,Yakhah kayen f la cité?
3766,Trou7 nta w matrou7ech hya hdak Lnhar
3767,Amine
3768,Ay raht l'électricité f la cité
3769,جماعة اللي راهم في الكور تاع قسوم يقولو مايديرش الهم تاع الكويز غدوا
3770,3 ايام بلا تريسيتي
3771,Hasbiya allah 😭
3772,i dont think he would even care
3773,والله سيريو قولولو غدوا ماشي مضمون انو نقدرو نجيبو لي pc تاعنا مشارجيين
3774,ماقدرنا نريفيزيو
3775,شكون راهو في الكور و يقدر يتطوع ؟
3776,Even better ra7et hna w lhih 🤣
3777,💔
3778,ابعثو لڨسوم ايميل ينحيلنا الكويز 🥹
3779,تريسيتي مكانش كفاه نقرا انا ضك
3780,Khawa mkan trissiti la campus la school
3781,رحت لمذكور
3782,قتلو
3783,قالي ضرك نقولهم
3784,We will see وقالي
3785,Li b9atlo even choya ghir try to save it
3786,"POV: 
We will see in ensia == ارجع غدوة في البلدية"
3787,Brahimi said he won't be here tomorrow and will talk to geussoum
3788,"Which means 2 stuff 
Either geussoum ydirha w7dah wla makanch quiz 🙂"
3789,Mel extreme lel extreme
3790,ڨولو لڨسوم خاوتي راه ولا عاقل شوي ليامات هاذو 😂
3791,Kayen at home
3792,ana tbanli ndiroh ghdwa better
3793,Which means ....
3794,<@879496652887556117> nwelli lel dar 😂
3795,semana ljayya charged waaaay worse
3796,كيفاه 😀
3797,Yes yes
3798,Tdirah bel الطاقة الشمسية ?
3799,and before attacking me rani kifkom manish 9arri wassistit lecture whda during DL kamel
3800,منيش قاري كنت معول اليوم نبدا
3801,كنت نخدم عل البروجيات
3802,Dw yakho koun jit nattackik I'll come irl 🙂
3803,ay mb3da tji surement :')
3804,Campus?
3805,No home home
3806,Tfkrt aissa 9alhom 2013 mazal électricité troh
3807,2024*
3808,2024*
3809,
3810,واحد يحبسهم بليييز😭😭
3811,"Last update:
Red prises mkach charge 

Pole literally mafihch any electricity"
3812,
3813,كي شغل كنت في البيرو تاعو قبل قليل 🙂
3814,I told you
3815,Btw who has an extra candle 🕯️
3816,Are you sure Les prise rouge mafihmch trisiti?
3817,Yes tfaw 5 minutes ago
3818,شكون اللي رح يروح يشارجي في بلاصة خارج ال pole
3819,Nmdlou power bank ydiha ycharjihali m3ah 😭😭
3820,guessoum' honest reaction:
3821,evaluation dakhla?
3822,كاش تريسيتي خاوتي 🙂
3823,No
3824,فكرتيه برك
3825,جماعة راني رح نبعث لقسوم ايمايل
3826,Restau : vu
3827,فلتفعلها
3828,w kyn lma
3829,ndirou turbine
3830,No water
3831,kyn ltht
3832,kyn ri7
3833,Jaya ngoulha
3834,Kayen n7al balcon w bab T3 my room w yallah
3835,chargi lpc 9id mtrevisi
3836,7ta ping pong w gl3ouha was gonna play 🥹
3837,brkaw l2a3dar 😔
3838,"Problem it's charged, ana elli Rani not charged 🥲"
3839,mm ana XD
3840,mdamna brk
3841,😭
3842,"إنعدام متطلبات الحياة ✖️ 
إنعدام الحياة ✅"
3843,https://tenor.com/view/dying-monkey-dying-gif-13123180
3844,khawti help
3845,راني بعثتلو
3846,يردلي نقولك
3847,نقولكم
3848,كاش تريسيتي فليكول ولاسيتي؟
3849,BIG NO
3850,Mkh group f restau ?
3851,Restau Kayen IG
3852,كاين بصح كاين غير 4 prises wla 5
3853,رانا مركبين multi-prise f multi-prise ...
3854,نزيدو شوي نشعلوه 😂
3855,Oumaima guessoum ychouf l'email teak ghodwa eala 14:31 inshallah 🥲
3856,Resto bs7 jib multi prise m3ak
3857,lala houwa ycufu dok
3858,bsh yrepondi ghedwa
3859,"Ya jma3a 
Rah khasna triciti"
3860,"Guessoum again: 
الصحابة بكري كانو يجاهدو في سبيل طلب العلم ونتوما راحت التريسيتي حبست الدنيا"
3861,
3862,<@&877880553599303711> tag everyone please
3863,
3864,Qol wlh 😱
3865,ظلمتو مسكين
3866,Jat électricité ?
3867,no(for i9ama)
3868,Wslti deja ? 🥲
3869,:)) yes
3870,Mala time to enable birds system
3871,النوم مع غروب الشمس
3872,msaken ma3andhomch electricity
3873,Wellat électricité f studyroom ?
3874,meskin kan yreviser wmakansh quiz 😭
3875,yep ghadtni
3876,dok neb3at email l guessoum ngolo yl3an chi6an w ydiro ghdwa
3877,الجماعة اللي ناويين يروحو ديرو حسابكم رح يقفلو القطب 3 ايام نورمالمو
3878,O3arid
3879,What do you mean ?
3880,Nigga what
3881,prisoner prisoner
3882,يديرو علينا حصار 😭
3883,Guys kch wa7ed 3ndo details 3la had le7kaya ?
3884,مذكور اللي كي سقسيناه ليكيدانا و قاللنا لعشية نبعثلكن
3885,م
3886,تسما ما نقدروش نروحو للدار و نرجعو؟
3887,ممكن منيش متأكدة
3888,كي قتلو حابين نبداو بالسبت
3889,قالي لالا ماكانش
3890,واش تبداو بالسبت؟
3891,الامتحانات
3892,Ma ranach habin 😭
3893,كاين تريسيتي فليكول؟
3894,Rani fel spot kayen
3895,<@777137053166993409> rahet f la cité ?
3896,😭
3897,Lala kayen
3898,Khel3etni b the question
3899,W dork mazalt?😭
3900,Ih
3901,*** Resume ta3 CP ***
3902,"Exams:
Wednsday: ML
Thursday: Security


Sunday: ADB
Monday: Project management
Tuesday: TSA
Wednsday: NMO"
3903,"Exclu mlkhr mkanch, bs7 les profs ydirou wch y7bou f CC wla"
3904,Cc yb3toulna 9bl lexams
3905,Week of revision: NO CLASSES ALLOWED
3906,OR w SE yt7asbou m3a semestre 1
3907,Sunday 99% man9rawch
3908,Project ta3 TSA will be explained flcour
3909,week  u mean sunday to Tuesday  wla week ?
3910,Thank you 🤍
3911,Thursday 23rd 7ta tuesday mkanch 9raya
3912,Lakhmis last day of school f 3eme annee
3913,Zidelna 🤣
3914,"الاربعا ml
الخميس sec 
الاحد db
الاثنين project management
الثلاثاء nmo 
الاربعاء tsa

Ml demo 10 wla 11 

Project ts fl cour yzid yfhmna"
3915,Hada wesh qal Amaab
3916,Software w or ra7 yd5lou again this year
3917,Oumaima raki retard 😔
3918,Ma9ritsh l msg ta3ou
3919,Not optimized enough 😭
3920,ديجا راهو عكس الاربعا و الثلاث في exams🙂
3921,المهم الأخلاق
3922,"Hey, Kyn f l’école triciti?"
3923,Ouiiiiiiii
3924,Ma kanch f la cité g
3925,??
3926,Ra7t
3927,😱😱😱😱
3928,wtf
3929,yup deja fel progress koun tchouf tel9ahom listed
3930,Mahich logic besah thsbo l3am li fat w yzido had l3am ?
3931,Well it’s their logic
3932,lojik*
3933,<@891264886624112702> 7ga 3rs shkoun li kanou y7kiw 3lih 😂
3934,Masm3tsh bien
3935,3ers medkour 🥹
3936,Sah ?
3937,rabi ykon fi 3aweneha
3938,This is my house 😂
3939,Lala waqil merto hay thkem fih tqolo my house w howa aw yseyiha fina
3940,تفكير منطقي 😂😂
3941,😂😂😂😂
3942,No access to school sayi
3943,5rjouna mn school and no one will be able to access it until idk when
3944,Kherjokom ??
3945,Yes
3946,hypocrisy
3947,The hell
3948,Omg the drama 😭
3949,shhh oskot .. 9ader 3emmek tebboune
3950,https://tenor.com/view/teboun-abdelmadjid-tebboune-no-stop-it-go-away-gif-15740966
3951,https://tenor.com/view/today-gif-20421427
3952,His project is finally realized
3953,<@875482444818681897> ma3ndhmch sourci
3954,W yaamno bel ghoula
3955,les poteaux tae la cite :
3956,
3957,<@880206525950476359>  smhlna
3958,🤣🤣🤣🤣🤣🤣🤣
3959,😭
3960,يغلط يتحرك شوية يلقى روحو يجاوب على ثلاث أسئلة
3961,boba rak mnawar
3962,
3963,https://tenor.com/view/dance-green-gif-25970986
3964,
3965,Wlit tahrichet lmawsim 😭
3966,أيا حلو بحلة جديدة 😔
3967,Wch kyn f cyber sec school ?
3968,Lab te3 PCR
3969,Labs*
3970,BRI w sa3i9a y7awsou 3la boutefli9a 😔
3971,5awti wch 7kayet PCR hada?
3972,Be3tou email l bareh about it
3973,I didn't receive any email about this
3974,Chkoun b3t?
3975,Medkour
3976,
3977,Fahmouni 5awti wachi hada PCR?
3978,
3979,Medical test to check if ur covid positive
3980,"Obligatoire, and when?"
3981,No
3982,Thanks
3983,Yesterday
3984,Ok thank you for the information guys
3985,Mfhmtch 3lah only some students got it brk
3986,
3987,Why he look like he up to no good
3988,he looks like a pope
3989,He always looked creepy 😭
3990,now the clothes match as well 😂
3991,Hes a slytherin
3992,Yban professor snape without the hair
3993,blue so ravenclaw
3994,altho lbachir seems more like a huffelpuf to me
3995,the hat did a wrong role assignment 😭
3996,snape sla3
3997,She becoming old
3998,the hat be like wsh ntouma maneghel6och m3akom 😔
3999,Semhoulna ki rana 3aychin
4000,"ybanli more like ravenclaw, mm his perso matches it"
4001,L'ecole mzalt closed?
4002,it's open
4003,I asked this morning the agents said we can access it l3chya a.k.a now
4004,عرضو 74 واحد من البرومو تاعنا بانتلي خيرو random
4005,"Nah , he is the headmaster of the french girls school from goblet of fire"
4006,Sobbing 🫠
4007,
4008,Win nel9a ensia website?
4009,ensia.dz
4010,ensia.edu.dz
4011,W win nel9a info 3la office hours?
4012,Ma kanch 😭
4013,9aloli kayn 😭😭
4014,I need office hours 😭
4015,"maybe you can find anything here
https://sites.google.com/ensia.edu.dz/students-website/home"
4016,<@884003891304366110> if you need office hours T3 Lounis then it's on his website
4017,Like he put these office hours of security teachers
4018,W brairi wla medkour 3ando?
4019,Medkour rouhilu direct ll bureau
4020,Alright sahito 🫶🏻
4021,
4022,@everyone
4023,Yek 12:00 nbdaw?
4024,يس
4025,There's instresting discussion panel in Amphi 1 if you are interested
4026,Khawti rahet electricity f l’ecole ?
4027,Oui
4028,Yak f la cité kayen
4029,Kayen
4030,"Salam, chkon 3ando adapter cable hdmi"
4031,Anyone knows ida kayn project management cour?
4032,Jma3a makanch electricity f l'école
4033,They said mn lbareh majatch
4034,لالا ماكانش
4035,Here we go again...
4036,Seriously!!!!!
4037,Yep
4038,Makanch même pas Wifi
4039,Ngol العصر الحجري
4040,"Oh hell
تمسخير تاع الصح"
4041,kayan l calm
4042,https://tenor.com/view/arabic-hands-hold-gif-10918108
4043,موفريلنا كلش الحمد الله من تريسيتي و كونيكسيون 🥰✨️
4044,Kayna electricity now wla nope ?
4045,No
4046,جميل جدا
4047,وحنا عندنا presentation 🙂
4048,جميل جدا جدا
4049,Ahla school w ahla 3alam
4050,Tasali a7la 3alam 🗣
4051,Jet electricity f lecole?
4052,Wah
4053,3lah tji 3lah
4054,mzlha kayna?
4055,Nrmlm oui
4056,yes
4057,kayen electricity f school?
4058,Yees
4059,alright thanks
4060,This is how they gon find us
4061,
4062,That Arabic email scared me ngl
4063,😂
4064,خاف نكونو نسينا الحروف برك
4065,khawtiiiiii
4066,kch wa7ed 3ndo OS final t3 last year? 🥹
4067,Idnt think since we answered f exam paper
4068,No one has :/
4069,Khawti
4070,Kach wahed 3endou les mines ta3 crayon 0.5 😭
4071,3ndi 0٫7 😭
4072,
4073,With all due respect I feel 0.5 tekhbech El wr9a mchi tkteb 🥲
4074,ga3 you have 0.7?
4075,ana i had wahed 0.5 mais tellment manlgach les mines taeou bdltou -.-
4076,0.7 >>>
4077,B>>
4078,W crayon Lvert ta3 10 DA wch khasou
4079,Yed7ak 3la rou7ah
4080,3lh t7awsi chkoun d7sk 3la l comment ta3i
4081,Contre attaque 🤣
4082,قرعاجة
4083,t93rji 3lya
4084,درك يبدا يديها في روحه تاني
4085,سمحلنا أسيدي
4086,sma7
4087,Hadi kont nechriha f primaire ghir bach nban motatawir
4088,+ vibes Génie Civil fel BAC
4089,Long time no see 🥹
4090,Khawti manehedroush m3a lecole ya6oulna larb3a vide w ndirou time series bl khmiss?
4091,ana maejbtnich tae nfwtou aela 12
4092,not practical at all
4093,Ih hadi tani ps7 bghit n9ololhom ymedoulna larb3a
4094,Yes plz 🥲
4095,<@&877880553599303711> sa9soulna idha everyone agree
4096,Oui 🙂‍↕️
4097,I agree !
4098,We agree bsa7 medkour m3a bdit nhdr gali no
4099,Manbdl walou
4100,🫠🫠🫠🫠
4101,mm 12!!
4102,we9t lgayla kifah 9drou <:pepecry:979070412124213279>
4103,"Hadik makansh 3labalna biha f cp 
Mdoulna l order brk"
4104,nice mal ybdlha 😔
4105,dorof lhayat fhdk lwekt mch tae ML w sec
4106,koun jat f mangment wela maelih -.-
4107,Try again w zidi 3liha shwiya hedra idk mohim 9en3ih tht we need tht day
4108,Sorry bsa7 manish ra7 n7ki m3ah cbn
4109,3lh
4110,<@456226577798135808>
4111,Yes 🥹
4112,"jma3a, wektah the new deadline ta3 time series project?"
4113,10 or 11 june
4114,Who told you this?
4115,Howa qal f le cours
4116,🫠🫠🫠
4117,Ok thank you
4118,11
4119,Anyone has good ressource for td lkhr tae security ? Ytb vdo or smth
4120,hdouk les schemas  ghir aend lounis wkila
4121,Howa khtar3hom
4122,Why am i banned f ressources
4123,<@700379394383937607>
4124,you're not banned it there's something called slowmode we use it to avoid spamming channels
4125,"But i sent only one message, ma3lich"
4126,you can send one msg per 5 minutes
4127,because it's used to send resources not to discuss fhmtni
4128,Got u
4129,yakhah ayoub xD
4130,ybanniwek nekherjou ga3 m server
4131,Les hommes 😂
4132,Mais bayna maybaniwnach just wanted to know how the limit works
4133,Nghl9ouh*
4134,rak t exploiti lhuman vulnerabilities aa ayoub😂
4135,khawti makanch amal ydiroulna TSA bel khmiss ? 😔
4136,😔
4137,No
4138,
4139,Howa midterm solution mahbch yb3tha ybdlk schedule tae exam 😏
4140,I sent an email to guessouma for the db mid solutions
4141,Study it today
4142,Ana ten baetlha no reply 🥲
4143,W medkour 9otlo 3 times ab3tlna mid solution ana 3yit w howa ma hbch ybaet 🚶‍♀️
4144,
4145,he wont
4146,galna manbaetch -.-
4147,galk koulch bayen drnah
4148,psycho
4149,wla bch y3awdou same next year
4150,Khlas thelboulha hadi
4151,bach myktbouch mrteb
4152,باش ما يعييش روحو
4153,psq ma3rfch y7alo
4154,>>>>
4155,tye the only valid answer
4156,🤍
4157,
4158,داك خونا لي موتيفيوه هاذ اومور
4159,The downside of not exploring dark themes
4160,1 +1 = 3
4161,i already got it when i saw u <3333
4162,wellahi im not g
4163,then don't act like one
4164,They brought Achoui books to the library😂
4165,😭😭😭😭
4166,ACHOUI THE LEGEND THAT YOU ARE 😂
4167,
4168,
4169,They chose violence 😔
4170,
4171,Literally sobbing 😭
4172,daletna ghdwa m3ah 🤩
4173,your daily dose
4174,
4175,The good news hia no more backpropagation  🥳 ( untill l rattrapage )
4176,@everyone
4177,Sahit
4178,😔
4179,
4180,w ana? 😮‍💨
4181,challenging 9bel difficult bsah lala ? -.-
4182,"section 1, gussoum doesn't need your opinion dw"
4183,guessoum: you know where to put ur opinion
4184,salam ailikom khawti
4185,svp kch correction t3 ai final t3 last year 😔
4186,Solve it yourself xD
4187,I remember that The 2 exercises of first order logic are in the net available with their solutions.I managed to find them even before the exam
4188,hacker
4189,Lounis and his sense of humor
4190,Guys today’s exam was over 60 wella chehal
4191,Over 100
4192,Kima os over 100
4193,Okeeyy sahitt ana aejzt ncalculih 🥲
4194,Loukan qriti instructions te3erfi 😭
4195,lalaa ki cheft information system 3la 41 bayna ykoun over 100
4196,facts … 🤣🤣🤣🤣🤣
4197,انا جا فايت عليا لونيس حبستو سقسيتو على شحال 😂
4198,مام انا ماشفتهمش و ماحبيتش نحسب
4199,ana chaf my answers g3ed yedh7ak 3lia
4200,Y’a jma3a chkon 3ando solutions database
4201,
4202,La correction ta3 td noSql m3ah un résumé
4203,Please f ADB correction tae midterm tuto part tae logical cost hedik chkon 3ndo wela sawer la correction ki dartha l prof
4204,Since hiya baetet la correction ghir tae 2nd part
4205,mkch li3ando td3?
4206,<@638828933936316434>
4207,"Mouchkil même la solution t3 prof w Machi logique.
Anyways hada wach ktbt f tableau"
4208,Kifah Hadi due tomorrow ? 🙂
4209,Waqil khde3na 😭
4210,
4211,Deadline for time series is tomorrow?!
4212,Choukran
4213,"aha madarch update brk, hta le 11"
4214,khawti li 3ndou some useful vids for tsa (especially spectral analaysis) share with us wnd3oulek
4215,Thankk uuuu 🫶🏻
4216,Same jawni illogique hado les calculs kifash darethom dymn ytlfoli
4217,F database wach m les cours yti7o?
4218,Ma tayasser mn a9wal boukhalfa
4219,"wash 9rina ga3 f ADB?
query optimization
distributed dbs
business intelligence
what else?"
4220,"les modeles noSql hduk idk ila included f wesh goult , and dar graph db"
4221,graphQL?
4222,did he send any NoSQL and graph dbs lectures?
4223,non
4224,doka i sent him an email
4225,psq knt nswer hdk nhar gli nbaetlkum -.-
4226,"ahhayy, i see T-T"
4227,aendi hdou 😂
4228,No 😔
4229,B3etelna a lot
4230,maejbatkch non taei ?
4231,Qoltiha b Français
4232,T-T khdmo b jimdo
4233,https://boukhalfa.jimdofree.com/
4234,lpicture mch mt3oub aeliha khlas 😂
4235,"kayn les chapitres t3 ADB, but i am not sure if the same li dar f lecture (never attended lmao)"
4236,hadou mnou sema chuf
4237,maenkoumch compte matalan
4238,Chkoun 3endou a friend f Usthb
0,I will 100% do that
1,Reminds of my last year f lycee
2,It was only then that we started having moments as a promo
3,It was fun but also sad at the end of the year
4,Promo 8 was the best promo
5,"7na promo 7, ta3ref lpromo 8?"
6,Ih 😭
7,Chkon ta3ref menhom
8,Ne3ref 2 people 😂😂
9,W kifah 7ata 9an3ok bli promo 8 hia l best
10,Homa they bounded m first year
11,Machi kima ntouma
12,Machi sebba li tkhalihom best promo
13,bcs mafihach nta
14,Haka 9anne3tni
15,ay haja mfihash abderrahim madernash 😔
16,Oooo muo
17,Ahhh ma cheftch l message li qeblou Rahim 🤣🤣
18,njbed archives?
19,Lets go xD
20,rahim yebki
21,Ajbed ajbed
22,aw aw 3lah katkshef fina a larvi
23,🥹🥹🥹🫂
24,<@826227968460062720> راني جبت شكون ريلو
25,قاللي غادي يعاود يولي العام الجاي 🌝
26,مشي قلت مين تولي president أول عفسة تديرها تبدل الإسم🌚
27,Cuz of the challenges or cuz of Ryllo drama ? 🌝
28,اللي راح يسقسي علاه مزالني حية دروك، هادي العين تع الصالح 🙂
29,الجحيم welcome to
30,ما سحقيتش 😭
31,ReLu?
32,أستغفر الله
33,chkoun
34,Someone 🌝
35,w3lah tgolili bli 3raftih ida mabghitich tgoli chkoun
36,Because 🌝
37,aaaah
38,goli goli
39,🌝
40,<@826227968460062720> neb3at ? 🌝
41,I won't do it this time but 🌝
42,but .. ?
43,Ida resh9etli ndirha 🌚
44,الناس راهم حاسبين نبعث شكون ريلو 🌝
45,الحقيقة دوصي وحداخر 🌚
46,https://tenor.com/view/see-nobody-cares-not-a-big-deal-its-fine-no-big-deal-gif-16076896
47,
48,🥶
49,"Reading the first point: ✨🥳
Reading the second point: 💀🥲"
50,Nchallah ma ywellich مؤكد
51,Sma they will be replaced by 9ahwyiin?
52,"i bet meme meriem went through thi xD, reacted b sparkles then skull"
53,I literally did
54,Mala switch between males and females 🤡
55,"Expect hearing ""neskon fi skala yakho"" and ""mloudya yakho"" all day"
56,do they mean we will have boys as our neighbors ???
57,Exactemently
58,✨🤡
59,no way
60,impossible tesra hadi
61,Dirou iti7ad strong independent women ma binatkom 🌝
62,Waiiiiit
63,So we won't see those beautiful cars out anymore? 😞
64,binatkom ? you re not included ? 😃
65,"I'm not strong independent khti, my place is the kitchen 😔"
66,Rihlati from seeing 9ahwiyin of Sidi abdellah to seeing 9ahwiyiin of everywhere IN the campus
67,doesnt have any relation but anyways we re talking seriously... we  just want a safe environment
68,Ferhou m3ana 😭
69,Gimme one reason to nfrah
70,"Yakho bayna it won't be all bad people, most of them yes, but banetli yzidou security 

Best option ? Separate campus to girls only w boys only haka so they can't sneak in"
71,I think it’s not real hadik
72,No more 3ra 🙂
73,Impossible they will bring boys
74,Mlakher
75,Algeria ✨
76,No more zgharit at 3 am 😂
77,More smth else 💀
78,Koul wahd pire 3la khoh
79,Wlad fait ✨
80,Hadik rahi tesra f our campus machi 7ta 3ndhom 🙂
81,Both options are y3 mlakhar
82,U sure we live f same campus
83,"Yup, u just sleep in the night, I don't 🤡"
84,yes it happens in our campus unfortunately
85,Bsh it's so rare ig
86,Mlakher girls kol w7da terfed 🪛 m3aha as I do w safi 🙂
87,الاقامات تاعنا بداو يتعمرو وكتاه يخرجو علينا الادبيين هذو ضك
88,non had l3am c'etait abusé
89,Ig when more promos from our schools come and they can't gather many in one campus they will kick them
90,"Aslan we full dok
Two schools with 4 promos
Two with 2
And a new promo"
91,Total ta3 13 promos
92,Win rah yjibohom hambook
93,bayna it will explode
94,سلملي عالشهدا اللي معاك
95,المصدر: hamza al amn
96,">yzidou security

sure they will"
97,Ktebtha w n9ara3lkom t3al9ou 3liha 😂
98,باينة مهيش رح تصرا، راهم يخرطو كيما كل عام
99,Wahed ydirli summary
100,Cha kyn fel i9ama?
101,Makan walo
102,Ghadi ygl3o bnet bouzerea
103,And they will replace them b boys bouzarea
104,But not confirmed yet
105,Masder: random person f random FB group
106,Hell m tali
107,بصح علاه يكذبو عاجبتهم سيدي عبد الله ولا واش
108,Yzido security school u mean sah
109,Wah yzido
110,"الاشاعات اللي يخرجو كل عام 
انا منيش رح نكسر راسي كون ماتكونش حاجة رسمية باينة"
111,Mooooonceeef come chouf chkoun 7garniii 😭
112,Who knows a way to integrate external gpu in a laptop
113,u need to buy w7d equipment
114,nsit ismo
115,it's expensive
116,w lazm laptop ykon fih thunderbolt port
117,"Lmouhim li rah mkhabi chwya men les bourses:

RTX 3060 GDDR6 12GB Vram b 52000 

Ur chance for deep learning models"
118,free shipping 🥶
119,262.5*240=6.3M centime
120,Nro7 bihm vacancie 5ir
121,224.6*230= 51700
122,Still too much
123,Rak sure 230?
124,Nadjib 3abalou rana nahdrou 3la GTX 1050 🤣 khlas 3ndek l7a9 it's much
125,Go check its price in Algeria
126,Yes dollar is 225 to 231
127,
128,f binance tel9ah yel7a9 240
129,231 f Binance
130,rahi same price the same one f ali express
131,2 fan mchi 3 fan
132,<@720185698618966026> are you sure about the timing li ktbtou?
133,Chouf wech Kayen FL website
134,
135,Xactly
136,Was litrally thinking about the same thing
137,EAT w GMT time difference binathoum 3 hours
138,💀
139,Sah
140,Yes so between us and eat it's 2 hours
141,Najib next time dir nwader
142,What is eat stands for?
143,"it's interesting, bsh i am afraid I can't keep up"
144,Eastern Africa time
145,Okay 😂
146,GMT stands for Greenwich mean time
147,"I already applied to it w galouli lzm U solve coding challenges,😂"
148,3jzt
149,Wslt l this step
150,lzm dok ba3d?
151,I mean you solve them eventually>
152,?
153,They sent l form earlier to the Hackathon participants
154,I only know this and KSA one
155,:normal if you could keep up allahom barek if not you took the chance
156,Yooo coding challenges ✨💚
157,9n3i mokhi b hadi mich ana
158,La U have time . I didn't check the deadline tbh😂
159,We go for it and we see mala
160,August the 21  the deadline
161,deadline is like almost a month ahead
162,it depends on what day you applied
163,One month is a very large time ig . Sema U can work bra7tek 3la l challenges
164,yes
165,We try our shot then ig
166,yeah
167,there are like 30 questions i guess
168,Those who submitted f ENSIA after classes ga3 f study rooms joining the same course 👍
169,What time in Algeria?
170,<@578643557351555113> bayna contactah geleta w betty xD
171,8pm 11 pm ==> 6pm 9 pm 3ndna
172,Ok thanks
173,welcome
174,😭😭😭😭
175,the dude called me at 8AM wna hdak win rayh nr9od :')
176,
177,bsahathom 50M
178,"a2sv do -annual i guess- hackathons with valuable prizes,
an algerian team -from esi- won last year"
179,"Nice, about what had l hakathons?"
180,And where they announce them aslan
181,The list is still empty
182,I never heard of this project
183,Good question
184,What is this?
185,"AI solutions, you propose a topic, if it gets validated you proceed to participate in the quarters -ig-"
186,List ta3 li sjlou f hadi li b3tha anis I guess
187,i gave the dude some community links where he can share it bssh i guess he did not
188,U solved the challenges?
189,No mazal
190,Hadawin sjlt ana
191,Mala list is not updated
192,psq I can't see my name xD
193,Madam fiha ana so it's updated
194,Aaa ok
195,Sma ana mich bnedm wla what? xD
196,No idea😂
197,"i joined it f beginning of the year, 3jzt nsolvi challenges"
198,"XD 3lah ga3 3jztou mn challenges, are they that hard?"
199,they r easy
200,fhadik period i was mchghol
201,Z3ma a2sv drlna opportunities mla7 or it's just formation w cbon
202,idk
203,Lwa7d yjrb w lba9i 3la rabbi
204,deer deer trbah rihla l adis ababa
205,Kayn li mazalhom in that hackathon mn ensia?
206,Team ta3 Raid Ig
207,"That's nice, good luck raid"
208,"Ih btw
Ta3 wach hadhik l formation?
What will you learn if you join it?"
209,"it's not y3ni that interersting program ta3houm: programming, algorithms and data structures, problem solving, and software development, this is what i read, the thing li 3jbni is that they offer internships with companies li darou m3ahoum partnerhip (mabinhoum google, meta and other interesting ones) + lmoussab9at li ydirouhoum"
210,"+ i loved how lazm t7l 30 challenges before 22 august to get accepted , feels like competitive programming and i like that."
211,najib elmouhim fiha competitive programming
212,Jma3a am I the only one wla Github is not sending the SMS code to login
213,Yes
214,Ne3mat having the phone app 😭
215,Me is gonna cry 🥲
216,I need my Github 😭
217,Next time download the github phone app
218,W connect there
219,I've been trying to login since last week
220,Noted 😭
221,"Ywellli L code sent f the app, not an sms"
222,"Guys, why it gives me this?"
223,Contact ISE department and they'll fix it for you (ask <@898608462358007820> for details)
224,<@953769659642044546>  is it solved or not yet ?
225,verify first your id (maybe u included the 212 at the beginning ) also if u typed  year of bac  wrong  otherwise lemme try for u or  contact mr medkour
226,"Nope, but i contacted medkour, Thank you !"
227,np rachel
228,are they responding to emails?
229,is he responding to emails?
230,yes he answered my mail when i sent them to solve my registration problem
231,I sent him 15 days ago but no response xD
232,just formulate a dramatic  email subject (title) bach yrepondilk lol  otherwise he wont bother to read it
233,chatgpt yafriha
234,make the email a dramatic one
235,lol just write URGENT EMAIL w tchof kifah yrepondilk ... he answers my mails 2min after sending them
236,svp jma3a does anyone know  someone who is studying two specialities at same time (ecole sup + fac)  i need some info pls
237,like is it even possible to do it
238,an advise for sending time?
239,idk if it's allowed tbh
240,actually any time even 2 am
241,"nice
GG"
242,ya3tik sa7a
243,like i remember we had a classmate at 1st year she studied medecine in parallel
244,was it legal or not
245,but she stopped ensia and kept only medecine
246,yes but did she stop cuz it was illegal or just for personal reasons ?
247,no idea tbh
248,okay thank u . Pls if u get any info  can u tell me
249,No ( he didn't respond to me)
250,"GG
tsma l7ala rahi 50 50"
251,👁️👄👁️
252,My honest reaction 😭
253,Jma3a wkta tfth la cité this year
254,Balek 3 Septembre 3la jel ratrapage
255,"When they found out about her they forced her to choose only one, so she chose Medicine"
256,At least that's the story I know
257,Ask hadil for more info
258,Larvi 🙂
259,Don't make me join u 🌝
260,Deja I'm in my this emoji 🌝 era
261,🌝
262,"Yp, it was illegal 
And as Samah said, she was forced to choose
And she chose medicine
Else, had l3am daro double speciality for the new bacheliers, hna we don't have the chance to double it"
263,The darker one is better
264,🌚
265,Yuh I use it for bad intentions or when I wanna share tbahdayel t3 Abderrahim 🌚
266,3ndek tbahdila wa7da wli hia te3 ryllo
267,Double it and give it to the next person
268,3lh nta howa ryllo 😂
269,okay thank you so much <@807375299192553482>  <@1231413242690146506>  for the help ❤️
270,rak T7guer ya rahim
271,na7ger wla neta7ger?
272,2nd is more accurate ; but i felt it's inapropriate to say it😂
273,tttt
274,سبحان الله رائد ولا يجبر الخواطر
275,lala raid mwalef yejborli lkha6er
276,psq yebghini
277,ana ktar
278,ohhh
279,rahou lik kamel😂 ; i love someone else🤣
280,"ana tani 🤭
bssh that does not nullify abderrahim"
281,Yuh u right dw 🌚
282,Ayoub 🌚
283,Hanouda 🌝
284,"ensia:
math: 18.64
science: 19.04
math tech: 19.41"
285,ظاهرة التضخم
286,كارثة يا لطيف
287,
288,
289,Bach t signé f Real sahla hach tedkhol ensia had l3am
290,
291,Winrahom yamat jeloul dakhel b 17 l Ensia iiih denya
292,alhamdulilah lwahed dkhel f w9t lghafla xF
293,bssh hdu bl mawzoun yak?
294,Yes
295,Yess
296,"حنا مانقولوش قرينا بالشمع
نقولو دخلنا ensia في وقت الغفلة"
297,alhamdulilah dkhlt ensia w mashi esi
298,Bkri min kan etage ensm etage ensia 😔
299,"ارتفاع القيمة السوقية ل سيدي عبدالله 
No more Pizza carré b 20da"
300,17.52 barakat
301,Wmb3d A
302,"معدل في متناول الجميع❌
معدل يتناول الجميع ✅"
303,El djami3 daw mlih fl bac bsh
304,"yes
I heard bli this year's bac was too easy"
305,Literally li hdrt meahom brk gae faytin 18.6
306,"bayna, dilemma trj3 ll BAC"
307,Like fi kol al ahwal ha ydkhlo 200 or idk mshy zaema ha yn9so nas wla
308,i know some people who genuinely wanted ENSIA but got less (18.smth)
309,u think it' fair tjib 18 and u don't get the specialty u want?
310,they should add interview or smth
311,kayn 19 wm9blohomsh 🥶
312,Mo3adel l9abol just means kayn bzf nas haboha w daw ktr mnk
313,So prblm rah fl bac
314,mb3d 50% mnhom ybloko l3am ba3d maychofo cherchem
315,Nthg to do with fairness
316,"i'm just saying bli kayen people ydiro ensia just bcs of their high BAC average, not for their interest in AI or CS"
317,"nah, BAC system kamel lazem yt3awd, since 2008 whwha ymshi w يتدهور"
318,Axiome 🤣
319,mb3d yjiboha fi rwa7hom and end up taking places of people who actually deserve it
320,Ih hada mochkil whddkhr
321,"Imagine tjib 19,41 Aya y9ololk bac Machi mi3yar hhhh"
322,"هادي راهي كي قبلو 300 بنادم 
كون قبلو 200 كيما العام تاعنا تلقا غير مقران محمد الامين لي يعطوهالو"
323,"Bsh f system taena, the only criteria tae deserve hua la note tae bac"
324,that should be changed
325,Wlh
326,bcs bac has no value these years
327,li yji yjib 18
328,"Ih hda wsh ni nhki, prblm fl bac"
329,Not f had les moyennes tae l9bol
330,Psk homa juste result
331,"Lokan drwk rah fi 
الناحية العسكرية الخامسة 
xD"
332,nta ga3 matahderch 😂
333,this year:
334,Kirah sa7bk belkacem?
335,قصدك الحدود الجزائرية النيجرية
336,B 300 w lh9t 19
337,<@879796727031422997> fi waqt lghafla w 19 mawzoun madartech khdmetha
338,Kant rah tekhlass 3lina ga3 des cabrane
339,"result t3 a whole year of work and efforts, cannot be simply measured b an interview wla
the issue is that BAC exams and whole system is neither competitive nor separative, li y9ra SHWYYYAAA brk ykhbtha b 18 and then thhsel f how can you really differentiate between li sah deserves it and who does not"
340,make bac harder
341,Ih💁‍♀️
342,neflixilek?
343,"that's the problem of every year tbh
kayen a portion that chooses because of one on the reasons:
- average tal3 tsma ta3 nass harbin in their pov
- la bourse
- chambre individuelle
- the name of the field is attractive (they don't know if they can handle it or no)"
344,lokan rak tflexi kolyom
345,wmb3d lmra tghsellek lcombat bl javel 😔
346,Awah l mliha kon rani 9rib nekhrej retraite
347,Chambre individuelle machkitch m3a had lghachi kaml 💀
348,howa w ywli f chak
349,"yes kayna
wlat sahla tjib 18"
350,m3labalekch wch dar?
351,زعما يجي عندنا مقران ؟
352,ana tani attracted me thakaa s6ina3i wmb3d bantli KNN
353,Ana chkit ybougi ll kharj
354,"samir is one the reasons too
a whole month w howa ytaba3lhoum lma"
355,تبانلي تاع البروميار العام لي فات كان عندهم الحق كي دارو الحملة تاع #القطب_تكنولوجي_وليس_أدبي
356,sah daroha?
357,win kona 7na?
358,Tafo 3lihom daw gal makach chambre individuelle
359,imagine nroh f october wnl9a roommate 🥶
360,"change the type of questions too
matheleme wla math tech lazem des questions ta3 reflection li sa7 tbayen l fahem men l7afedh"
361,wnl9ah amokrane (wla idk his name) 🔥
362,7na w f chak hakka
363,idha madach bourse kima ta3 l3am lifat
364,nji nr9od 3la 12 y9olli nkhelli daw cha3el bsh n9ra nlw7o mn balcon
365,🌚🔪⚰️
366,تحسب خلصوه تع الادارة تعنا
367,"ana l3aks, nji neshar ygoli tafi daw baghi norgod"
368,هادي كامل كون شافو اللايف تاع ڨسوم كيما تحشاتلنا ، كون راهي خلات
369,"yes
dorka ra7 ydiw l bnat w yjibou lawlad
it'll be more terrible"
370,wla nroh awl nhar ywrili wer9a y9olli: 'a9ra 9awa3eed lghorfa'
371,it's official?
372,🤣😂 Propaganda
373,"lazem men dork nabdaw nchoufou m3a dou
bah matsrach kima september ta3 l3am lifat ki g3adna 15 days we don't know where we'll be"
374,Lokan chafo hadik form ta3 iPads mo3adl ywli 22 xDDD
375,وتتعاود القصة تع اية شعيب مع الطفلة تع ليزي
376,esm3 ndiro 3afsa chaba
377,"ki ywli 3andhom pro email, we send them lform ta3 boukhalfa hadik"
378,"la 
imagine machi bah yqra
bah yal3ab pes"
379,We send it to newest promos b email ta3 club ?
380,great minds think alike
381,salah ylgah windows user y7awjou
382,"not sure
but I think thadret men qbal 
machi ra7 yjibouha men rashoum"
383,??
384,Ma3louma tiribrk
385,"greeaaaaat idea
ndirou email spoofing lihoum 
yrigelna <@880206525950476359> kima rigel <@877885316478930945> men qbal"
386,😂 Ayoub professional fih
387,يرحم اليامات لي كنا نديرو السبور فالقسم و الأستاذ تع اللغة العربية هو لي يديرلنا 😞
388,Amira u still alive
389,Waiiit Samir is alive ?
390,Kan dayer monk mode wmba3d rje3
391,Disappeared for three years 🙂
392,Almost
393,Samir ki thder m3ah yglk ensia mchi mliha w fel groupe g3ad ghir y9n3hom bli hia the best
394,تحت شعار : ما نغرقش وحدي
395,"Tbh it's good anou ens l average ta3ha ykoun tale3
At least there's a potential to have good minds as future teachers
Cuz the new teachers nowadays some of them are really bad"
396,mdelhom ballon w rye7 tetchames
397,Samir was alive during the orientation of the new bac students this year
398,🤣 تحت شعار ، نغرقو كامل
399,16 isn't considered high anymore
400,16 is the new 11
401,"Yes kayna
But imagine if it's still 11
More terrible"
402,Wa7ed ymdlna discord server ta3 ESI sba (for my lil brother)
403,Mkanach li3endu waqil qolo ycheck oage fb taehom
404,"Tsma sna btw kayen 1000 new student xD
Impossible ymdoulhoum chambre individuelle unless ydiwhoum kamel l maalma 5 wa7dhoum"
405,Yeah
406,I guess ydiro 2 f chambre
407,<@877885316478930945>
408,Wait kayen 1500 not 1000
409,3ndk discord ta3 ESI sba?
410,Nn 3ndi T3 les clubs ctt
411,Give me ta3 clubs ma3lich (DM)
412,"Kayn hada ta3 club ta3hm 
https://discord.com/invite/QNR3RQpz"
413,Nice nice perfect
414,"Hiya when you think about it, kane ydire hadik l3afsa nta3 yjibo wled nta3 bouzari3a wyna7o bnete nta3 bouzari3a, ta9dare tafragh one of their i9amate (blk l 4) psq lawlad nta3 bouzari3a 9ale bzf compared to lebnet"
415,Thanks younes
416,Welcome
417,:)) but maydirohch
418,"Ida kan rahm yhadro 3la l univ ta3 bouzari3a oui kayna
Mais ida rahm yhadro 3la la cité ta3 bouzari3a I don't think so , cuz les cités rahm m3amrin en tout les cas bnat wlla wlad"
419,كهل
420,"I agree 100%
This is the pitty, psq 3andhom rafahiyat ikhtiyar"
421,Koun ghir ydiro exam 9obol
422,"Hna mor ma khebeznaha w dkhlna, ndbro ela nas😂"
423,How?
424,Presque 1300 lala?
425,Yeah w maydiro la bac la qat3 l'internet 😂
426,Qeblo 300 partout la?
427,الادبيات كاين اللي رح يروحو رسمي
428,ان شاء الله يخليونا كيما رانا و يديرو الجدد في اقامة اخرى
429,Li ddaw master ?
430,<@880206525950476359> .
431,Bsh I'm talking srxly
432,Aah sma 1300 hakek
433,"Having the last promo as example, dakhlo f 307, by the end of year wlew 200"
434,Yeah hakek khir alf mera men bac
435,"Chghol khsara, kon dakhloha those who deserve it m debut khir"
436,Waste of places hakd
437,"Xactly
Allah ysahl f l3bad, nchlh hna nb9aw f 3 manboujiwch"
438,L3am ljay ha tet3mer l'école tweli la chaîne kbira qedam distributeur
439,Manboujiwch + mayjibouch 3bed 💀
440,The saddest up to now
441,yeah exactly
442,Aya had lkhabach aw jay 3adna
443,<@946710636883243029>
444,"wait till you see a roommate f your room, + ممنوع احضار الزملاء للغرفة"
445,Moqran hada?
446,Iiiih
447,"<@1133914962914451466> 
<@578643557351555113> 
machrou3 pavillon"
448,Maqritch lism melfoq 😂
449,Marhba bih
450,W yaa dok l9louba
451,"My roommate yhawz roho mich hatan nhawzo
Mant3achrch ana"
452,"ana tani, shabi wmnhbhmsh f my room 😔"
453,Thams
454,"Act a psyco, hado newbies yjiw ykhafo aslan"
455,Ana ybat m3aya youmin yehreb
456,It's common for ppl who y9raw bzf to become psychos act one of them
457,"pavilon t3i bla mn actiw psycho, yshoufna yohrob whdo"
458,<@826227968460062720> njibo hamdi ydirlo isti9bal 7ar
459,Aan tan ndirlo istiqbal har
460,at 3am🤣
461,Can I have a portion of your hair? Mate
462,عربون العيش معا
463,nmdoh l <@826227968460062720> after madarolo 0
464,tsma dok ywli mo2athir
465,Nchlh mayhabsch brk wst l3am ydirlna tbahdil
466,يومياتي f ensia 😂😂😂
467,حمدي كون يشوفوا يقلو ارواح نديرلك 0
468,كيفاش تحفظ التاريخ و الجغرافيا
469,Hadik hya li twkl l khobz rayah 3labalk nta tejri mor etc
470,hadik bekri
471,dok ta9adom wel izdihar
472,Fhemna retard
473,Ywlli wazir ittisal xD
474,Promo taena makanch kach mo2athir
475,Hna khatina xD
476,met2athrin berk
477,Jayin ga3 3bed discrete
478,Kayn l bendi
479,continuous هه
480,dok yebda lghazw ta3 <#877877117872902199> w <#1004388574319345785>
481,قبلوني فالمدرسة بواش تنصحوني نبدا أناليز أو برمجة؟
482,ممكن تبعثولي المصادر باش نبدا نقرا؟
483,صح انسيا صعيبة؟
484,ما هو الحاسوب الذي يجب شراؤه لتعلم البرمجه ؟
485,"khawti 3andi 60m, za3ma tjibli pc mlih?"
486,قالولي الذكاء الاصطناعي يحتاج حاسوب قوي ، زعما كاين منها ولا غي يتمسخرو؟
487,قبلوني ف أنسيا بصح ماما تخاف عليا نسكن وحدي فالإقامة ، نقدر نبلوكي العام ولا ندير ترونسفار mi فولايتي؟
488,أنا نقرا  علوم تجربية و سمعت بلي فالجبر نسحقو القسمة في زاد هل هذا عائق (أجوبة محترمة من فضلكم)
489,"Hahahaha hadi vrais kayna mnha , hder m3aya wahd 9alli debber rasek nji tfahhemna f الجبر khater ma9rinahch f lycée











مزية ماقبلوهش"
490,جبر الخواطر
491,"تلقى يونس كاتبلو:
ابدا بعلم ال linked list"
492,Mo3adel el 9oboul 18.64 fotna esi lol
493,Fotna dnya ga3 majatch ghi f lesi
494,Dok yji weqt yqasmo ensia to schools kima qesmo esi twli higher school of nlp w tweli Ensia qdima 😂
495,higher school of intro to AI
496,Ensia-sba
497,Ana kont nestena fi esi 3endi personal issues m3aha
498,+999 aura
499,"خطأ

صح انسيا يدخلولها غير العباقرة ؟"
500,صح يمدولكم أسئلة غير الأذكياء اللي يقدرو يحلوها ؟
501,السائل : وحدة ولدها جاب 10 فالباك
502,Chkoun rah intrested or already in half a team?
503,My honest reaction: 👁️👄👁️
504,
505,مدولو ticket  🎫 الفردوس 😭😭😭
506,https://tenor.com/view/what-bruh-steve-harvey-shocked-surprised-gif-17654826
507,
508,mab9atch ga3da
509,"aah hell noo, noo noo no no no 😔
card 'esterdjel kho'"
510,can't wait for: rdat fi3li 3la affichage
511,spoilers:
512,"Omg houwa jeb 18.65 w mo3adel l9oboul 18.64 🥲
ڨالك السيد مزال ساجد لدرك ✨"
513,"he will realise that the ticket he got is not to heaven or hell ... but to earth where ""he belongs"""
514,"Well, after all of this, I hope he doesn't quit after the first few months"
515,3jbetni hadhi
516,As usual Raid says something good I like it 😔✨
517,"very inspiring one,
however, earth is just a stop by, we do not really belong here"
518,ur home.. in ur human form..
519,"That was my case fi 3amna, i was sad not happy 😅"
520,"that home, is just temporary for the self"
521,w3lah d3wa rahi fargha had l3am? mwalf l <#877877117872902199> on 🔥
522,Wht I meant.. it doesn't have to be permanent to belong to something
523,Uhm even in Jannah and Hell we will be in the form of humans no ?
524,ليست دارنا ولا ديارنا، إنا لله و إنا إليه راجعون 🫡
525,قاللك سمير حكمهم قاع قاللهم تحيا انسيا
526,"Ig cuz of all those Instagram pages that give info about it that's why they ask there rather than here, idk"
527,exactly
528,daaamn me too .. jamais qbloni f hackathons ta3hm
529,Its not abt hackathons its bcs ma9eblounidh fiha malgre dertha 2eme chois
530,Anyone took l'convention déjà ?
531,"Some companies demand it before signing the first paper, and ma 3reftch cha ngoulhom lol"
532,Why is idara te3na compliqué ge3 haka khawti
533,"'You need to bring back the signed request I gave you so that I can give you the signed convention'
Tarek Medkour"
534,"I know, i heard it, that's why i am saying compliqué, the convention is literally just a paper presque template between all other schools"
535,And medkour is ignoring all my emails
536,Plus 40 étudiants li 9blohom 9n3thom BLI Hiya the best (ensia بيريز تاع ) 😂
537,You're not the only one having this issue
538,Anyone has email te3 scolarité ?
539,We start sending to bachir then
540,Rahom en vacance so idk Ida rayhin yrado 3la les emails
541,Idha jawbek goulli t3ich
542,Normalement kayna permanence
543,Please email te3 scolarité
544,razika.boukhalkhala@ensia.edu.dz
545,Chouf hada
546,Thank you
547,5awti 7na nrj3ou n9raw fi septembre normal?
548,"no, makach 9raya f sep"
549,( haka gal medkour )
550,Jamil
551,Yek 3endna stage
552,<@455585882469040146> tell the company that hadik lwerqa lewla isn't a convention it's just a requirement to get the convention
553,
554,
555,
556,<@455585882469040146> medkour has an issue with sent emails ig
557,"I don't think so.. He once asked to send him something, so I sent and asked him a question, so he just ignored my question and replied ""well received"""
558,nawel.ladjouzi@ensia.edu.dz
559,Gouthalhom they told me 3awed weli bel convention sinon mknch💀
560,Meme homa 3endhim medkor ykhdem 3endhom mala
561,"I filled HEC form hdek , but i only have ensia in progress and paid for ensia only 
is this fine ?"
562,Yes
563,but how to know if m sah enrolled :))
564,Check progress app
565,Log out and in
566,And see if u have the updated info in ur card
567,"It okey kml aendna ensia , ig ghir larbi aendo HEC 🥲"
568,Larbi madarch login
569,Bekri hadik
570,Doka ma 3endich carte iqama 👁️👄👁️
571,Ma3lich tbat m3a lewlad tae bouzzeri3a
572,😭😭😭
573,Ybat f library t3 school w yrou7 yakol mel freezer t3 Mekdour
574,Hadik hya midnight snacks
575,Le frigidaire tae medkour ni3ma ya3rifoha ghir marouane w saleh
576,W Larbi 😭
577,Rak dert l'affaire mala 😂
578,Mates please chkoun alabalou la note eliminatoire taa cyber security school for math stream chhal?
579,Note eliminatoire 💀💀
580,18.61 pour les scientifiques
581,18.99 pour TM
582,W math ig 18.25 ( not sure )
583,Ensia effects
584,I just checked
585,And yup it's 18.25
586,Me too actually xD
587,Aya hamdoulah ma ranich wehdi 😂
588,Thank you so much 🤍🤍🤍
589,Np 🤍
590,hmdlh ensia only :)))
591,Enisa xD
592,Us again dekhlin ecole b program jdid mant3almoush 7na at least ana 🥲
593,"👀 
M3lich u got the point 🙂"
594,"جماعة ماعلابالكمش وكتاه يرجعلنا مذكور على ال form ,تاع سوناطراك"
595,الواحد يعرف وش يدير
596,Send an email to ask him🤌
597,علاه راهو يريبوندي زعما ؟ 😂
598,"Try, maraki khasra wlw"
599,W inform us later
600,https://forms.gle/TxnXqReciqELFVeQ6
601,
602,We all received that email 😭
603,Yuh but in case someone is disabling sync
604,Slay samah
605,Good luck with that internship khawti 🥹🤍
606,Thank u samah 🥹
607,Guys who knows the paper tae stage should we sign it now with the company or wait untill September ?
608,Cuz Medkour sent a form to be filled I dunno if it has a deadline
609,You sign it and bring it to school and then they will give u the convention
610,So you do it before September
611,It has to be brought back to the school in september ?
612,Yes
613,Exactly
614,Okey sahit Larbi 🤍
615,Also the internship tae one month brk mashy 3 ?
616,Yesss
617,Okey mziya I knew this before I messed up
618,Thank uuu
619,مارجعلناش على سوناطراك كيفاش نعرف اذا نسجل ولا لا
620,Dok f October yrj3lkm
621,Slay
622,سجلي سجلي
623,
624,Sema fiha 2 ghoraf fardya
625,is this the official dou page?
626,wth abt m3alma 6 ?
627,نساوهم 😂
628,يلقاو رواحهم في ولاد فايت
629,F3 fardya
630,Couloir fardi
631,Pavillon fardi Ll 4éme année*
632,<@681238662453002271> ida badloulna la cité madabik triglina couloir ta3na
633,Ana manich tale3 7ata L october
634,😱
635,Nope
636,
637,Za3ma ybadloulna la cité ?
638,منعرف رح يمشيو بالمدارس ولا يفصلو البنات على الاولاد
639,I9ama we7da matekfish 5 promo I think
640,No idea
641,Let this news be confirmed first then things will be clear
642,Likm wach zad sra
643,كي تجي تشوف حتا هوما مساكن يشفو
644,Nadjib al 9alb al tayib
645,No offense but why i feel feministe rahi thder.  mnich tayeb kima ben tayeb 😔
646,مايشفو ما والو ، هوما دارو فيهم مزية سكنوهم 3 سنين فإقامات خاطيهم تاع القطب على خاطر كانو فارغين ، درك خلاص بدا يتعمر تسما كل واحد يرجع وين كان
647,كي كانو معولين يديرو المدارس كانل في نفس الاقامة العام ليفات كي السردين ثماك مكانتش تفرقة هاذي
648,3lah new students Machi nachtin 🥲
649,Makach bzaf
650,Mm pas 10
651,Mzalhem 7achmin
652,"ما يشفو ما والو 
نخرجو برا ولاو يشوفو فينا كامل كيفكيف خلي يهزوهم نتهناو منهم دارولنا المشاكل برك حاشا اللي ماتستاهلش"
653,"kho, mlwl i9amat kanou specialized for pole what they yapping about? :')"
654,tfekkert whd l9ta t3 sheldon T-T
655,
656,Everytime nehder f general nendem 😭
657,Headshot 😂
658,Ha neqtel rohi 😭
659,Larvi khouya cha hada 😭😂
660,Wesh 😭
661,Fel general 🥲
662,Meme Ana ma fhemtch 😭
663,
664,<@700379394383937607> riguelina allah hafdak
665,a pending ensia pending ensia 4th year student
666,Rana ndirou f some testing currently
667,Mb3d nriglouha
668,nta zedthumlo?
669,<@700379394383937607>
670,No
671,Ana rah na9esni some roles bs7 maelich 😔
672,Chouf audit log
673,<@880206525950476359> arwah arwah 😭
674,U know the reference ? 😭
675,Caught on 4k
676,Aw jay
677,Wch men refrence
678,T3 Mila <:pepecry:979070412124213279>
679,Hhh n3rfha ih
680,😂😂✨
681,MILA KBIRA 3LIK
682,I have a worse reference 😭
683,<@879796727031422997> normalement u know it 😭
684,wasnt it supposed to tdkhol lyoum la bourse? :')
685,Dekhlet 3endha 4 days 😭
686,really?
687,my baridimob trolling mala
688,wwktah tftah i9ama?
689,I don’t know hadi
690,ana tani still ma dkhltlich
691,the beginning of September as always
692,tl9a f eccp normalement
693,Madekhletnish
694,3erfouk m tissemsilt 😂
695,<@891047303497015306> b3etht l medkour 3la convention wekhdoukhra? Rrpondalek?
696,He found the one he lost
697,yes found it deja
698,😭
699,Bs7 esq redlek medkour
700,but i guess sm3t benni ayoub wedderha w he got another one from him
701,i didn't send an email to him
702,<@880206525950476359> sa7?
703,Normalement idara vacance fi août
704,Yes i got another one
705,Ok thank you I'll send for another one
706,Bs7 ken yb3athrlna f les email nte3 internships
707,"Just an email, mais Bach yjiblk hadik l paper mana3ref, try w choufi trah"
708,
709,3mbalo sa7 mskin
710,Omg meskin
711,I was gonna ask chakom tahadrou 🥲
712,Hmdllh I didn't mala
713,اكدلي كيفاه كامل دخلنا في الموضوع وفهمنا بعضانا
714,Ana ani gaeda netfarej 😂
715,"9al llarvi ""derreb fiha model"" 😭"
716,3lah rakm tkdbou 3lih mskin
717,Najib moukharib lhafalat
718,7na tan kedbo 3lina ki kona 1st year
719,"مكانش حاجة قد ال form تاع بوخالفة
هاذيك قالتلهم ارقدو"
720,"Yeah, it hurts more ta3na 🥲"
721,wa7ed yeb3atli link ta3 lform ta3 boukhalfa
722,found it
723,https://forms.gle/sBjqciXoe8xhommS9
724,ndirolhom ma9lab f chbab
725,نبعثوه بالايميل تاع كاش كلوب
726,"ولا
<@880206525950476359> 
عاود لقطة سمير عاود"
727,Ze3ma comments wech kan yesstna fiha n9olo la livraison wela spécifications wellah ghir boukhalfa chikour zmano
728,That would be funny 🤣
729,mkach kima derba ta3 reports
730,hadik gatlhom ga3 ergdo
731,Tema man9olch howa chikour tema n9ol li raholo Msaken normalement mazalo f la crèche
732,"Which reports, nsitha hadi"
733,ta3 data base
734,li darou same report w sami chka bihoum xD
735,<@946710636883243029> hayatch machkatch bina
736,Aah ma teba3thach hadik
737,<@891047303497015306> <@578643557351555113> arwahou hna endbou
738,hayatch jat had l3am
739,Ma 9rathomch même pas
740,100%
741,noshom maderthomch
742,kol mera neb3atlha excuse f email
743,I regret doing them seriously 🥹
744,I did wahed 2 seriously xD
745,"seriously: copy lab, paste in chatgpt, submit output"
746,Ana Lab 1 submititou 9 times
747,F koul assignment nsubmitti lab 1
748,Creative
749,hayaat matshkeesh bya ana 😏
750,kanet ga3 t3archlhom ki tji lina matgolna walo
751,ana ghi lab hwa li tl3li moyenne t3 ADB 😭 ki n9ol telle3li ya3ni TELLE3LIIII
752,Hna meskina wahed ma yjiha xD
753,
754,boukhalfa nsit kifach dayer wjho
755,الضرابي تاع بوخالفة وحدهم
756,chwi w tzid teb3atha l medkour
757,"I remember the first lab, I did insert the data row by row, wasted a lot of time 🥲"
758,https://tenor.com/view/sisyphus-rael-gif-943215023730044045
759,https://boukhalfa.jimdofree.com/
760,"hak, siteweb mkhdoum b jimdo"
761,free jimdo
762,"najib getting faster in typing:
1%: monkey type
1%: competitive programming book advices
98%: SQL insertions"
763,"goodmorning shabab,
does anyone know -for sure- if a remote internship that spans september (not just september) is acceptable?"
764,مع مذكور حتى سطاج حضوري في سبتمبر مايتقبلش 🤦
765,T-T i am seriously inquiring -asking for a homie-
766,ماجربتش تبعثلو ايمايل ؟
767,yes it is
768,he does not care if it remote or not
769,lmohim they(stage) give you  hadik contract tmdhalou he signs it
770,"what about: if foreign institution or not
because they said they would not approve online internships  from foreign institutions -that they do not have a signed agreement with-"
771,as if they respond
772,"hadi ma kntch 3mbali biha ana
mfhmtch why they complicate things hak"
773,because i -simply- can pay for a very guaranteed-get indian internship at any time :')
774,"not just indian, even US"
775,I sent him that signed paper on July 24th and i didn't get the convention till now
776,Most incapable administration ever
777,ضرك جوامع علاه خرج 😭
778,اسطورة سيزيف
779,only legends know abt it
780,"well as far as i remember he did not say they dont accept 
he rather asked to contact him about it"
781,dirlou urget f email he ll respond 😂
782,you kow what?
783,'dok tban...'
784,"aah uk what, i guess raho vacances 
coz ykhrjou f aout t3 administration 😂

hahi bantlk XD"
785,"hya mabantsh wmhish ha tban .. i just gotta decide and say: 'dok tban...', tssma somehow i forced it tban alike 🤭"
786,"Remote internship maya9blohach normalement, wahd nhar dr. Sami se9sa medkour w glo hka, t9der tconfirmi m3ah"
787,My honest reaction: 👁️👄👁️
788,W hybrid ?
789,Idk
790,Howa l but tt integra f work environment w mena
791,(Tt deriva hh)
792,😭
793,Hega kach khbar 3la te3 sonatrzch hadhak?
794,Nothing
795,يا مذكور قلي واه ولا لالا ولا اقطعلي لياس
796,Ida ma9bloukech nta chkoun y9blouh mala khkh
797,"remote is okay, what's not okay is a foreign company"
798,Lich?
799,Rak sur?
800,"i mean, mkach kifah ygolek remote isn't allowed"
801,ma3ando madakhlo
802,"just bring him the convention and don't mention ""remote"""
803,"Howa gal l purpose te3 stage mchi l projet wla, bs7 anek tchof kifah ykhedmo w ge3"
804,Syi confirmi m3a dr. Sami
805,Ana sme3t men 3ndo bsah balak nkon ghale6
806,a f remote matchofch?
807,"Rana almost ga3 b remote internship, if he didn't accept remote the majority of us will be screwed up and that's ok cuz ✨اذا عمت خفت ✨"
808,"if he doesn't accept, ndiro greve sahla"
809,hadik hia nzido fiha smana 3otla
810,Makach kima remote 50m 3la Ldar
811,Ne3ma
812,Nrj3 ntghda fel dar w nwelilhem xD
813,rak dayer stage 3nd coiffeur li m9ablkom?
814,Hadi Machi remote hadi on site
815,Y’a rebbi najib 😭
816,<@1133914962914451466> correct him
817,are you doing it on purpose ? 😭
818,guys kheyrou li ydirou stage fi sonatrach wella mazal ? do u have any idea??
819,"do not stay waiting for them responses, you are not to apply for a job and wait hta they send you to look for another"
820,idt they did yet ; i and some ppl i k did not recieve anything yet
821,saha
822,<@883306210680504330> apparently te3 Mobilis and La Poste sent emails deja.
823,I confirmed with Sami
824,Yes
825,Sonatrach ma ben 3liha wlw
826,مافهمتش انا يعني ضرك الغاشي كامل مالقاش و دارو فيهم ؟
827,Wela they found and still applied bcuz they prefer te3 school
828,This is not fair
829,الانانية 🙂
830,↗️↗️↗️↗️↗️
831,وانا اللي كنت حاسبة غير مذكور اللي راهو مصعبها علينا
832,"Meme Bachir, he could do better"
833,راني نحكي على الانانيين اللي معانا ماشي الادارة
834,ايه حقا بما انك جبدت سيرة البشير كاين اللي جرب يبعثلو
835,
836,We need to spam medkour
837,Large number تبشر شوي بالخير
838,Wah bsh ida hta le 28 ygouli arwah dir stage w ana katlni stress.... Majayach
839,بانتلي نجرب نبعث للبشير
840,جربتو ولالا باش نشوف اذا نحتاج نعيي روحي 😂
841,"Try, i will too"
842,"Khawti i have a question, kifah mba3d ynotiwna 3la had stage?"
843,Based on the report wla wach?
844,I think cs all wht we will deliver is a report wla balek lentreprise thani dir report
845,"Hiya lokan l'entreprise ydiro une note tan tji mliha, but tbanli marahch ydiro haka"
846,Sema l'entreprise fargha chghol dir report 3lik temdo l medkour
847,Justement
848,Kamal denya nta tdir report wech dert w salam alikom
849,yes logical idk tbh
850,fiha grading?
851,well task nte3ek shkoun 7a ydirlou review
852,Yes it's a module nrmlmn
853,Stage doesn't mean rah ymedolk tasks w ida medolk bink w binhom ne3rf ana l'école li 3endhom aim bayen homa y9olk wech yehtajo mn stage machi kima tew3na
854,
855,<@953643117825908826> 😭
856,lbendi l3alamia
857,Bendi telgah msjl fel social ta3 7oumtek normal
858,Idha u didnt work with them or at least ymedoulek 7eja tekhdem 3liha as a help wht u'll do then heda meshi stage de decouvert hedda stage pratique
859,في حياتي البندي
860,enssa your solution is put into production
861,unless it is a startup where as larvi said once 'yeherthou 3lik'
862,Yes ik
863,But at least ure practicing something
864,"well, you will i guess,"
865,Who is ETC leader ?
866,Hamza Dia
867,Nice
868,Kayn drive 3rd year
869,?
870,I created a telegram channel where i put all the resources i had here is the link : https://t.me/ThirdYearResources_Amira
871,Me nserbi fih everywhere l second year students 🌝
872,crazy
873,Thank you so much amira
874,
875,كاين اللي يعرف هذا البنادم
876,قولولو ينحي علينا هذا الستاتي
877,
878,مهيش حاجة تتحط في groupe fb
879,من بكري سمعة القطب ربي يبارك وش يقولو علينا الناس ضرك
880,"based on his/her analogy, they should separate us, male ensia whdha and female ensia whdha (same as remaining schools)"
881,مشكلتي مهيش في وش راهو حاب
882,تخيل الناس برا يشوفو هذا الستاتي
883,وش يفهمو رانا نديرو برك قولولي
884,they all k beli mixte ; whether or not publishing that in a fb group won't change a thing
885,"no bssh read what he is saying f lbalagh,"
886,bro went too far xD
887,Yakho qrit wesh aw yqoul 💀💀??
888,The f is he saying
889,It's for the purpose to build a strong position
890,Omg I can’t believe I was living with such morrons 😭
891,Ewww
892,Ok hebbit tbeddel it’s ur right
893,الغاية تبرر الوسيلة
894,perhaps a new student
895,Especially in this case
896,But tji to disrespect women
897,Hadik first story is not correct 👍🏻 damn the prejudges without knowing the story
898,Nah ta3 math
899,
900,am not saying ma3nedouch lheqq bsh zad 3liha
901,POV: He studies with women f same classroom 👁️👄👁️
902,"he judged a woman
he judging a community"
903,Tgoul hna جواري staghfir allah yarebbi
904,Berra ywelli ma yrekkezch 😭
905,Does this guy have sisters ?
906,I support it anyway 🥰
907,Raid dok nqolek klam nendemou 3lih both 😭
908,"Hbibna mahboul ta3 Détails , gallo
 عندما دخلت غرفة زميلي C4  31"
909,و هل يا ترى  يتوقع من طالب أن يتم تدريسهم من قبل أستاذة و  يستطيع أن يركز في دراسته 🤡
910,"raho ysherr,"
911,"actually, you are right"
912,Ni fo9telk mohanned🤭
913,"bssh lwassila is too offensive, and stupid, and will most likely be ditched because of his writing"
914,"no, for third in my life, i agree with what you said xD (i am not memeing about '3andak lha9 raid')"
915,I didn't mean that either 🤭
916,But I agree with U beli it has drawbacks 😔
917,"great mala, make them 2"
918,xD
919,"Yes ,kayna
Deja ychof ghi hadok 3 page m3amrin maychofch m3ah ga3"
920,Yakho u know yeqder on l’attaque en justice
921,المساس بشرف البنات و زيد diffamation
922,meme l reason t3 l idara is clichéé: 'bsh mtkounsh separation عائق l their projects...'
923,I don’t know kich nqoulou diffamation b 3erbiya 😭
924,التشهير ، افتراء 😭
925,رائد خمم شوي ضرك ماتخلينيش نقول هدرة ماتعجبش
926,Raid trying to be diffrenty in all costs 🤭
927,w li 3ando machro3 zawaj?
928,i woz not so clever bsh nfi9lek raid
929,نهار ما تعود اختك تقرا ثم و تخرج هدرة كيما هك و يوليو الناس كامل حاسبينها خامجة و نشوفو اذا رح تدعمو
930,jami3iya 😔
931,Salah being honest
932,wal 3iyadho billah
933,"منيش ضد المطلب تاعو في حد ذاتو 
حاب نتفصلو عادي"
934,he said he did not mean it
935,بصح ماشي يروح يحكي كلش في groupe fb
936,.
937,"yeah, the way he wrote it kchghol nas rahom mkhalyin 9raya w yteb3o f li golna"
938,والناس كامل يوليو يشوفو فينا خامجات
939,frog yeddiha ضفدع T-T
940,"machi ghir ntoma, meme boys"
941,hada bayen men jma3et لا تجوز الدراسة في الاختلاط
942,ايه علابالي بصح هدرة كيما هك عموما تضر البنات اكثر بزااااف
943,"Yakho this time maqesthach we r boys it won't affect us much but for girls it does either to their parents wla their status outside school. 
I am with separation but this is not the way to do it he could sent that to dou wla to  pole students only yetfhmo w yheto demand le dou not in a goroup li fih 300k"
944,"exactly, as if rani ngari my mercedes -which i do not have- and ntebbe3 f nass"
945,"La
As if maranach naqraw rana ghir ....."
946,"bnat ta3 maalma 1, 2, 4 (not all) li kano mkhamjin l pole for 3 years kano 3ajbino wa9il"
947,"Wlh, like he didn't complain about them for 3 years apres ki nehawhom bantlo yehder 3la taena"
948,is he a 4th year student?
949,ana hssbto new one
950,4th yeah
951,3rd waqil
952,Idk mohim 1st promo
953,excuses ki matela3ch l3am
954,Not first promo
955,"I guess li darou f post machi howa li ktbou (wla machi howa brk)
Since kayen details ta3 first year ta3na w howa ja men ba3d"
956,Aw anu chafi cheto bzzf like 3 years 😂
957,"Of course, you’re not in our situation. Hmdlh bnadem may have open-minded parents, but not everyone has this privilege. Some parents might ybatlo  bnathom because of this. If you want separation, we can draft something meaningful that respects everyone's dignity.
And for that person i have a strong will to nssafaglah fi wejhah ...."
958,Ive never seen that face fhyati kaml w howa kateb riwaya 3lina
959,Go meriem ✨
960,<@875482444818681897> بالنّمري
961,"guys, i guess he meant he supports the goal, mashi the method"
962,He answered the text win qolt he judged women 👁️👄👁️
963,Abu 3omaimir
964,9ololi shkoun hada bsh neddi 3lih nadhra sayi2a
965,mel ketba bayna chkon
966,l imam li ysseli lfajer?
967,Ywdi bndm jms chfto f hyatk
968,"ماتبررلوش ا مهند 
قال الغاية تبرر الوسيلة عندها معنى واحد"
969,Ysalli lfajr fl Billiards
970,حاب نتفصلو يردنا كامل خامجات(هذا وش نعرف معنى الغاية تبرر الوسيلة )
971,Bro obvi jamais sma3 b ridouwat
972,الموقف الفظيع 😂😂😂
973,Ya Rebbi ha nebki 😭🤣
974,It’s gets funnier 🤣
975,This document is the funniest shit I've read
976,Tell him to write more
977,Then to kill himself
978,Kanet naqsetna chouya drama 🤣
979,Also 9olo yesma7li ki nseli
980,Manzidch nseli
981,Hadi rah yahder 3la les chambers li ytallo 3la l 4
982,Dok ydir part 2 بنات لا يصلين 😭
983,When u fail and run out of excuses so u blame women :
984,"I don't think so 
Tbali rah 3la la cour ta3 lwast"
985,It’s always the fault of women
986,He still skipped the غض البصر part
987,هذا الشي كامل مع تاع ال4
988,انا فهمتها تاعنا
989,Lazem إبادة جماعية
990,Asber
991,Khawti
992,Ik what's the problem
993,Ik what's wrong with him
994,He's mentally ill
995,He's going to medecine
996,That's why
997,Due to alll the algebra he consumed 🤣
998,
999,La 31 jaya en face taena
1000,bro thinks those who succeeded are gays
1001,people who go to rattrapage: https://tenor.com/view/mujikcboro-seriymujik-gif-24361533
1002,"mb3d ki ywli a doctor, will he refuse to treat women?"
1003,Gotta give it to the commitment tho
1004,Bro is a pro hater wth 💀
1005,"""I do not care if the patient is dying, the patient is a woman"""
1006,Ngl love the commitment on writing tho
1007,rah yetla3 ye9ra fel jbal
1008,يوجه للعمل المسلح
1009,It’s giving العشرية السوداء
1010,🔫🔫🔫🔫
1011,Bro would've loved that
1012,She had the audacity to come to the hospital n get traitement from a male doc
1013,ktabha b tachkil you know what b tachkil
1014,"Gotta love how's he got the entire pole worked up when he's literally leaving to med uni, hating is truly amazing"
1015,علي و أصدقائه 😭
1016,داعش
1017,😭😭😭
1018,Things to add 🤣🤣
1019,he committed way too hard than colleen hoover writing: 'it ends with us' T-T
1020,Kach ma khella
1021,"الامور تحدث في سوق التنقلات في اقامات معالمة

[Fabrizio Brahim Maalma 3]"
1022,Awww sha heda
1023,Damn 😭
1024,add more stories 😂
1025,The problem is their phrasing
1026,<@879796727031422997> nzidolo 7kayet linked list bah ybe6el
1027,"The document is just ""oh no a woman"""
1028,Reaction pics
1029,"win win? nroh nwli عضو رسمي,"
1030,Tic tac tic tac
1031,"الادبيات يقلبن جد الطاولة علينا كامل ويطالبن انو نروحو كامل في كيل الزيت

[Fabrizio Brahim Maalma 3]"
1032,More drama 😼😼
1033,"here we go 🔴 
maalma 1,2, 4 are moving to ouled fayet"
1034,M3a lekher net7awzo g3 w y93do homa f m3alma 😭
1035,what a lovely day
1036,It has been truly an interesting night
1037,Heda AI?
1038,Math
1039,Bro hated so hard he had me come back from death
1040,ex math*
1041,Booooh machi wjeh ta3 AI hadak
1042,"any improvements? he looking for wintnesses or what? 
or room numbers? 
wth 
you have complaint go to the concerned ppl 
3ayb 3lih to share such details in pub"
1043,B3id cher 9adri ro7ek
1044,Golo bro u failed the moment u thought that they're gonna do smthn bout it just cuz u guys said so
1045,Future doctor
1046,wow
1047,"Here we go🔴

الادبيات يقولك تاع الذكاء والماط هوما لي يروحو لاولاد فايت
في زوج نركبو الكوس
الامور تحدث


[Fabrizio Brahim Maalma 3]"
1048,BESMALAAAAAA
1049,shout out to bro he made besmala crawl from the grave
1050,"don't want to project, but he'll probably study another 2 years in med and y7abes"
1051,Bro gonna have the shock of his life ki ydkhl sbitar 💀
1052,قولو مالا انت و الجماعة اللي كتبوه معاك حمار و خوه
1053,و ربي يجيبلهم ضربة
1054,Bro is on a bigger journey to spread hate
1055,LOOL
1056,ouled fayet fiha ljaj kho
1057,Ameeen 😭
1058,"Oh so hada wch me3ntha 
معالجة القرار بشكل اوسع 
Sma ykharjoba gae 😂"
1059,طبيب تاع حجامة برك
1060,Amiiiiiine
1061,Ya Rebbi I remember comment ta3 wahed seyyed last year kan yed3i f comment fb
1062,Hab nelqah 😭
1063,ASBER
1064,DOUK NEL9AH
1065,bro won't operate if his patient is a woman ykhaliha temot
1066,"Hadhi rah my news machi official news don't worry
Homa galek brk ndiw maalma 1 w 2 w 4 brk hadha makan"
1067,Imagine bro decides to do a specialty w ti7lo gyneco
1068,Nvm sorry <@578643557351555113> it appears that fassito sadly <:pepecry:979070412124213279>
1069,chatgpt would have written a better text
1070,at this point i hope he becomes the first in his promo so that he gets to choose lposte
1071,Real
1072,He is gonna kill himself
1073,He will be like ok only for men tho
1074,"جدك بصح حرفيا راه صاري Mercato في ال pole
الرحمة يا تاع الفوت غير جوار لي يتحرك من ايكيب لايكيب
الحالة هنا راه الف تروح والف تترحل"
1075,Chatgpt yqolo inappropriate content
1076,equipe l equipe xD
1077,هاذي قالتلهم ارقدو
1078,اكدولي على التشكيل I hope its an appp or whatever
1079,من اقامة لاقامة
1080,Nere9do khir tbanli
1081,علابالكم شكون اللي شاف الستاتي و قالي عليه
1082,ماما
1083,oh
1084,ستر ربي تولهتلو دقايق بعد ما طلقو
1085,Bs7 mafhemtsh howa sayi bedel medcine 3leh jey yeshki
1086,Ahah
1087,😱😱😱
1088,Bch ydir memorable outro
1089,Ghadtou waqil 😭
1090,"it's called ""douda"""
1091,No fr cuz if this gets to a legal level he's rly done for it
1092,HE JUST WANTED TO HELP YOU KNOW?😔
1093,Eeeh literally Hab nerfe3 3lih qadiya 😭
1094,he's just a guuurl
1095,At least nerbeh chouya Drahem
1096,THE COMMITMENT 😭
1097,Something that makes people remember you even when u r not there ...
1098,He's more committed to that writing than I am to life
1099,يداوي القطوطا و الكلاب مع دحمان
1100,Tfekert الرصاصة الفضية 😭😔
1101,"yeh 
you help by exposing ppl 
ppl may ve never heard of such stories 
now thanks to him ghdwa nl9awha f university_dz"
1102,Nerb7ou fiha drahem ? Sh7el
1103,Ah ya rebi
1104,Depends how much you ask ta3widat 🤣
1105,We are done for
1106,Haya haya
1107,Same 😂
1108,He has traumatized me alot and I was going to sleep tsema let me check flight prices w n9olek ch7al nes7a9 ta3wid 😔
1109,idk ida syd mn nyto wla 7ab yfda7 lghachi ki rah ray7 wela 7mar ?
1110,Yakho ana w masm3tch b wach 9rit hadawin mn 3ndo 🥲
1111,Rani m3ak l3arbi
1112,🚶‍♀️
1113,😃😃
1114,Nebki w ndoukh fel me7kama g3
1115,https://tenor.com/view/dammmmmmm-son-he-need-some-milk-gif-23611493
1116,7mar
1117,راكي تهيني في الحمار اختاه
1118,He's a hero wannabe
1119,Mazal masma3 beli n7eb ntel mn ur window becuz I think it's strategic 😂😂😂😂
1120,Im imagining a Jonny depp vs amber heard court scene 😭
1121,Khlif ay chkat b elon musk qalek ha twedli meyonira 😂
1122,"first chatgpt try, didn't even try hard:

بكل تأكيد، إليك نموذج طلب رسمي يمكنك استخدامه لتقديم طلب فصل الذكور عن الإناث في الإقامات الجامعية الخاصة بالقطب الجامعي لسيدي عبد الله:

---

**[اسمك الكامل]**  
**[وظيفتك، إن وجدت]**  
**[عنوانك الكامل]**  
**[رقم الهاتف]**  
**[البريد الإلكتروني]**

**إلى السيد/مدير مديرية الخدمات الجامعية**  
**المديرية العامة للقطب الجامعي لسيدي عبد الله**  
**الجزائر الغربية**

**الموضوع: طلب فصل الذكور عن الإناث في الإقامات الجامعية**

**السلام عليكم ورحمة الله وبركاته،**

أود بدايةً أن أعرب عن تقديري للجهود المبذولة من قبلكم في توفير بيئة تعليمية ملائمة وداعمة للطلاب في القطب الجامعي لسيدي عبد الله. وإيماناً منا بأهمية توفير بيئة سكنية مناسبة ومريحة للطلاب، أود تقديم طلبنا هذا للفصل بين الطلاب الذكور والإناث في الإقامات الجامعية الخاصة بالقطب.

**نحن نرى أن فصل الإقامات بين الذكور والإناث سيساهم بشكل إيجابي في توفير بيئة أكثر أماناً وتنظيماً، ويساعد في تفادي أي مشكلات قد تنشأ نتيجة للاختلاط.**

**لذا، نلتمس من سيادتكم النظر في هذا الطلب والعمل على تحقيقه بما يضمن مصلحة جميع الطلاب ويسهم في تحسين جودة الحياة الطلابية في القطب الجامعي لسيدي عبد الله.**

نشكركم مقدماً على تفهمكم وتعاونكم، ونتطلع إلى ردكم الإيجابي في أقرب وقت ممكن.

**وتفضلوا بقبول فائق الاحترام،**

**[اسمك الكامل]**

---

تأكد من تعديل التفاصيل بما يتناسب مع حالتك الشخصية وتضمين أي معلومات إضافية قد تكون ضرورية."
1123,He went from zero to hero
1124,Artificial intelligence VS natural stupidity
1125,مهوش مشكل😔
1126,ختي كيفاه تعايرني 🤣🤣🤣
1127,Chatgpt the real hero
1128,
1129,This is a work of art
1130,What about the room GV847? xDD
1131,
1132,"wadhifatok?
de99a fl 9alb khoya chatGPT"
1133,😔
1134,واش كانت تفعل :  تقلي بطاطا ب ريزيستونس 🤡
1135,يا لا الهول
1136,يا لا العار 😱
1137,ا تقلي البطاطا و لا تذوقنا
1138,و نحن جوعى
1139,يا أختاه
1140,ارحمينا 😭
1141,والعياذ بالله
1142,T-T
1143,
1144,
1145,It’s giving this 😭
1146,انا لي قريتها من اليسار لليمين 🤣
1147,
1148,هدر نيابة على العباد لي مهدروش أصلا
1149,"drk n9olo zid eshki y9arouna bl3arabia, 
english has made students y9raw arabic feom left ot right و العياذ بالله"
1150,Sad truth wlh
1151,Alalalaaaa chawa hada ayahviv ??
1152,Ik i'm always late lol
1153,Bs7 Alalalaaaaaa
1154,Dok tefehmi plasti f cousina 🤣
1155,Larbi now I understood ur note 😭
1156,Sah 😭🤌
1157,Our* place yakho 😭🤌
1158,Deja I'm being femme de ménage here 3nd my brother z3ma and I like it ngl 🥲🤌
1159,كي العادة كي مانكونش انا يكون كاين الجديد
1160,Ratit
1161,Wine rani
1162,Eeh machi hna samah
1163,رحيم في الاصل وش كان حاب يقول:
1164,هادي نتا بغيت ترسلها و مالقيتش الفرصة لصقتها في عبدالرحيم
1165,hadi ga3 bsbabek nta
1166,ما تخافش يا الشلفاوي رانا معاك
1167,آخر خرجات حبيبنا  قالك اللي ماشي لابسة جلباب مدابيها ما تخرجش مشومبرا🗣
1168,اصبري نروح نقولها لماما باه تخليني نلبسه 🏃
1169,he sent it as message vocal to a female btw yadra kifah 9der ydirha 😱
1170,Hedek li kteb w posta f groupe it's Ali te3 moussala
1171,Houwa li ydel f C4-31
1172,💀💀
1173,قلب الطاولة
1174,طاح من عيني سقوط حر 💀
1175,هذا باينة عليلو لي كتبها (اذا راني غالط صححولي)
1176,جبتها يا الشلفاوي ياه
1177,ana ki cheft ghir post 3reft bli hwa
1178,باينة، شكون من غيرو فارغ شغل باه يكتب بوست بالتشكيل
1179,كشايف على المباشر سيداتي سادتي
1180,hadi jaya mn jihet maalma 4 wla men jihetna?
1181,عجبتني الحجة 😭😂😂😂
1182,صحيتو صحيتو
1183,Golo khoya same7na m3lich nekhrjo 3la wjh TD?
1184,Bsh he went out of the school why does he insist on ydekhel roheh
1185,la nti rey7i f chambertek khir
1186,Medkor ye9belha justification za3ma?
1187,Ok 🥲
1188,ميساج فوكال فيما يرضي الله
1189,"Sah kayna
Ki ktbo fhadak l post blli howa hder llmajlis ta3 ki gabdo hadok li golna 
Ali li hder hadak l majlis"
1190,"Inside 3endna, tol 3la l'3lam"
1191,ستيل خطبة الجمعة
1192,Kifah hadi may9blch hab yweli mn nass li rah yhder 3lihm siyyed 😔
1193,Jab m3ah chhod makanch we7do
1194,kan ygolha اختاااه احزرييي
1195,la 7assbalou yzidoulou text t3ou f sa7i7 elboukhari
1196,خاوتي لي يقدر يبعثلي كامل البوستس لي فيهم هذي الهدرة راني باغي نفهم مليح (بما فيهم التصاور لي محيتوهم بسك مافهمتس علامن كنتو تهدرو)
1197,بالعربية راني باغي نقرعج
1198,Why would the administration not take decisions bla ma ydekhlou random students
1199,ضعيف ابو عميمر*
1200,السيد طارق مدكور يشجع على الفسق في خطة لتشتيت تركيز الطلبة 😱
1201,
1202,غاملة بصح تصلح 😭
1203,Khawti khllouh wahed ay3amerlo l9ar3a
1204,Ani dayra screen shots 🤣🤣🤣
1205,ابعثي يرحم باباك
1206,إذا لقيت ارسللي معاك
1207,Neb3atelkom g3 aya 🤣🤣
1208,علاه 😂😂
1209,روحي برك 😂
1210,Kach ma nhar daro decision ba3d ma ygololna?
1211,باع ؟
1212,🐑
1213,لالا شرا
1214,😭😭😭😭
1215,شاهد يونس يتحول لكبش لأنه .... ( كملوها راحلي الإبداع )
1216,"خاوتي راني باغي نفهم حاجة،
هدر باسم طلبة الپول بصح واحد فينا ما سمع"
1217,مريقلة
1218,Sem3 li ysm3olo 💀
1219,fi rassou howa sa7 w 7na ta9lid
1220,هادا الوريث تع مدكور، يقولك الpole. تاعي
1221,Bro said we
1222,Who tf is we
1223,هو و نفسه و روحه
1224,"Binatna 








Hadi kayna mnha xD"
1225,واقيلا نحن تع التعظيم مشي تع الجماعة
1226,الثقة الزائدة 😭
1227,نحن جلالة السلطان سليمان المعظم 🤣😭😭😭😭😭😭😭😭😭😭😭😭
1228,بصح ماقاسهاش، عندي سمانتين ولا ملي ام سقساتني على الاقامة علاجال بنتها وقلتلها مختلطة بصح واحد مايقرب، ضرك تبدا تشوفني كذاب كون تشوف البوست
1229,و. أنا من الساع نطفي و نشعل الويفي حاسبة راك راسل تصويرة و مابغاتش تخرجلي 😭
1230,Besa7 the question is
1231,Howa he's leaving
1232,Tsema lah 7emaha
1233,ما تخافش مراحش تزيد تتلاقا بيها
1234,He wanted ywessekh so m3a ta3 nass berk
1235,نذكروه بمجهوداتو الجبارة في الفتوحات الإسلامية لسيدي عبد الله و لا كفاه؟؟
1236,Bgha ydir صدقة جارية
1237,جماعة قالك رح يبعث المسودة لتاع التنظيم الطلابي
1238,مشي علاجال كيفاه تشوفني برك
1239,
1240,السيد هبل صاي
1241,👁️👄👁️
1242,He's the savior za3ma ani safiteha w  khalitehalkm amana
1243,Rebbi yehdih
1244,هذيك قاع مسودة برك؟
1245,ياودي ماتزيدش تشوفك
1246,"""جارية"""
1247,Lala lazem wahed yechki bih
1248,Cuz amthalou ma yetrebbawch 😭
1249,9ritha yedih 😭
1250,Lazem wahed yemahto b darb machi yechki bih
1251,"Yakhah.....
WE NEED THE FINAL DRAFT"
1252,احسن
1253,بردو احسن
1254,كيفاه مسودة و هو مبوستيها ؟
1255,تالمون جارية سبقتنا ما سمعناش بيها
1256,Khawti qalek hawzouk m ta3 l math that’s why
1257,Lprblm hadok ta3 lmonadama homa li baghyin yraj3o ta3 bouzari3a ll pole
1258,HE WANTED REVENGE 😭
1259,W HNA ROHNA GHLAT 😭
1260,"""فهمتي ولا نعاود"" 😭😭😭(this isn't with me btw)"
1261,ضحايا الإرهاب
1262,On a serious note bro can be accused of tatarof
1263,مين يماك تدابز خالتك و تروح نتا فالجرة
1264,Hasbiya allah wa ni3ma lwakil fih
1265,Bro 9arra remita f stat jaya tna9chi fih nti
1266,9alek le 11 septembre yji ali lel pôle
1267,ياقيله غير يرسللها فوكال و يقوللها ديري كيتمان 🙂
1268,لا كولها خير
1269,😭😭😭😭
1270,Maqritch bien 😂
1271,rip library
1272,كيفاه
1273,Bl private jet li 3tahalo tebboun
1274,يحرق les pneus
1275,Rip that building ta3 l idara
1276,LES PNEUS ??? NE7ER9OHOM?? WHEEEEREEE
1277,حتى الهنودا هزو قشهم، وش يحرق 😂
1278,Sad... anyways
1279,يحرق لبنات 😭
1280,كي العادة مزالك تقارعي تحرقيهم 😂
1281,اللي يلقاها بلا نقاب يحرقها 😭
1282,مازلت نستنا لي كابتير
1283,"BLOODY WITCHS 
😂"
1284,1000da neb3atlek ga3 chat
1285,مدلي 1000 نستنتجو وحدي😂
1286,مكانش سومة حباب ؟
1287,L'acide is overrated
1288,المهم جماعة مكانش اللي عنده كونطر خطة ؟
1289,Kheles yla79ok lih lih
1290,Qoltelkoum khawti
1291,Meme t7eb document g3 li daro esiyed kayen
1292,رفع دعوة
1293,3endou bezzaf points 😭
1294,yjib wahed 4 years minimum
1295,omg
1296,
1297,الله يزوجك بوبا
1298,Make it 7 I'll faint in court
1299,"الصلب تحت اشعة الشمس الحارقة 
و هذاك هو l pole راه خاصو كاميرات مدامو الله يبارك داير احائصيات و كلش"
1300,don’t right French in Arabic 😭
1301,Omg
1302,Yeah mesbeh ani neghlet f le pole
1303,Same I was like wesh ay tehki 🤣😭
1304,🤡🤡
1305,3endhoum groupe ta3 salfiya 😱
1306,Rohna fiha
1307,
1308,أجمعين آميييين
1309,رانا في قروب سلفية؟؟؟ العالمية ياه
1310,Yakhah
1311,Only left it hh
1312,
1313,<@875482444818681897> dirlo timeout
1314,ياودي خليها في داركم و ديرلها النقاب مالا، علاه قاع هاد الشي حاسب روحه في kdrama
1315,Slay rahim 😭😭😭
1316,Y’a rebbi dhekt
1317,samah what re you doing there XD
1318,ye9bel y9ariha prof rajel? ye9bel te9ra m3a wlad f class w amphi?
1319,وصلتني ياخني مارانيش تم ماتخميش 😭
1320,9 hadok chi3a
1321,She's welcome to choose another residence n if by then l 7ala tferzt tji 3la ro7ha what's up with his thought process
1322,mm bara tani
1323,Y’a rebbi
1324,Who he thinks
1325,ديجا يقبل تعيش في كرة أرضية فيها الرجال ؟
1326,Ebe3thili nshouf wejhou ra7ma 3la lwaldin
1327,
1328,Tweli nti tani 7aba separation 3lih
1329,He’s giving 💅🏽
1330,aaah hada mshi m3ana f i9ama?
1331,Hamdoullah kayen figoura t3 remita
1332,إني موافق 😔
1333,Yakhaaa hada
1334,La beh nmatchi lhedra m3a l wejh uk full hd
1335,ني موافق*
1336,<@879496652887556117> dakhlini l hadak group telegram tchouf 🤡
1337,<@881856879104507904> raki 3a9la wesh msamyatou hadil?
1338,yaaaaa
1339,hada howaaa😭😭
1340,جماعة زعما فالتصويرة متصور معا سواك ؟ ولا راني غالطة ؟
1341,طاهر القلب نقي ذاكر لله
1342,سواكي سر سعادتي 😭
1343,Wlh 3endha saa7 hadil lol 🤣🤣🤣🤣🤣🤣🤣🤣
1344,مسواكي خذ بيدي الي الجنة 😭
1345,wlh ya hadil makant ghalta 😭🤣🤣
1346,قولولنا شا قالت 🥹
1347,تحمست 😂
1348,https://t.me/assalafiyon
1349,1000da n9olek
1350,درك يحمسوك و منبعد يخلوك معلق
1351,Chouya bezzaf
1352,Li 7ab hadak telegram
1353,"Larbi , rani 7as dok tg3od tkhallet fl kelmat 7tta tfarrgna"
1354,Nroh nerqed khir 😭
1355,20da مليحة؟
1356,Cuz dhekt bezzaf l’youm
1357,
1358,أنتم المتضرر خاوتي 😔
1359,Hadi nn69 biha 7arf brk
1360,قاللكم نهدر برك معا عمي الوزير بريفي، حاسبه قهوة موح
1361,Akou te3erfou ga3 my honest reaction
1362,Hada tbanli ysme3 l bello bzzaf
1363,"وش هذاك الاختيار لي حاطين فيه 
لا الاختلاط في مصلحتي 

يستفزو و قسما بالله"
1364,"اخبروه أن أخته تقدر تخير معالمة 1,2,4 حاليا و تكون في بيئة خالية من المشاكل راه يهدر عليها 🥰"
1365,ياخو باينة يفثلونا وخلاص علاه قاع ذي الدراما و الفضايح اللي دارها اخينا
1366,
1367,باينة باه نلقا شكون يشريلي الدوا فالليل 😔
1368,نحلك فارماسي فالبافيون ياودي
1369,Why did he add لأن الاختلاط في مصلحتي
1370,كيفاه هذي لمصلحتي
1371,It wasn’t necessary to be honest 😭
1372,الله أكبر أنفال تعترف بالأدوية ؟!!!!!!
1373,لا ليك مشي ليا
1374,Khawti howa chb3 ikhtilat ki ha tji khtou ybeddel systems 3lajalha 😭😭😭
1375,Slay 🤣
1376,و كل يوم تشوف أجمل السيارات بالطبع 🥰
1377,Wlh t7ir
1378,قلتلك حاسب روحه في kdrama تع اختي خط أحمر
1379,Ze3ma machi lan owa9i3 amtani3 majliss al amn fih amtani3 bsh lala mansignyich aya khalwi sema ikhtilat f chbab wellah ghir salfya dok Karitha 😂
1380,درك يقولك نشري ensia كاملة علاجال اختي تقرا فيها وحدها
1381,Ya Rebbi dhekt bezzaf lila 😭😭
1382,✨️i ll make the world a better place for you✨️
1383,انا رايحة نحوس عليها كلي صح 🤣
1384,
1385,Waqil ghedwa nroh nerfe3 da3wa فريق ارهابي 😭
1386,
1387,فهمت بصح مافهمتش
1388,🙂🙂🙂
1389,I told ya
1390,راني معاك 😭
1391,"Ssal7 yr7em babak , rahm gahmona li kima hada fl Facebook rana hrebna l discord bsbabhm"
1392,El meskin fl 7kaya howa khtou li makhalehesh dir ensia (well good choice bs7 anyway)
1393,هو تاني قاس بومبة و قالك نهدر معا عمي الوزير بريفي
1394,هاذي تكفي خو
1395,صهيوني صابوني
1396,"deja rahou yhdr 3la l7ram w l7lal 
m3labaloulsh bli khtou mlazmsh t93d bla m7rm? 
wela hadi jatou 3la l3in l3awra"
1397,Uninstall it ✨️
1398,Qbel hadi deja ma 3labalouch belli lazem yghed lbassar w ma ychoufch f rooms ta3 lebnat 😭
1399,thanks god manzidch nchof figorto fel mosala
1400,قبل هادي ما علابالوش بلي لازم يستر الناس ؟
1401,"Yakho 3ibad kima hadou Ma lazemsh tkoun 3endou pltform 
Khater y influenci nnas.."
1402,علابالك هذ النوع تاع العيباد يقولك منغضش،   راه يتأمل في خلق و ايات الله
1403,y incluenci ghir k3b kima hwa
1404,Aw khales men Israel waqil hada
1405,Unfortunately Kayen kho rah yehder b asm ddeen
1406,لازمله مقاطعة هذا
1407,Khawti new da3ich tebda men 3endna mahelma 3 how cool is that 🤣😭
1408,جماعة وين راح عبدالرحيم ؟
1409,سرقوه
1410,"funded by ensia 
sounds cool"
1411,Aki sure funded ?
1412,Elite in everything
1413,Qra zouj stora men screenshot w rged
1414,قصة ما قبل النوم 😭
1415,3 قصص*
1416,"داقس
الدولة الاسلامية في القارة السمراء
🫱🏻🫲🏻"
1417,المهم تصبحو بخير خاوتي
1418,"هذا نفسو لي كتب
لقد اتصلت بالشيخ لزهر سنيقرة و أخبرني أن الدراسة في مجتمع مختلط لا تجوز"
1419,اليدين ديرهم كحلين
1420,🫱🏿🫲🏿
1421,This is the darkest shade li 3endi
1422,How cool is tht fekretni fi wa7ed ydir videos nte3 mat y7el mo3adaka min daraja thaniya w y9olek HOW COOL IS THT ✨️
1423,😭😭😭
1424,"We need more, bring Marouane's hands hna 😭"
1425,Tanamor pro max
1426,Only way to stop this shit it with English or Spanish
1427,Imagine he moves 👁️👄👁️
1428,Omg no
1429,Saraha the less attention u give It the faster it goes 💯
1430,Is it still posted?
1431,He deleted it
1432,wch 9ist dak telegram group?
1433,Well we can hope it didn't go far for now
1434,10K message
1435,Kach summary
1436,
1437,Haylik
1438,
1439,Hna tefhem 🤣
1440,I hope
1441,Kona nhadro 3la مغامرات أبو عميمر
1442,bro I can't imagine how that girl is feeling rn🙂
1443,الموقف الفظيع
1444,Yadra wch houwa
1445,Sni9ra galou dir Lbayan hada
1446,Can't take him serious wlh 😭
1447,Bs7 maktebch fih فركوس المنكوس
1448,Also aka ابو الحسن
1449,ابو بكر البغدادي ؟
1450,9lil li ychfaw L abou 3omaymir ki kan yfaham Lbnat stat
1451,"3tah vacance , gallo athallalna fl pole mn ba3d wlli l فركوس"
1452,دورة تعليم الجبر
1453,
1454,Khawti kach wahed yb3tlna Lbayan complet malguitouch
1455,Fih اسلم تسلم wl
1456,
1457,
1458,Slay
1459,
1460,
1461,فإني والله لقد جئتكم برجال يحبون فركوس كما تحبون انتم الاختلاط
1462,"Blud 3embalou  
ادفعوا الجزية  إلى الجزية وإلا والله لأسيرن إليكم بقوم يحبون الموت كما تحبون الحياة"
1463,سبحان الله
1464,خخخ
1465,
1466,<@614801563424391180> Ldenya 🤣
1467,Omg 😭
1468,كمل كمل مازال الخير
1469,Non khlas 😔
1470,
1471,3lah ditolo lmosala
1472,baghi ysali wa7do
1473,قالك نتوما تكونو قاعدين في امان الله في المصلى و نزدمو عليكم
1474,واش نسيتو بلي تاع الرجال ؟؟؟؟
1475,Mra tssali a3odo billah
1476,SG in n out school ☠️🤣
1477,Ki Kant denya denya ma kanch sari had le3jeb
1478,Rej3oulna ldenya 😔
1479,كنت رح نرقد على 22:30
1480,
1481,Concentration with denya ↗️
1482,oumaima 7na sebna ki manokhorjoch mn stade ?🙂  (ma9ritch his letter kamla)
1483,Mat9olich brk m3wl ye9ra medcine w y réside tema gg ya wahch l9a3ida is back
1484,Real
1485,https://tenor.com/view/walk-away-fire-explosion-boom-escape-gif-15020328
1486,لالا ماجبدش سيرتو و الحمد لله
1487,Bro mayhnch ikhtilat bsh normal y résider win kayan adabyat
1488,https://tenor.com/view/cs-go-counter-strike-gaming-valve-steam-gif-24195543
1489,هو قلبو عامر بالايمان يحوس على المصلى برك
1490,good for him🙂  cuz Id cook him alive
1491,Ah yes this map 🙏🏻😼
1492,انا ونتي و 10 اخرون 😂😂
1493,CS Assault
1494,"bs7 kayna contradiction, hwa salafi y2amen bli malazemch yokhroj 3la wali l2amr, tsema since the ministry decided to make the dorms mixed and he wants to do the opposite then rah khrej 3la wali l2amr"
1495,nuke*
1496,Hhhhhhhhhhhhhhhhhhh جلست الرفعة
1497,عقلي زاد كلمة شمة وحدو
1498,Khlas rou7o torgdou after this msg
1499,هاديك يعرفها غير وقت لاڨراف على الريسطو و لابورس
1500,Tfkrt dok zoj rek3at tarawih salahom bina أئمة yedo d3awi alhkir d3awi char li dahom dik lila 😂
1501,khatra lfajr makhrejnach 7ta grib aden duhr
1502,Mzya Lwahed kan 3nd Younes
1503,Hadak nhar galli rahim khllit rejliya fl mosalla w jit kharej
1504,"Wahd lkhatra salla bina dohr , w ta3 l 1ere kan 3ndhem lab test 3la l 1:30, ayya hbibna thammes bantlo tarawih ,  wybdaw ta3 l 1ere ykharjo bl wahed 7tta ra7o ga3😂"
1505,Fi west salat? 🤣💀
1506,Wach mala
1507,
1508,This is the inside out of that guy ki ychouf bnat bidoun jilbab 😭:
1509,"والله يلا غاية حتى المصلى و ماعجبهش الحال 🙂
لااا خرجنا من الدين خير"
1510,هاو هداك النهار لقاوني داخلة عليهم بقشابية 😔
1511,سقسي <@880206525950476359> يقولك 😔
1512,Make them 11
1513,راكي من ضمنهم جماعة السطاد كامل
1514,is medkour replying to any of your emails??
1515,No 🙂
1516,انا ماعييتش روحي نبعث بصح اللي راهم يبعثولو قالو لالا
1517,very surprising
1518,No 🙂
1519,بعثتلو و والو
1520,lah latrebho
1521,i get it raho vacation w kda bs7 we need some answers yasidi
1522,Yes
1523,rani baghi n9olo kalima amrikiya hada 😭
1524,mazal mabansh fabrizio wl?!
1525,his sister lazmlha class ghir females
1526,+ may9arrihash guessoum
1527,wooow he was surprised that there is a girl in her room ? where is she suppossed to be mala ?
1528,wla he just hates seeing girls in general
1529,we don't exist w sayii
1530,<@1231413242690146506>  ro7i insta n7tajk
1531,<@879346818171949138> chemitha 😭
1532,Khti when I disactivate my insta gae tjou 🥲
1533,Rouhi telegram
1534,The days yes
1535,Ya khawti ro7t smena 3la discord 7bou ydirou khourouj 3la waliy l 2amr
1536,Eb3touloj trap ytfahm n3ah
1537,I also expected it tji mn bnadem w7dakhor tbh
1538,يزيد راك روطار 😂😂
1539,"Kayn a third contradiction actually, ki houwa ja y9ra nrml, ki Jat khtou 7a t9ra 7eb ygelebha😭"
1540,Better late than never 😔
1541,"Third brk 
Kayn mlyar contradiction"
1542,what happened ?
1543,
1544,حطو هذا الستاتي في القروب تاع المات
1545,they could talk about this differently not this way psk m3ndo 7ta m3na tbh
1546,i totally agree belli its better ydiro des cité pour fille apart pour plusieurs raisons machi ghir li darohm f document hadaya
1547,psk honestly no one can deny that our campus last year was a disaster people started to have no limits
1548,hadi men jiha ... men jiha khlaf lokan ydirolna cité whdna it would be better we ll be able to access the study room and other places at any time we wouldnt be restricted as we are currently
1549,hada makan. A mixed campus was alright f les premiere année sa7 mais après ça s'est dégradé sara7a cuz people didnt respect their limits
1550,هي هاذي صح بصح الهدرة اللي في الطلب ماتتحطش في قروب فيسبوك فيها 36 k وواحد فيه 310k هك الناس يوليو يقولو على طالبات القطب خامجات و يروح بالهم بعيد
1551,أكييييد .. علابيها قتلك كانو قادرين يقولوها بطريقة محترمة مش هكاك... و أصلا ميبانش طلب يشبه ل كلش غير طلب . الاقامة صح فيها مشاكل لازم يتعدلو في أقرب وقت انا وحدة م الناس لي م نهار دخلت الفوايي لقيت لولاد يطيحو قلت محاااال العام الجاي تقعد هكا الاقامة لازم يفصلوها .. كاين بزاف عباد تعداو حدودهم فيها
1552,و قاعدين صح يشوهو فالصورة تع الاقامة
1553,بصح انا ضكا مافهمتش علاه كاينين لي راهم يعارضو فكرة فصل الاقامة ؟! وراه المشكل فيها ضرر كثر م النفع لوكان يخليوها هكاك !
1554,الا كانت علاجال لقراية راهي ليكول تغلق عل عشرة تع ليل متسحقوش تقعدو فالاقامة باه تقراو كيفكيف
1555,ما عدا ذلك مكان حتا سبة وحدوخرة الصراحة
1556,هي صح فيها بزاف مشاكل ولاو يديرونجيو يفصلونا خير
1557,surtt l3am hada wlh oumaima kaynin  li 7sbo ro7hm jayin l disco machi la fac
1558,chefthm b 3ini b3d
1559,en plus avec le temps wlat 3adi khlas
1560,twelli nta t7chem fi blasthm mch homa
1561,هي صح مليحة نديرو طلب بصح مايديروهش هذوك تاع المات
1562,كيعاد صحصح رح يعميوها
1563,ماكانش واحد عندو تواصل مع كاش واحد من الادارة
1564,نسقسيو اذا كشما بان كيفاش رح يديرو هذا العام
1565,كيعاد لازم يفرزوها قبل سبتمبر
1566,حنا عندنا سطاج نحطو حوايجنا مرة وحدة
1567,hih.... Am not critisizing cuz they re right we are muslims and we should behave accourding to our religion's instructions manach fi ghaba wla dans un autre pays non musulman.. brk la façon li katbin fiha majayach khlas
1568,ana hwayji mzalhm tema
1569,j espere manlgahmch taro 😄
1570,واو صحيتي
1571,Wlh kont 3jzt nhzhm w n3awd njibhm aya golt khlihm tma w khlas 😂
1572,"Ya Anais wlh cheft worse than this w rani 7kit some things l Oumaima
I don't think many are against separation, but are against tbahdila elli darha
Saha there are some things galhom n'importe quoi, others sraw but not really, bs7 putting them f Facebook hadi semhili bs7 39lya t3 sghar, u wanna get opinion? Then it should be our opinion r ? Come l kech group w dir poll wla, machi godam rabi w 3badou, u don't want opinion then erselha lel wasir direct ma nesem3ou biha wel wazir 3labalah cha ydir mlkher"
1573,"<@946710636883243029> 🤣🤣🤣🤣🤣🤣🤣🤣🤣🤣🤣🤣🤣🤣🤣🤣🤣🤣🤣🤣🤣🤣🤣🤣🤣🤣🤣🤣🤣🤣🤣🤣🤣🤣🤣🤣🤣
I'm sure dert: the most expensive mechanical keyboard"
1574,yakho wlh srx wsh dak lqst xD
1575,Be easy on them .. they are still kids 😂
1576,+1
1577,">brings the most high end laptop
>khawti hada za3ma mlih?"
1578,Mrid hbibna jab Ryzen 9 direct
1579,Mrefhim
1580,"khssna auto filtering ll qsts fl general xD, stupid qst => trash"
1581,Mention it fel server rules  if any of them reads it xD
1582,"done, i created it 😂"
1583,people read privacy policy ?
1584,Khawti mchi kochghol 4th promo met7amsin chwya bzf ?
1585,Ofc they don't 😔.. except my mom😂
1586,Ur mom is a legend 🤌
1587,Agree 😔
1588,for a moment i thought it's us 4th promo
1589,Same😂
1590,🥲
1591,عرفنا رائد لشكون خرج
1592,وكتاه يرجعولنا تاع سوناطراك
1593,F October
1594,Oumaima why didn't you contact bachir?
1595,بعثتلو قبيل برك
1596,عندي ساعتين هكاك
1597,اذا جاوبني راني نقوللكم
1598,و بعثت لمذكور ثاني مع اني علابالي بلي بلا فايدة
1599,medkour w ise myrepondiwsh lol
1600,"L3ks ana 3jbouni, they seem better and friendlier then 2nd and 3rd promo"
1601,they are very demure ✨
1602,U can't rl tell unit U see them in action 😂
1603,They adapted with us in discord sever faster then other promo's
1604,I don’t like their vibe 😭
1605,Hakka Kan l vibe ta3na f first year tani larvi
1606,Naaah
1607,"Yeah sa7, I remembered us f first year, we were totally better then that"
1608,😭🤣
1609,It’s downgrading 🤣
1610,"Ana I'm comparing them to other promo's, Bayna 7na the best"
1611,هوما هاذو عجبوني اكثر من اللي قبلهم
1612,على الاقل مجموعة منهم اللي راني معاهم في مسنجر
1613,كاين واحد برك ماحملتوش حاليا
1614,U reminided me Bel group messenger ta3 our promo dak lwa9t😂
1615,"Yeah, good times"
1616,u were in it?!
1617,wait its another group yek
1618,excuse me but the only thing we mostly talked about was memes and that drawing game and among us
1619,True we used to have fun
1620,"yuh, we got old now 😔"
1621,the group created after the bac results.it was the only group I was in anyways😂
1622,Exactly I wanted to highlight that
1623,Lvibes of each person has changed.. not only the global vibes 😂
1624,true tbh
1625,"u can say, that's life"
1626,yamat I used to send reaction memes 😭
1627,osbor njib wahed
1628,3lah we still play games and jokes and have fun
1629,
1630,debbana xD
1631,found the perfect one 😂
1632,debbanou 😭
1633,it was the cutest
1634,thing
1635,
1636,XDDDD
1637,I still have them T-T
1638,Debbanou w tchengla
1639,osbor I have that tani
1640,tfkrt dhebanou lol
1641,yaaaaaaa
1642,haw lik
1643,
1644,whos tchengla
1645,Mooooore
1646,who knows 😔
1647,My gallery is full of them U want me to spam this chat ? 🥲
1648,Yeeeeees
1649,go samah
1650,😂
1651,nzidkom two w I go mala
1652,
1653,Hakom 6 😂
1654,tfekert meli ken yadel yghanilna anshoudet el 7orof 😂
1655,Dbbano mazalo 7ay?
1656,U remember soudani soudani ?
1657,OMGGGG
1658,Tfakert nhar hadil ber7et bya fel restau 😭
1659,6ar 😔
1660,Yamat zman yah 😔
1661,ma3endeksh kesh vocal wl 😀
1662,hadouk 3nd semhane 😂
1663,t3 I agree bi sawt Siradj w t3 Hai Hai Captain w other tbahdayel t3 <@877942175315398766> wel chabiba
1664,w MB
1665,Tbahdayel ta3k
1666,awa lala hna we stop 💀
1667,
1668,<@846691179696750592> 🥺
1669,Typical ENSIA chat 2021
1670,
1671,:')
1672,😭😭😭
1673,reposi chwya khli github trta7
1674,raho mryah hwa li derangeani b notif :')
1675,<@927125505570910239> do U remember something 😂
1676,probably the summer intern nuked the server
1677,😂😂😂😂😂😂😂😂😂😂
1678,deleting prod db is a classic
1679,
1680,سامي بشعار : ما تبكوش برك راني هنا
1681,حقا
1682,و الجماعة اللي صايي دارو ستاج يخلو الناس اللي ما دارتش تسجل 🙂
1683,بلا أنانية من فضلكم 🙂
1684,They will never make me like u Samy 😭🤣
1685,"i meannnnnnn, if you compete you compete lol"
1686,"yuh I mean for those who already kemlou w yebghou yzidou, it has nothing to do with competition it's simply selfishness cuz at the end y'all are on the same boat"
1687,"if it comes to someone who certain bli they secured an internship that is for certain accepted by the school, yes thats kinda selfish,
but you cannot blame others whose their internships were not to be approved by the school, none likes to risk"
1688,yuh ani ngoullek elli kemlou 🙂
1689,wsh kemmlou? rana f noss august T-T
1690,rouh lhih tchouf 😂 😭
1691,<@879796727031422997> magoutlich 3ndkem khadra m3a sidi lakhdar
1692,روح لعشعاشة خييييير
1693,أجمل مكان في مستغانم 😔
1694,حاشاكم
1695,"اوو يلل 😭
تفكرت صاحبي كي كنت صغير، مختار الpيريش"
1696,حقا مهند وهراني ancien
1697,نسيتك
1698,ايماجيني في عز الصيف تروح لقديل
1699,دعاوي الشر
1700,سيدي منصور
1701,Kan 3ndi wahed sahbi men mazouna 3ayech f 1970 mskin
1702,Lmazouni jarou
1703,Awah Fornaka ajmal makan fi Mosta
1704,"yup 
colors are popular here 
kayn people named: lakhdar, lak7al, bal7mar, lazrg, al-sfar"
1705,"*first encounter with muohanned*
him: mostaganme ? 
me: yes
him: i once went to sidi mansour"
1706,"once?
me & siblings: lwaleed hya nbahrou.
>> sidi mansour"
1707,each year rhtlo ktar mn 10 merrat 😂
1708,"rohtlou only once, begged dad to never go back to it"
1709,<@879796727031422997> hada ma y3refch 3ch3acha 😔
1710,wait yak m3ndnach wahed men 3ch3acha meana ? 🙂
1711,He is talking from experience
1712,Salam. The internships start on 1st september or not officially ??
1713,like it will be one month no matter which date u start ?
1714,وينا وحدة ؟
1715,All of them 🤣
1716,ay w7da fihm
1717,qsdi lazm chhar gad gad wla machi chert
1718,مام انا عندي نفس السؤال
1719,عندي عرس في ال4 على هذيك 😂
1720,maba3tin walo ya jdk tgol rana ntmskhro 😃
1721,Oumaima tgoli 7siti biya 😂 ana tan
1722,like i definitely cannot come on 1st september but school didnt send any information
1723,"aslan la rentrée universitaire winta ??,anyone knows ??"
1724,Le 15
1725,septembre ou bien octobre ?
1726,"no 
only allah knows"
1727,Sept
1728,wshmn 15 w intikhabat f 18?
1729,تاعكم وكتاه
1730,صحصح منيش حابة نراطيه
1731,The ministry said so 😭
1732,Intikhabat le 7 Lala 😭
1733,wow you believe them? 🤡
1734,le 02 inshaa Allah
1735,الانتخابات في الاول بعد ليامات الاولين نسيت شحال بالضبط
1736,عندك فرصة اكبر نتي 😭😭
1737,wesh m’en forsa
1738,"idk 
lmohim impossible ndkhlou 9bl 25 or smthn 

f normal circumstances w mdkhlnash f 15 🤡"
1739,wchmen forsa hna 3rasna ygo3do smana💀
1740,صحصح ماكانش كيفاش نراطيه العرس هذا لازم نروح
1741,nstenna fik t3ardini makach 😃
1742,"free food 
free gateau 
sh7al tji bnina maklt l3rss 😭"
1743,100% d accord m3ak
1744,والعرس تاعكم كي صرالو 😂
1745,m3lich nhar nqdr nji normal 🙂
1746,ki nkemel n3awd nrw7 🙂
1747,اوك مالا ارواحي مرحبا
1748,"ensia rattrapage until 16 wla 17, giving them a week to do correction, so ig at least 24"
1749,3tik saha ni ngassr brk oumaima ❤️ in shaa Allah tfout mli7a
1750,Winta tefte7 el i9ama?
1751,galo le 13 nrmlmt
1752,W how would we do m3a internship 😭
1753,we can send to the school to take a look into this problem
1754,Yes we should
1755,Cuz medkour said it will be open in September for the internship
1756,oui mais on a meme pas la date exacte des stage
1757,quand tu  auras la date déja roh t7ws mb3d 3la la cité
1758,Le 10 rattrapage be3tolhom so teftah 9bel
1759,3derna m3ahn 9bl walou
1760,Very mindful
1761,Saa7!
1762,Ki kouna neqraw 😂
1763,his words are not to be trusted
1764,wl iqama galo belli publiyaw f la page t3hm waqil
1765,Lala he didnt confirm 9el maybe
1766,dokhli la page fb t3 l iqama am galoli bli publiyaw normalement
1767,I dont have fb
1768,شكون قال
1769,يتمصخرو هاذو
1770,والسطاج كيفاش
1771,Oumaima chekilna wesh 9alou f la page nte3 el i9ama
1772,ديجا صح الراطراباج 10 يعني على الاقل تفتح ب 10
1773,ضرك نشوف
1774,chofilna hih normalement publiyaw
1775,مالقيت والو
1776,لقيتهم يحطو في الحوايج لقدم برك
1777,<@898608462358007820> nji na7der 3ndkom then nrou7 l <@879496652887556117>
1778,Allah ysahel rani ma3rouda
1779,"me coming after 2 hours melli kemlet el discussion
me again :"
1780,rwahi mrhba bik samah
1781,bsh aw mach f tizi
1782,win 🙂
1783,biskra
1784,Thnx yakho ig nfout direct 3nd oumaima
1785,teshel 3lik triq sa3a w hkk tkoni fi batna
1786,wait osbor
1787,ay mch b3ida khlas
1788,<@879496652887556117> el 3ars win
1789,rani nkhamem yla fel homan w 2 t3 el gayla fi gaytoun mala mklh
1790,thebi tji mrahba mathbich m3ndi mandirlk 😃
1791,Biskra 🙂
1792,بعبارة ادق القنطرة
1793,<@898608462358007820> حتى بلاصة العرس وتعاندي ايا بزايد 😑
1794,mala sahitou ykatar khirkom
1795,<@878928458087022613>
1796,نتي عاندتي .. انا قلتها لولة😃
1797,و الذراري هاربين بقرع القازوز
1798,"علابالها علابالها
هي ماماها باتنية و باباها قنطري انا العكس بابا باتني و ماما قنطرية"
1799,ديجا احكمي تيزي تاعك وش داك لبسكرة 😂
1800,عندي العايلة فبسكرة .. احكمي مالا القنطرة تعك و خلينا ترونكيل 😂
1801,chekon li ydir 3erso fi biskra fi syf? :))
1802,Wa7ed 3endeh climatiseur
1803,Climatiseur berra?
1804,3leh ttzwjou berra ntouma? Kri salla
1805,and lose 90% of the vibes 😔
1806,mandiroch same traditions kima nta khoya
1807,+ maydirouch lbaroud
1808,Makan 7etta vibes
1809,+gitoun with infinite coffee and tea
1810,Infinite gazouz
1811,FOS3: FREE OPEN SOURCE 3ORS
1812,"w ydiro rai instead of chaoui, mssaken 😔"
1813,Yakho I don’t know kifeh tjihoum ydirou rai f 3ers  😭
1814,مهند مالف تاكل الجاري فالعراس تاع الشاوية؟
1815,انا هذي هي افضل اكلة عندي فالافراح
1816,mohanned ki ykon 3andkom 3ors a3redni
1817,blama ngolek why
1818,asking for a friend yak!
1819,yep
1820,"ana m3ndish m3a lmakla, lvibes better"
1821,that's why i exist
1822,they don't put this f l3ers xD
1823,bro never went to an algerois 3ors
1824,what do you do in bejaia?
1825,I did xD
1826,l7ubim igmo
1827,"i have been in one, bssh kano kabylians, l9vayel ydiro allaoua (kan mix kabylian x chaoui)"
1828,"qbayliya, chaouia w algerois w chouya stayfiya"
1829,kabylian x chaoui = the dream
1830,+ elissa f pause café xD
1831,Hna li ndirou kolesh fl a3ress ntou3na 😃 ne7soulha
1832,+ zyada 3likom b nayli
1833,عندك الحق
1834,اذا تلاقينا فكاش عرس اقعد معايا فالطابلة
1835,
1836,وشمن دخول جامعي يتمسخرو هاذو ؟!
1837,او سطاج مالا كيفاه
1838,ربي يسهل يا ليكول تدير حل يا كامل مانبداوش السطاج بكل بساطة
1839,😂😂
1840,حنا ماذابينا عل أقل نحضر العرس ب راحة البال😂
1841,اصلا مليحة كون يقوللنا مذكور تبداو بعد الدخول روعة
1842,اصلا مذكور قالي الورقة تجيبوهالي كي يقولو وكتاه الدخول 😂
1843,هاذي قبل مانروحو بصح
1844,و الله لا خلطها ڨاع
1845,7dert l3rass t3 Gdeyel wla jamais ? 😂
1846,Not our family ydirou Chaoui w 9vayli w chwya ghna t3 mosta 🤡
1847,Mosta 3endhem Ghna !?
1848,kinda
1849,Something y3ayii
1850,9ssdk rai
1851,I wish 🥲
1852,"7dert one last April, ndemt 🥲"
1853,something that only chwabin vibe on 🤡
1854,dok yjouni jma3et mosta yendbou
1855,"bssh mshi medkour li y9oli wktah nbda :)
l company t9olek"
1856,"i actually agree 
If I drop it for them to hear, ndi sins batl"
1857,oh god i guess i knew it 😂
1858,ha el proof 😂
1859,Kayen tani meda7at but ghir t3 el clash yesel7ou lol
1860,the company tells medkour who tells u 🤡
1861,in ur dreams ofc
1862,"twelli sa7 t3 ""ja lya medkour fel manam"""
1863,the company t3ref who medkour kun is?
1864,I mean hadouk elli offered especially for school
1865,ana win 3labali cha rah sari 😭
1866,"even hduk, with supervisors, m3labalhom ni b medkour ni i9ama xD"
1867,هذاك لي الغنية فيها 4 دقايق 3 منهم غير ديديكاس؟
1868,🤣 🤣 🤣
1869,hadouk Rai 😭
1870,nta ma cheftch fel 3ras yetelgou BIlo 😭
1871,guesba?
1872,Boukhalfa and his gang wasn't joking 💀
1873,OLAP 🥹
1874,Wlh machfit 3la 7arf mn hadak Lmodule 🤣
1875,ETL hya extract transport w L wch hya
1876,load
1877,transfer Lala 😭
1878,Ry7 gdami l3am ljay
1879,Lowkey it was the module li I enjoyed the most 😭
1880,Cuz it was the easiest 😔?
1881,"Yes, kifeh 3reft 😮"
1882,cuz ocean eyes
1883,I was right
1884,"""mimimiw mimiw mimiw"" ~ <@1133914962914451466>"
1885,belle3
1886,Houwa gal w ana 3lah
1887,<@700379394383937607> rai beatbox
1888,Ta3 L3edjal
1889,standard tet76 ween jat
1890,Nwelou ndirou mashup biha
1891,data engineer hadi machi scientist
1892,
1893,i like bloody eyes more😔
1894,
1895,Raid type
1896,i drop the  first letter for you xD ?
1897,no wait ki nkono f tomobil
1898,lbenna
1899,road to palé tacos
1900,راني معولة يتفاهم مع تاع سوناطراك اذا رجعولنا 😂😂
1901,
1902,فيها خير بإذن الله 🤍
1903,Till when nstenaw
1904,Nensak wella nestennak? 😭
1905,At least y9ouloulna shkoun 9eblou mbe3da ykmlou their paper work
1906,Nestenaw
1907,Allahou a3lam bs7 ta3 Tissemsilt 3ndhem refus auto
1908,Wkteh trj3 administration te3 school to work?
1909,Or the inverse 😏
1910,I think 24
1911,salam guys what's the difference between demande de stage & convention de stage
1912,"Maybe la convention is kind of ""terms & conditions""
That's how I see it"
1913,La demande beyna you ask for a stage la convention hya like a contact de stage included fiha stagiaire w l'école w l'entreprise f hadik la période de stage stagiaire needs to be identified kima wah recruté 3endo contrat stagiaire tani 3endo convention normalement haka
1914,"so basically demande de stage hia li medouhalna f lakher te3 l3am, w la convention tmedha l company since hia li thet terms&conditions w tsigniha hia w school haka?"
1915,No convention tmedha l'école after receiving the signed demand w tmediha l'entreprise
1916,So u mean l company 9adr mat9blksh bla convention ?
1917,thanks for the clarification!
1918,"no idea, chfit bsah hder 3liha medkour so it's a must ig"
1919,Yes a company can ''mat9blsh'' b convention
1920,"hmm
why"
1921,"Par exemple, te3 Algérie Télécom ki roht 3endhom galoli on ne signe meme pas la première feuille hta nchofo la convention, gatli 9ader capable tkoun kayna une condition a propos du recrutement wela l'assurance, qu'on est pas confortable à accepter"
1922,Bruh what company does accept without even checking terms and conditions ? 💀
1923,Startups 👁️👄👁️
1924,The emoji 😭😂
1925,Hya the more logic is can a company t9blk without a convention because how can a company accept without seeing the conditions and the duties
1926,Bs7 wkteh yrj3ou te3 administration beh we sign hdik paper
1927,"Endless questions, for 20 days now, discord has been filled with them"
1928,Yeah I see
1929,<@879496652887556117> could u plz ask bachir about HEC too? We didn't receive anything about it
1930,جربت بعثتلو و ماجاوبش ؟
1931,yes psk yes7q la convention w tan le gouvernement yne9solhm les impos 3la hsab ch7al kano 3ndhm les stagiaires c pour ça ils insistent 3liha
1932,He answered you about sonatrach sema bghitek u continue asking him questions 🥲
1933,راك حكمت خيط و شاد فيه مليح 😂
1934,
1935,kchma ban 3la kifah ra7 nkounou f les cites?
1936,No
1937,الحرية
1938,جماعة حبيت ندير تخصص لغة تركية 😔
1939,ٱميمة شوفيلنا شعال المعدل 😔
1940,نتي ماتحكيش 😂
1941,خليني راني نندمج فالحكايات حتى تفيقو😂
1942,ٱمييييييييمة !!!!!!!
1943,نسيت ما قلتلكش !!!!
1944,الصباح راني قعدت على الطريق و اشتكيت 😔
1945,وقلت مظلومة وهي ظلماتك؟
1946,عدنا 🥲
1947,رحيم عندك الحق
1948,
1949,That days
1950,هذو جماعة لغات؟
1951,ما فهمتش بصح واه 😔
1952,عندك الحق بلي عندي الحق
1953,Z3ma y9rou languages 🙂
1954,ماتقوليليش قلتيها بلا ماتعرفي بلي كاين قصيدة لاقعدن على الطريق واشتكي
1955,"That days 
All of we
We will miss her"
1956,أنا الشي الوحيد اللي نعرفه هو هذا
1957,تتتت
1958,و نعرف نقولها لٱميمة حتى تشبعني ضرب
1959,هذا مكان
1960,😔😔
1961,لالا زمان هه
1962,"و اقول مظلوم و انت ظلمتني
ولأدعونّ عليك في غسق الدجى
يبليك ربي مثلما أبليتني"
1963,عجبتني 😭
1964,🙂
1965,
1966,رديتيني متوحشة ولا واش
1967,اسطورية
1968,qsdhm ta3 maalma 2 wla meme 7na ??
1969,اناييس باينين غير الادبيات كيعاد رح يحولوهم
1970,Eyo don't copy my style
1971,
1972,ghi legends ytfkro muohanned indomue at 12AM 😔
1973,عندك الحق
1974,طحت في فخه
1975,علاه تسخف فيا في نصاص الليالي صحا ؟
1976,Fi Khaouadja ytramaw
1977,mnish 3aref win hdi khaouadja bssh balak kayn flavours li mhmsh halal xD
1978,Ch7al 3cht f wahran
1979,m3shtsh xD
1980,Mn Tlelat makountech tkhrj xD
1981,"tenue t3 james rodriguez jbtha mn lkarma w9il?
mn lwleen linlbssha f dzair xD"
1982,"Oldest supermarket here, jay f place d'arme"
1983,Lkarma la classe xD
1984,F 2012 chrit menha tricot ta3 real fih Feghouli khkhkh
1985,i woz just too young to enjoy my yearly six flights wym
1986,'lkarma ybi3o fiha ghir la classe'
1987,L'incomparable <:PES_Hands:883030075476443156>
1988,ramen mshi mliha ll health 🤭😔
1989,مخي تعوق باه فهمت شا راك تقصد
1990,كاش ما بقاتلي health أصلا ؟
1991,الform لخرة تاع سامي كامل رجعو ؟
1992,Huh?
1993,نحكي على جيزي و cdta و هذوك
1994,كاين اللي بعثو ولا مازال
1995,Asal ba3tt
1996,"Very mindful, very demure"
1997,Wech hwa email te3 scolarité ?
1998,I have t3 that woman called Nawel
1999,nawel.ladjouzi@ensia.edu.dz
2000,thank you
2001,"mazal mabantsh residence: wktah tftah? nb9aw f 3 wla no?...
need to spam ise and medkour once they return, kifah hdi the dude y9ol: 'f septembre thel l i9ama tji tdeer your internship' bla m3labalo 😅 as if he is controlling it meanwhile mho mdayr walo fiha"
2002,Yeah we all gotta spam
2003,September is in a week
2004,حرفيا مايفتحوهاش واحد ما رح يروح يدير سطاج
2005,"We all traveling le 30-31, nwslou nel9o bab mbele3"
2006,غير اللي يسكن في الجي ولا فاميلتو ثم
2007,Normal 3awed weli w khlas
2008,3endi jedati hamdoulilah 💀
2009,Wla li dayer stage fi wilaytou
2010,انا اقرب واحد خالتي في تيبازة يعني ماكانش كيفاش
2011,Lah bat fel moussala😂
2012,Yji l2imam y7awzek kima darou f Bejaia L <@890943195456868392>
2013,I have ana f alger but staying the whole month is too much
2014,Ygouloulek e7chm chwya
2015,Yes m3a Sayed broho Insan busy
2016,Ekrou dar w khlas
2017,Gouleh ya3tik mefta7 berk
2018,Wla dirou camping fel b7ar
2019,Interesting idea
2020,Yadra les idées n9lchkm
2021,"Déjà les profs ga3 3ndhm apartments f Baba Ali, goulou L Bouziane yfwt yamat m3a Sami w yekrilkem apartment ta3ou"
2022,Nta 5 d9aye9 machye men dar lel stage 🥲
2023,L7fafa wch khasha
2024,am doing intenship in algiers i go everytime home nroh sbah w nwelli 3chiya 💀
2025,Goutlek dir 7afaf mabghitech
2026,👁️👄👁️
2027,Only if you have a car
2028,no i go by bus
2029,Hadak Lguichet ta3 Tizi Ouzou ykhalsouni w manchrich menou
2030,its hard but there is no other solution
2031,<@681238662453002271> tnfst chwya mn hadak nhar wl
2032,Nah it's too much
2033,Not worth it
2034,0 f module wla daily 200 km
2035,sba7 bkri normal w f 3chiya khlas there  is no one
2036,250 * 2 aller retour
2037,At 6 AM kanou kthar men 200 wahed ystna
2038,It's 100*2 lala?
2039,Anaïs was one of them 😭
2040,non i never waited hmdlh .. there are alternatives .. train or taxi
2041,Ih justement train oued aissi far better psq hadik experience vraiment not to be repeated
2042,oui train is fine
2043,"if u keep waiting for ""your iqama"" to open tjibo stage t3km fi octobre bon courage"
2044,we know them
2045,Hamdoulah lwahed dar stage 9dam darou even ida m3ndouch a relation to AI
2046,Nod everyday at 4am 👁️👄👁️ w nedkhel l dar at 10pm
2047,Bs7 still waiting for iqama wla going everyday 💀
2048,non i go at 7 am and go back home at 7pm its not dramatic
2049,2 days a week
2050,Hasbetna ga3 rana 3aychin f tizi 😭
2051,Imagine ndir stage f alger w nweli ntl3 w nhbt kol youm L Ghardaia z3ma nal7a9?
2052,lwlad yqedro yekriw fi alger fi jma3a ydiro stage t3hm 3adi
2053,Ndémarrer men Ghardaia 23h nousel 7 AM nrou7 ndir stage wmb3d ndémarrer 3la 13h nousel 3la 23h w n3awed nweli f nafs Lbus li jit fih
2054,🤣🤣🤣
2055,Tbat f trig
2056,Lazem stage ta3i ykoun men 8h Ll 12h brk bch ykfini lwa9t
2057,Arwa7 w el9a kerya ?
2058,i dont know ila kaynin.. Rebbi yej3el lkhir in shaa Allah jma3a it will be fine
2059,Ntouma t7ebou الرفاهية farach cartouna f Kharouba w bat tma w khlas yak matghl9ch
2060,Maykrouch usually to youth people
2061,just dont stay without doing anything ... 7ewso tlgaw nchlh
2062,"They're not obligated to, it's the school duty bs7"
2063,Aslan rah jay Lvote
2064,W Alger tghl9
2065,💀💀💀💀 srx
2066,I agree
2067,Yes true
2068,Most of us rana b3ad
2069,
2070,بصحتكم 🤍🤍
2071,😼
2072,علاه راني حاسة بشعور الٱمومة 😭😂
2073,🥹🥹
2074,حاسة ولادي تزوجو و فرحتلهم 😭
2075,Rebbi ykhelihoumlek 😭
2076,تالمون شهر و نتوما تقارعو 😭
2077,😭😭🤍
2078,Chiraz raki hna 😭
2079,🤣🤣
2080,Iiih justement kifch ndirou stage mala ? Wla normal ?
2081,شيراز توحشتك مالغري غير درك كنت نهدر معاك 😭
2082,🥹🥹
2083,معليش نفهم علاه راهم يضحكو ؟ 😭
2084,Did they contact wla not yet ?
2085,Yes they did
2086,And Samy like contacted each like company with the emails of the students chosen
2087,"Ih ,bs7 did the company contacted the students back after Sami?"
2088,ASAL did
2089,Loukhrin allah a3lam
2090,Okay thank you
2091,"Blk ma fahmouch wch 9sedt , 3la transport brk ykun y3ayf hadik la période surtout fi Alger"
2092,"Nesrine nti slb tani ya5i
Hidik mzl"
2093,
2094,They are always discussing.
2095,Never ending story
2096,'we'll see...'
2097,Te3 sontrach mchi dakhla m3a hadho?
2098,Nope
2099,لالا تاع سامي هاذو
2100,سوناطراك مازال
2101,Wa9ila heta l 1er bah yrej3olna
2102,Wa9ila hada dayer automatic reply.  Why ga3 emails 3andhom same reply 🥴
2103,Men juin w homa ydiscussiw
2104,كيما ضربة ريميتا في البروميار كي بعثلنا قاللنا غدوا ارواحو
2105,
2106,"neqder nehleflek mahderch meme pas m3ahom in july when we requested the dorm to remain open for 4 th year students li 3endhom stage he said we r talking to them, then qalelna they didnt accept. ki seqsina modira tae iqama qaletlna heta wahed mab3etlna. sma ghir matekloch 3lih"
2107,"les stage li normalement homa daro convetions m3a gae le companies w ma hedrouch m3ahom, kon machi sami la plupart rahom bla stage dork"
2108,"Ig they better send to whoever is responsible for the dorms, not lbachir plz 🙂"
2109,سامي عمكم
2110,Li kan 3endhoum number ta3 responsable ta3 DOU win rakoum? 😭
2111,<@884900904766156811> <@882774339051737109>
2112,Ig houssem 3ndah
2113,I'm pretty sure
2114,عمك وحدك 👁️👄👁️
2115,تحيا عمي سامي مالا 😔
2116,ما تحبوش الزوالي 😔
2117,<@879820085810835486> normalement teni
2118,Khawti did they accept all li applyaw fl form nte3 sami?
2119,Are we supposed to receive something?
2120,We received 😭
2121,Wht u mean hedek l email l forwarded nte3 sami?
2122,No Samy sent personal emails to accepted ones + the company
2123,Rah 3ndi Numero ta3 lmodira if u need it
2124,ابعث
2125,Mahbool kifeh 7ata jbt 3liha numero
2126,L7ouma tips bayna
2127,didnt receive any
2128,Slb mzl mab3toush dw
2129,Mjb be3tou?
2130,aaaaa ok lol w ana ro7t b3tht msg l sami
2131,Typical Tissemsiltian
2132,✨
2133,Ani m7itlk msg ta3k bch matkounich f mawa9if 7arija
2134,Shokran shokran
2135,Bs7 tkoun le79atou notif
2136,Lehqetna
2137,Li ra7 y3ayyet nb3atlo
2138,Businesses
2139,wli 3aya6 ygoulelna
2140,غدوا الصباح حابة نعيطلها ايه
2141,Salmi 3liha
2142,عيطتيلها؟
2143,حقا شكون ممثل الطلبة؟
2144,مازال كي نعيط نقولكم
2145,راني برا حاليا نرجع للدار برك نعيطلها
2146,
2147,الاولاد الجدد مدولهم 3
2148,البنات 4
2149,الظاهرة فصلونا 😭
2150,Saqsiha 🤌
2151,راني في الطريق للدار ربع ساعة هكاك نعيطلها
2152,Sahiti
2153,ماهزتش عليا
2154,ماكانش اللي عندو نيميرو براهيم يعيطلو
2155,اولا يسقسيه وكتاه يفتحولنا الاقامة للسطاج
2156,"Sa9sit galouli 3lbana bli 3andkm stage , w galouli bli normalement tafth fl 1 septembre"
2157,C juste Mazel ma ban win rah ydirouna
2158,فصلونا جماعة
2159,عيطت للمديرة صاي
2160,More détails plz 🤌
2161,Details plz
2162,ماكان حتى حاجة
2163,قاتلي بدلوكم رسمي
2164,وين داوكم منعرف
2165,بصح باينة كي البنات الجدد خرجتلهم ال4 يعني ال4
2166,Bdlo les filles ya3ni?
2167,يس
2168,🥲
2169,3neh ya3ni 3neh
2170,koun ghir bdlo l guys
2171,السطاج قاتلي احكيو مع الادارة تاعكم
2172,مازال مابعثولهمش
2173,اول حاجة جات في بالي la salle 😃
2174,"Rip mahelma 3 , ghadi chachra yhedmouha in 2month"
2175,Tel9o block E nosseh taye7
2176,بصح ال4 راهم قاع مخربينها ضوكا
2177,Justement
2178,9issa 9asira hazina
2179,Les filles f 4 😭
2180,Ma3lish mohim faslouna
2181,"Well, last year tani hadro  galo fsalnekom w ga3 wmba3ad by the end lginaha khorti
Sma no trust, hatan we go there w tben"
2182,Bs7 les 1 ere kharjoulhom les chois heka boys f 3 wl girls fl 4
2183,Mm last year hakd nn?
2184,3lach ma ydirouch 3la hseb years
2185,Kheliwna 4th year 3amna telli
2186,Kheliwna en famille 🤣
2187,لالا العام اللي فات مختلفة
2188,هاذي المرة بانتلي صح
2189,That's a cute one😂
2190,كيعاد بدلو الادبيات و فرغو الاقامات
2191,This is funny xD
2192,يعني فرزوها قبل التوجيه هاذي المرة
2193,"Anyways, ki nroho tben, mab9ech gd li fet aslan"
2194,This year is the last year ta3na f school after all
2195,Win hatouna hatouna w khlas
2196,
2197,شوفولي جمال الحيوط
2198,الابداع تاع معالمة 4
2199,Oumaima habsi 3lina hambok ni nbatal manwlich
2200,Ewww yrgdou 7da ba3d
2201,Wech heda ya 7ay 🤦‍♀️🤦‍♀️
2202,Wa9il neb9a f dar
2203,Hedi mch teana nn !
2204,W 3leh ay tban bizzare
2205,Ta3k ta3 l3em ljey
2206,Mech kima les chambres  t3 3
2207,your new one 🤭
2208,imagine ydirokom 2 2 T-T
2209,ايه صح قادر خاطيتنا
2210,Ya wdi koun ghir ykhaouna kima rana w y9ilouna wlh
2211,I can't imagine noskon f blasa sknouha dok l3bed 9abli
2212,بعثوهالي البنات منعرف
2213,L yedin hedouk aelh ! 😭
2214,
2215,Tediha whda ysemouha amel ou khlas
2216,Mkh kfh ndiroulhm contre khota w nbqaw f 3 ?
2217,منعرف
2218,El3h kol 3am kayn drama ma fhmtch ana 🥲🥲
2219,My eyes
2220,Chiraz nsit I didn't visit u 😔 next year ida jit u will be the destination
2221,هاديك تاقة ولا باب ولا خزنة فالوسط ؟
2222,Merhaba  bık
2223,Wlh l3ilm lilah
2224,الطقوس
2225,"نحسها كيما هادوك الحيوطا اللي يكتبو 
فرينة + محمد = حب
🤡🤡"
2226,يا جماعة
2227,معالمة 4 ماعندهمش ما سخون
2228,
2229,loooool first year vibes 😭
2230,لالا هذيك تاع المدرسة العليا للاساتذة
2231,بنات
2232,مدولهم 5
2233,Aaa so girls mzl hna meana ?
2234,Bruh
2235,Adou people lbladhom 🤌🏻
2236,في 5 و تاع الاساتذة ماشي تاع الترجمة و هذوك الجماعة
2237,تسما مادرنا والو
2238,ال1 مازال مابانتش الحكاية
2239,لالا لالا راهي غالطة ماتخلعوش
2240,1 و 2 كي يصرالهم ؟
2241,نمحي الميساج لا تبدا دراما جديدة
2242,"<@879496652887556117> is everything confirmed btw?
والسطاج ضركا نقولو بان عليه ولا لا ثاني من جيهة الاقامة؟"
2243,انا قلتلكم وش قاتلي المديرة
2244,ان شاء الله
2245,و. بانتلي هاذي المرة رسمي صاي
2246,الحمدلله
2247,السطاج قالتلك مزال مايبان؟
2248,"العام اللي فات كانو كاينين contradictions 
بصح السنة والو"
2249,قاتلي احكيو مع تاع ليكول تاعكم
2250,؟+ المدرسة راهي مفتوحة باش نجيبو la convention
2251,Hell
2252,المهم البنات ادو معاكم بنتورة علاجال دوك الحيوط 🤡
2253,"Ig ykounou (idk, just hypothesis)"
2254,المردسة 🚗 Mercedes 🫡
2255,يا ربيي واش هذا 😭😭😭😭
2256,<@879820085810835486> 3ndk num ta3 dou ?
2257,Oumaima keep going aywa aywa ✨
2258,what? want to thto men in those girlies rooms? 😂😔
2259,<@883306210680504330> sa7 tbghi l farina xD?
2260,Nah u staying f Mahelma 3
2261,"madabya 😔
t3bt 3la chambrti"
2262,
2263,المصدر انا 😂
2264,جيت نقولها 😭
2265,يعني في 10 محمد في البرومو تاعنا برك تفكرتني غير انا
2266,I knew it
2267,jma3a
2268,3lah promo jdida ma3andhomch ga3 humor
2269,Tformataw qbel ma yedekhlou WTH 😭
2270,"هه
Mskin maelabelouch bli mm sonelgaz w matartlnech"
2271,Ya Rebbi hada Tarik yel3ebli 3la l moral 😭
2272,so kayna 😂
2273,"Chabiba, ki tbdaw stage (mn 01/09 w roh) est-ce que tafte7 l'ecole tani wlla ghi u need ghi la cité?"
2274,We need ghir la cité
2275,So l'ecole mara7ch tafte7?
2276,"Probably not, ghir idara"
2277,guys kayen li medetlou l'administration te3 lecole la convention te3 stage
2278,I sent email to medkour lyoum asking ida he could send it wela nroho njiboha tarek beyna rah f kach plage sema I Don't think we will get an answer
2279,men July 23rd ani dayelou python script yb3tlou email koul 3 jours 3liha
2280,surement rah laye7ni fel spam
2281,La scolarité galetli déjà ki nwellou f September ymdohom à la fois pour tt les étudiants
2282,tsma ida the company didn't like the convention there will be no time to look for another internship
2283,لبنات مهيش حكاية هذي تع معالمة 4  و الله .. كنا مقابلين البنات تع معالمة 2 كانت كارثة ضكا نقابلو لولاد الادبيين هذوك كارثة أكبر حق ربي
2284,لالا قالت اميمة رح يجيبو البنات لمعالمة 5
2285,galo winta t7al wla mzal ?
2286,bsah lazem n7etouha 9bel !
2287,الصراحة الله أعلم
2288,"I guess they want y'all to put it on the start of September, forgetting that there is an accept/refuse trial"
2289,"yawdiiiiii
ki 9oltlkoum wellah ghir rahom ydiro brk m3labalhmsh ga3 bl ijra2at, dirberkiya"
2290,"'the law...', HH"
2291,هنود أخرج الباتني الذي بداخله 😭
2292,chkon 3labalo ila le concours de doctorat yqdro ydiroh les ingénieurs wla lazm master ??
2293,"If u talking about ensia people ydirou doctorate with Engineer Degree, I heard that we can do it inside Algeria, abroad no idea but ig Master is needed"
2294,hih galoli beli ha yft7o l'école doctorale win nqdro nkemlo fiha directement sans avoir un master
2295,bsh par exemple ila habba ndir doctorat ta3i fi wilaya whdokhra hbit n3ref ila c est possible sans master
2296,Hadi I don't know tbh
2297,It is possible yes
2298,"اللي قسم الاقامات حمار 
6 للبنات 1 للاولاد 2 للبنات 3 للاولاد 4 للبنات 
الاولاد من الجهتين مقابلين البنات 
زعما حبو ينحيو الاختلاط جاتهم غير في طرف تاع ساحة"
2299,🤣🤣🤣
2300,Wshno had te9sam
2301,Wait tsema separawna???
2302,Na3am
2303,3yti lel iqama oumaima ??
2304,واحد يعاود في بلاصتي عييت
2305,"mlwl madaroush scalable solution, it woz supposed to be each i9ama for each school xD
bssh houma kharbouha aya koul 3am ha yb9aw ybdlo hka"
2306,khashom load balancer ههه
2307,رجع الضفدع تاعك تلفتهالي من قبيل وانا نقول شكون هذا الانسان
2308,"wla two i9amat for two schools w y9ssmo males 3la females, bssh still kima 9al frog load balancer bcz females outnumber males"
2309,"صفيقة ولد كازا
<@877942175315398766>"
2310,y9asmo makes 3la females???
2311,oh
2312,ye9esmo
2313,"<@898608462358007820> 
رح نعاود لاخر مرة 
عيطت للمديرة ايه وقاتلي البنات بدلوكم بصح منعرف وين رح يديوكم 
البنات الجدد تاع مات و ذكاء خرجتلهم 4 يعني باينة رح يديونا ثم 
الاولاد في 3 
الانظمة و النانو مدو 2 للبنات و 1 للاولاد"
2314,sahiti oumaima .. sma lazmli nroh njib qachi m la chambre fi aqrb waqt 😃
2315,😭🤣🤣🤣
2316,I'm crying here 😭🤣🤣
2317,<@881856879104507904> i need ur jokes f had el situation 😭
2318,"Whna mgablin lwled 3la l jihtin 
Ana li 3aycha f balcoya kifh"
2319,"جهة وحدة 
5 فيها بنات"
2320,Khawti ntou3 slb ba3thoulkom email
2321,No
2322,Mat3ichich f balcok w khlas
2323,impossi
2324,<@879496652887556117> kach ma repondalek Lbachir 3la la cité?
2325,one failed talking stage
2326,Lbachir galek wladou ygouloulou edina L plassa ygoulhem I'm still discussing with your mom
2327,مازال
2328,ديما نبعث ايمايل يجاوبني بعد يومين
2329,بعثتلو البارح بالاك غدوا يجاوبني 😂😂
2330,Ida majawbkch ghoudwa n7otlkem numeroh spamouh fel Whatsapp bs7 matgoloch bli ana
2331,مريڨلة
2332,نديرولو كيما الهنودا هاذوك تاع spam
2333,khali lbir bghtah 🙂😂😂
2334,<@879496652887556117> m3lish tss9ssi t3 i9ama w9tash y7lou?
2335,bsh nro7o n7kmou des chambres again 🫠🥲
2336,"عييت وانا نعاود 😭
قلتلكم المديرة قاتلي تاع ليكول مابعثوش"
2337,منيش نهدر على السطاج
2338,"راني نهدر على وكتاش تفتح بش تستقبل الطلبة 
بسك نورمالمون الدخلة تاع القراية في 24"
2339,هذي متسحقش ليكول تقلهم 🙂
2340,تلقايهم مازال ماعلابالهمش
2341,هي اصلا باينة بين 20 و 22
2342,I start business here ? 😂😂
2343,تفكرت هادي
2344,
2345,ما تقولليش كيفاه عرفتي بلي هندي
2346,نعيطولو بالماسكي
2347,<@935263555220013056>  u remember first year ? 😭
2348,جماعة الإدارة وينتا تحل ؟ تع الايكول
2349,ولا حتى واحد ما علاباله ؟ 🙂
2350,مكاش وحدة كيما هاك للرجال؟ يخصنا تع كيف تنهي الكسل والتسويف من حياتك
2351,كاينة وحدخرا خير منها <@881856879104507904> 😭😭😭
2352,أيوب و رائد عندي ليكم خدمة 😂😭
2353,Python script
2354,Ya wdi khas the school ycontactiw la cite
2355,M3labalich Whatsapp ida 3ndhem api for such a thing sinn vrai tweli 9ouwa python script
2356,"Nrmlm kayn, jez 3liya a similar reel m 9bl"
2357,nkhaltoha
2358,"Oooo hayla 
https://stackoverflow.com/questions/58889656/how-do-i-send-whatsapp-message-thorugh-my-python-script-for-developers/71168835#71168835"
2359,Haha told you
2360,Mission started 😎
2361,Khali 24h brk nchoufou ida yjaweb Oumayma wmb3d ybda Lmission
2362,Mrigla 🤝
2363,paid
2364,Za3ma modira ta3 i9ama w modir ta3na yahdrou bel email?
2365,telifon
2366,SMS spoofing mala
2367,علاه الفظايح علاه 🥲
2368,9lna we dont spill tea 😂😂😂
2369,Ghdwa InshaAllah I'll need u 😂😂😂
2370,السلام عليكم و رحمة الله و بركاته
2371,جماعة قولولي برك  الدخلة تع القراية وقتاش 🤌
2372,"The interval of possibilities, since ik it's not clear yet"
2373,Is it f September wla 7ta October
2374,I think awakhir sep
2375,"i9ama,,,
mazalhom f talking stage?
lmercato 9reeb yfedh 😔"
2376,Bachir number will be dropped at 1
2377,Stay tuned
2378,Eventhough kayen too many snitches li dok yb3tolo capture bidon dikr L2asma2
2379,Bs7 lah yshl 3lih
2380,papa perez
2381,"srsly? kayn f ensia? 🙀 
i thought had k3fayess khlinahom f CEM"
2382,Yahah srx 🤦😱
2383,"<@212890114626420736> 
يخي انت تظل تقصر مع البشير عيطلو سقسيه"
2384,<@807375299192553482> dirili 9ahwa rani jeya
2385,Piiiiiiiiiiiiiii marhba
2386,Win raki?
2387,We meet???
2388,Jk dert brk escal fi stif dhouk rani fl borj
2389,Bs7 taxiyet ntou3kom yehedrou bzf 🤣
2390,كلمة صحيبي عندكم ولا ياخو في الجي
2391,<@700379394383937607> yallah lina yallah
2392,Brut force last 4 numbers
2393,87 07
2394,I have his personal
2395,Ani b3tlou SMS
2396,Lmouhim khawti khalali vu
2397,Dok ygoulek we are discussing that
2398,"@everyone  hak spam

https://wa.me/+213670478707"
2399,Bruteforcito?
2400,Ab3t brk
2401,جيزي قالولهم يبداو 1 سبتمبر
2402,W li 3ndou courage y3ytlou
2403,Alger ✌️
2404,boobaaaa 🍀
2405,فهمتي علاه نقول صحبي بزاف 🤣
2406,كنت ناوية نعرضك عند جيلاطو
2407,شوفولنا يزيد يعيطلو
2408,<@212890114626420736>
2409,Saha hanoud
2410,شكون جيلاطو ؟ مشاوي 😃😃
2411,👁️👄👁️
2412,Aaaaaaa lol 🤣🤣🤣🤣🤣
2413,🥲
2414,افضل كراب توكليها في حياتك
2415,مشاوي؟
2416,معليش المرة الجاية نجي عندك ونخرجو كيف كيف
2417,"هيا مريغلة 
نديك للمشاوي ياختي مش خسارة"
2418,Kch khbar mn 3nd lbachir 3la la cité ?
2419,La2
2420,Literally mazal a week 👁️👄👁️
2421,failed talking stages 3la hssab kifash rahi tban
2422,Reminder to spam
2423,wqtach la reprise des cours svp ?  psk ida kol wahd wqtah ybda stage ta3o kifah 7a tkon la reprise mala ?
2424,October
2425,Dellouna kter men sherine 😂
2426,Win rah Ldalal
2427,Bla mzythm
2428,7abna nkhdmou w n9raw wl
2429,Mech dalal
2430,And it's just one week late
2431,Wchnou dellouna mala
2432,ذلونا 😭
2433,Ah
2434,I know who's sherine now
2435,t9ra hta l juillet 🫰
2436,chkoun mn alger can go this week and ask cz i don't this director will do smthing soon
2437,i think i will pass these days in shaa Allah .. if i do i will tell u
2438,علاه زعما الادارة تاع ليكول تكون ؟
2439,"hmm ,idk 
ig 7ata sept beh yrj3ou"
2440,"راني رحت لقيت مذكور قالي الاقامة تفتح ب3 
ماكانش سامع اصلا بحكاية تحويل البنات 
ايا قتلو هذا وش سمعنا اذا صح ماذابينا تفتحولنا مام ال4 باش مانبقاوش نهزو في قشنا  قالي i will ask 
سوناطراك قبلو 24 واحد اليوم ولا غدوا يبعثولهم لاليست"
2441,thank you <@879496652887556117>
2442,مذكور قالي ماكمش تعمرو في الform
2443,"بسك كاين ناس معندهمش سطاج
بواش يعمرو 🙂"
2444,Nrmlmn les conventions rahom wajdin
2445,"Yes, he sent me an email"
2446,حاجة اخرى رحت لل4 نسقسي على هذيك الحكاية قالولي لحد الان ماكان والو
2447,راهي غير هدرة ماكانش الرسمي 100%
2448,وليامات الاولين تاع سبتمبر رح يكونو الجدارمية ثم حتان يفوت الvote
2449,What ? Mela hna wn nroho ?
2450,هذا اذا رح نكونو في ال4 من اساسو
2451,و قالولي تاع ميدسين راهم رافضين يروحو ل 5
2452,9ali by the end of this week t9ol 9otlo akhdmli tabla
2453,المهم راهي مخلطة و صاي
2454,Le 3 septembre ?
2455,Mela hna wn nroho again ? 😂
2456,awah lpipeline rah mkhallat bzaf xD
2457,لالا جوان 🙄
2458,rabbi yjeeb lkheer wkhlas 😭
2459,Kfh la cité thl le 3 sep w hna nbdaw le 3 w kyn li ybda le 1
2460,"اذا هذيك تاع ال1 سمعتيها من عندي مهيش رسمية 
انذار كاذب"
2461,Tea 3 bsh shiha 😂
2462,مذكور قالي هاذي السمانة يتفرز كلش ومنعرف
2463,يعني اصلا هوما مجبورين يفرزوها
2464,Ana 9ali rahi ready
2465,Means tft7 nhar li ybda Lstage
2466,Tsma Galkem Medkour layla lwla batou f l'hotel
2467,La bourse te3o tbytk f dortoir mch hotel 🤌
2468,Z3ma 3lch tafth le 3 Machi le 1 Kayn li ybdaw le 1 win yrouhu hadu
2469,قالي الدخول ب 3
2470,شكون قالولهم ال1 ؟
2471,Kayn li stage ta3hm yabda 1 septembre kifch ydirou
2472,tsma hadi ta3 y7wlo lbnat lel 4 mhich rsmiya ???
2473,Hwa ki hdar la première fois gal septembre complet sama yafth mn 1 Machi 3
2474,Mazel ma jathm hata Haja rasmia
2475,Mkach li hredha kter m i dara t3na sara7a
2476,كاين اللي اعلنو و قالولهم ال1 ؟؟
2477,Chkun hadu li a3lnou ?
2478,Kl wahd kifch tfahm m3a l'entreprise
2479,kaynin li 3ndhm stage mch m hadok li b3tinhm l ecole hih
2480,قادر كاين الرسمي بصح المهم الاقامات مازال ماوصلهم والو
2481,راني نسقسي اذا كاينة كاش شركة قالتلهم تبداو بال1
2482,nchlh tkon icha3a brk ... iqama hadik wlh la karitha
2483,Iiih Kayn ana nbda le 1
2484,قالي لاجون الصباح هذوك تاع ال4 هردو الحالة
2485,ani chft tsawer f fb tchebeh l kolch ghir iqama
2486,l7it w ksroh winek ya haja whdokhra
2487,بصح قالي المدير صيف كامل وهو واقف على الاشغال
2488,قالي الحيوط تاع لي كولوار و عاودو بنتروهم
2489,mala kifah gallk l agent hkk... wla 3ndha ch7al ?
2490,3lash 3lihom?
2491,ki shafou rwa7hom kharjin mnha darou haka?
2492,man3rf... kaynin 3bad hka dayrin ybgho lkhsara ... makhellaw fiha walo
2493,قبل ما يخرجو هردو الحالة بصح في الصيف كانو يسقمو فيها
2494,ماعلاباليش لاي درجة سقموها
2495,ماكانش علابالهم بصح
2496,قشهم وخلاوه ثم
2497,tlgayhm zr3o l7chich kima mwalfin ydiro
2498,هذوك تاع 3
2499,"kol dqiqa ypubliyilk ""3amalyat tchjir"
2500,بصح صحصح لاحظت الفرق بين 3 و 4 في الاخضرار
2501,hadi sah hih
2502,اليوم حسيت بلي هذيك التهيئة مهيش خرطي
2503,😂😂
2504,lala l7eq t3 rebbi la cité t3na kanet chwiya organizé par rapport lokhrin
2505,راني خايفة غير يقولونا فوتو وقت السطاج في 3 من بعد تروحو لل4
2506,نبقاو ندير و نجيبو في قشنا
2507,ani khayfa ydiwli 9achi ta3 l3sker li ray7in ybato tma  yamat hado😂
2508,"no, for those people hadak hwa what art is 😅"
2509,ya rabbi mydiwsh loulad ll 4
2510,Diroulna resumé 🥹?
2511,9alk li yrou7 ll 4 معفى من الخدمة العسكرية
2512,"girls moving to 4 is not official nothing is official yet about i9ama hada l3am 

l 4 l9awha mkhrouba 

medkour 9alk les conventions de stage rahom wajdin arwa7ou tdouhom  w9alk li mazal ma3mrsh form y3mrou 

kayn shi 3ibad ybdaw stage t3hom 1 sept bss7 i9ama oumaima 9alolha tft7 b le 3"
2513,lmohim khalota w sayi
2514,Which form brk
2515,Latest one?
2516,"تاع طلب التربص هذاك 
تمدو للي راك داير عندهم سطاج يعمروه و يسنيولك و حطو في ال form"
2517,Ah I see
2518,"https://docs.google.com/forms/d/e/1FAIpQLSeAiHuY6cwFvYWQWHtHKtH0xjbqmvJaZs3wwZjZ9sytsHOZvw/viewform?vc=0&c=0&w=1&flr=0&usp=mail_form_link

@ya.zid normalement hada l form"
2519,<@212890114626420736> جابك ربي عيط للبشير
2520,سقسيه وين رح يحطونا
2521,قالك البارح الادارات تاع المدارس كامل تاع القطب دارو اجتماع مع منعرف شكون
2522,"salam colleagues,
yak makansh deadline for the form?"
2523,"Hello everyone,
To all students who have internships in Algiers starting from September 1st, we need to send an email to the administration requesting dorm accommodations before September 1st."
2524,راك روطار 😂
2525,saha lih imed dareb denya bkoutbi
2526,Bkoutbi
2527,lmouhim fhmti
2528,بروقرس
2529,b un coup de pied HH
2530,(wellah no idea ida ktbtha shiha)
2531,coup de ciseau
2532,"Hado li y9olo "" ça se gâte """
2533,Ca se gate elik
2534,الخدمة واجب شرف وتكوين 🫡
2535,bayna kan ydir fel sourci smana li fatt
2536,rah 3ndi 3ameen marohtsh xD
2537,cotsizo*
2538,G3od tmahbel assat 7tta yhazouk
2539,ana b like mzl ma drtch hata l visit  :))))
2540,A question: is there a way njbdou relevé de note online ?
2541,وهوما ضرك علاه مابعثوش قبل مانروح لمذكور
2542,Magalkch ida l'ecole will be opened mn 3 w ro7 (during stage days)?
2543,7e9a ma36awelnesh printed for this year 🤦‍♀️
2544,b3thouh soft copy ?
2545,No yek shefna ghi mn progress
2546,Khawti shkoun seniya internship papper nte3 school w deha ll idara?
2547,"no, kano ymeddou (printed b arabic)"
2548,Winta?
2549,
2550,:))) cannot do that douka ?
2551,كون جيت علابالي رح نحتاجو راني هزيتو الصباح
2552,علاه يعني علاه
2553,راح من بالي
2554,B3etht l medkour email to send us copies bs7 i dont think he will respond
2555,We need it all wla ghir ntoma?
2556,Ig she needs it for personal purposes
2557,"Ok i see, i know it's not that formal but you can use screenshots mn progress"
2558,Retbihom f pdf brk
2559,ig anfal u have to go there cuz u will take like the original one and u will sing que ditiha sooo ig u can’t have it as a soft copy (i had to go there  bah njibha ana)
2560,Prblm for professionnel use lazem ykoun hadak cachet ta3 l’école cuz progress after all makanch vraiment proof belli taw3ek hadou marks 😅
2561,Oui ida hakak then lazm tjibiha
2562,L company li 7a ndirou 3endha internship asked for it
2563,😀
2564,Wht
2565,Not Sami sending me a gpt response 😭
2566,
2567,Same happened to me w meditelhom ta3 progress
2568,That depends on the company afterall
2569,Me I got it by email
2570,I sent to Medkour
2571,He forwarded my email to that woman from Scholarité
2572,W she sent it to me
2573,The problem ? It's in Arabic
2574,بالعربية الفصحى 🤡
2575,Hopefully I won't need it 🤡
2576,chkoun the one u sent last time ?
2577,"Loukan jit ghir nta lah yshl, he sent it to Medkour hhh"
2578,And why he is not responding Nooow 😭
2579,
2580,What other matters 😃
2581,كي سقسيتو على معالمة 4 🙂 قتلو اذا صح داونا ليها لازم تتفتح مام هي باش مانبقاوش نديو في قشنا
2582,he is right tho
2583,So they will open mahelma 3 for all ig kima kant since mazal mfhmouch how they will divide
2584,This one
2585,Yakho bayna idara go vacance f Aout
2586,I sent him f july
2587,بصح كارثة هكاك نحط حوايجي و نبدلهم مشكل
2588,but since el bachir ken meet last time sema dekhlou cbon
2589,thank you
2590,"Idk tbh, ig those who work for scholarite mzl"
2591,Since they are the one in charge
2592,Np
2593,y3ni douka koun nro7 mykounouch ?<:pepecry:979070412124213279>
2594,No idea tbh
2595,okay thank youu
2596,كانو كاينين اليوم نورمالمو
2597,W ana win 3labali y'all know where I am wla 😭
2598,"ماقتلكش لازم يكون علابالك 🙂
قلتلهم برك"
2599,حسيته تهديد كيما موالفة تهدديني 🙂‍↔️
2600,حابة التهديد تاع الصح 🔪
2601,لا 🥹
2602,"salam, here's the template of our convention"
2603,The hell
2604,7kam ta3 Sonatrach li gali man9blouhach darlha traduction literally
2605,Exactly
2606,"I noticed that too, even l part that they didn't accept wahd lwa9t"
2607,i'm really feeling sad for u
2608,Ywdi ana ki kan 3ndi hadak stage ta3 Juillet gali had convention man9blouha ni doka ni f September
2609,And now it's literally the same
2610,I hope doka companies will accept
2611,و مكافأة المتربص كفاه
2612,"Justement, kfah y3ni t5dm 3ndhoum w t3awenhoum mb3d houma li yeddou moukafa2a 💀"
2613,I think même hna ymedolna
2614,Blk ma kfatch place bach yeketboha brk 🥹
2615,Hadi mdhalk medkour After you sent him the letter fiha sign ta3 company?
2616,No 9otlo send me a soft copy haba ne9raha
2617,<@879496652887556117> repondew tea sonatrach
2618,يس
2619,بعث مذكور لاليست
2620,Kima cheftha tfkrtk 😂
2621,Tsma kon njibhalou letter signed DK ymdhali
2622,?
2623,You submitted your demand fl form?
2624,If you did that i think you're convention is ready
2625,"You can ask him 9olo i submitted my demand, is my convention ready?"
2626,"Still didn't submit it, ya5i normal nsubmitiha DK?"
2627,Oui
2628,"Ok, thanks"
2629,"Another question, lwr9a hadi ki ymdhali Wch ndir biha?"
2630,Ediha l company ysignoha
2631,Then reja3ha they'll keep one copy 3andhom w ymedolk original tredha l school
2632,W tebda stage nrml
2633,"Nice, finally everything is clear now"
2634,
2635,List hadi ta3 students li they submitted hadik l form?
2636,
2637,هاذو هوما اللي تقبلو في سوناطراك
2638,بصح بزاف رح يتنحاو كيعاد لقاو مع سامي
2639,<@879496652887556117> <@878928458087022613>  <@879796727031422997> <@934199109206818846> creyitou group whatsup kima 9alou?
2640,انا كنت نعوم
2641,هذا وين رح ندخل للدار
2642,شفت الايمايل في الطريق 😂
2643,رانا فتحنا واحد مسنجر بيناتنا حنا البنات تاع slb
2644,Yak nti f Mobilis wla tdiri 2 internships au mm temps 🤣
2645,كامل رانا ثم غير نتي
2646,Ykho ana khatini hatta lguithm baetouli 😂
2647,بالاك بعثت قبل تاع موبيليس
2648,Yes 😭
2649,حتى هوما هذوك رجعو روطار طول
2650,الform عندها قرن هذا وين فاقو يخيرو
2651,dok wa9ila ylgaw 2 3ibad brk m3ndhmch stage
2652,https://tenor.com/view/sola-me-siento-i-feel-alone-alone-lonely-sad-gif-16574910
2653,<@879796727031422997>
2654,و يروح الhuge number في هذاك الشي 😂😂
2655,كون جاو جاوبو بكري ماناش في هاذي الحالة
2656,راني حليت قروب ضوك نبعثلكم
2657,galoulha rana 7alina group gatelhem rani 7alit group
2658,100% genuine Tissemsiltian DNA
2659,سلالة نقية
2660,Houma rahom massenger w ana 7alit whatsup beh nzidou m3ana ntou3 slb + elha fi swal7ek nta
2661,still Tissemsiltian
2662,Aaaa nice hnitina
2663,الهدف الاول تاع القروب تاع مسنجر: اهبطو رانا نستناو لتحت، ازربو راح الحال 😂
2664,<:tissemsilt:1277569072455745577>
2665,emoji ta3 tissemsilt maybanech mlih
2666,<:tissemsilt1:1277569364937412639>
2667,he said mazal kayn other applicants tssma ki you withdraw ytl3o homa
2668,You? W ana 3lah
2669,you in general sense mashi nta xD
2670,هذوك اللي رح يطلعو و يكونو لقاو صاي
2671,رانا في السمانة لخرة تاع اوت
2672,"true, m3lish, the less the better ig for the ones li mk9awsh"
2673,هذيك باينة
2674,Yes c sûr drk ybaet nw list
2675,قصدي باينة ماكانش كيفاش رح تتعمر 24 بلاصة
2676,اللي مالقاوش رسمي رح يلحقو عليها
2677,Bsh kifeh derna m3a hedouk li they prefer sonatrach 3la 1ny other company
2678,"madernash, it is about timing, that is life"
2679,Too late waqila
2680,Exactly it’s too late
2681,Ana ida kayn li got accepted mn ta3 sami jayin fi bab ezouar w there's a way nbedel m3ahom i want to change
2682,اي مع ضرك كاين التران لباب الزوار
2683,<@935263555220013056>  whatsapp win rahou ?
2684,B3athtlkom invite bl email
2685,Ok
2686,
2687,Samy vs the unprofessionals 😼
2688,He's right chwya bsh sonatrach bro🙄
2689,Machi haja kbira sonatrach 😭
2690,what's sonatrach? Meta? Google?
2691,ay <@884003891304366110> tgoulkem
2692,Goulilna bech ma yghidnich l7al
2693,Sonatrach mli7a fiha lmakla 🤣🤣
2694,La majorité fihom
2695,"Kol whd win hto rbi, hia lhaja li mliha lih💁‍♀️ myghidk lhal mwlo"
2696,Yeah w mazal kayn other opportunities
2697,nti brk ghedtihem waklouk ta3 hydra galouli makach lmakla 🤣
2698,"No, ana prblm roht fi ramdan 🥹🥹"
2699,Ljma3a li raho fel monasabat li 7kawli
2700,Ramdan kouna neqraw lala 😭
2701,Dina vacances lala
2702,"tsma lmakla kayna ghir fel monassabat, unfortunately makach monassaba f september 😔"
2703,Lmouloud balak
2704,Myaerfoch lmouloud ltm
2705,وش كاين في حيدرة ثاني ؟
2706,dg
2707,La fel monasabat ymedolk 9isk w 9is la famille 🤭
2708,W f normal days 9is 2 people bark
2709,hadi f boumerdes brk mala
2710,w f hassi messaoud
2711,Hydra msaken
2712,"Also i think tasks ta3hom ra7 ykono hard, w they won't apply them"
2713,Kbayel 😂
2714,But since tfahmo m3a school maybe they'll do something idk
2715,Yakho u might get a better experience and learn more from the other companies rather than Sonatrach
2716,If you want to learn go for a startup
2717,If you want t3amer cv go for a known company
2718,Yaatik el saha ✨
2719,They want apply them anyway fi hydra wl other place
2720,Yahartho 3lik oui
2721,"yahartho 3lik, w ykon 3ndk impact, you build something -that you will likey not love-"
2722,Non la mentalité algérienne dayra haka partout ychouf fik feyda yedi mnk 9ed ma ye9der t demandé haja yermik berra you shut and work
2723,Hadi hiya internship
2724,"You gain experience, they gain ""work done"", you both stafedtou,   Hakka tmchi denya  I guess"
2725,It has limits you should be aware
2726,Scolarité is open ?
2727,+ kech wa7d jab convention hdik ?
2728,Oui juste rohilhom avant 14h
2729,Didn't you checked ch7al mn wehda ready wela ?
2730,"No I didn’t mais ghedwa inchallah  nweli w nse9sihom, ch7al w We9tach"
2731,Inshallah thanks
2732,exactly hdak wsh 9ltlk
2733,l convention yeba3tohalna online wla lazem nroho nedoha physically and sign it physically too?
2734,Physically yes
2735,Terfedha tsigniha w tzid trj3ha 🤣
2736,tsma netla3 mn tissemsilt bah nsigni wer9a w n3awed nwli
2737,Ehmed rabi imaginer kount dayer stage f Tamenrasset wla Tindouf
2738,yak mashi lazem drka?
2739,Depends on your company
2740,ih i know bssh for medkour
2741,Medkour lah yshl 3lih normalement he won't mind
2742,<@935263555220013056>  ta3 slb zdtih m3ana whatsapp?
2743,B3ethtlou link
2744,can we nrej3ouha heta october wela it has to be signed and given back on september ?
2745,No idea but don't think so
2746,"Hello, kayn +100 msg, anything important?"
2747,who are u 🙂
2748,sonatrach be3thou list nte3 accepted students I think hadi el most important
2749,"why is this information so important, why u keep asking"
2750,I need to know who is talking 🤷‍♀️
2751,"Haya okk, thank u"
2752,That's the good question here
2753,باش تشوف اذا تريبوندي عليك ولا لا
2754,one of the reasons lol
2755,Ig I can guess who
2756,The other is curiosity 🌝
2757,"Kayen li slavery
Li ygoulek 6 months in person and a lot of work without payment or even hybrid choice is not a good deal tbh
Hakka odkhol takhdem m3ahoum khir"
2758,"Yes you'll gain experience and so on
But in this case joining as a part time will have more impact f cv and you'll get a bit what you deserve
Cuz we all know, being an employee is much better than just an intern
That's how I see it"
2759,well nte3 6 months bayna slavery but there are good internship in startups where they value u its true beli they are few but not all of theme will treat u as a slave
2760,"Yes yes
In all places kayen lmli7 wlqbi7"
2761,any update about the dorms ?
2762,"<@&877880553599303711> i think we should do a separation fel library and resources channels, 3la hseb year"
2763,"Yawedi server kamel khasah yesteged, many channels here are literally having spiderwebs ln them 🤌"
2764,I'm there I'll see if I find anyone
2765,Chokran 3ala ra2yik lghayr matloub
2766,Good suggestion
2767,@everyone chkoun rah f l'école?
2768,W tag 3leh
2769,Urgent lah ghaleb
2770,🙋
2771,C'bon the school is open?
2772,I'm disappointed Mel talks channel no one is using it😔💔
2773,"Most of them are ready, bs7 habin ymdouhom 3la derba ( estimation de temps: début de la semaine prochaine max)"
2774,so mazal mmdouhmch ?
2775,"Not late, medkour said it’s up to the student to choose wach 7ab he won’t interfere, Ida 7biti sonatrach just deposi les document 3ndo sinon u can desist for someone else."
2776,Yes mazel
2777,"De plus, li habin le relevé de note ta3hom gatli bli she won’t be able to send them: nhar li njo nedo la convention nedo relevé"
2778,"Lazm nro7o hata l 3ando, Can't we just sent it by email?"
2779,Naah in paper machi par email
2780,ساكنين في الجي حنا كامل علابالك
2781,mazalt l condition ta3 lazem tjib the first paper signed first?
2782,winta exactly ?
2783,"t uploadiha fel form, apres ydiroulek convention based on the info li fiha"
2784,the problem is that you have to go to algiers to sign it
2785,magalch winta we can get convention hadi? exact date i mean
2786,ih mouchkil
2787,ba3d ma t7eti la demande signee fel form
2788,signed and filled b hadouk les infos 3la l company
2789,"bach b hadouk les infos, ydiroulek convention"
2790,chghoul customized
2791,"The lady fi la cité told me that they still don't know yet kifeh they're going to devide us, and that there was nothing official between them and the school about dimanche"
2792,So they weren't planning on opening dimanche
2793,Kol 3am lzm fa3aliyat début septembre
2794,Wlat  3adat w ta9alid hedi 🥲
2795,Lazem chouya drama
2796,Nbetou f l'école zaema ! 🙂
2797,<@455585882469040146>
2798,"that's my alternative plan
ndir fel bal belli hackathon wsay"
2799,Lprblm mm l'école w maqfoula ✨
2800,أساليب البقاء
2801,"awah ki nji nmad l warqa tkoun ma7koula
rahoum yagbdouni moraha"
2802,Kon roh ghedwa I can get mine wela hata next week ?
2803,mazal chwi ygoulek bli ra7 tkoun chambre a deux bah yzid suspense
2804,My favorite cliché
2805,the day this channel stays active 24 hours
2806,Hedi gdima derouha l3em li fet ✨
2807,"kayna
but yabqa qaleb maymoutech"
2808,حكيت مع مذكور
2809,Chkoun ydir 3la medkour
2810,Glk oui nbetou ?🥲
2811,"W 3limn ydiro dok, howa الآمر الناهي flecole haliyan"
2812,Ykhi lzm njiw l alger nsigniw demande de stage apr naewdo nraj3o ll école ndiw la convention haka ?
2813,that's the initial plan
2814,Krht
2815,"T9dri tedi convention bla la demand, ahdri m3a hadik lmra brk"
2816,Nihel nti tskni f alger nn ? 😂
2817,"Everyone, kayen une offre de stage intéressante, li mazal mal9ach stage me contacte"
2818,W sonatrach convention te3 kaml li acceptawhom bl 7ad wajdin
2819,Tsmhili nkreh?😂😂
2820,<@700379394383937607> taguilna chabiba
2821,Oui go ahead 🤌
2822,"<@&879492497586405426> 
#zizi_directeur_de_formation"
2823,Tesmehli nremplaci medkour?🤣
2824,Haroun Belkacem
2825,Which mra?
2826,Tea scolarité
2827,Which one ?
2828,Chkon qblouh f sonatrach w rayh b lkhmis ? 🥲
2829,Li tlgayha hadik hiya
2830,قبلوني في سوناطراك بصح رايحة لslb
2831,C quoi slb
2832,Schlumberger
2833,Is it good ?
2834,Y chkon rayh nhar lkhmis ? 🤌
2835,oil field
2836,i was going to ask same thing
2837,
2838,Bs7 they are not responding to email
2839,<@878928458087022613> nte3 scolarite 9alholhom mra li tmed releve mahish hna bl 7ed todkhol
2840,Anyone knows?
2841,rou7 odreb dawra
2842,thank you
2843,La3ziz lwiz
2844,Niice
2845,Matdiroch smir brk matjoch kamal
2846,Normal homa madabihom
2847,Sinon lokan rahom ba3tohom par email 🥲
2848,Np I'm always here to give my opinion 😌
2849,There is one ?
2850,I muted most of the non used channels 🤡
2851,<@614801563424391180> Jibelna hadik ta3 جبت مشارق الارض ومغاربها
2852,We need u to talk yakho 😔
2853,<@638828933936316434>
2854,U vs Abderrahim
2855,W nchoufou chkoun 3ndou el 7a9
2856,Who would win za3ma
2857,اللي عندو الحق 😔
2858,غضتني علابالك ؟ هاك وحدة
2859,
2860,Yda7kouk ghir nti w some people had Lpics fr
2861,Bayna not all people have good taste 😌
2862,جماعة درك تلقاوني اختفيت من هاد الchannel كيما صرا مع memes legends
2863,خاطرش واحد درك يغيضو الحال 😂
2864,Yakho ida u find hada good taste wch ngoulek
2865,W 3gouba Ll nhar li you disappear men server ga3 hhh
2866,بإذن الله علاش لالا ؟
2867,Nchlh
2868,لا لربح العيب
2869,"Djezzy asked for the convention paper in the first meeting, m3a the first paper te3 demand, kifeh derna, nroh ngoulhom choufou m3a medkour 🤣"
2870,9olhom i need to sign demand first
2871,
2872,كاش واحد علابالو وش يقدر يدير ؟
2873,Homa tan ymedolhom i9ama l all students?
2874,"If so, mala 3ando place"
2875,بصح مايقدرش يدفع حقوق الايواء
2876,Iih hiya lazm ycontactihom wla yroh
2877,Yroh 3end moudira directe
2878,I think yrou7 ll khedamet w y9lhom fetni tassjil then homa y9ouloulou wesh ydir
2879,<@934199109206818846>
2880,@everyone
2881,nice
2882,f 3? meshi bedlouna?
2883,Maybe berk 3la stage apres tbedlou
2884,think so
2885,Yakho ana once nstationi mafihech nrhal
2886,Impossi
2887,Machi Oumaima galet bli not confirmed?
2888,Same here ✋
2889,lala 9aletlha el modira girls fl 4
2890,Idk
2891,Wkteh ?
2892,3endha we7d smana wela
2893,Official? 🥲
2894,No
2895,Hadra brk
2896,cant say psq ye9edrou d9i9a taliya ybedlou klsh
2897,اخر خبر قالو ماكانش حاجة رسمية
2898,من لخر نحط حوايجي والله مانحركهم
2899,عندي كارثة تاع حوايج مستحيل نهزهم
2900,Wahed ma yhezhoum 😭
2901,matedish kolesh khali 7eta tben el 7ala jibi 9eshek
2902,Ha teq3ed one month kho w moraha direct tebda leqraya
2903,مانقدرش نعيش بلا حوايجي
2904,منعرف يحلو الريسطو ولا لا
2905,"Ma tdirich 3liha, hadou ta3 tissemsilt 😭"
2906,Habit التحدي 😂
2907,Makanch kifech
2908,nta thani welit kima be3dh el 3bed 🥲
2909,"Bsh binetna she is right
I'm not ready ndir l menage twice 🥲🤌
And I move my things twice 
Tmrmid"
2910,"Ida 3aynhim we be f 4 yhotona directly Tema
I won't move after 20 days 🥱"
2911,<@879496652887556117> diri tahariyatek w jibilna al akhbar sahiha
2912,Lmoha9i9 Conan ta3 l promo
2913,I agree 🥲🤌
2914,ana manish 7eba ge3 nrou7 l dhik el 4 ydirouna f 5 khir
2915,Lala saha
2916,Oumbaed nwlo nsafro bech nroho l’école ?
2917,Shefti les chambre nte3 4 ki daroulhom?
2918,Mfiyech ljahd lhad argument
2919,Ana nb9a f la 3
2920,"Ma galetch 4, she told her only they separated, she didn't say where the girls will go, hya just since first year students got Mahelma 4 ( girls ) that Oumaima said it's 4"
2921,حوايج اميمة : البالون
2922,يبقاو يلعبو بينا كل عام في اقامة التمصخير
2923,البدو الرحل
2924,Yeah madhabiya neb9a f 3 ana tani
2925,Ga3
2926,Ysma3kem abu 3omaimir yb3et hadik lwar9a li ktebha l taboun xD (or the new president)
2927,all students have access to campus?
2928,Only 4th year
2929,"ye i meant y3ni all 4th yr
without exception"
2930,9assdi nass li madrtsh stage 3nd one of those companies li proposahom sami
2931,Eeeh jibi berk the paper ta3 stage
2932,okay thank you
2933,did they send an email t3 lecole saying bli i9ama rahi mftou7a l ppl li 3ndhom stage?
2934,<@879496652887556117>
2935,<@881856879104507904>
2936,No i9ama announced
2937,kifeh no i9ama announced w homa dayrinha poste sur fb 🙂
2938,Ppl chkon rah  f l'école ??
2939,Me
2940,Saqsili medkour plz esq lzm njiw ghodwa njibou les papiers li demandethm sonatrach wla nbaetouhm par email ? W esq nqdrou njiw drct b dimanche w njibouhm ?
2941,مافهمتش انا علاه راكي موسوسة 😂 حطو خلاص معناها رح يفتحو
2942,Hada message te3 service client
2943,Lmara hedi brk 😂 ani nsena beh nchouf esq nreservi wla nn 🤌
2944,Bring them Sunday normal cuz les photo w hadok yehtajohom hakk
2945,"Okey , thank you sm"
2946,tbanli la psk la période t3 stage mb3d tji  m3a les autres ki ybdaw yqraw sma tbanli les cité lokhrin ykono déja m3mrin
2947,"📢📢 @everyone 
- Les conventions Normal trej3ohom hata October after ma tsigniwhom mn les entreprises.
- You will be given three to be signed one l'entreprise will keep it and two yerj3o l'école (wehda to get payed with a Devil smile from Tarek 😈)
- Les stages sont programmés mn l 3 sep jusqu'à le 3 oct w 9raya probably le 6."
2948,Ch7al ykhalsona
2949,Mzroub beh yaerf
2950,Gdeh yslkouna ?
2951,Mfhmtch le 2eme point?
2952,جولة في حديقة المرح
2953,"When u are given la convention rah ymedlek 3 copies, the three of them should be signed by the company, the company will keep one, and the other 2 trej3ihoum l school, basically school keeps one and gives the other to idk what bech we can get paid"
2954,Mzrouba beh taerf
2955,Hada wech 9olt thabo lberrani brk
2956,-.-
2957,@everyone change in plans
2958,Another change:)
2959,Manrohch btalt 🙂
2960,Ana mzalha 3ndi tnin
2961,Rohi l hadi9at l marah kima gatlek
2962,Diri stage 3nd نظيف نظيف
2963,Refresh
2964,
2965,👁️👄👁️
2966,العاب العقل
2967,كل واحد يروح في التاريخ اللي عجبو
2968,Mrid tare9 9lahom yebdaw le 3 wech yjo ydiro 3endi mn le 30
2969,Il veut il veut
2970,Bro can delay your wedding with a call 🤙🏻
2971,can even cancel it
2972,Who r u 🙂🙂
2973,Ya Rebbi anfal 😭
2974,Nta 3rft w thanit khali ltofla ta3rf w khlas
2975,😃🥺
2976,Who is he/she
2977,They go by they 🤣
2978,Yakho nta 3aref w jey tehder
2979,"First time matsme3ch kelmet ""tissmssilet"" mn 3and marouan"
2980,True lol
2981,Think properly te3erfi 😭
2982,9ouli boy wl girl?
2983,"u guys are acting so weird, as if the info is super important"
2984,chill
2985,Yes it aint sema declare it w say
2986,"no mahebitch, im good"
2987,Drama
2988,haka it is better for all of us to mind their business
2989,<@935263555220013056>  khelsini nqoulek 🤣
2990,"exactly, i love the drama, i am THE drama queen"
2991,nkhlsek double tae wech tkhalsek hiya bech u don't tell
2992,Sayi 3reft lol 🤣🤣🤣🤣
2993,Meddetlek bezzaf hints 🤣
2994,Shokran 3afwan 3reft
2995,"yeah as simple as that, it is easy to guess ya3ni"
2996,"You have 1 guess, you get it wrong timeout ta3 smana"
2997,If you don't take the challenge tan timeout ta3 smana
2998,As if i will do tht
2999,<@578643557351555113> take the chance to grow you business brother 😂
3000,Last call
3001,مزاد عالمي
3002,البحر من أمامكم ، و العدو من ورائكم
3003,3ndek mna L 18h to make ur guess
3004,Pin the message
3005,I mean her wrong guess
3006,Ah ya Anfal ma ranach mlah 🤣
3007,Khawti bedlouna l mod hadou maye3jboush
3008,6 minutes left
3009,5
3010,Ana ndir in9ilab sayi
3011,ديكتاتورية هنا
3012,#yetna7aw_ge3
3013,"You know what, 3ndek 1 message left fih the guess. If wrong, timeout"
3014,↗️⤴️⤴️↩️↗️⬆️↕️↙️↙️⤴️↔️➡️
3015,<@700379394383937607> timeout
3016,One message lol
3017,kemlou chances
3018,C bon
3019,she is activating a cheat code
3020,7sbalha GTA V fel PS3
3021,X R1 R2 X L1 L2 LEFT DOWN RIGHT UP LEFT DOWN RIGHT UP
3022,li ya3arfo za3im
3023,Marwan behind the screen :
3024,Infinite health
3025,Gta sa ps2
3026,za3Im
3027,gained +100 aura
3028,Nzid ngouloulek fel pc wl hhh
3029,Sorry I can't tlgah one of my email passwords xD
3030,"machi infinite health bs7, full health + armor + $250k"
3031,Ih equivalent ta3 HESOYAM
3032,dok nserbih
3033,Awah hadik bekri bdlthm ga3
3034,Hada li yriguelek tomobil
3035,Yriglek tomobil w full health w full armor w 250k
3036,Ch7al rah timeout
3037,That's anfar
3038,"I have a question: in baridi mob i want to get sms whenever i receive money wla la bourse, how to do that?"
3039,Eccp.poste.dz
3040,Here
3041,"Alright dok nseyi, thank you"
3042,Unfair* 😔
3043,Or Anfal* depends on what u wanna say 🌝
3044,Men nhar rahou Frog w Zaki w Ilyes ma b9a server 🤡
3045,B9aw ghir kids 🤡
3046,Ah y’a <@700379394383937607> y’a l kid 🤣
3047,Mala ana nrou7 la yebda yebki tani
3048,https://tenor.com/view/grammarly-gif-21214098
3049,ما نقدرش نعيش بلا بيكم 😔
3050,nsiti timeouts li ditihom men 3andi wa9il
3051,Dertilha timeout?
3052,😭
3053,Ah y’a marouane dertilha ? 😭
3054,Zidha smana mn aendi ✨
3055,😂😂😂
3056,kids kidsing
3057,🤣🤣🤣🤣
3058,Isn't it for free?
3059,Ofc not 😂
3060,5da aela lmsg jpns
3061,"Ya7i, it's 10da"
3062,Hedi kol chhar 😂
3063,"Aya ok i managed to do it, thank you 💖"
3064,"Yeah hadawin fa9t, tsma it's ok"
3065,شكون رح يروح لتاع سوناطراك
3066,ani nkhmm fiha tbanli ndirha
3067,jma3a chkon sralo déja bug f l application t3 baridi mob .. jai fait une transaction t3 10000DA n7awli 30000DA ?
3068,qsdi yt3del whdo mb3da wla ybqa hkk
3069,Check the real balance f eccp
3070,Rgedtou ge3
3071,b3tolk confirmation ? psk ana jai rien reçu !
3072,منيش رايحة لسوناطراك
3073,"Hey, does anyone know what does this mean ?"
3074,Fi hadi rahoum yehadrou 3la stage tae 5eme année yakhi ? انجاز مشروع نهاية الدراسة و مذكرة ؟
3075,yes seems so
3076,Yakhi this time we just make an internship report
3077,yes
3078,Okay thank you
3079,welcome
3080,Does anyone know who are الاساتذة الباحثين in our school ?
3081,i think all (since ig all have phds)
3082,PhD doesn't imply researcher
3083,But could be
3084,most our teachers do ig
3085,maybe check if he/she has smth posted on google scholars
3086,Most of them do yeah
3087,"No basically that is not how u get a researcher title, Sinon hakkak every graduate is a researcher, I guess there's something else that make them get researcher title, like djiroun I guess already told us she's a researcher but Sami has PhD but is not a researcher"
3088,Sami has only he’s PhD paper
3089,"But I guess most of them are researchers, but we need the list I mean"
3090,"Bouziane has 3 papers, in Q3 with low impact fraction 😭, Sami surely has more"
3091,"Siii
Homa tbali ta3 univ kamel yro7o research"
3092,Salam . Who is starting internship this week and is going to campus ??
3093,Girls in mahelma 4
3094,How do you know !
3095,Ro7t
3096,Meme for internship f mahelma 4?
3097,Ih
3098,oooooh
3099,Ndirou foutou7ate 3ala les couloirs te3 bnat
3100,li khlaw 9chhm f 3 mala lazm ndiwhm ?
3101,you got a room khlas ?
3102,"Magalou walou,bs7 tl9ay everything 5litith"
3103,khlito f la chambre
3104,"For now ft7ou ghir rez de chaussée other rooms mazal fihm girls things 
Bs7 t9dri tchdi a room"
3105,FUTURE ROOM 😃
3106,segmoha chwiya wla mzalha mkhrba ?🤦
3107,"Jma3a li ydiro stage f sonatrach : 
Makallah tjiw l’école tedo convention, parce que l’école b3tthoum direct l direction générale .
Reste que yb3toulna un email 3la le programme"
3108,Oh slay sonatrach
3109,Guys good question 😔kayen restau? During this month 😔? I don't wanna waste my savings on food😔
3110,👹👹👹
3111,Raid in the pic 😭
3112,It's the spider hair style 🤭
3113,What was my spiritual animal a raid nsit 😔
3114,No I didn't 😂
3115,Nta vampire 😭
3116,They hate warewolfs
3117,The most important question
3118,اذا ماتحلش الريسطو نضمنلك هكاك راح تلقى رائد في نهاية سبتمبر
3119,I'll cancel so many plans if there is no restau
3120,Farouka 😭
3121,"plans:
1) بومعطي
2) السبت في بومعطي
3) بومعطي بالسبت"
3122,No no.. it's time to scale
3123,Yes yes you're right
3124,Risto closed is not good for anyone
3125,"Sii Kayn resto, Kaml naklou f 3"
3126,Yayy😂😂 this made my day
3127,وكالعادة ديما تطفر فينا حنا 🙂
3128,Slay
3129,bsh iqama f 4 lina lbnat yak ?
3130,يس
3131,رجعنا لحكاية نروحو لاقامة اخرى باش ناكلو 🤦
3132,j espere maygolkch 3mer lma men 3ndhm wlh may7chmo
3133,Kayen foyer teni? Wela ghir resto?
3134,الفوايي مهوش رح يحل علاجال 50 بنادم
3135,50 bnadem yes7e9ou lma f chambra
3136,He can make a fortune ghir b lma
3137,"<@681238662453002271> business idea, Sandero ch7el terfed men bidou? 50?"
3138,L best business fel dorms is Karan
3139,تجار الازمات
3140,zido diro delivery ta3 resto
3141,can we get school certificate (certificat de scolarité) this week?
3142,Nope
3143,when can we get then?
3144,Bruh why there is no one in those dorms 🥲
3145,Normalement dok they give u only relevé de notes
3146,Wesh jabek
3147,Duty 😔
3148,
3149,marouane dkhel a khawti
3150,😱😱😱
3151,Khawti ana ma dertch tabri2a f 3 wach ndir?
3152,Ykhalona nedokhlo njibo 9achna?
3153,https://tenor.com/view/%D8%B3%D9%84%D9%8A%D9%85%D8%A7%D9%86%D9%8A-slimani-ma3labalich-i-dont-know-islam-slimani-gif-21147685
3154,Les chambres li fihoum lqash mahoumch ymaddou fihoum
3155,Is there a way nrécupérihom?
3156,Idk tbh
3157,Ok thanks
3158,W Les chambre ta3na 7na (boys ta3 m3alma 3) rahm ymeddou fihm?
3159,Mazal berk nta ma meddoukch
3160,Tsmma lwa7ed lzm yji y7km chambrtou 🥲
3161,<@578643557351555113> ro7 goulhm chambre ta3i ma y7kmouhach
3162,ma ranich there 😭
3163,Tsmma ttms5r brk 😐
3164,Li rah FL ikama ygoulna Ida lzm njou 3la JAL our rooms or not plz 🙏
3165,"If u wanna change yes, if you don't no"
3166,No ma Brit 7etta wa7d yeddihali brk
3167,Khlas mala no need to come
3168,Yes ykhalouk ana lbarah dite swalhi ml la chambre...
3169,Win jaya your room 😭
3170,Im looking for a good one 🤣
3171,F D 3 bssah mafihach balcon kbir 🥲
3172,I don’t need balcon kbir
3173,Just fiha reseau
3174,W cool view 🥲
3175,Walftkm ga3 winrakm ma tbdlouch 🙂
3176,Arwah nwellou jiran 😼
3177,Twelli b3id 3liya larvi 😔
3178,Wallft win rani
3179,Reseau kayan mais view ma3taa allah...
3180,😭
3181,sra nozou7 mn A ll B
3182,Nta Tani ro7t?
3183,Awwah tballi 7a t5las 3liya fi wst les premiers années
3184,"La
Your previous room is still yours"
3185,iih
3186,شاكر نتا ثاني حا تهاجر؟ 😭
3187,هاجرت ديجا
3188,علاه ديرو هك يعني
3189,ڨولولي وين بدلتو 🙂
3190,b3
3191,I hope zouhir Tani yhajr nthnna mn l7ss ta3ou 😂😂
3192,Fi jrtou wellit n9dr nrgd FL 7ss normal
3193,anyone asked medkour about the time of the sonatrach meeting of tomorrow ?
3194,he just wrote morning
3195,"bssh, who are the ones concerned with it? he just sent to the one t3 fiest selection?"
3196,oui mais jpense que kaml li kano f la liste hadik b3d homa li yqdro yroho
3197,genre il a donné le choix
3198,bghit diro roh lel meeting w bda mabghitch khellih
3199,"bssh most of em did not agree to it, or did you?"
3200,oui bsh tbanli manl7gch lel meet t3 ghdwa  .. 7ta dqiqa lkhra li gal bli ha tkon ghdwa
3201,9el3i at 6am
3202,Sunrise is early
3203,chkon aw ray7 ga3 ?
3204,Seqsi ta3 sonatrach
3205,Dirou group
3206,
3207,spot the difference xD
3208,Li yetla9a b medkour ysa9silna 3la HEC
3209,وين هاذي
3210,Chkoun rah l'djezzy lyum?
3211,قالولي اجلوها للسمانة الجاية
3212,Bsh hta drwk reslou💀
3213,
3214,Dorms vibe rn🥰
3215,👹
3216,Khawti rah yakhwen fles tables
3217,😭
3218,<@638828933936316434> khewenli m3ak wehda nkhelsek 🥹
3219,"@4th year

neba3tho lel bachir bah ygol lel i9ama yftho resto"
3220,Yes
3221,غدوا نوصل بالاك نزدم عليهم ديراكت ماشي حتان نبعثلهم
3222,يعني ماشكيتش نقعد مع الميناج العظيم تاع غدوا
3223,9talna cher
3224,ni 3ayech bel rice and eggs
3225,resistance w majbthach
3226,7asbia allah fli gal bli resto kayen
3227,gg
3228,prisoner
3229,Khawti
3230,https://www.facebook.com/share/YVKju5QTHM1JKDxo/
3231,kherbo ge3 asmawatna
3232,ghir 12 bnadm?
3233,Yes
3234,damn
3235,Screenshot pls cant open face
3236,
3237,"M sad, thought we'd all be able to go"
3238,"“You don’t always get what you want” 
A.Bachir"
3239,kaynin li sjlo w maqblohmch ?
3240,The whole promo 🤣
3241,mais sur quelle base li khyro ?
3242,jsuis désolée mais ma3ndha hta m3na t3 classement
3243,tclasser bel ia bah teqra management ?!!
3244,i think daro FIFO
3245,from the form
3246,Thanina menha
3247,<@681238662453002271> <@879345220716752936> <@948580446109855744> chabiba ki tdirou drahem matansawnach
3248,Les 3 ecole darou meet beh ykheyrou kifeh ydirou FIFO
3249,because nothing else makes sense
3250,could be that oukil w gahlam houma li khayrou
3251,<@880206525950476359> za3ma oukil rdha 3lik?
3252,Win rda 3liya syed hettni m3a expelled people 😂
3253,W gahlam 0 cours hderto 3ndha tan
3254,Tban FIFO + classement
3255,
3256,Remembered the time he said: Allah ghaleb ana 9bayli
3257,He was so real for that one
3258,Larbi machi khlesstha nta ?
3259,Ya Rebbi 🥲
3260,
3261,<@700379394383937607>
3262,"Emergency!!!
Deadline Tomorrow 07th September 2024
This email was supposed to be sent TO ALL STUDENTS by the administration (sportif and cultural activities department). Unfortunately, they don't have the privilege of ""ALL STUDENTS"" tag, therefore I was taken in charge to share it with all ensia students.

Here's the link: https://forms.gle/rsg7LUSggjK9RdgcA

Share it with the others asap!!!"
3263,Kifeh hadi administration ma3ndhach all students tag
3264,Mn3rf
3265,B3touhali hkdk shareit
3266,From where u got it
3267,Arslene
3268,
3269,"Bsh it's dumb, we just write n'importe quel sport"
3270,Loukan au moins darou lista msegma
3271,is Golf an option? 😔
3272,type of email li yti7lk f CNS exam w the answer is spam lol
3273,spot the keywords that make this email suspicious
3274,😂
3275,Exactly 🤣
3276,was gonna say that 😂
3277,
3278,<@700379394383937607>
3279,Hhhh wch hada
3280,girl 🥶
3281,"Ya <@638828933936316434> tchfa sout tae tebtib li kont tsem3o nhar roht wehdek, hadek li kan ydiro"
3282,sra9tlha tabla z3ma tji wraya? ☹️
3283,شعشبونة
3284,
3285,Average thumbnail
3286,"شوف مانحلفش
بصح كون ديرها في يوتيوب وتقول: شاهد ماذا حصل في المدرسة العليا للذكاء الاصطناعي توصل ل 100 الف مشاهدة كي والو"
3287,telga ta3 l'esi yjiw ystechfaw
3288,Ma7ch nhdrou 3la resto ?
3289,"في معالمة 3 نورمالمو في هذا اليومين حسب وش راهم يقولو
مانيش متأكد"
3290,خاوتي الايباد كيفاه درنالو
3291,ymdouhoulk barouk tae graduation
3292,rahim bandem mayesme7ech f he9ou
3293,Khmm fel master qbal l'Ipad
3294,https://tenor.com/view/angry-typing-office-speed-typing-doggo-gif-12515120
3295,edhkorli al 3awamil al mo2athira 3ala as3ar petrol
3296,7 سوايع فالنهار وانا نسمع فهذي الهدرة ونلعبها مركز
3297,kont ra7 nsawrek mb3d khoft ychofni w ychdni nreya7 m3akom
3298,"Hello 
Does anyone know ila Kayen resto lyoum ou non ?"
3299,Lyoum la makanch kayen
3300,Okay thank you
3301,"Flha9, we should do something about that, madam dayrinlna program kima l'esi ymedouna l master kima l esi (with additional modules tae master), engineering degree is not very helpful"
3302,Agree
3303,October 6th strike?
3304,😂
3305,Too late
3306,Heda ghir ltea rattrapage
3307,ماكمش ناويين تروحو تهدرو معاه ؟
3308,chkon
3309,مع البشير يفتحلنا الريسطو
3310,waleft lma9aron
3311,كيعاد قالولنا تاع الاقامة لازم تحكيو مع ليكول باش يفتحوهولكم
3312,ضرك ماعلاباليش اصلا وقت الراطراباج رح يخليونا نروحو معاهم ولا لا
3313,ykhalona ig
3314,winta ykhlas ratrappage?
3315,تجيهم لاليست بالعدد يديرو غير حسابهم
3316,تاعنا 17 المات منعرف
3317,"nchofo lyom flil kifach ydiro, ida kachma galolna neba3to lel bachir"
3318,رح يقفلو بعد الراطراباج يعني لازم نقولولو في كل الحالات 🙂
3319,اذا هكا باينة مانسكتوش
3320,رح يقفلوه كي تكمل الراطراباج يعني باينة خاصنا نحكيو معاه
3321,لازم ايه
3322,xD lcarree xD
3323,"oh wait, mazal madakhltsh la bourse?
awah say battalt, yftholna restau meme hna 😔"
3324,رحت للبشير قالي المادة القانونية تقول يسمح لينا بالاستفادة من الايواء ماكانش فيها الخدمات (النقل والاطعام )
3325,قالي يعني لازم نحكيو معاهم بالشوي
3326,ping pong
3327,<@826227968460062720>
3328,wchraykom nroho jma3a kbira lel moudira
3329,بالشوي تاع الصالح كيفاه:
3330,Tbanli she will say ana I have nothing to do w beli jatni تعليمة و شكيل
3331,منيش عارف اذا صح لازم هاك
3332,ولا عندها privileges of deciding that
3333,لازم نقولو للبشير قبل تبانلي
3334,intoxication each week is not bad too
3335,Ih each week brk mchi bzf
3336,"fatet whda, mzalo 4"
3337,9altlo oumaima
3338,Tsra each week cuz it lasts the whole week khkh
3339,https://tenor.com/view/swinging-chen-meng-mima-ito-china-table-tennis-team-japan-table-tennis-team-gif-22850399
3340,Guess who is that cute ball
3341,Hnaya ? 😭
3342,Ntouma 😊
3343,Ntouma²
3344,rachid b3d ma sraf 8000da berra
3345,"Ana srft w 7abast, ntouma mzalkem tzidou tasrfou hhhh"
3346,wesh darou f resto?
3347,la chaine
3348,so funny
3349,chtitha
3350,صورولنا
3351,باش نقرر نهبط ولا ماكالاه
3352,pic 3andha nos sa3a whia uploading
3353,مازال
3354,
3355,9/11 😼
3356,
3357,oh today is 911
3358,"<@700379394383937607> nwerolhom flappy bird, limited edition?"
3359,What is Oussama's best movie ?
3360,Salaam jma3a m3balkmch ila rahm ydiro f Les certificat de scolarité wla mzal ??
3361,"oui ana madohali, mais lzm t9ana3hom"
3362,Yak we need it f registration ta3 la bourse
3363,ok choukran
3364,oui lazm hadik w relevé de note
3365,N7tajouha?? But they didn't mention it FL form
3366,Plls eb3touna link
3367,Nrmlmn tji m3a hadok other papers
3368,Rah lfo9
3369,No ma kanch
3370,When is the deadline?
3371,Hayya doka fhmouna lzm or not
3372,Ida lzm tsmma lzm nji LL ikama 🥲
3373,No
3374,Mzal la bourse no worries it will close on Sep 15th for 2024 BAC students and then it will open for us
3375,يعني ضرك مانحتاجو نديرو والو ؟ كيعاد انا مادخلتش اصلا
3376,source?
3377,
3378,"🔴 مديرية الخدمات الجامعية بومرداس : قسم المنح 👇
   نعلم طلبتنا الاعزاء المنصة الرقمية حاليا مخصصة للطلبة الجدد فقط بكالوريا 2024 اخر اجل 15 سبتمبر 2024
تنويه
🔴لحدّ الأن لاَتوُجد أي مُراسَلة رّسمِية بِخصُوص تّجدِيدّ المنّحة للطّلبةَ القُدّامى ، إحّتمَال جِد واردَ التّجدِيد يكُون بعد تاريخ الخامس عشر من هذا الشهر أو بداية شهّر أكتُوبر ..وأي جديد سيتم نشره لكم عبر الصفحة . 

ولكم منا أسمى عبارات الاحترام والتقدير وشكرا"
3379,wch daro f resto
3380,Wch daro 🥲
3381,قولولنا وش دارو غدا
3382,kolech
3383,"dolma, rouz, jus, tefa7, salad, egg ma9li,"
3384,😱😱😱
3385,The best launch.. worth ABT 500 DA XD
3386,Actually a bit more
3387,<@878928458087022613>
3388,راهم فاتحين الباب اللي في النص ؟
3389,w t3 lposta?
3390,
3391,Exactly
3392,وش دارو في الريسطو
3393,Chachra chkoun 3endeh tourne vis ?
3394,"zit b chwi ba6a6a + banane, tefa7, thon"
3395,"l banane rah ydir 580 DZD,"
3396,+ zit ghalya 3la batata so the cost matters more
3397,Rahom ydiro makla bnina par rapport l3am li fat?
3398,Bayna lala
3399,Najib f Batna w ycommenti
3400,"Decent quality 

Compared to last year it's better in my opinion"
3401,For example today's launch was good tbh
3402,Everything is good this year
3403,Insha'allah it remains as it is or it improves
3404,انها البداية فقط
3405,لا تنخدعو
3406,"هانا قلنا
ان شاء الله تبقى هكا
هوما زعما قالو بلي السنة راح تكون زي خلاف كي زادو راحو الادبيات"
3407,Let's see
3408,Oui nchlh tetsegem lhala
3409,ان شاء الله
3410,وش دارو في الريسطو
3411,فلفل و طماطيش
3412,Wth
3413,👁️👄👁️
3414,Not the same resteau waqil 😭
3415,ماشي قالولي لوبيا 😂
3416,و الديسار ؟
3417,جو و تفاح 😭
3418,"Hello 
Même 7na ndirou tajdid te3 la bourse WLA mazal ?"
3419,<@878928458087022613>
3420,Is this sure ? Cz some told me BLI sjlou there
3421,zidi hadi
3422,
3423,Wth!?
3424,المصدر تاع الخبر:
3425,كدا 😭
3426,wech darou f resto ?
3427,Gratin + frites + riz au thon + jus + yaourt
3428,how come rahom ydiro bzzf les plats au meme temps
3429,Thank you
3430,Tel3et bihoum
3431,mliha nshallah ybqaw hakkek 😂
3432,We already share same compus la?
3433,9sdha schools
3434,Wesh darou ghda?
3435,Tchaktchouka + beyd maqli + boules de viande hachée + macédoine + Apple + yaourt
3436,
3437,Saha rahem mthlyin
3438,Wow
3439,Btw lmoudira ta3 3 ra7 twli ta3na
3440,😃😃😃
3441,😃😃😃
3442,subhan allah ki ro7t nta ftah resto w wlaw ydiro mlih
3443,Bsahtkem
3444,واش دارو فالريسطو؟
3445,Riz + bourek + soupe + thon + salade + yaourt + jus
3446,"guys, check this out : https://www.linkedin.com/posts/nasa-space-apps-challenge-boumerdes_nasa-spaceapps-teamwork-ugcPost-7240078262566064129-1kS4/"
3447,
3448,you lost me here
3449,Gender and climate 😭
3450,ايييش دخلللل 😭
3451,bayn feminist hya molat l projet😂
3452,This problem can be reduced to Testo levels xD
3453,i don't see how hormones level are related tp gender inequality
3454,but they are indeed related to climate change so if you find the first relationship i guess the subject would make sense
3455,ki tl7a9 skhana lazm ndiro lmosawat
3456,Lala I would say women would have the right to take vacay but men no
3457,women nrmnt mys7och psq ajum f dar 😂
3458,feminism after this comment 📈
3459,i am just joking don't take it seriously
3460,"Yeah normalement we don't work at all w our men work for us and buy all the new jewelry, bsh Allah ghaleb we need to buy it for ourselves 😔"
3461,Joking we all want to build great careers and we all have that right
3462,💀💀💀💀
3463,bs7 3lah ndiro lmosawat?
3464,fahmoha
3465,"<@1133914962914451466> what an interesting challenge, ndiro team?"
3466,I'd say ki ndirou Lmosawat rabi yaskhat 3lina bel skhana
3467,wesh darou f resto?
3468,
3469,"i tried not to search it up but i ended up doing so, in fact the subject yrekaz bzf 3la how women (i don't think algerian ones are included) work generally in agricultural fields (they don't receive education _innequality in opportunity_) and they invest bzf men their time w energy in the field that is easily affected by climate change but then at the end cannot claim their assets and cannot protect them, w they don't receive support (من حيث الاليات) and they are not allowed for decision making w kamel (like entrepreneur things) sema kichghoul they prove beli women are not treated fairly even tho they are experienced w kamel"
3470,"overall this is the idea of the subject, i didn't look it up bzf but yeah"
3471,
3472,Zaki's assumption w more logical than thus
3473,No do take it seriously
3474,"Hello 
Chkoun rah/rahi bara y9dr ychrili mn pharmacie please"
3475,5awti d5lt la bourse?
3476,Yes yesterday
3477,hichem cook winta
3478,3lah wahed ma qal
3479,Anyone has an idea ch7al ykhalsouna fel stage?
3480,Hani glt ana ma3jbtkch 🙂
3481,SLB 2 million 😂
3482,Is it up to the company?
3483,Hiya normalement it’s up to the school to decide it
3484,Yes basically it will be unified from the school
3485,Machi b la bourse 😉
3486,piii
3487,باش مهندس
3488,Sponsored by stage 😔
3489,اخوتي وش الجو في دزاير
3490,بارد؟
3491,yes
3492,Define bared ?
3493,Mzltou tlbsou demi-manch ltm sa3at Wella lala
3494,Ih mazal
3495,"Ok, then it's not that cold"
3496,Larbi ki tkon 5⁰ ykon labess short don't take the definition of bared from him
3497,Bro is built different 😂
3498,Bro dar 5 power 0 bch tban Celsius 🤣
3499,Hehe
3500,"Bro's eyes are -6 and still can spot the difference between ⁰ , °"
3501,"No, skhana"
3502,
3503,Oumaima being privileged 😃
3504,G1 being privileged
3505,Marahch kayen kamel Les modules
3506,I guess it is not correct
3507,Wkteh baetouh ?
3508,4 days weekend 😭
3509,Mabaethouch rah f site
3510,راهو غالط رسمي
3511,2 موديل ماكانش
3512,"و robotics hadik f l website 1:30 lecture w tp kifkif
Bsa7 f timetable 3 lkoul w7da"
3513,18:42
3514,Mahsoub baethouh 😭😭😭 I didn't get any email
3515,بعثولنا ايمايل حنا
3516,الباقي مازال
3517,https://www.youtube.com/watch?v=6IPTYqvY5Ns
3518,Botorh
3519,i already spotted my favorite class for the next semester 🌟
3520,U better interact right with that computer 😭😭
3521,dertchi reportch ah?
3522,dertshou semana lifatet :😼🌊
3523,Khkhkhkh empty file with name Lab_x.pdf w submitti
3524,wla corrupted pdf w ykon size ta3o kbir
3525,Najib when he was explaining zip bombing
3526,But he made Guessoum the victim
3527,الله أكبر
3528,😂😂😂😂😂😂😂😂😂😂😂😂😂😂😂😂😂😂😂😂😂😂😂😂😂😂😂😂😂😂😂😂😂😂😂😂😂😂😂😂😂😂😂😂😂😂😂😂😂😂
3529,"m3lish, 
'In the midst of darkness, light persists' 🌊"
3530,galek ur own wedding is a justification for absence
3531,"you are not single anymore, you are unmarried"
3532,Mrida t justifié b 3e9d zawaj
3533,Naqsin 2 modules f timetable
3534,But u only get three days tgol ma3rod machi ta3k
3535,3awed zwaj each week
3536,"each week get married, in the 5th week divorce the first one and so on"
3537,sliding window
3538,ana zawali mankhalesch
3539,Ydirolk carte de fidélité f مصلحة الحالة المدنية
3540,fel mera l3achra ymdolek i3fa9 3la nafa9a
3541,Hadou houma I think + internship project
3542,no
3543,"i've just met medkour, he told me the timetable isn't finalized yet, and you'll become 4 groups"
3544,Kayen wireless network+ selected topic ( we choose a module men 4 )
3545,3lah daro timetable tae 6 groups madam nwelo 4
3546,Oh GG
3547,Chkoupi mala 3lah dar timetable ta3 6 les groups hakka xD
3548,Nwlo mlyar fl groupe
3549,30 f group here we go
3550,"nope, bzaf raho ig"
3551,also jma3et HEC
3552,Y’a rebbi yhettouni f group 3 😭
3553,"Kemmel, wesh bihoum 😂"
3554,Ha ydirouhoum group wahed ?
3555,"Hna deja rana 19f groupna, etkhyl yzido berk rbe3 groupe whdokhr-.-"
3556,Elbiha darolna twabel a deux wqil😂
3557,"25 max
cuz rana less than 100 fel promo"
3558,Eff ya rbi liich
3559,resto yefrah lyom?
3560,Le 24
3561,Bessah ani nchouf pipel yjibou khobz m resteau 😭
3562,<@879756074012512346> kayen resteau
3563,nice
3564,financial recovery starting from now
3565,yes rah fate7 lel 3cha normalement
3566,Nte3 3 fte7
3567,ya rabbi mybdlounish mn group3 😔
3568,Mayferehch lyom
3569,Khawti aw yemchilkoum site ?
3570,
3571,😃😃😃😃
3572,Hasbiya allah 😭
3573,Khawti la3zaz li jezto 3la stochastic
3574,9ololi 3la nawal f td pls
3575,Oui
3576,يا شيخناااا 😂
3577,Ana I used to like td 3end Nawel tbh 😭
3578,3ndi nawal f td stochastic should I run or no
3579,🏃🏻‍♀️
3580,No
3581,Lala ya chikh
3582,she’s fun f td 😭
3583,Cheftha larvi 😂
3584,👉🏼👈🏼
3585,Larbi 🙄
3586,Wsh mn yakho est ce que nefhem wela lala
3587,Aie
3588,50 50
3589,Soub7an Allah
3590,she literally herself sometimes has no clue what she’s doing there
3591,So u should really work on ur own for that course
3592,Hiya ga3 l courses hakak 😂
3593,Stochastic was a whole mess
3594,Until now my brain didn’t process it
3595,😂😂😂😂😂
3596,Quick act surprised
3597,Chat am I cooked
3598,نتكل على ربي و صاي
3599,Truth should be told 😂 good luck w khelas kima 9al Larbi homa gae courses u should fight for ur life
3600,Tsema g3 kif kif nerda b nawal w say? 😔
3601,I miss remita
3602,Yes work on ur own bzf bzf this the advice I should give u
3603,I want riad back tbh
3604,Thank you ill try my best nchallah 🥲🫶
3605,Nshalah good luck to u and us all 🫶🏻
3606,U have td stochastic we used to have tp berk 🥲
3607,u are cooked + if u don’t assist les cours li aslane  u won’t understand too u are double cooked f CC ✨
3608,Sorry 🥲
3609,This is not true 🥲
3610,larvi 🥲 happened to many people i know
3611,
3612,🥰🥰🥰
3613,Best couple 🥰🥰
3614,Charachim >>>>
3615,🥰
3616,"A picture can't cause you stress : 
the picture :"
3617,
3618,Any news about master degree?
3619,No
3620,Won't you talk about it?
3621,W ana 3lah 😭
3622,"also, the picture:"
3623,<@&1022272716734210048> ro7na fiha
3624,<@&1022272785491431464> too 😭
3625,Mnin rakm tjibou f timetable?
3626,Be3tou link lbareh 😃
3627,site hadak
3628,bs7 not final yet
3629,5awti galk hadak mashi l final
3630,They are thinking yrj3ouna 4 groups
3631,المصدر: مذكور
3632,قالولي قاللهم هك
3633,Yakhah chkon tadjine ?🥲
3634,yarbi maykonch hadak ta3 sonatrach
3635,Justement 😂 thats why ani nsaqsi
3636,B3id char
3637,imagine ykoun t3 sonatrach 🙂
3638,Khlat
3639,✨ section wahda ✨
3640,we re cooked wlh
3641,mliha bah ki mana7droch bzaf lecture matbanch
3642,ghir yhbssou marahum ythinkiw :)))
3643,Xactly
3644,Glk g5 w g6 rah yfargouhm aela les 4 groupes lkhrin ✨
3645,هاذي فرضيتك ولا كشما منين سمعتيها
3646,Smaetha
3647,Choufoulna kach strike 3la Lmaster
3648,"I guess it should start by writing une demande l school and then to the ministry, signed by all students"
3649,Including me 😔
3650,Jamais cheftek f td ta3 g3 😭
3651,Zid m3aha berani
3652,how people know Berrani 😭?
3653,Ask math people if u want to know the truth :')
3654,Fair enough
3655,Kan yqarri linux le les premières
3656,They told me belli he likes to yhechem people li ma ye3erfouch 🙂
3657,Easy ask him about haja may3rfhach w yehchem howa tan
3658,maybghoch lberrani hh
3659,+1
3660,W mayeb3ethsh les cour even fl exams + he do weekly tests
3661,nari
3662,"Hey, kich ma 9aloulna 3el rapport de stage wela?"
3663,mazal
3664,
3665,"cute 😭
bzaf ghashi"
3666,it woz never hka
3667,"I asked and they said there is no template, bsh u are asked to make a report ofc
So feel free"
3668,Who's going to rate it? Wla kifah ynotiwna f hadak module
3669,I bet they didn't select anyone to do it yet
3670,Alright we'll wait and see
3671,7amdullilah 3la ni3mat chatgpt
3672,Its aint sa7a farigha jamila ydourou fiha ghi lhnouda anymore
3673,
3674,
3675,🥹🥹🥹
3676,"hello, ki wahed matkhrjlouch pic f student card wesh ydir ? wella nrml"
3677,Ig normal
3678,Ne3ref ma 3endhoumch pic
3679,"okeey, saha"
3680,Ana student card gae mrhich tkhrjli
3681,Makish mkhlsa?
3682,Khlst klch w ma khrjli wlo🥰
3683,iOS ya kho
3684,Seyyi f téléphone lwalid 😂
3685,Syi tl3i l app fi tlfn wkhdoukhr
3686,"Salam @everyone (admin tag them plz)

U can go l scolarité to take this paper and give it to ur supervisor in the internship to fill it
One person can go and take copies for his teammates or friends"
3687,Yep
3688,w li remote kifach?
3689,W hadhik certificate li ba3theha ise department rahoum ymadouha thani?
3690,@everyone
3691,No
3692,ورقة الحضور ✨
3693,علاه رجعو كلش بالعربية 😂
3694,Rana f blad 3arabiya logique
3695,Omg I can’t believe I’m saying this 😭
3696,larvi who kidnapped you?
3697,"mamadetlich, but I may ask her about it too"
3698,"They sent fel email, even the certificate, for those remote it's easier now to fill"
3699,what certificate ?
3700,It would be better since they asked us to fill it and there are fields required to be filled by them
3701,Hadik mor ma u submit it
3702,Check the last email sent
3703,"Check the form
It's before"
3704,OMG
3705,yes she told me before they sent
3706,jma3a rahom bdlo les groupes
3707,29 per group bzaf :')
3708,Grave bzaf
3709,kbach
3710,Mnin rakm tchoufou f Les groups??
3711,Google groups
3712,Aa ok
3713,Groups.google.com
3714,Salam . Lazm nsejlo f site Te3 la bourse wla mzal ?
3715,is it possible to switch groups ?
3716,"about this again,

- she said for the ones who did online internships normal they fill it online w yeba3toulhoum
- for the ones who did more than a month, they should only write the period of one month here and in the certificate, bcz this will be related to how much we will be payed by the school, and the school didn't ask us for more than 30 days
- for the certificates, she said she can print ones for you bsh they will be black and white and in ordinary papers, so it's better to ask the company to do it for you (wela u do it on ur own)
- and this certificate will be given to the school so we can't keep it, so for the ones who want to keep a certificate for themselves wela for their cv, they need to ask the company for a second one, either using the template they sent, or a template that the company has"
3717,haw likom
3718,<@700379394383937607> <@1020948540098351155>
3719,<@883306210680504330>
3720,كاين واحد اسمو goodkat هذا حتى بعد ما صرات ماقتنعش
3721,اتهلاو فيه
3722,Ya Rebbi 😭
3723,تاع المات في الوقت اللي كان فيه الطفل يموت ربي يرحمو
3724,Rahou time ta3 l forward
3725,على كل حال رحمه الله و اسكنه فسيح جناته ادعولو
3726,ربي يرحمو و يوسع عليه 😢
3727,rkhas
3728,Who wants to swap from G1 to G4
3729,"A question 
Hadik ورقة الحضور supervisor y3mrha in Arabic?"
3730,paper in arabic so i guess yes
3731,طالب نجيب واصل المزيد من التألق
3732,مبرمج فذ
3733,باش مهندس
3734,Helllo
3735,"I have some news here 
<@&877880553599303711> tag the guys"
3736,Go ahead I'll tag
3737,ازربي مريم حمستيني
3738,Meriem is typing...
3739,"Well, yesterday rohna hkina m3a Medkour, about a lot of things basically, and here are the news:
- Concerning the wireless module, le charge de cours is somone we do not know, and he is not free sma we won't have a fixed schedule for it, whenever he is free y9arina number of courses f drba, and he may be changed f wst l3am, first bunch of courses b tlata (we will have three lectures)
- TDs and TPs ykouno b schedule nrml
- Selected topics we all n9raw oil and gas, the only thing available
- Main library not sure bli rah tfth, and rah yftholna l'amphi instead of la salle de lec
- Concerning the PFE, nrmlm we must start working 3liha mn juin (12 months from juin to juin or from july to july), asked ida na9adro ndiroha f l'etrange, medkour be like: should be fine bsh a local supervisor is a must, and we need to make sure m3a Bachir bli its fine
- The deplomat will be engineering brk, no master, still engineering degree is acceted for doctorat program (he said bli our points are valid and indeed nstahlo master, bsh they still are raising that brk, up to now, we only engineers)"
3740,"Also, for ljma3a who want to extend their internship, they can y3awdolkom la convention ida the company a exagere, mais bayna u won't be paid"
3741,And who are the teachers that might be supervisors?
3742,"He didn't mention anyone, he said bli he must discuss it m3a l modir and we raise it f CP to have more details"
3743,Thank you Meriem
3744,Waaw sema 7na since first promo w program meshi wajed ne9raw oil and gas bsif cant be serious
3745,Oil an gas 💀💀💀💀💀💀💀💀💀💀💀💀💀💀💀💀💀💀💀💀💀
3746,Sonatrac Balak forced this
3747,+ charge de cour meshi 9a3ed wesh heda
3748,"Ig they didn't prepare the program of the other submodules
You are seeing that a main module is not prepared so what would we say about a submodule"
3749,Mm ana jeni lhbal
3750,"I mean, dudd comooooon"
3751,"الحاجة لي تخلي الواحد يجهل
انو البروغرام تاع الرابعة كان باين في نهاية السنة ثانية
علاه يعني مابداوش يوجدولو من ثماك"
3752,"mn ba3d you don't have the chance t3awd l module, sma mtafra fik ida u want to study smth diff"
3753,"Yeah I see
They never learn to prepare bkri"
3754,😭😭yes
3755,Tagi cha3b
3756,@everyone
3757,"Psq first promo u see, nrml"
3758,sah f coming ones
3759,hna walfna
3760,ghadtniiiiiiiiiii
3761,oil and gas?? no way
3762,Wellah karitha w 7kitou m3eh 3la l master <@807375299192553482>
3763,🙂w PFE tani nothing ready apparently
3764,"Yes, osobri I will add it lfog"
3765,"First promo normal chwi ki ykoun problem ta3 program like chapters long and so on
بصح مشكل في موديل كومبلي ماشي واجد ولا بروف مكانش مع انك جبت بزاف لي بروف السنة ومديتهم كامل للاعوام اللخرين 
NO WAAY"
3766,rani nchem ri7t greve
3767,"F 31 may you'll know the details dw
راني خايف ثاني يقولك مكانش supervisors وراح نجيبو بروف مانعرف وكتاه يكون قاعد and so on"
3768,Oil and gaz 😔
3769,Ya3ni gal we may try to add master wla no way?
3770,"For now its a no, galk nahawha ga3, mais they are ""seeing our points valid and they raising that"""
3771,Seeing the point is valid tbh ma3ndeha ma dir if no action will be taken
3772,"Nah, hadi aslan proposals nhotohom during the year, since as I said we start f sayf"
3773,12 months lzm
3774,3leh maykhalouah dhek module second semester 7eta yriglou omorathom
3775,"3ando 2 ans mli ban, kan 9dro yrigloh kon they did"
3776,"Exactly 
Two years madarouhach it's hard to imagine to do a thing in 4 months"
3777,We need to confirm everything concerning the pfe in the first CP
3778,"Lol, typical new year"
3779,"""Only thing available""

I'd say the only thing that was prepared"
3780,"Yes, 3awdo raisiw l point ta3 ndiroha f l'etranger and we ask for the process
bantli ndir delegue this year xD"
3781,"Y'all people know who will be the lecturer 90% ?

Just to remind you"
3782,Or the only thing we worked on to prepare?
3783,😂💀😂🤡😂💀😂💀😂💀😂💀😂💀😂🤡😂💀😂
3784,Go Meriem
3785,وش هاذي الحالة ثاني ضرك
3786,سمطوها
3787,Oil and gas 🙂
3788,Drt stage f had domaine bzayd 😭
3789,"We both know that field is interesting or at least not bad

The problem is who and how they're going to teach it"
3790,Bsa7 kanou kaynin 7wayj interesting kter
3791,+ y7to hadouk modules kaml fl website mn b3d oil and gas brk f l5r tbhdila
3792,Kifach n9dro ndirou pfe f l'étranger?
3793,"i have zero interest in it, i was interested in IoT one"
3794,guys
3795,ntfahmo mandokhloch l both modules
3796,wireless and oil&gas
3797,"Interesting for those who care, it's the most boring topic tma for me"
3798,"if prof ma3andoch exact time, meme 7na ma3andnach"
3799,ki tenfa7li na7der
3800,"You have my vote, we're 2"
3801,"I don't mind the prob ta3 wireless, f la fin l cours manich mwalfa nassisti, bsh selected topic is a disappointment"
3802,nta bla ma ndiro greve 3alabli matodkholch khkhkh
3803,Campus being next to school made some really weird decisions go smoothly for the past years
3804,lokan ja campus b3id nroh ghir exams
3805,speaking seriously
3806,ndiro greve?
3807,"- master
- oil & gas"
3808,Who
3809,"Ki dir greve yrbho mnha li wrana
tafrt dok"
3810,they can't prepare program and find teachers f smana
3811,kraht mn ana ngrv wli tahti yfydo
3812,program wajed ig (syllabus) but yeah prof won't be prepared to teach it
3813,Useless 3leh 7a ydiroulek solu ki matedkholsh
3814,"bantli nbloki l3am, promo one is nor more interesting"
3815,"not to get a solution, but to show them we are pissed and that they are incompetent"
3816,"bantli mouch wajd ga3, psq khatihom domains hadok, they need a company li tthala fih and dir the plan"
3817,"mala ydiroh optional module, machi lazem ne9rah"
3818,Ketherna wlh tho we need to bs7 I feel ashamed doing greve again
3819,"cha rah yderlk program f medecine w biotech?
wla quantum"
3820,"homa li should feel ashamed not us, we are asking for our rights"
3821,balek hayn ghi IoT li ya9adro ydiroh ghir bta3 school
3822,They could do wuantum w robotic not tht hard for a SCHOOL
3823,I'm All in  xD
3824,I go with this
3825,+ kayen bzf algerian in these domains at least
3826,W l master kifah?
3827,"Excuse me, a whole 4 years old school"
3828,"nta matete7sebch LOL, lazem jma3a li mayra6o walo"
3829,Ch7al pourcentage nethawez kon nhot post f LinkedIn showing a screenshot from website 3la program w nweri beli kayan ghir oil and gaz ?
3830,"Knowing that you have some couple snitches on there, I'd say 70%"
3831,Jma3a idha program they can't prepare l master they can do it
3832,خارج التصنيف 😎
3833,quantum school of math daro m3a CQtech
3834,Ih w win lproblem
3835,yet7awez without posting in first place
3836,njibo ghir @farouk y9arina LOL
3837,Ih as an example
3838,
3839,Had l modules ya khawti ya9adro yprovidiwhom
3840,mich lzm with companies
3841,nchoudo farouk yahkilna m3a CQ tech asidi
3842,"Yes vrai qadrin
At least a lecture"
3843,blockchain nkrah lasla mais ya9dr ychdha m3a lounis
3844,Remote sensing kayn asal
3845,jit ha ngoulha
3846,Normal deja rahom m3ana
3847,Rana ndiro fih drk
3848,W VR kayn f l'esi teachers
3849,Bzef interesting
3850,Lasla >>>>>>>>>> Oil and gas
3851,100%
3852,"السنة الكور اللول:
تعريف سوناطراك"
3853,"الكور الدوزيام:
كيفية استخراج البترول بدون روت ولا برامج"
3854,"Choufou, bfr la greve we suggest wech 3ndna 
- either they provide hado
- swipih with semester2 wywjdoh
- yrja3 fully optional"
3855,Timetables are updated @everyone
3856,check https://sites.google.com/ensia.edu.dz/students-website/timetables/fourth-year
3857,Group 3 n9raw 7.5 hours FL lkhmis 💀
3858,Group 3 n9raw 7.5 hours FL lkhmis 💀
3859,Is that even legal normal?
3860,hadh repetition is for confirmation?
3861,No connection Machi mli7a 😂
3862,راني فالدوار
3863,pffff bghit n9ra AI in arts 😔
3864,More interesting than oil and gas ngl
3865,"lowkey, AI in arts woz the least likely included :')"
3866,aya we got all of them NOT likely included 🥲
3867,I wanted that tbh 😔
3868,totally agree
3869,ano nshem ri7t غاز صخري
3870,Bsh kifeh 3 lectures b tlatha g2 yqraw nhar complet hna w g4 yqraw nhar complet f hec
3871,Not all group 4 😂
3872,Lmuhim qrib ness students mayaqdroch aslan yhadro
3873,yeah up to 8hours it is legal
3874,اكدولي على lab rebotics اللي ماعندناش بروف
3875,1st promo is the worst thing y9der ydir insan 🙂seyaw fina kolsh 🙂
3876,Khawti first week courses brk?
3877,Kayen labs
3878,Didn’t you see the email ta3 berani 😭
3879,iiih ya rebbii 🥲
3880,Svp est ce que seqsito 3la doctorat ila ykon f l école t3na wla f la fac ?? Psk galoli bli ra7 y7ello PhD 3ndna
3881,anais cbn kmlti w ra7 diri phd?
3882,😭😭😭
3883,"Site te3 la bourse mazal mftou7 ?
Which documents n7to?"
3884,"i guess kima f premiere annee 

كشف المداخيل تاع الاولياء
شهادة الانتساب او عدم الانتساب 
شاك مشطوب 
و شهادة المدرسية 
hadou homa if remember"
3885,whens the deadline?
3886,also since when did we submit all these 💀
3887,Still not working tho 🥲
3888,yeah i figured XD
3889,خاوتي مكانش واحد من G1 باغي يبدل ل g3 نبدل معاه؟
3890,😂😂😂😂
3891,i dont think anyone will accept to exchange with us after seeing the time table t3na 🥲
3892,علاه تضحك 🥲
3893,انا مانيش هارب علاجال هذي
3894,اصلا عندنا الإثنين تقريب فارغ مليحة
3895,aah okay
3896,hope you find somekne to exchange with you
3897,"kayn 4, debberlna 4 mn G3 ybdlo l G1 njiw"
3898,<@879756074012512346> <@1133914962914451466>
3899,G3 -> G1 ?
3900,حاب تهرب حتى نتا 😂
3901,راني نسقسي برك
3902,زعما مهند يجي ل g3؟
3903,ماشكيتش يروح و يخلي <@1133914962914451466>
3904,يقدر يجي معاه
3905,ندبرولو واحد يبدل معاه
3906,9oltlk shouflna 4 HH
3907,كون نشوفلك 4 تجي؟
3908,xD you skipped the assignment
3909,"timetable is temp, 8th sem we might get a worse one, so yeh"
3910,fari9 l mawt
3911,"لا لقيت واحد راك مليح 😂 
الشعب كامل حاب هذاك القروب غير علاجال timetable"
3912,rana 4 wajdin
3913,lala rana 4 mn g1 hbeen nbdlo
3914,kach 4 men g3 habin yro7o L g1 w ykhaliw chabiba tji hhh
3915,<@700379394383937607> 7a ndirou tajamou3 f g1?
3916,Awah ana nbqa f g3 rani mrigl
3917,i meant g3 😂
3918,I wanna go to g1
3919,Go go
3920,HERE WE GO
3921,Who wanna swap?
3922,wch mn group raki dk?
3923,G3
3924,wait ill tell someone mn group 1 7ab yji m3aya maybe ya9bl
3925,Okie
3926,Najib win troh Riyah
3927,Jma3a for sure ra7 nbdaw labs had smana?
3928,Oui oui
3929,تلاقيت ضرك اخرين قالولي مذكور قالهم لالا
3930,تلفوهالي
3931,Yakho berani b3et email
3932,علابالي شفتو
3933,بصح قادر لخرين مانبداوش
3934,mattmskhrsh :')
3935,are we sure??!
3936,ضرك بالاحد على 12 تاع ليل يقولك
3937,غدوا نروح نسقسيه بعد الكور و نشوف
3938,who did lab 1 in deep learning ?
3939,Did you ask him?
3940,Lmouhim lab deep learning qrina normal
3941,3andmn !?
3942,Berani b3etelna lab nsubmittiw 😭
3943,B3et wla rouhtou 9ritou f l'école !?
3944,B3et cuz howa he will be absent the whole week
3945,W ha ndirou ta3wid next week 😃
3946,Wait what? W botorh tji?
3947,Yes kayna
3948,As I understood from Berrani's announcement
3949,Na9raw lab NLP ghdwa !?
3950,الله اعلم
3951,سييت نفوت لمدكور اليوم مالقيتوش
3952,"Sent an email to guessoum, he didn’t answer 😔"
3953,Rah jaweb nass kamel xD
3954,Why
3955,when is the deadline exactly? midnight?
3956,"Ah ya rebbi, bdina m3a deadlines deja"
3957,2:30PM
3958,classroom
3959,
3960,
3961,INDIA
3962,غدوا تباتو تكوشماريو ب network
3963,she is visiting the girls university
3964,She is a she ? 😭
3965,
3966,Kayen labs this week?
3967,No
3968,Deep learning brk ra7 yb3toulna lab we do it and we submit it that's all
3969,
3970,ماكانش اللي راح هدر مع مذكور سقساه شحال من كور رح نقراو غدوا ؟
3971,السيت تاع لابورس مازال مافتحش يخي ؟
3972,Maximum 3h heda idha madarelnesh cour wa7ed
3973,راكي تحلمي 😂
3974,No way am attending more than 3h
3975,
3976,الظاهرة فيها 3 lectures 🙂
3977,جماعة hec غدوا كيفاه رح تديرو ؟
3978,Chkon y9arina hadak module?
3979,Wireless
3980,واحد ماعلابالو
3981,Jamais sma3t b had l module
3982,Lokan yeba3to email l departement bli we can't attend
3983,المشكل انو department نورمالمو علابالهم ماشي حتان يقولولهم
3984,Mala they don't care
3985,Kifah 3refti?
3986,"كيعاد هي بعثتلنا قاتلنا الوقت اللي تقراو فيه نطلقلكم lab 
قلتلها قالولنا عندنا غدوا كور 
بعثتلي ايمايل قاتلي مديلي schedule قلتلها نبداو 8:30 بصح ماعلاباليش وكتاه نكملو"
3987,ايا كي قاتلنا نطلقلكم على 15:00 قلت مالا ما يكونو غير 3
3988,مجرد فرضية يعني
3989,Does anyone know at what time rah n9raw lab tae Human computer interaction & tuto of mobile robotics tomorrow ? They didn’t send any email 🤡 wela we have to choose between n9raw cours wela td/tp sbah 🙂
3990,ماكانش هاذي السمانة
3991,Ah for both ?
3992,Yes
3993,Sahito 🤍🤍🤍
3994,"Khawti question, no td or tps this week except for DL?"
3995,هذا وش قال مذكور يس
3996,oh thanks
3997,medkour need to sort the mess te3 cours te3 networking asap
3998,رحتلو اليوم قالي البروف اللي قرانا اليوم تفاهم معاه على الاحد لعشية
3999,حصة كور و حصة tp
4000,مع اني كي خرجت من عندو لقيت g4 يقراو يعني مافهمتش كيفاش رح يديرو
4001,قالي بصح لقرع مازال ماعلابالوش بالبرنامج تاعو يعني قادر حتى نقراو بالسبت 🙂
4002,"Selected topics لحد الان مابان والو حرفيا 
لا كيفاش رح نقراوها ولا وكتاه رح نبداو والو 
قالي بصح نورمالمو رح يكون كور في السمانة"
4003,زعما مافيهاش يديرو حاجة اخرى بلا oil and gas ؟
4004,الكور تاع robotics رح يولي على ال13:30
4005,No
4006,What 😃! Tsema hnaya G1 n9raw men 8:30 hatta 16:40 without a stop
4007,Woooooooot
4008,We talked with the supervisor ta3na f ASAL on a possibility of adding remote sensing
4009,He said he will talk with the administration about it
4010,بصح مذكور البارح برك حكيت معاه قالي kaml oil and gas
4011,Zido ahkoulna m3a catech mala
4012,Yes since endna lab men 10 hatta 13:20  <:PES_Hands:883030075476443156>
4013,Same for G4 🥲
4014,تغيضو
4015,kayn option we refuse sah?
4016,المهم هو مهوش رح يقري 3 سوايع
4017,At least 2PM maelish
4018,Qalelna bring ur lunch with u 🥹😂
4019,"mrigla, vr ndirha"
4020,قالك لازم يلحق على التران تاع 4 ونص
4021,Well...
4022,Hahahahahhaahaaaaaa 😂😂😂😭😭😭😭😭 yarabi had l3am kolsh is a joke
4023,العربي البروف ضرك يربحلنا العيب 😂
4024,هنا ساصمت قليلا
4025,then cha rah diri? nth
4026,Men 13:30 hatta lmen ?
4027,كي نجيو خارجين نسقسيه
4028,Ig رح يولي يطلقنا على 4
4029,4
4030,Qalelna ki nkhelsou chapter netleqkoum
4031,قالكم من 13:30 ل 16:00 الكور
4032,G1 تقدرو تجيبو غداكم معاكم
4033,selected topics hada neqraweh f had semestre ??!
4034,يس
4035,magaloch winta nbdaweh ?
4036,"his issue, not mine"
4037,"their issue, mayjish y7rath 3liya 00 methodology in the way rahom y9erriw fina had semester"
4038,This semester is a whole joke wlh 😭
4039,"Bizarre, whenever they call we should go, no fixed time for two models for now plus oil and gas next 

W I don't blame him honestly, if almost all students won't care and would come whenever they're asked to, why would he care about them?"
4040,"ida yeb3at slides, allah ysahel, y9ari wa7do"
4041,Wla nrej3oha Walad Fayet ghir l makla
4042,خروج عن الموضوع
4043,ki9al jibo ftorkom
4044,فهمك محدود
4045,Bendi 😭
4046,"guys, can anyone m G2 send the timetable, fi l website it is empty"
4047,Ida 3la tomorrow 3ndna lecture human computer interaction
4048,Madrtsh capture
4049,بصح راني شبه حافظاتو
4050,
4051,
4052,"كنت رح نقولك نتي علاه عندك تاعنا 😂
نسيت بلي تقراي معايا"
4053,
4054,Thank you ✨
4055,You're welcome
4056,مافهمتش وين طار timetable تاعنا 😂😂
4057,Please who knows hadouk questions li baetthom tae AI&Ethics. Nrepondiw elihom by email wela how ?
4058,No we answer them dimanche f la séance
4059,Okeyyy ty larvi
4060,خاوتي الامتحانات تاوعنا يخي بعد العطلة!
4061,Wah
4062,و midterms معمبالكمش وكتاش؟
4063,third week of November
4064,راك سيريو؟
4065,Eh 😃
4066,Kayen possibility yzidou week 😭
4067,مخططاتي فزدو 🫠
4068,😔😔😔
4069,كنت معول تحرق شهر ول؟
4070,رح تدخلو لعشية wireless ?
4071,Btw mzl mab3toush email
4072,I decide when the time is up 🤡
4073,"5 lectures in a day ?

Allah ybark"
4074,🥲🥲🥲
4075,Khawti chkoun delegate
4076,Khawti ma3lich ngrfo?
4077,Yes !
4078,Wa9ila it's high time
4079,It’s a need
4080,Galkoum l prof ta3 deep learning 3ndkoum wireless mn 15:10 l 18:20
4081,Its the biggest mess we come through since we started
4082,Wah kouna temma 😭
4083,Kifh they don't send email regarding this? They knew that from last week!
4084,Rana f hala mn randomness that is not suitable ga3
4085,Yakho 1ere was more org
4086,"Tdirou grève yes or no:
-selected topics li mzl ma3labalna walou 
-randomness li rahi fiha wireless ( cour kima 7bou, tp f l'amphi ...)
-master 
-emails ta3 last min (lecture ta3 robotics for example wla mayb3toush tool kima lyoum )"
4087,A big yes
4088,Khtouna cours guessoum berk lol
4089,"Mm nhar daro time table w groups maba3touch email, it's us who noticed brk"
4090,Eh hadi 😂
4091,G2 ma3andhoumch timetable douk :)
4092,For the first time ghir guessoum li normal
4093,They are not informing anyone b anything w nsm3o things ghir here and there
4094,"<@&877880553599303711> 
Tagoulna sha3b"
4095,Suggested dates Wednesday  wela Sunday
4096,@everyone 📢
4097,Mm les mardi
4098,Khawti ana 3ndi solution khir mandirouch la greve bs7 Lghyab arwa7 w9t ma7abit w ytl3ouna ga3 bli da 19 bli da 1 w ymdoulna master w les examens optional li 7ab yjwz w li 7ab mayjwzch
4099,W ymdoulna ga3 20 f selected topics
4100,Marouane yakhroj 3an samtih
4101,Yadra 9ouwa wla lala
4102,Mm houma tsa3dhem bch maygololnach school reputation w mn3rf
4103,Ygololna matgolo L hata wahed w khlas
4104,Homelander ki y négocié
4105,hh
4106,Ya khouya hadi hya sinon idrab maftou7
4107,yzido yzawjok w ymedolek dar
4108,( Optional )
4109,(required)*
4110,lokhrin li optional
4111,Lala required
4112,Fiat tipo L ga3 1st promo (hadi optional)
4113,Fact 🙂
4114,Lecture te3 lyoum kifeh m3aha ? Même email mb3thouch
4115,Makach I guess
4116,Random in everything
4117,simply manrohoch bah yefham roho
4118,Makach menha un prof te3 un autre module y9olek fel cours ta3o 3endek lecture le3chiya
4119,"he did 3 lectures last week and this week m3awel ydir 2, why? rana retard?"
4120,normalement mayzidch yji for 2 more weeks
4121,"sarilo kima djirone hadak l3am, ghaybet mara, 3awdet 4 mrat"
4122,At least ychdou nhar yji fih hed teacher
4123,Wla yjibou another one yek z3ma school has many collaborations w connections
4124,"Sa7a jma3a just a note, we should not start directe b une grève, we need to communicate with them these problems, then we can do une grève"
4125,Dawhm  l hdik visit  bs7 🙂?
4126,لازملنا ورقة برك
4127,الهدرة هدرنا معاهم صاي
4128,اذا البشير راهو في ليكول لعشية نروحلو
4129,Winta hdertou w cha goulto? Sinon yeah we need to talk to bachir sa3
4130,بداية غير موفقة 😔
4131,"رحت هدرت مع مذكور السمانة اللي فاتت 
بصح راكم تعرفوه ماشي حتان نقولكم"
4132,كانت هدرة بلا فايدة
4133,ZHOFRPH EDFN !
4134,Khawti Ida idara maba3to walo manrohosh
4135,😭
4136,ماتقدرش اصلا تفهم اذا صح كاين كور ولا لا
4137,hitler
4138,Yahdr bs7 may9ol walou lol
4139,yeah makes sense
4140,انا منيش رايحة
4141,Even if he sends drwk w 3yana lol
4142,Kchghol mn3rfokomch 😂😂
4143,Houssem spilling the real tea 😂
4144,Asla ma9aloch amphi
4145,oustad nsit lwajib
4146,"""Ana nro7 nchouf brk lokan nass ydakhlo ana tani nodkhol m3ahom""

Aya yro7 almost everyone and they find themselves kaml tmak Aya ydkhlo loool"
4147,Ana ndkhol meme w ndkhol wahdi 😉
4148,👏🏽👏🏽👏🏽
4149,Chkoun rah f school?
4150,Typical G2 girls (last year)
4151,PLUS ONE IN CAPITAL LETTERS
4152,"swrolna ajwaa lcours, bet will miss this teacher now"
4153,Kayna lecture sah ?
4154,سقسي براني 😂
4155,🙂wlh la joke hadi
4156,Rou7i Nesrine t9ray bch tal3ina Lblad
4157,Rana taklin 3likem
4158,🙂😂rb7t ila haka
4159,Bon ila Kayen cour swrou w5lass
4160,كاين كور؟
4161,An official information needs to be from the administration first or from the teacher himself
4162,"باينة هاذي
 على هذيك راني قاعدة في شومبرتي ضرك 😂"
4163,Ki ykoun kayen li raya7 aslan xD
4164,"Hadhi kayna
Nalgawh ba3th nlp kamel ygoulk this is what's covered in ""THE LECTURE YOU MISSED"""
4165,Ma3ndnach timetable xD
4166,736253 slides that we have covered last week
4167,Allah yar7am yamat jwam3
4168,Yes
4169,"Lecture mazal ma bdat, rahom m3a datashow"
4170,شكون هوما
4171,Prof
4172,biltawfi9
4173,Chokran
4174,Kifash cour l administration ma9aletsh 3lih 9a3 wdakhlo kima ta3 robotics 9al the prof is requesting tel9ahom 9a3 raho
4175,"simple
ppl who are asking f discord mara7ouch 
others u don't know"
4176,Tsima haka ndiro strike wla ne9o3do
4177,Rana met9eblin lwad3
4178,Literally hadawin rana njo
4179,But this is not logical Ida ma9rinach deep learning sbah mana3rfosh bli kayen cour asla
4180,Exactly
4181,"Normal khali l prof ywalef la confiance tzid roho 
Next cour beljm3a"
4182,مانطولوش نوصلو ليها
4183,"ديجا نهار حكيت مع مذكور (نهار الخميس ) قلنالو we need a fixed schedule 
قالي البروف تاع wireless رح يقريكم الاحد لعشية قالي بصح من بعد كي يقريكم لقرع منعرف مازال ماشفتش معاه قادر حتى يقريكم بالسبت"
4184,rahom* .. and they will always be .. wash ha. tdeer 🤭
4185,9rito cours ! Bssh there was no official announcement 🤦🏻‍♀️
4186,"قراو 
انا راني في شومبرتي 😂"
4187,That's the issue
4188,"Ghoudoi ygoulk medkour it's not a problem for all students so we keep it haka 
Random"
4189,We9tah nebdaw la greve?
4190,chabiba dakhlet tqra w nta goulhem 3la la greve
4191,Wech drtou fl cour ?
4192,what lecture 3ndna 3pm?
4193,"كيفاش يقولولك بلي راك ديليقي 
يبعثولك ايمايل تاع cp"
4194,
4195,"تاع نوتردام 
AI and ethics 
قالتلنا عليها في الكور"
4196,ah ok sa7a
4197,ارواحو للومفي باش تديرو online session 🤡
4198,wait ana delegate??
4199,
4200,Submitit l form ?
4201,dert fel form i don't want to
4202,Kifash ? Mafhmtsh
4203,"fel form dar questions ""do u want to be delegate"" with yes/no, and i chose no"
4204,😂😂😂
4205,Hadik rahi ta3 group or section
4206,idk
4207,saha <@879756074012512346> mahboul délégué
4208,Kon mareponditch gae
4209,anta laha
4210,#salah_delegue
4211,Saaaaame 😭 though zaki will do
4212,رح تروحو ؟
4213,منيش حابة نروح 😭😭
4214,No
4215,Not me
4216,"شكون رح يروح مالا 😂
اللي نسقسيه يقولي لالا 😂😂"
4217,#mat3ytlich_nji_lel_cour_3chya
4218,Khawty come to the visio lecture 😭😭 they asking abt our friends rana like 6 lol
4219,It starts at 3:10 😃
4220,Tbahdalna 3nd l foreigners😭
4221,Mzl 6 minutes 😭
4222,Dok?
4223,Wow 😂
4224,"Tbahdila wahda dartlhm ""it looks like an empty class""😭😭"
4225,Tell her belli usually we start at 3:10 🥹
4226,😭😭
4227,ga3 ygololek manrohch mb3d tel9a amphi m3mer
4228,3lah mab3toulach link wkhlas
4229,jaybina fel gayla
4230,it's like 70° outside
4231,she doesn't want us to stay in our rooms fel gayla
4232,People who know vs who don’t know
4233,"mind you, they/xhe doesn't want us to stay in our rooms fel gayla"
4234,galek rahi dayretlhom lecture 3la the ethical problem of AI assuming genders and pronouns
4235,She has a carrot head tbh 😭😭
4236,This is offensive 😭
4237,انا الجزرة
4238,lgayla vs Aout
4239,"US:

https://tenor.com/view/jon-snow-game-of-thrones-battle-of-the-bastards-gif-14167009"
4240,Again 😂😂
4241,https://tenor.com/view/people-who-don%27t-know-vs-people-who-know-those-who-don%27t-know-vs-those-who-know-gif-18075947697117816471
4242,America shouldn't be teaching ethics anyway
4243,"exactly, i always wanted to tell her that"
4244,they do all wrong stuff mb3d yjo y9arona ethics
4245,we should boycott her woke agenda lectures
4246,"hello 
what was in the human-computer interaction lecture last time ?"
4247,"@everyone Here is a sheet to fill your Ai-Ethics teams mobadra tayiba 
https://docs.google.com/spreadsheets/d/1leFumcM7BHED2aVqJOsIyGYhChwWWq4nZUEPJTMEyv8/edit?usp=sharing"
4248,Why? 😭
4249,hya b3tt <:PES_Hands:883030075476443156>
4250,"Dear students, ✨"
4251,Smehelna 🥹
4252,Team fih 5 wla 6 ?
4253,mdlna edit access
4254,edit access
4255,done
4256,
4257,Khawti wesh bih Medkour 😭
4258,Lhandiya w madaret fiya ...
4259,ياهاه 😂
4260,Khawti khosni team ethics🥲🤣
4261,فريق المرفوضين
4262,😂😂😂😂😂
4263,يزيد هو لي يولي ملك المرفوضين 😂😂
4264,Chkon mazal madarch team Ethics
4265,Me
4266,okay add your name to the sheet
4267,.
4268,Ok
4269,Anyone knows where is circuit lab located ???
4270,First floor
4271,Win kaynin normal labs  ?
4272,Psk lqit electronic lab Mach circuit lab
4273,Is it same
4274,"Chofilna m3ak ida ne9raw, puisque rahom katbin td"
4275,Hih khlas nqrawch
4276,I didn't find anyone
4277,اصلا قال في classroom
4278,ماكانش tuto هاذي السمانة
4279,مام labs ماكانش
4280,ابتداء من السمانة الجاية robotics lab تقراو سمانة بسمانة
4281,hih hta l drk li chefto
4282,<@879496652887556117>  cp ghdwa ?
4283,يس
4284,ok.. Svp gololhm 3la selected topics wch drna fiha
4285,هاذي وين قالها؟
4286,magalch labs
4287,7na ma3ndnach aslan prof t3 lab
4288,قالي مذكور
4289,رحت عندو كي خرجت من الكور
4290,that's good
4291,
4292,Yeeey
4293,G1 رح يقدرو يتغداو 😂
4294,
4295,الحمد لله ماقالش ارواحو على 14:00
4296,It wasn't going to be a surprise if he did it
4297,We saw worse than that
4298,jma3et g4 I'll be sending an email to berani beh ydirelna lab 3la 1:30 not 3
4299,Yes please
4300,yea please of he answer send here
4301,"Since tomorrow is the CP, please write things you'd like to discuss in this document:
https://docs.google.com/document/d/1G3E_HbmZGCk3lxiLLqmA9ASsD8blcJw-0nOc-r_YJZE/edit?usp=sharing"
4302,<@&877880553599303711> tagiwlna all
4303,<@&879492497586405426>
4304,wht is the foyer matter?
4305,priorities
4306,lala I mean beh ydiroulna foyer f lecole?
4307,"جماعة كي تكتبو حاجة اشرحو شوي ماشي تكتبو زوج كلمات 
كيما prayer room اللي كتبها وش قصدو بعد ؟"
4308,yeah bs7 please start se3 b schedule w hdouk modules issues w labs then this :))
4309,"راني كتبتلكم فيها لي قروب من تحت 
اللي عندو مشكل خاص غير بالقروب تاعو يكتبو ثم"
4310,<@935263555220013056>  rje3lek mr berrani 3la ghdwa ?
4311,She sent us an email
4312,Yes we will study at 1:30
4313,we are in same class ??
4314,Eh 😭
4315,J’ai passé inaperçu 😭
4316,they have put 1575575 people in one group so its a bit difficult to see who s in ur class
4317,n9raw lab robotics?
4318,G1
4319,We r same class?
4320,we are?
4321,Waqil
4322,Issema chkoun y9ra g1 or g something?
4323,Chof m3a g3
4324,Ykhi gal f cours mkch lab
4325,Hata smana ljaya
4326,Gal mkach td
4327,no both
4328,Makansh lab today
4329,all grps?
4330,Aw
4331,Meme ta3 berani?
4332,N7ki 3la robotics
4333,يس قالي مذكور البارح و سقسيت مام البروف بعد الكور
4334,<@879496652887556117>
4335,<@935263555220013056> berrani rah m3akom?
4336,ih
4337,We need two more members for Ai & ethics project if anyone didn't find a team can join us
4338,cp points are in the doc <@&877880553599303711>  tag others
4339,win lab rakom?
4340,11
4341,<@935263555220013056> no internship abroad 3la PFE ? 🥹
4342,ih 9el unless dayrin m3ahom contra
4343,5awti medkour is not medkouring anymore 🙂
4344,
4345,"la bs7 he is still seeing: ""We will see"""
4346,كون حضرتي لي cp تاع العام اللي فات تفهمي وش قصدي
4347,How?
4348,what to do since we dont have a teacher of wireless ?
4349,wh's with internship abroad 3lah lala ?
4350,seqssi <@935263555220013056>
4351,<@935263555220013056>  can u tell us more wch gal 3la internship abroad
4352,He said tht u cant do ure pfe internship abroad we can do it with algerian tht we have contract with them
4353,The hell is this rule
4354,He says esi people can bcs they have agreements with those companies
4355,Awww
4356,Esi students are free to choose win ydirou internship there’s a wide range of universities li yrohoulhm i don’t think lzm agreement
4357,They have ch3ar
4358,Yek heka <@879496652887556117>
4359,They have nothing students look for opportunities wherever they want
4360,yes he left otherwise we could discuss more
4361,They need to give us an official paper that says that we can’t do an internship abroad
4362,9oltlou mm 3la master 9ali in future 9oltlou meshi te6efer fina w other promos will take it 9ali ure graduation is next year mena l dhek l we9t
4363,Kima selected topics they found bezzaf topics Allah ibarek  😂
4364,Internship abroaad 3la PFE?????!!!!!!!!!!
4365,Eh 🤪
4366,SRXLY??????????
4367,WTH KHAWTI
4368,No it’s fake 🤪🤪
4369,Bayna seriously 😭
4370,3lkeh bsh
4371,chkoun chkoun les deldegues?
4372,Anfal oumaima salah 😭
4373,YAKHO HOW DID THEY ACCEPT SUCH A THING
4374,NRMLM BLKF
4375,<@935263555220013056> <@879496652887556117> <@879756074012512346> is it debatable? wla you didn't try
4376,wla mafihech ga3
4377,"i didn't attend, had to go"
4378,tht we can not do internship abroad?
4379,he passed by 9el heka w ra7
4380,ma khelanesh 7eta ne7kou m3eh bien
4381,They’re doing these restrictions bach manro7olhomch abroad
4382,"Guys please dirou table with each point we asked to be mentioned in the CP and the response you got
If you didn't discuss it write ""not discussed"" or refused to be discussed 
Cuz tbh I got no response for all points I wrote yesterday and the results of the cp are not that related to what we all wrote yesterday"
4383,"Then after those points you can write the additional points mentioned 
So that everyone can understand what was the response of our questions and what's new in a more organized way"
4384,كانت تكتب فيهم في الcp على هذيك
4385,ضرك لعشية نقعد نعاود نكتبلكم كلش بالشرح
4386,المهم حاليا نحتاج زوج عباد يروحو معايا للبيرو تاع البشير بالاحد ولا الاثنين
4387,باش نستفسرو مليح على حكاية الماستر و الpfe
4388,كيعاد في الcp جا طل علينا وراح
4389,باش اذا الحالة ماتعجبش خاصنا grève
4390,Rah yjawbkom بدبلوماسية wkhlass
4391,"Idc 
غير باش نمشيو على خطوات صحاح"
4392,ماشي نديرو اضراب ديراكت يقولونا ماهدرتوش اصلا
4393,Ih Inshalah tahekmoh
4394,nji
4395,"shabab, wahed yfehhemni l consistency between AI & Ethics m3a the project li rahi habba hdik teacher?"
4396,"Anyone remembers what is the diff between phonitics and phonology, guessoum explained it"
4397,"<@&877880553599303711> Khasna channels f study space, srtt NLP"
4398,"Phonetics is the sounds of the words( how you prounonce it), phonology is the sound( eg: can I have the pen (↘️), please(↗️) )"
4399,Sma phonology is the intonation? (wla i don't remember how we used to call it)
4400,Phonology is the science of phonetics
4401,That's how I understood it
4402,"He gave a difference bsh I don't remember it, the note I took was: sound VS reading"
4403,and its not ambiguous ga3 mashallah
4404,Yes hadi
4405,
4406,Larbi ydirli reaction 9bel maytb3t la vidéo
4407,لو اعرف أقلك 😭
4408,العربي هذا 😭 يوزعو في كل بلاصة
4409,"Jma3a, l chkoun nb3tou our proposal? Ta3 AI and Ethics?"
4410,
4411,chkoun genz hadi??
4412,module hada bizzar
4413,Sara Gen z
4414,Hadi?
4415,Eh
4416,3lah Rana nb3tou ll foreigners? 🫠
4417,Cuz u are working with them
4418,fi wech 7a y3awnouna
4419,?
4420,I don’t know
4421,نتا علاه سماوك بن طيب؟
4422,but why genz ya b3d 😂
4423,اودي نقمتها
4424,ماتقولوليش هاذي الراوي تاع هذاك النهار 😂
4425,What do you mean ??? Na9adrou ndirou ghir m3a companies li dayrin m3ahom convention???? Like sonatrach mobilis w la poste w asal ???
4426,nichan
4427,Whaaaaatttttt
4428,It does not make sense 😭
4429,mranka bzaf idha lkharej not allowed w zid fi dzair you're limited (well makanch bzaf options fi dzair bla li l'ecole dayra m3ahoum conventions anuyways)
4430,"hmm yeah, anyway here is a cool drawing competition"
4431,"Seems cool, might switch career"
4432,
4433,"koul youm new convention
shi nhar tnod sbah tl9a 'COMUNICADO OFICIAL ENSIA PEREZ...'"
4434,"he's collecting data to use it in ""ai in arts"" submodule of ""selected topics"" module"
4435,KHKHKHKHKH
4436,Awah RTX khir
4437,"i do not agree, i7 12th"
4438,No Ryzen 7 better
4439,زعما تكفي 20 مليون ليهم؟
4440,Ana madabya M3
4441,Wla M3 pro
4442,تلفتوهالي
4443,Même ana rani nchof les messages 2022
4444,@everyone we have wireless com course at 3pm
4445,شكون قالك
4446,Les délégués cha dertou f CP ida mazal kayna randomness hedi f les cours w timetable te3na ?
4447,yakhi kount délégué nta normalement 3labalek bli CP is the most useless thing
4448,Li yji ygouli rati ftour ?
4449,"La CP mdari ki yjoun fih a strong voice, ydirou a change"
4450,L'berrani rah l'medkour galeh nes7e9 ndirlhom cours zyada
4451,Dok yji ta3 wireless ygoulekm kayen cours on Friday
4452,Salam alikom @everyone read this
4453,
4454,do we have a section delegate
4455,انا
4456,lkhawa ghadi ngrvo 3ala barakati allah
4457,ndirou indila3 Lthawra f Nov 1st
4458,ghadi nktb war9a ta3 llmatalib ki l3ada
4459,Did you talk to them already?
4460,Slay je veux
4461,Hahi b3atheha lbouzi déjà
4462,ضرك نروحو
4463,بصح راهي باينة كيفاش رح تخلاص
4464,kayn bzaf oumourat okhra
4465,Check the paper sent
4466,الذكرى 70 لاندلاع الثورة
4467,tji 9ouwa greve fiha
4468,I guess we should focus on some to ensure everything is got
4469,الفوضى العارمة اللي رانا نقراو فيها ثاني تستاهل غراف لالا
4470,yes dok yshariw m3ak hdak document w zidi Lmatalib fiha
4471,"ايه عندك الحق
راني معاك"
4472,اكدولي على انهم مابعثوش ايمايل على wireless ثاني
4473,شغل حكيت معاه في cp و قتلو ابعث ايمايل كي تتبدل حاجة
4474,و هكاك والو
4475,"لاسيتي قريبة 5 دقايق
لازم طول تكون قاعد قادر حتا تقرا على 9 تاع ليل 💀"
4476,يا ودي وقت اعمال الشغب خلاص
4477,انا كرهت
4478,بيت الأمير يونس برماكي B2-01
4479,Why wont we talk 3la hed l budget li daymen yji w ma ydirou bih walou first pcs then data centeres w dhouka ydkhl budget nte3 projects nte3 robotics w mayjiboulna walou
4480,اجتماع الستة
4481,<@807375299192553482> please keep the first three points as they are too important
4482,hado tani part of matalib
4483,Cs this is turning srx rahom yshoufou fina source of money
4484,Waqila sah ja weqt les pcs
4485,bsh ana bghit IPAD 😔
4486,Btw am going to medkour 3la jel additional session nte3 dl ya yzidlou session ya ywkhr labs
4487,1.2 Md في مهب الريح
4488,الثمانية
4489,1.2 /200 m3ntha koul wahed kan 3ndou 60M budget xD waqila hadik tan kanet zyada 3liha chwya
4490,What do u mean ?
4491,Course dl hada li zadou it turns out beli sa3a we7da matekfihsh so mostly 7a yjibna hadi l addition session
4492,Hadak l budget ta3 pcs shkoun mdou?
4493,tasribat
4494,Fabrizio Romano
4495,El wizara this is a very deep problem
4496,Bon seriously let's focus 3la wech tb3t le délégué de section ki yroh yedi m3a la feuille li b3ttha ymdha la secrétaire elle la signée w tmdlk une copie nstnaw had la semaine for their answers le dimanche prochain makan walo beyna what to do
4497,"Guys I think it is unnecessary to focus on the budget win rahoum yroh, there are more important things, as the unstable time table, the diploma + master, teachers and schedules"
4498,I do go with this for the moment
4499,"Also spread the paper so that everyone can read it w ye3rfo what's going on so that kach ma ykon may9olonach kima l3ada ""Masme3nach"""
4500,"I think for now we should give the paper to bachir (secretary ta3o w tmedna beli chedtha) + email, then ida maredch we go for 2ich3ar b 2idrab drct"
4501,"We shouldn’t mix matalib bzf psq yebdaw yrigliw ghir hedok less important, w important ones ylikidik y9olk we can’t do everything at the same time"
4502,So natohom ghir li nchofohom essentials w important so focus ta3na ykoun bayn
4503,شوفو ضرك حنا رايحين نحكيو معاه باش نفهمو وش كاين وش ماكانش
4504,بعد ما نخرجو من عندو نكتبو الورقة
4505,تاع المطالب
4506,غدوا نمدولهم الورقة
4507,نمدولهم منا للاحد مايبان والو اضراب مفتوح
4508,نبارطاجيوها على لي ديليغي تاع ليغروب، كل ديليغي ينعتها لكامل اللي يقراو معاه
4509,ماكانش اللي ما يسمعش ملخر
4510,La greve lazm b signature hed mera
4511,Kml yssigniw 9bel ma n7eto wer9a ta3ha
4512,Wech tktbo 3lah makomch habin tefhmo ? Hadik la feuille fiha des questions sur wech raha habin so ida 9raha w madar walo ndiro grève with matalib temma bach matalib 9al voilà nhar Triglo hado ndkhlo ne9raw
4513,Calma kho
4514,
4515,
4516,ماتفتحتليش
4517,صاي راني قريتها من عند مريم
4518,راني قلتلكم cp ماحكيناش مريقل البشير جا على دقيفة وراح
4519,خاصنا نفهمو مسقم وش كاين العام الجاي ...
4520,"Yes please go talk to bachir, and watch out for his tbel3it"
4521,علا ڨداه يخلاص الكور ؟ عندنا واحد ولا زوج ؟
4522,Idk berani 9al u'll have it at 3
4523,"Halo
Hkina m3a l bachir:
Main result is we need to schedule a formal meet m3ah, probly ghodwa"
4524,"And btw, ida 3ndkom suggestions concerning selected topics, put them here, psq I'll discuss it tani"
4525,"جماعة رحت لمذكور على ai and ethics 
يخي كانت مدايرة بروقرام بيزار 
المهم مذكور قالي عندكم غدوا لعشية و الاربعا عشية (كي قتلو الاربعا عشية كور روبوتيك فاق بلي نسى بلي الكور على 13:30 ماشي 3 )"
4526,الا الغدا تاع G1
4527,Deep learning tp group ta3 tomorrow ta3 berrani gali normalement t9raw nhar l5mis
4528,"W master, authentification, pfe?"
4529,Kifeh hedi blkhmisss  w tp te3 robotics ki sralo?
4530,Maybe group 3 ha yeqraw this week
4531,Khalota w safi vraiment  random
4532,"imma take a nap, i do not deserve to be in ensia 🤭"
4533,Roh usthb 😭
4534,did you forget bli all our supervisors were usthbs? 🥲
4535,Ma tehderlich 3la leghda 🤪
4536,you eat????! awah ensia is not your place
4537,Facts facts
4538,3la wsh hderto m3ah?
4539,I think we shouldn't mix 3fayes ta3 just hed semestre m3a 3fayes ta3 cursus kml
4540,kol hadja f plastha
4541,sah midterms t3 other promos b 9th w t3na 16th?
4542,Yes
4543,Because of the week ta3 stage
4544,Sure ?
4545,Guessoum confirmed last week f cours
4546,Yes medhkour 9el a week after other promos
4547,
4548,😭😭😭😭
4549,
4550,شحال يقلقوني نقولولهم اضراب يجيو داخلين نقولهم وين رايحين يقولولي la bib ماشي نقراو ماتخافوش
4551,Khawti imo we should include all the things we want into one paper not seperate them psk hakek twli tmskhir genre greve wa7da ndirou koulchi wnthnaw
4552,<@212890114626420736>
4553,I agree with abdelhak more
4554,bel 3aks i see that it is not possible bch ndirou many greves w also why would we stop la greve ta3na ida madaroulnach koulchi we could rank our matalib aslan from first to last as in wineh li lazm ybdew bihoum haka nthnaw once and for all coz aslan yk how hard it is bch tlem our school kamel to do one greve let alone two
4555,if we present everyhting clearly and insist on it makach kifeh ybl3tna unless we allow it
4556,I agree
4557,but we don't mix emploi du temps li rahom ydiroh kima yhebo m3a master
4558,kayn hadjat li yetriglaw bla greve man7etohomch tema
4559,"Ana i suggest those things, we include them in a seperate document (timetable, les profs, cps...) w nmedouha l medkour machi l bachir"
4560,agree
4561,
4562,Anfal ma tkhafich hedri bien 😭
4563,<@879496652887556117> tan
4564,Hedrou 3la important things surtout
4565,مستقبل الأمة بين ايديكم
4566,Please talk about this random program surtout te3 ai and ethics hada project
4567,Yakho hada 3endek week u finish it’s not important
4568,Sometimes u forgot important things over 2 sessions ta3 workshop li they aren’t even a big deal
4569,7toli your questions
4570,"This ""not important thing"" ydir décalage in the other modules nwlou n3wdou later 
What I mean later tani ydirou actions kima haka , cancel things last minute and ask u to do another thing (not about ai and ethics only)"
4571,"Bessah Machi Bachir, they need to talk to medkour about it, Bachir is for bigger things"
4572,البشير قالي selected topics بالاك يديرو semaine blockée
4573,Bigger things: formation is not going well
4574,"Aren't u ppl bothered,Kayen ghir nlp,deep learning chwi fine ,else they didn't care how it's going"
4575,كيفاه semaine blocke
4576,We are bayna
4577,t9dar terfed lpaper that woz sent before .. as easy as that .. nb9aw ns9siw??
4578,"كيما midterm 
Ya5i ydirou smana ll midterms 
Aya capable ydirou smana l selected topics"
4579,علاه تعرفو غير تردو بطريقة ماتصلحش مافهمتش 😑😑
4580,هذوك علابالي بيهم
4581,غير باش نشوف اذا كاينة حاجة نسيتها
4582,ماشي من البارح و حنا نجريو باش نديرو ميت معاه في لخر كاين هنا حبات يعرفو غير يشركو فامهم
4583,"- Master
- Pfe with external parties+ the system of the pfe aslan
- Diplôme d'ingénieur confirm it (7kayet académique and so on)
- Authentication"
4584,"Hadhou homa the most important points to be talked with the director in my pov
All btw highlighted in the paper as Mohanned said"
4585,Selected topic
4586,"- Authentication galoulna we don't know yet. Galoulna wait esi w enp dork ysolviw l problem next year nlgawh wajd.
- Diplome makansh mnha 7kayt académique gallna ra7 ndiw ingénieur d'état.
- Master for now makansh 
Concerning PFE:
- ida u have a topic you want to work on, you can suggest to a teacher, if the teacher agrees that you work on it, bsahtk
- Ranking is considered if a teacher is overwhelmed only, sma u can have your topic and negotiate with the teacher to supervise you 
- Out of Algeria: Simply NO, aslan internship that were abraod online are illegal (ghamdna 3ynina)
- Foreign univ li dayrin m3ahom conv: theoritically we can work with them, practically hasb l ministry
- Anything inside algeria should be fine
- ida topic ta3 lécole, main supervisor lzm m school, else main supervisor mn whoever u are working with, w lzm a co-supervisor m l'école
Concerning other problems:
- Selected topics mich semaine blockée kima goutlkoum, rah ydiro sessions, and proposina li hkina 3lihom deja, ASAL for remote sensing contactewhom, Laasla for Blockchain tani, Boutorh for biotech and proposina tani CQtech for quantum
- Hardware kayn deja GPUs f school (gamers) that we can use (kayn 6). And data center 9bl semester 2 (nchlh)
- problems ta3 department w emailing: give us one week, we got a department head and he will start working (gallkoum osobro 3lina chwi Medkour
 rah overwhelmed)"
4587,ملاحظة: اللي يفوت عليا ماتسقسيونيش وش درتو في الميت كلش راهو مكتوب هنا، و ماتبعثوليش بريفي 🙂
4588,<@&877880553599303711>
4589,HHHHHHHHHHHHHHHHHHHHHHHHHHHHHHHHHHHHHHHHHHHHHHHHHHHHHHHHHHHHHHHHHHHHHHHHHHHHHHHHHHHHHH
4590,Esi w enp 😂😂😂😂
4591,Tag everyone
4592,@everyone hchawlkom 😂😂
4593,+1
4594,3ndk lha9 ✨️😃👍🏻
4595,illegal 🥶
4596,😔😔😔
4597,is it me or things are getting complicated out there
4598,"no, we living a very good life to be honest"
4599,Joke of the year
4600,"Yes, juste nkhamo f lfuture bzf, ga3 problems are 5th year related"
4601,Authentification n9ar3o ESI bsh pfe simply NO
4602,W PFE w ESI 3leh
4603,"Esi 3endhom pfe lkharej normal, as far as i know"
4604,La greve 🫶🔥🫡
4605,Yakho it’s high time
4606,W master?
4607,I didn't see a point about it
4608,Li ysena khir men li ytmena w li ytmena khir men li ygta3 el yease 😂😂😂
4609,No master 😾
4610,is there an other choice ze3ma?
4611,ضاقت السبل و الطريق واضح زميلي عبد الحق
4612,L'esi ydiroi auth normalement lala?
4613,"Galk m3a univ li m3ahom conventions brk, and this sometimes problematic for them tani"
4614,Makanch
4615,وكم من خطيب سكت عند سماعك، قضي الأمر أخي امين
4616,As expected
4617,"No, galk ga3 higher schools rahom f same problem, whna we are not concerned since manech 5th year"
4618,then why didn't u invite me to join the party
4619,"someone is saying yes another one is saying no, u gotta choose guys 💀 whatever good luckkkkkk"
4620,"yakho yakho ... , wait esi w enp dork ysolviw l problem next year nlgawh wajd."
4621,
4622,"*aslan internship that were abraod online are illegal (ghamdna 3ynina)*

-ya hadarat 3lah 7abstoni ? 
-rak drt internship illegal hhh"
4623,
4624,BERRANI
4625,"Khawti bsh les problemes ta3 dar khelouhom dakhl dar
Bachir galk jani wahd 1ere gali 3leh man9rawch selected topics 🤣"
4626,Mhabel ta3 1ere 😭😭
4627,Ya Rebbi wesh hada
4628,"""some teacher"" reaction after getting ""disrespected"" (i only asked to have some lunch lol)"
4629,Mich nrml had lpromo
4630,November 1st cooking
4631,So u are comparing our promo b Ben Boulaïd 😂😂 tgabal b asnam ?? Khkhkhkh
4632,nta ma7dartch ijtima3 8 b sebt
4633,"Wlh sah jma3a, ma naarfouch njibou ha9na hna"
4634,Toujours sektin brk w mkhalyinha temchi
4635,Rigel 😂
4636,3ndna Abdelhak jedou Mohamed Boudiaf
4637,"ghadni medkour, 3lah t3ayo fih meskin"
4638,العمل السياسي ماجابش حل، لازم العمل المسلح
4639,sala7 cheffou medkour ki rahoum grab f naqma
4640,"نحبو الذل
السيد يقول اللي يحوس يتغذا ويقيل تسما ليكول مشي بلاصتو ,, وحنا نضحكو"
4641,3ndou L7a9 kho kifeh hadi takol rak rajel lazem tmout bel jou3
4642,fel quiz 3la wach rah ysa9sina?
4643,b wach tt7al tomobil?
4644,"nrayho mor <@953643117825908826>, ghir hwa li 3labalo answer"
4645,راك تحكي على براني ؟
4646,"Nsina sah, we mentioned berrani"
4647,"Goulnalo bli syd ybkhs w kda
Gallna we will talk with him"
4648,bro has no chill
4649,"Gallna try to talk to him
Oumayma be like: sir asmahli bsh hadek syd makanch kifch tahdr m3ah"
4650,seemed a very cool teacher but lost my respect
4651,Ybkhs tol
4652,Bachir be like: we will talk to him hna
4653,"hwa yfhm, bs7 ki yahder outside of the course content yebda ytiri berk"
4654,Yakho sbah the lab 💀
4655,aaaa BJ
4656,Whadi mata3arfouhech 😃
4657,طريق النينجا زميلي غارمادون
4658,"+ ki mt3rfsh haja
+ ki mn3rfoush we reply to something
+ ki tmdlo haja shiha bssh lazem definition t3u wla makansh"
4659,fkrtni fmy old FB
4660,Blue Jeans
4661,Billy jeans
4662,ymot 3la l blue jeans
4663,Business Journal
4664,Dok n9ol l Cathie tedini m3aha notre dame
4665,notre dame d'afrique oui
4666,tdik teftah tomobil ta3 lbendi
4667,Ça marche pour moi
4668,Melissa /°
4669,"jma3a updates 3la ESI:
- PFE 3adi diro m3a lab wla university abroad, you just need to bring them convention to sign it between the lab w university
- master hed l3am raho ydiro fih nrml (kayn li rahom ye9raw fih dok)
- authentication rahom ydiroha nrml (kayn li daroha f juin deja)"
4670,"ربي يكون معاكم خاوتي 🤲🏻❤️
No comment 🥲"
4671,<@948580446109855744> <@875482444818681897> i suggest you both go together to bachir
4672,To discuss
4673,shkoun vota 3la delegates?
4674,No one 😂
4675,No one
4676,🤦🏻🤦🏻 and then who is privileged bsh yroh yhder m3a medkour?
4677,ترشح انسان واحد في كل قروب على هذيك ماداروش vote
4678,Masa3dkoumch talk?
4679,"Khawti yek bachir b3atlna email ga3, w gallkom ida habin tahadro ntoma m3aya come find me"
4680,"Stop being negative about eachother, everyone is doing his role, at least binetna hna the students"
4681,"Li chayf wch daro delegates up to now is not enough yroh howa, Bachir literally sent u all email inviting u"
4682,When did he send an email 😭
4683,"Lala, kima hna, delegate mkanch hab ydir delegate"
4684,هو غلط في فهم الايمايل و سابميتا الform
4685,He filled the form and said (no) for the qst: are you willing to be a delegate wella ma3labalich
4686,نورمالمو غير اللي حاب يترشح يبعث
4687,Win rah email hada?
4688,"Yek bdl, lyoum rah maab mich Saleh"
4689,seeing results? ms3dnish
4690,
4691,Go talk then
4692,"none is negative about another and none is caring a bit qbout another, wsh yhem is results"
4693,Waqil il not a student cuz I didn’t receive this 😭
4694,It's funny how ga3 are talking behind screens when none actually goes and talk
4695,Maranich nehki 3la lyoum!
4696,ok ...
4697,F cp maab ma3ndouch l7e9 bach yroh 3labalek biha?
4698,"+ اللي ماعجبهمش وش درنا مايبقاوش يشركو في فامهم ورا التيليفونات، القرار ماشي في يدنا و مادرنا والو حنا هدرنا و درنا وش قادر نديرو 
اللي ماعجبوش الحال يدير ديليقي و نشوفو شطارتو"
4699,"Cbn Saleh resigned as I know, maab is the delegate"
4700,راني نحكي على اللي راهم ينتقدو في لي ديليقي ديراكت
4701,We didnt receive this email
4702,"Say, I shared it here, basahtkom"
4703,none raho ynta9ed fik ni nti ni any other person .. stop reading between the lines where there aint no lines to ever read .. yall negative on your own
4704,whats been said: why the chosen delegates are the ones li did nlt even choose to be delegates?
4705,"منيش نحكي على هذاك الميساج 
المهم من الصباح و الغاشي يشرو"
4706,and talk nicely we not in a firm smh
4707,المهم اللي خمم هك راني عليه و صاي
4708,and then when i spoke you boomed at my face 🤦🏻
4709,And stop matrbho l 3ib l ppl in prv
4710,"ايه العباد يطيشولي الهدرة كيما يحبو 
اخرين قالولي هدرة في الوجه"
4711,Jma3a hed lguesra ma7ach tkherjna
4712,Rana kbar
4713,We need netfahmo 3la hadja to do it
4714,Wlh we should focus on important things
4715,I think it’s time netfahmo 3la hadja kml w ndiroha rather than wasting our time while homa rahom dayrina te7richa
4716,i woz not one of them to receive your outrageous replies then .. reply to them .. not to me .. as simple as that
4717,Et en plus koul wahed ani nchouf fih yroh yehder wehdou m3a medkour 😭
4718,W each one aw yehder about a different topic
4719,... 🙂
4720,if you took thta personally then not my issue .. ngl
4721,"اسلوبك هنا استفزني شكرا عفوا 
مهوش الميساج الوحيد و منيش نحكي عليك برك ميساج موجه للغاشي كامل 
اللي شايفنا ماناش نخدمو في خدمتنا يروح يدير ديليقي ساهلة خلاص 
كيعاد من العام اللي فات و هاذي الحكاية تتعاود 
العباد توقف علاجالهم و تدي البخص علاجالهم في لخر يبقاو يطيشولك في الهدرة"
4722,حملت هاذي العقلية مرة زوج صاي سمطتوها
4723,Makansh reply 3la your msgs
4724,Rahi 3la l conversation mn l meet ta3 l bashir
4725,Khawti les délégués kima rakom bla tweswis tnahweh
4726,"Jma3a cut it here, it's getting toxic
Cbn cut it, we all got the point, and tbh I was with oumayma and saw bli some were indeed rude
Sma wahd maychakhsnha, she got a valid point w safi
Stop dok throwing it 3la eachother"
4727,Of course manish ra7 nhdr hadik l hdra koun mashftsh bzf msgs y9l9o
4728,Mashi msgs brk meme l3bad li tlagithm
4729,"Cbn oumayma, cut it here"
4730,راني نفهم فيه وش صرا باش مايفهمهاش بلي شعلت فيه هو برك
4731,"bcz it all started from the oaoer that woz written .. as requested, before even starting to think about a strike wla any childish stuff ..
what we doing instead? scatterly dakhleen kharjeen 3la lbureau t3 medkour w lbasheer, for years -three precisely- rah ybal3at fina whna -he said this he said that we wait for that and that-"
4732,"instead, talk rudely to whoever spoke to your face rudely, clear..."
4733,Again it wasn't a reply on your msg
4734,ديجا هذا الميساج جيت رح نبعثو قبيل من بعد حبسوني البنات اللي كانو معايا قالولي ماكالاه
4735,من بعد صاي لحقوني لدرجة وين ماقدرتش نسكت
4736,Quite the mess overhere 💀
4737,Jma3a svp let’s talk about the problem that we agree we’re facing
4738,And what should we do about it
4739,El mouhim sorry l jma3a li madarou walou
4740,Btw Abdelhak according to ur mssg ta3 l' esi faryinha cbn yak?
4741,Mal our admins wch rahm ystnaw 💀
4742,"I talked with a friend ta3i tma, soutenet last September, and her PFE f Lexomborg (lmohim however it is spelled)"
4743,Gatli it's all effort personnel
4744,"Nti li tcontacti la fac, w nti li u do ur papers, wnti u go through the whole process, and school basically has nth to do with"
4745,"Anyways, I asked her for further details, I'll update u kifh once she answered"
4746,Well that's a given y3ni it's the fact that they're saying it's illegal what's surprising n outta nowhere
4747,"I have no clue
I asked bachir about a way to do it, he was like: Allah ysahal, as long as ana I sign with Algerians, I don't care"
4748,thank you meriem
4749,Sma basically u do it au noir wla
4750,The school doesn't do anything bout it ih bsah u can't do it behind the school's back fhemtini
4751,"U be smart, u sign with a company here li thostik out
For example tkmli m3a les partenaires ta3 hadik l company"
4752,"For the school, u are m3a l company"
4753,The rest binetkom
4754,Yea exactly
4755,"Lmohim, gotta know more 3la lesi, I'll update u by then,and depending on what I hear I'll talk relatively m3a l modir"
4756,"ig those type of details should be mentioned, no ?"
4757,9sdha the company is here bsah nta win rak ma3ndhomch fik fhemt
4758,"This is a ""black way"" to do it ig, maybe we should have added that up"
4759,"Xactly
Chghol then company hiya respo 3lik"
4760,"Yeah, got infos from 5th year student at esi this year"
4761,<@863232038786301963> is everything alright now
4762,We have been informed that she is well and alive hamdoullah
4763,الحمد لله
4764,Hamdlh
4765,الحمد لله
4766,الحمدلله
4767,"I heard that mzalha fel bloc kifech raha well? ""Hopefully she is"""
4768,None said she is well
4769,She is alive
4770,"All what we have, hmdlh, she is conscious"
4771,"Else than this, ma3ambalnech, rahi f lblock"
4772,She got many injuries so ad3oulha
4773,"Houda galet she's well, Anyway inchallah everything is gonna be alright for her w rabi ychafiha inchallah"
4774,Amine
4775,"Yes didn't notice
Well, as long as alive hmdlh"
4776,Merouane at that time I was told she's well then now I heard that she is fel bloc
4777,<@700379394383937607> resend the msg better
4778,Rebi ykemel 3la khir w ykherejha b chfa inchallah
4779,Yes better
4780,Ameen
4781,Rebbi ychfiha w yfewetha 3la khir
4782,"ان شاء الله
Insha'allah thani with no big effect on her life later"
4783,Rabbi ysla7 l7wal
4784,<@879496652887556117> dok n3awed nft7lk w resend it
4785,Lazem kamel tchrou bidoun essence tkhalouh f chambretkem au cas ou tomrdou wla
4786,<@879496652887556117> starting from 8 yakhi?
4787,Weird place wlh
4788,Yes
4789,Yes 8 we be outside
4790,"Gouddam l'école ta3na?
Wla f les cités ?"
4791,L pole
4792,Ok
4793,Lyom tan tewelet l'ambulance ?
4794,"wallah rani nchouf bli tkhltt 9a3 this time, 7aja matssla7 in anything, allah yjib khir brk"
4795,Yes
4796,Ta3 l pole w  protection civile fi zouj?
4797,"i heard 10~15 minutes, but idk if that's sure, and if that's the average of time"
4798,Yak jaw en même temps
4799,Pole mana3ref kano y9olo en panne wela idk
4800,Idk ida hadik t3 la cité
4801,It's 20 mins
4802,"Sa7aa
I see now"
4803,I think more even
4804,L'ambulance jat 12:26
4805,Idk m3a ch7al srat the accident
4806,"if sure,  that's too much"
4807,The message sent here was at 12:17
4808,Hadak l we9t win sem3t lina
4809,Happened before that
4810,
4811,هنا قالو ساعة
4812,صرات جوايه 12:05 واقيلا، هذاك الوقت كنا نسيو نعيطو
4813,"تسما كيما قالو
20 دقيقة روطار هكاك"
4814,10 دقايق راحو برك باه تعيط
4815,كارثة صح صح
4816,bzf wallah
4817,Yawdi yek hna li konna m3aha
4818,لا الرقم الاخضر لا الحماية المدنية
4819,"انا بعثت وش شفت
ماقلتش بلي عندهم الحق"
4820,"Yes, I understand
Bon whatever, late is late
The more she stays the more blood she loses"
4821,L'ambulance ta3 l pole sam3et direct
4822,The point is that it shouldn't take that long at all
4823,"OF COURSE 
هي قضاء وقدر
بصح كيما في تاع الطفل لي توفى ربي يرحمو الاسباب ماتندارتش
ماجاو يعيطو للومبيلونص حتان تأزمت الحالة طول حسب وش سمعت ووش شفنا من قبل فلي كابتير تاع تلغرام"
4824,"Wah, beh ygoulo rahi en pane manjouch"
4825,Rabi yrhmou
4826,بصح كي تشوف انو جات مع تاع الحماية مع إختلاف كل وحدة وكتاه سمعت ومنين تجي هاذي هدرة اخرى
4827,"Justement
ان الله خلق الداء والدواء فتداووا
Ida makanch asbab dont expect miracles"
4828,Exactly
4829,Khawti ghodwa pls meshi tseb7ou ragdin wla 10 ttferktou pls
4830,Guys would you be willing to stand la greve right now instead?
4831,"Guys mechi normalement n5rjou douka ll pôle?🙂
Cuz douka ni9ach ma3endou maydirlna ppl matou 
Adroub l7did w houwa 7ami, cuz bech ppl ynoudou 3la 8am mankdbouch 3la be3dana ge3 ne3erdou system 100 yhedrou w 20 y7edrou"
4832,dok mkach li ysma3 bik
4833,"We sending an email now, official paper will be submitted tomorrow"
4834,Many people slept now I guess so mara7ch yjiw bzaf
4835,"Cuz tl7e9 ltem l'agent y3yet ll hiérarchie ta3ou 
Sujet kbir hada manich ntaleb blma bech noud 3la 8am"
4836,Ki tekhrji doka chkon rah ychoufok chkon rah yehder m3ak w tani pourcentage te3 nass li tji 8 more doka 80% mn nass re9da yak chwya logic
4837,"Lazem yese3mo, agent tem y3ayet l les responsables"
4838,"i mean both sides, students and responsibles"
4839,"3la assass ghedwa ppl 7a yjou? Koul grève 20 ywe9fou chwiya logic
Lpercentage sghir ynwed lkbir w n5rjou manich cité manach 2 rana bzf"
4840,"Ysm3ou dw, agent y3yet ge3 y5afou tl9ahoum fi noss sa3a jayin yjrou"
4841,"Well mn dok
Other cities expect ygoulolkom ntoma 3leh
Boys ya9adro simply ygouloulkom wntoma 3leh
Sma hotiha fi balkom"
4842,البنات اللي راهم لتحت حكينا معاهم كامل باش يوقفو غدوا
4843,"Ya semhane, drwk makanch kifech, sayi"
4844,7na deja sraw zouj derbat f 2 semaines
4845,Rana 3aychin f nefss lpole ge3 me3niyin mm 5
4846,In such situations yak machi ghir tedikom 3atifa kamal we are all in this situation mais nkhammo chwi sobhan allah nass sbah tji tji te9ra même li msm3och n9olo 50% yel9awna déjà temma machi doka tnwed bnadem bach tfhmo ça va prendre du temps
4847,W kol wahed w damiro hadi hya
4848,"Maranach f 2022 win kouna promo wahda, drwk meme loukan u announce a 7.30 tel9i  100 wahed 3end lbab"
4849,Nta mate9derch dir douka mais la logic t9oul bli kayen kifah marakch taleb b 7aja tafha rana koul 3am nefss chi
4850,We have what to say in this situation
4851,"La logic t9ol tout le monde libya9der ydir décision rah raged w ma sama3ch bik, baghya diri impacte, osobri ynod w yesme3lek"
4852,Koul grève ppl yd5lou w nosshoum mayjiuch w rak 3ayech w chayef mahich 3atifa
4853,نحبسو الغاشي عند الباب ساهلة طول
4854,Déjà kayen li balak mazal masma3 aslan bel accident
4855,ديجا بنات الاقامة رانا بزاف اللي رانا لتحت ضرك
4856,"Drwk it's a matter of life, don't worry"
4857,Exactly
4858,"Still not enough, allah yahdikom machi drwk the action"
4859,Justement ani chayef c'est pour ça ani n9olk haka donc fi mizk nti bnadem li kona nssem3oh déjà w mayjich sbah li normal ynod doka w yji ? Chwya yak
4860,"Le temps ynoud y9oulek mad5lni wla rwbi yrhem w cbn charak tssena dir?
4 snin matbdel walou🙂"
4861,كان قصدي بلي قلنالهم غدوا وقفة في الpole
4862,"guys habsolna argument, cbn tfahmna ghdwa sba7 3la 8, li yodkhol bino w bin damiro w salam"
4863,W fi mizek ki tbred l7ala 7a tnoudou? Rani fi 4 ans hna cheft cha yssra koul mera
4864,"Now is not the time to predict people, 8am, rah nodo, nwgfou, and m sure u'll be surprised ch7el men wahed rah yewgef m3ana"
4865,Just calm down now
4866,"what matters now is we hope inshallah khir tofla and nothing harmful, apart from this we move to assure this does not repeat, again."
4867,"Ha nwegfo bayna makanch kifeh, ghir li qelbo mrid w jih normal nass ymoto gdamo"
4868,Dork mred wahed temtem jat sma ykhadmo kima yhabo
4869,Psq khafouuuu
4870,Chghol li mato men qbel makfawhomch bah ykhafo
4871,Yuh makfawhoumch 3lajal les grèves li mandarouch wla li ndarou m3wjin
4872,Cha sra
4873,Bditou!
4874,Cha kayen khawti
4875,
4876,10 3ibad ydiroha ?
4877,Wa7d maja
4878,Haya khawti ebdaw tetlemo
4879,Hadha win nodht mani fahem walo
4880,Our friend mn school ta3 math 4th year tahet mn 2nd floor lbareh flil
4881,Salamat?
4882,Oui hmdlh tkesret mn yedha je panse manich sure
4883,"Hmdlh haka wala ktar, mais grave ma thalawch fiha"
4884,"Haa bayna 8am is too soon, rana 3ad jayine"
4885,Oui ma3lich lsl ezerbo
4886,Dirou berk representative
4887,Kifkif
4888,Khawti ahedrou m3a hadou li rahom y6el3ou
4889,Kifach rahi tofla dik labas?
4890,7 nte3 sba7 3ed dakhlouha l block
4891,"He's talking like they are planning things mn jdid 
Nsa bli déjà sraw des cas graves"
4892,Yer7am babak fahmini wsh rako diro ldakhel
4893,Rahm ygouloulou FL المطالب
4894,"لكن الإجابة دائما ""سوف"""
4895,سوف...
4896,Yawdi 3leh dekhlou idha baghi solution ye7kou m3eh reps mm ye7edhrou 2000 bnadem mahomsh 7a yehedrou ge3 dhouk y9ol dhouk ndirou w ndirou then walou again
4897,If you are not willing beh nkmlou hole day maderna walou
4898,He is in stage T3 ndirou wndirou
4899,Turns out responsible 3la poll did nothing in his job
4900,It is not the first papper ttktb 3la hadou prblms
4901,"@everyone
Yak makanch qraya la3chiya?"
4902,Kount jayya nsa9si
4903,Khawti l wazir ya9sif wala yobali
4904,Wech der
4905,Wesh 9al
4906,"Khalih ya9sef, ma tensich berk tgolileh yekteb 9arrar officiel and he makes people pay the consequences of their actions"
4907,
4908,🧐
4909,Wach kayen
4910,😭😭😭
4911,kima lbareh
4912,tell your American colleagues that it is not polite to support Israel
4913,I reacted with this 🤌 w it automatically turned brown 😃😭
4914,sakrolna superette te3 l foyer 🙂💔💔
4915,3lah ? 😭
4916,"la salle 25 is empty fiha saragenz wahedha, so they are asking the teams tae saragenz to show up, other rooms rah fihoum some teams discussing except that one"
4917,What are they discussing. Hadja important??
4918,Didn't they discuss lbara7?
4919,Fallait ybaeto lbareh bli lyom aussi kayn meet
4920,"dedicate mentorship sessions to discuss and help with nlp project: ❌

dedicate 3 mentorship sessions per week for AI and Ethics 🤡"
4921,Lala 😂
4922,yakho lbareh qaletlna we discuss presentation
4923,the importance of diversity and inclusion in AI
4924,The RENAISSANCE 😂
4925,😭
4926,Kayen li ra7 Lel AI Ethics session. ??!!
4927,Ana rani f my room
4928,Kifkif I thought ga3 promo ta3na myro7och !
4929,@everyone chekon delegate ta3 promo ??
4930,oumaima
4931,maatar
4932,Thanks!
4933,Why? I mean kshma t7taj ?
4934,ghodwa mkch cour ?
4935,Kayen
4936,Robotics makansh
4937,Bsa7 nlp kayn
4938,G2 boutorh wktah rahi dayra deadline ?
4939,Midnight
4940,Today wla tomorrow?
4941,Ah rani ghalta
4942,Ghodwa mch lyoum
4943,"It's midnight bsa7 rahi 5arjtli tomorrow 
Y3ni n9dr ndirou ghoudwa ya5i"
4944,Twswst 😅
4945,Yess yess tomorrow midnight
4946,"Salaam @everyone ,

First Thanks to our delegates 3la les efforts li darohom mais unfortunately idara ta3na myfhmoch allah ghalab.

Dork kayen jema3a rana nchoufo bli n9dero ndiro haja w nweslo l results mlah Insha'Allah! 

You'll find here 2 files that contain kamal matalib that we think rana kml metfahmin 3lihom and are important for all of us.

Document 1 fih matalib of all the students w Document 2 fih matalib ghir ta3 4th year students. We aim to organize our strike legally by giving these papers to administration, haka we'll be safe w ma3endhom ma yel9awna seba.

Jma3a e9raw mlih hed docs, ida you think beli you are convinced beli rahom sah important lina kml (don't be selfish psQ hada haja ta3na kml), ghadwa nchlh you'll get the papers where you'll sign beli rak mm nta/nti m3a had l matalib w la greve psq lazm nkounou kml 3la hedra wehda bach njibo 7e9na.

With all my respect, You've all had your ideas and they have all failed, we will not, with no more discussion! 

We believe we have discussed our problems enough; it is now time to take action, and we need everyone to be involved. We are counting on your collaboration.

Thank you!"
4947,"Ana personnellement Maranich d’accord 3la le point ta3 « les pc wel iPad » 
Hna ta3 4eme année Ns79ou des formations fel kharej oui kima ENP dawhom la Russie, f had le stade n7wso une formation de qualité."
4948,"I may agree with but it is a strategic point that can be given up if we got the main points , like in a certain point of negotiation li beyna marahch ydirou hadok kamal"
4949,"hih, c'est une bonne idée, mais on demande haja li houma hadrou 3liha w derbou ne7, mchi ndemandiw haja complètement jdida  f greve"
4950,"Put his message in <#1004388574319345785> and pin it, and close channel"
4951,Mzl
4952,"D’accord c’est logique, mais hkayat iPad w Pc marahich une priorité à mon avis"
4953,"Points rahom msetfin 3la hsab priorities ta3hom, hya rahi lekhra + wehedha"
4954,So of course we need to focus 3la hadjat li sah important
4955,<@875482444818681897> Close this channel jina ndiro announcement machi ndiro débat
4956,bad decision smh
4957,you losing it hka imo
4958,-and i agree to the docs-
4959,put your announcement in <#877877117872902197>  do not include the ipad one hot ghir general paper hadik I will give you permission
4960,you can added It is only for 4th year
4961,I think the ipad matter should still be there.
4962,Nejrou morakom bel wahed doka wela kifah yak 9olna kamal 3ibad hnaya rahom kbar w kol wahed ye3ref slaho w his right w his duties donc matbdawech terbho l3ib lbe3dakom mn doka w khalina nkono for once mlah l3am ljay makomch rah tetla9aw
4963,kon mhdrtoch 3la hkayat l ipad cbn fatt
4964,ghi y3tona master brk
4965,What if ya3tona master et iPad ? 3alama non? Donc on demande les deux
4966,"Mais rana ndemandiw séparément, it's a list, ya9adro ydirou solution lhaja, w haja okhra lala, donc, ipad marah yne9es welou, in terms of credibility or chances"
4967,There are more serious problem than asking for the ipads rn !!!
4968,"We asked for a solution to all the serious problems, and we added ipads, n3awedou hadra ?"
4969,"And by we, i mean ceux qui vont signer"
4970,"En gros, koul paper on la signe wehedha yak ?"
4971,"Good question, khos <@882774339051737109>"
4972,المنطق يقول ايه كيعاد كاينة ورقة تاعنا برك و ورقة تاع لي برومو كامل (مازال ماقريتش وش فيهم لداخل
4973,"kima derna f la greve ta3 2nd year, paper for term -> semester, and paper for eliminatory note"
4974,Yes
4975,كيفاش راهم قاسمين بين اومفي 6 و 7 ؟
4976,
4977,Khawti mkach lyom Cours Human interaction??
4978,chkoun darou td robotics ?
4979,"Ig makansh 
G4 lbar7 ma9rawsh"
4980,"okay 
thanks"
4981,Qrito sbah?
4982,cour te3 HCI
4983,Eh qraw
4984,emmh okey
4985,
4986,This from an official document that was sent to us in December 2022 from Pr Guessoum
4987,The full document:
4988,Slay
4989,Thanks this will help us !!
4990,guys we have hedok 5 dayd te3 novembre wla nn?
4991,Nope
4992,salam svp wqtach tji smana ta3 midterms w ta3 exams ?
4993,Esque hed smana ndirou grève wela la ? Winta ndirou hed la décision
4994,Sa7 esque la greve had smana w esque ouverte?
4995,Answer this question how many of all you habin authentication w master ?
4996,"La décision ndaret w la grève 3andha date. 
We are waiting for the right moment to inform everyone!"
4997,"It does not make sense... Ida nhoto les papiers w Les signatures, on dois attendre une décision men 3endhom, ida ya3touna solution sans grève, y'aura pas de grève, non? Wela manich fahem nichen?"
4998,"Yep ida madolna solution fi interval of time T, yes marahch tkon grève. We planned everything dw!"
4999,الحكومة حسام
